full_word,pt1,rest,expected_morphtok,predicted_morphtok,morphscore_result,UPOS,feats
вятърът,вятър,ът,вятър ът,вятър ът,correct,NOUN,Definite=Def|Gender=Masc|Number=Sing
ураганът,ураган,ът,ураган ът,ураган ът,correct,NOUN,Definite=Def|Gender=Masc|Number=Sing
посланическите,посланически,те,посланически те,посланическ ите,adj_def_boundary,ADJ,Definite=Def|Degree=Pos|Number=Plur
затвора,затвор,а,затвор а,затвор а,correct,NOUN,Definite=Def|Gender=Masc|Number=Sing
приемат,приема,т,приема т,приема т,correct,VERB,Aspect=Imp|Mood=Ind|Number=Plur|Person=3|Tense=Pres|VerbForm=Fin|Voice=Act
мъжествеността,мъжественост,та,мъжественост та,мъжественост та,correct,NOUN,Definite=Def|Gender=Fem|Number=Sing
инициаторът,инициатор,ът,инициатор ът,инициатор ът,correct,NOUN,Definite=Def|Gender=Masc|Number=Sing
караулът,караул,ът,караул ът,караул ът,correct,NOUN,Definite=Def|Gender=Masc|Number=Sing
патриархът,патриарх,ът,патриарх ът,патриарх ът,correct,NOUN,Definite=Def|Gender=Masc|Number=Sing
региона,регион,а,регион а,регион а,correct,NOUN,Definite=Def|Gender=Masc|Number=Sing
представителят,представител,ят,представител ят,представител ят,correct,NOUN,Definite=Def|Gender=Masc|Number=Sing
инвалиди,инвалид,и,инвалид и,инвалид и,correct,NOUN,Definite=Ind|Gender=Masc|Number=Plur
спектакъла,спектакъл,а,спектакъл а,спектакъл а,correct,NOUN,Definite=Def|Gender=Masc|Number=Sing
волности,волност,и,волност и,волност и,correct,NOUN,Definite=Ind|Gender=Fem|Number=Plur
ядрената,ядрен,ата,ядрен ата,ядрена та,adj_def_boundary,ADJ,Definite=Def|Degree=Pos|Gender=Fem|Number=Sing
купувачът,купувач,ът,купувач ът,купувач ът,correct,NOUN,Definite=Def|Gender=Masc|Number=Sing
унгарецът,унгарец,ът,унгарец ът,унгарец ът,correct,NOUN,Definite=Def|Gender=Masc|Number=Sing
изборите,избор,ите,избор ите,избор ите,correct,NOUN,Definite=Def|Gender=Masc|Number=Plur
театърът,театър,ът,театър ът,театър ът,correct,NOUN,Definite=Def|Gender=Masc|Number=Sing
споразумението,споразумение,то,споразумение то,споразумение то,correct,NOUN,Definite=Def|Gender=Neut|Number=Sing
отговори,отговор,и,отговор и,отговор и,correct,VERB,Aspect=Perf|Mood=Ind|Number=Sing|Person=3|Tense=Past|VerbForm=Fin|Voice=Act
призован,призова,н,призова н,призован,skipped_single_token,VERB,Aspect=Perf|Definite=Ind|Gender=Masc|Number=Sing|VerbForm=Part|Voice=Pass
аржентинеца,аржентинец,а,аржентинец а,аржентинец а,correct,NOUN,Definite=Def|Gender=Masc|Number=Sing
автопарка,автопарк,а,автопарк а,автопарк а,correct,NOUN,Definite=Def|Gender=Masc|Number=Sing
гласял,глася,л,глася л,глася л,correct,VERB,Aspect=Imp|Definite=Ind|Gender=Masc|Number=Sing|Tense=Past|VerbForm=Part|Voice=Act
нарядите,наряд,ите,наряд ите,наряд ите,correct,NOUN,Definite=Def|Gender=Masc|Number=Plur
отказа,отказ,а,отказ а,отказа,skipped_single_token,VERB,Aspect=Perf|Mood=Ind|Number=Sing|Person=3|Tense=Past|VerbForm=Fin|Voice=Act
широките,широк,ите,широк ите,широк ите,correct,ADJ,Definite=Def|Degree=Pos|Number=Plur
черните,чер,ните,чер ните,черн ите,wrong,ADJ,Definite=Def|Degree=Pos|Number=Plur
пиесата,пиеса,та,пиеса та,пиеса та,correct,NOUN,Definite=Def|Gender=Fem|Number=Sing
веселата,весел,ата,весел ата,весела та,adj_def_boundary,ADJ,Definite=Def|Degree=Pos|Gender=Fem|Number=Sing
семинара,семинар,а,семинар а,семинар а,correct,NOUN,Definite=Def|Gender=Masc|Number=Sing
независима,независим,а,независим а,независима,adj_gender,ADJ,Definite=Ind|Degree=Pos|Gender=Fem|Number=Sing
откупа,откуп,а,откуп а,откуп а,correct,NOUN,Definite=Def|Gender=Masc|Number=Sing
прибързана,прибързан,а,прибързан а,прибързана,adj_gender,ADJ,Definite=Ind|Degree=Pos|Gender=Fem|Number=Sing
правосъдието,правосъдие,то,правосъдие то,правосъдие то,correct,NOUN,Definite=Def|Gender=Neut|Number=Sing
страдаме,страдам,е,страдам е,страда ме,plu1person_boundary,VERB,Aspect=Imp|Mood=Ind|Number=Plur|Person=1|Tense=Pres|VerbForm=Fin|Voice=Act
мирът,мир,ът,мир ът,мир ът,correct,NOUN,Definite=Def|Gender=Masc|Number=Sing
практическите,практически,те,практически те,практическ ите,adj_def_boundary,ADJ,Definite=Def|Degree=Pos|Number=Plur
коридори,коридор,и,коридор и,коридор и,correct,NOUN,Definite=Ind|Gender=Masc|Number=Plur
безнадеждността,безнадеждност,та,безнадеждност та,безнадеждност та,correct,NOUN,Definite=Def|Gender=Fem|Number=Sing
цигуларя,цигулар,я,цигулар я,цигулар я,correct,NOUN,Definite=Def|Gender=Masc|Number=Sing
респондентите,респондент,ите,респондент ите,респондент ите,correct,NOUN,Definite=Def|Gender=Masc|Number=Plur
спринта,спринт,а,спринт а,спринт а,correct,NOUN,Definite=Def|Gender=Masc|Number=Sing
деловодството,деловодство,то,деловодство то,деловодство то,correct,NOUN,Definite=Def|Gender=Neut|Number=Sing
по-добър,по-,добър,по- добър,по- добър,correct,ADJ,Definite=Ind|Degree=Pos|Gender=Masc|Number=Sing
шофьорът,шофьор,ът,шофьор ът,шофьор ът,correct,NOUN,Definite=Def|Gender=Masc|Number=Sing
курсанти,курсант,и,курсант и,курсант и,correct,NOUN,Definite=Ind|Gender=Masc|Number=Plur
пияни,пиян,и,пиян и,пиян и,correct,ADJ,Definite=Ind|Degree=Pos|Number=Plur
милите,мил,ите,мил ите,мил ите,correct,ADJ,Definite=Def|Degree=Pos|Number=Plur
грубо,груб,о,груб о,грубо,adj_gender,ADV,Degree=Pos
всекиго,всеки,го,всеки го,всекиго,skipped_single_token,PRON,Animacy=Anim|Case=Acc|Gender=Masc|Number=Sing|PronType=Neg
икономическия,икономически,я,икономически я,икономически я,correct,ADJ,Definite=Def|Degree=Pos|Gender=Masc|Number=Sing
маркетингово,маркетингов,о,маркетингов о,маркетингово,adj_gender,ADJ,Definite=Ind|Degree=Pos|Gender=Neut|Number=Sing
дотогава,до,тогава,до тогава,дотогава,skipped_single_token,ADV,PronType=Dem
интересът,интерес,ът,интерес ът,интерес ът,correct,NOUN,Definite=Def|Gender=Masc|Number=Sing
лидерът,лидер,ът,лидер ът,лидер ът,correct,NOUN,Definite=Def|Gender=Masc|Number=Sing
силата,сила,та,сила та,сила та,correct,NOUN,Definite=Def|Gender=Fem|Number=Sing
висшестоящия,висшестоящ,ия,висшестоящ ия,висшестоящ ия,correct,ADJ,Definite=Def|Degree=Pos|Gender=Masc|Number=Sing
по-малък,по-,малък,по- малък,по- малък,correct,ADJ,Definite=Ind|Degree=Pos|Gender=Masc|Number=Sing
глухи,глух,и,глух и,глух и,correct,ADJ,Definite=Ind|Degree=Pos|Number=Plur
стара,стар,а,стар а,стара,adj_gender,ADJ,Definite=Ind|Degree=Pos|Gender=Fem|Number=Sing
изберат,избера,т,избера т,избера т,correct,VERB,Aspect=Perf|Mood=Ind|Number=Plur|Person=3|Tense=Pres|VerbForm=Fin|Voice=Act
атмосферата,атмосфера,та,атмосфера та,атмосфера та,correct,NOUN,Definite=Def|Gender=Fem|Number=Sing
хубавото,хубав,ото,хубав ото,хубаво то,adj_def_boundary,ADJ,Definite=Def|Degree=Pos|Gender=Neut|Number=Sing
акционерите,акционер,ите,акционер ите,акционер ите,correct,NOUN,Definite=Def|Gender=Masc|Number=Plur
октомврийския,октомврийски,я,октомврийски я,октомврийски я,correct,ADJ,Definite=Def|Degree=Pos|Gender=Masc|Number=Sing
заинтересовани,заинтересован,и,заинтересован и,заинтересован и,correct,ADJ,Definite=Ind|Degree=Pos|Number=Plur
техническите,технически,те,технически те,техническ ите,adj_def_boundary,ADJ,Definite=Def|Degree=Pos|Number=Plur
помощник-треньорът,помощник-треньор,ът,помощник-треньор ът,помощник-треньор ът,correct,NOUN,Definite=Def|Gender=Masc|Number=Sing
ексшампионите,ексшампион,ите,ексшампион ите,ексшампион ите,correct,NOUN,Definite=Def|Gender=Masc|Number=Plur
останал,остана,л,остана л,остана л,correct,VERB,Aspect=Perf|Definite=Ind|Gender=Masc|Number=Sing|Tense=Past|VerbForm=Part|Voice=Act
мотивацията,мотивация,та,мотивация та,мотивация та,correct,NOUN,Definite=Def|Gender=Fem|Number=Sing
погледнаха,погледна,ха,погледна ха,погледна ха,correct,VERB,Aspect=Perf|Mood=Ind|Number=Plur|Person=3|Tense=Past|VerbForm=Fin|Voice=Act
плакати,плакат,и,плакат и,плакат и,correct,NOUN,Definite=Ind|Gender=Masc|Number=Plur
разширяването,разширяване,то,разширяване то,разширяване то,correct,NOUN,Definite=Def|Gender=Neut|Number=Sing
протести,протест,и,протест и,протест и,correct,NOUN,Definite=Ind|Gender=Masc|Number=Plur
брифинга,брифинг,а,брифинг а,брифинг а,correct,NOUN,Definite=Def|Gender=Masc|Number=Sing
тежат,тежа,т,тежа т,тежа т,correct,VERB,Aspect=Imp|Mood=Ind|Number=Plur|Person=3|Tense=Pres|VerbForm=Fin|Voice=Act
дървения,дървен,ия,дървен ия,дървен ия,correct,ADJ,Definite=Def|Degree=Pos|Gender=Masc|Number=Sing
трезора,трезор,а,трезор а,трезор а,correct,NOUN,Definite=Def|Gender=Masc|Number=Sing
утихването,утихване,то,утихване то,утихване то,correct,NOUN,Definite=Def|Gender=Neut|Number=Sing
газоснабдяването,газоснабдяване,то,газоснабдяване то,газоснабдяване то,correct,NOUN,Definite=Def|Gender=Neut|Number=Sing
възлагането,възлагане,то,възлагане то,възлагане то,correct,NOUN,Definite=Def|Gender=Neut|Number=Sing
трудностите,трудност,ите,трудност ите,трудност ите,correct,NOUN,Definite=Def|Gender=Fem|Number=Plur
стигнал,стигна,л,стигна л,стигна л,correct,VERB,Aspect=Perf|Definite=Ind|Gender=Masc|Number=Sing|Tense=Past|VerbForm=Part|Voice=Act
разказа,разказ,а,разказ а,разказа,skipped_single_token,VERB,Aspect=Perf|Mood=Ind|Number=Sing|Person=3|Tense=Past|VerbForm=Fin|Voice=Act
погледа,поглед,а,поглед а,поглед а,correct,NOUN,Definite=Def|Gender=Masc|Number=Sing
намалението,намаление,то,намаление то,намаление то,correct,NOUN,Definite=Def|Gender=Neut|Number=Sing
електропроводи,електропровод,и,електропровод и,електропровод и,correct,NOUN,Definite=Ind|Gender=Masc|Number=Plur
радиатори,радиатор,и,радиатор и,радиатор и,correct,NOUN,Definite=Ind|Gender=Masc|Number=Plur
посещаваме,посещавам,е,посещавам е,посещава ме,plu1person_boundary,VERB,Aspect=Imp|Mood=Ind|Number=Plur|Person=1|Tense=Pres|VerbForm=Fin|Voice=Act
месопреработвателите,месопреработвател,ите,месопреработвател ите,месопреработвател ите,correct,NOUN,Definite=Def|Gender=Masc|Number=Plur
княза,княз,а,княз а,княз а,correct,NOUN,Definite=Def|Gender=Masc|Number=Sing
мира,мир,а,мир а,мира,skipped_single_token,NOUN,Definite=Ind|Gender=Fem|Number=Sing
инспектората,инспекторат,а,инспекторат а,инспекторат а,correct,NOUN,Definite=Def|Gender=Masc|Number=Sing
пеленачетата,пеленаче,тата,пеленаче тата,пеленаче тата,correct,NOUN,Definite=Def|Gender=Neut|Number=Plur
помогнат,помогна,т,помогна т,помогна т,correct,VERB,Aspect=Perf|Mood=Ind|Number=Plur|Person=3|Tense=Pres|VerbForm=Fin|Voice=Act
високата,висок,ата,висок ата,висока та,adj_def_boundary,ADJ,Definite=Def|Degree=Pos|Gender=Fem|Number=Sing
главата,глава,та,глава та,глава та,correct,NOUN,Definite=Def|Gender=Fem|Number=Sing
въстанието,въстание,то,въстание то,въстание то,correct,NOUN,Definite=Def|Gender=Neut|Number=Sing
английският,английски,ят,английски ят,английски ят,correct,ADJ,Definite=Def|Degree=Pos|Gender=Masc|Number=Sing
употребата,употреба,та,употреба та,употреба та,correct,NOUN,Definite=Def|Gender=Fem|Number=Sing
имуществените,имуществен,ите,имуществен ите,имуществен ите,correct,ADJ,Definite=Def|Degree=Pos|Number=Plur
числото,число,то,число то,число то,correct,NOUN,Definite=Def|Gender=Neut|Number=Sing
джамията,джамия,та,джамия та,джамия та,correct,NOUN,Definite=Def|Gender=Fem|Number=Sing
представлението,представление,то,представление то,представление то,correct,NOUN,Definite=Def|Gender=Neut|Number=Sing
сръбския,сръбски,я,сръбски я,сръбски я,correct,ADJ,Definite=Def|Degree=Pos|Gender=Masc|Number=Sing
кримиисторията,кримиистория,та,кримиистория та,кримиистория та,correct,NOUN,Definite=Def|Gender=Fem|Number=Sing
разговорът,разговор,ът,разговор ът,разговор ът,correct,NOUN,Definite=Def|Gender=Masc|Number=Sing
мъже,мъж,е,мъж е,мъж е,correct,NOUN,Definite=Ind|Gender=Masc|Number=Plur
небето,небе,то,небе то,небе то,correct,NOUN,Definite=Def|Gender=Neut|Number=Sing
успехите,успех,ите,успех ите,успех ите,correct,NOUN,Definite=Def|Gender=Masc|Number=Plur
задачата,задача,та,задача та,задача та,correct,NOUN,Definite=Def|Gender=Fem|Number=Sing
поста,пост,а,пост а,пост а,correct,NOUN,Definite=Def|Gender=Masc|Number=Sing
знаменитости,знаменитост,и,знаменитост и,знаменитост и,correct,NOUN,Definite=Ind|Gender=Fem|Number=Plur
вината,вина,та,вина та,вина та,correct,NOUN,Definite=Def|Gender=Fem|Number=Sing
левскарите,левскар,ите,левскар ите,левскар ите,correct,NOUN,Definite=Def|Gender=Masc|Number=Plur
посетят,посетя,т,посетя т,посетя т,correct,VERB,Aspect=Perf|Mood=Ind|Number=Plur|Person=3|Tense=Pres|VerbForm=Fin|Voice=Act
кореспондента,кореспондент,а,кореспондент а,кореспондент а,correct,NOUN,Definite=Def|Gender=Masc|Number=Sing
завода,завод,а,завод а,завод а,correct,NOUN,Definite=Def|Gender=Masc|Number=Sing
периферията,периферия,та,периферия та,периферия та,correct,NOUN,Definite=Def|Gender=Fem|Number=Sing
факти,факт,и,факт и,факт и,correct,NOUN,Definite=Ind|Gender=Masc|Number=Plur
ултранационалистът,ултранационалист,ът,ултранационалист ът,ултранационалист ът,correct,NOUN,Definite=Def|Gender=Masc|Number=Sing
глината,глина,та,глина та,глина та,correct,NOUN,Definite=Def|Gender=Fem|Number=Sing
икономисти,икономист,и,икономист и,икономист и,correct,NOUN,Definite=Ind|Gender=Masc|Number=Plur
казачокът,казачок,ът,казачок ът,казачок ът,correct,NOUN,Definite=Def|Gender=Masc|Number=Sing
по-ясно,по-,ясно,по- ясно,по- ясно,correct,ADV,Degree=Sup
нашия,наш,ия,наш ия,наш ия,correct,DET,Definite=Def|Gender=Masc|Number=Sing|Person=1|Poss=Yes|PronType=Prs
месеца,месец,а,месец а,месец а,correct,NOUN,Definite=Def|Gender=Masc|Number=Sing
най-слабо,най-,слабо,най- слабо,най- слабо,correct,ADV,Degree=Sup
дебютът,дебют,ът,дебют ът,дебют ът,correct,NOUN,Definite=Def|Gender=Masc|Number=Sing
открити,открит,и,открит и,открити,skipped_single_token,VERB,Aspect=Perf|Definite=Ind|Number=Plur|VerbForm=Part|Voice=Pass
опасността,опасност,та,опасност та,опасност та,correct,NOUN,Definite=Def|Gender=Fem|Number=Sing
по-близко,по-,близко,по- близко,по- близко,correct,ADV,Degree=Sup
избягаме,избягам,е,избягам е,избяга ме,plu1person_boundary,VERB,Aspect=Perf|Mood=Ind|Number=Plur|Person=1|Tense=Pres|VerbForm=Fin|Voice=Act
демократът,демократ,ът,демократ ът,демократ ът,correct,NOUN,Definite=Def|Gender=Masc|Number=Sing
бъдещето,бъдеще,то,бъдеще то,бъдеще то,correct,NOUN,Definite=Def|Gender=Neut|Number=Sing
следствените,следствен,ите,следствен ите,следствен ите,correct,ADJ,Definite=Def|Degree=Pos|Number=Plur
полицейските,полицейски,те,полицейски те,полицейск ите,adj_def_boundary,ADJ,Definite=Def|Degree=Pos|Number=Plur
горският,горски,ят,горски ят,горски ят,correct,NOUN,Definite=Def|Gender=Masc|Number=Sing
ръба,ръб,а,ръб а,ръб а,correct,NOUN,Definite=Def|Gender=Masc|Number=Sing
немските,немски,те,немски те,немск ите,adj_def_boundary,ADJ,Definite=Def|Degree=Pos|Number=Plur
най-тежък,най-,тежък,най- тежък,най- тежък,correct,ADJ,Definite=Ind|Degree=Pos|Gender=Masc|Number=Sing
вечерта,вечер,та,вечер та,вечер та,correct,NOUN,Definite=Def|Gender=Fem|Number=Sing
французинът,французин,ът,французин ът,французин ът,correct,NOUN,Definite=Def|Gender=Masc|Number=Sing
процеса,процес,а,процес а,процес а,correct,NOUN,Definite=Def|Gender=Masc|Number=Sing
сметката,сметка,та,сметка та,сметка та,correct,NOUN,Definite=Def|Gender=Fem|Number=Sing
укази,указ,и,указ и,указ и,correct,NOUN,Definite=Ind|Gender=Masc|Number=Plur
културно-историческите,културно-исторически,те,културно-исторически те,културно-историческ ите,adj_def_boundary,ADJ,Definite=Def|Degree=Pos|Number=Plur
страницата,страница,та,страница та,страница та,correct,NOUN,Definite=Def|Gender=Fem|Number=Sing
бърза,бърз,а,бърз а,бърза,skipped_single_token,VERB,Aspect=Imp|Mood=Ind|Number=Sing|Person=3|Tense=Pres|VerbForm=Fin|Voice=Act
закона,закон,а,закон а,закон а,correct,NOUN,Definite=Def|Gender=Masc|Number=Sing
топчета,топче,та,топче та,топче та,correct,NOUN,Definite=Ind|Gender=Neut|Number=Plur
тръбата,тръба,та,тръба та,тръба та,correct,NOUN,Definite=Def|Gender=Fem|Number=Sing
купувачи,купувач,и,купувач и,купувач и,correct,NOUN,Definite=Ind|Gender=Masc|Number=Plur
сержанти,сержант,и,сержант и,сержант и,correct,NOUN,Definite=Ind|Gender=Masc|Number=Plur
фуражката,фуражка,та,фуражка та,фуражка та,correct,NOUN,Definite=Def|Gender=Fem|Number=Sing
кокошката,кокошка,та,кокошка та,кокошка та,correct,NOUN,Definite=Def|Gender=Fem|Number=Sing
оборотът,оборот,ът,оборот ът,оборот ът,correct,NOUN,Definite=Def|Gender=Masc|Number=Sing
реденето,редене,то,редене то,редене то,correct,NOUN,Definite=Def|Gender=Neut|Number=Sing
заглъхналия,заглъхна,лия,заглъхна лия,заглъхнали я,adj_def_boundary,ADJ,Aspect=Perf|Definite=Def|Degree=Pos|Gender=Masc|Number=Sing|Tense=Past|VerbForm=Part|Voice=Act
работодателските,работодателски,те,работодателски те,работодателск ите,adj_def_boundary,ADJ,Definite=Def|Degree=Pos|Number=Plur
заболеят,заболея,т,заболея т,заболея т,correct,VERB,Aspect=Imp|Mood=Ind|Number=Plur|Person=3|Tense=Pres|VerbForm=Fin|Voice=Act
бракът,брак,ът,брак ът,брак ът,correct,NOUN,Definite=Def|Gender=Masc|Number=Sing
канавката,канавка,та,канавка та,канавка та,correct,NOUN,Definite=Def|Gender=Fem|Number=Sing
командири,командир,и,командир и,командир и,correct,NOUN,Definite=Ind|Gender=Masc|Number=Plur
плагиатството,плагиатство,то,плагиатство то,плагиатство то,correct,NOUN,Definite=Def|Gender=Neut|Number=Sing
потвърждението,потвърждение,то,потвърждение то,потвърждение то,correct,NOUN,Definite=Def|Gender=Neut|Number=Sing
великите,велик,ите,велик ите,велик ите,correct,ADJ,Definite=Def|Degree=Pos|Number=Plur
писмена,писмен,а,писмен а,писмена,adj_gender,ADJ,Definite=Ind|Degree=Pos|Gender=Fem|Number=Sing
присъединяването,присъединяване,то,присъединяване то,присъединяване то,correct,NOUN,Definite=Def|Gender=Neut|Number=Sing
възглавницата,възглавница,та,възглавница та,възглавница та,correct,NOUN,Definite=Def|Gender=Fem|Number=Sing
французина,французин,а,французин а,французин а,correct,NOUN,Definite=Def|Gender=Masc|Number=Sing
смахнатият,смахнат,ият,смахнат ият,смахнат ият,correct,ADJ,Definite=Def|Degree=Pos|Gender=Masc|Number=Sing
дебитите,дебит,ите,дебит ите,дебит ите,correct,NOUN,Definite=Def|Gender=Masc|Number=Plur
словенските,словенски,те,словенски те,словенск ите,adj_def_boundary,ADJ,Definite=Def|Degree=Pos|Number=Plur
футуристи,футурист,и,футурист и,футурист и,correct,NOUN,Definite=Ind|Gender=Masc|Number=Plur
най-голям,най-,голям,най- голям,най- голям,correct,ADJ,Definite=Ind|Degree=Pos|Gender=Masc|Number=Sing
кралете,крал,ете,крал ете,крал ете,correct,NOUN,Definite=Def|Gender=Masc|Number=Plur
лагера,лагер,а,лагер а,лагер а,correct,NOUN,Definite=Def|Gender=Masc|Number=Sing
подкупи,подкуп,и,подкуп и,подкуп и,correct,NOUN,Definite=Ind|Gender=Masc|Number=Plur
стремежа,стремеж,а,стремеж а,стремеж а,correct,NOUN,Definite=Def|Gender=Masc|Number=Sing
помощта,помощ,та,помощ та,помощ та,correct,NOUN,Definite=Def|Gender=Fem|Number=Sing
зимата,зима,та,зима та,зима та,correct,NOUN,Definite=Def|Gender=Fem|Number=Sing
нашите,наш,ите,наш ите,наш ите,correct,DET,Definite=Def|Number=Plur|Person=1|Poss=Yes|PronType=Prs
сбиването,сбиване,то,сбиване то,сбиване то,correct,NOUN,Definite=Def|Gender=Neut|Number=Sing
адвокатите,адвокат,ите,адвокат ите,адвокат ите,correct,NOUN,Definite=Def|Gender=Masc|Number=Plur
стражата,стража,та,стража та,стража та,correct,NOUN,Definite=Def|Gender=Fem|Number=Sing
гостуването,гостуване,то,гостуване то,гостуване то,correct,NOUN,Definite=Def|Gender=Neut|Number=Sing
отражението,отражение,то,отражение то,отражение то,correct,NOUN,Definite=Def|Gender=Neut|Number=Sing
десницата,десница,та,десница та,десница та,correct,NOUN,Definite=Def|Gender=Fem|Number=Sing
неоспоримата,неоспорим,ата,неоспорим ата,неоспорима та,adj_def_boundary,ADJ,Definite=Def|Degree=Pos|Gender=Fem|Number=Sing
въоръжението,въоръжение,то,въоръжение то,въоръжение то,correct,NOUN,Definite=Def|Gender=Neut|Number=Sing
французойката,французойка,та,французойка та,французойка та,correct,NOUN,Definite=Def|Gender=Fem|Number=Sing
репортажи,репортаж,и,репортаж и,репортаж и,correct,NOUN,Definite=Ind|Gender=Masc|Number=Plur
стареца,старец,а,старец а,старец а,correct,NOUN,Definite=Def|Gender=Masc|Number=Sing
заседнал,заседна,л,заседна л,заседна л,correct,VERB,Aspect=Perf|Definite=Ind|Gender=Masc|Number=Sing|Tense=Past|VerbForm=Part|Voice=Act
бяло,бял,о,бял о,бяло,adj_gender,ADV,Degree=Pos
ръкави,ръкав,и,ръкав и,ръкав и,correct,NOUN,Definite=Ind|Gender=Masc|Number=Plur
посвещението,посвещение,то,посвещение то,посвещение то,correct,NOUN,Definite=Def|Gender=Neut|Number=Sing
пазари,пазар,и,пазар и,пазар и,correct,NOUN,Definite=Ind|Gender=Masc|Number=Plur
филма,филм,а,филм а,филм а,correct,NOUN,Definite=Def|Gender=Masc|Number=Sing
берат,бера,т,бера т,бера т,correct,VERB,Aspect=Imp|Mood=Ind|Number=Plur|Person=3|Tense=Pres|VerbForm=Fin|Voice=Act
новости,новост,и,новост и,новост и,correct,NOUN,Definite=Ind|Gender=Fem|Number=Plur
органите,орган,ите,орган ите,орган ите,correct,NOUN,Definite=Def|Gender=Masc|Number=Plur
вродено,вроден,о,вроден о,вродено,adj_gender,ADV,Degree=Pos
писателите,писател,ите,писател ите,писател ите,correct,NOUN,Definite=Def|Gender=Masc|Number=Plur
изборът,избор,ът,избор ът,избор ът,correct,NOUN,Definite=Def|Gender=Masc|Number=Sing
любителите,любител,ите,любител ите,любител ите,correct,NOUN,Definite=Def|Gender=Masc|Number=Plur
неправдата,неправда,та,неправда та,неправда та,correct,NOUN,Definite=Def|Gender=Fem|Number=Sing
скъпи,скъп,и,скъп и,скъп и,correct,ADJ,Definite=Ind|Degree=Pos|Number=Plur
отзоваването,отзоваване,то,отзоваване то,отзоваване то,correct,NOUN,Definite=Def|Gender=Neut|Number=Sing
искови,исков,и,исков и,исков и,correct,ADJ,Definite=Ind|Degree=Pos|Number=Plur
бузата,буза,та,буза та,буза та,correct,NOUN,Definite=Def|Gender=Fem|Number=Sing
речта,реч,та,реч та,реч та,correct,NOUN,Definite=Def|Gender=Fem|Number=Sing
несподелена,несподелен,а,несподелен а,несподелена,adj_gender,ADJ,Definite=Ind|Degree=Pos|Gender=Fem|Number=Sing
кърпичката,кърпичка,та,кърпичка та,кърпичка та,correct,NOUN,Definite=Def|Gender=Fem|Number=Sing
форуми,форум,и,форум и,форум и,correct,NOUN,Definite=Ind|Gender=Masc|Number=Plur
апостолите,апостол,ите,апостол ите,апостол ите,correct,NOUN,Definite=Def|Gender=Masc|Number=Plur
учителят,учител,ят,учител ят,учител ят,correct,NOUN,Definite=Def|Gender=Masc|Number=Sing
певеца,певец,а,певец а,певец а,correct,NOUN,Definite=Def|Gender=Masc|Number=Sing
по-дълъг,по-,дълъг,по- дълъг,по- дълъг,correct,ADJ,Definite=Ind|Degree=Pos|Gender=Masc|Number=Sing
досиетата,досие,тата,досие тата,досие тата,correct,NOUN,Definite=Def|Gender=Neut|Number=Plur
обединяването,обединяване,то,обединяване то,обединяване то,correct,NOUN,Definite=Def|Gender=Neut|Number=Sing
съвестта,съвест,та,съвест та,съвест та,correct,NOUN,Definite=Def|Gender=Fem|Number=Sing
тълпата,тълпа,та,тълпа та,тълпа та,correct,NOUN,Definite=Def|Gender=Fem|Number=Sing
статистиката,статистика,та,статистика та,статистика та,correct,NOUN,Definite=Def|Gender=Fem|Number=Sing
таксата,такса,та,такса та,такса та,correct,NOUN,Definite=Def|Gender=Fem|Number=Sing
кварталът,квартал,ът,квартал ът,квартал ът,correct,NOUN,Definite=Def|Gender=Masc|Number=Sing
бюрото,бюро,то,бюро то,бюро то,correct,NOUN,Definite=Def|Gender=Neut|Number=Sing
проектирането,проектиране,то,проектиране то,проектиране то,correct,NOUN,Definite=Def|Gender=Neut|Number=Sing
промишлените,промишлен,ите,промишлен ите,промишлен ите,correct,ADJ,Definite=Def|Degree=Pos|Number=Plur
моменти,момент,и,момент и,момент и,correct,NOUN,Definite=Ind|Gender=Masc|Number=Plur
гафове,гаф,ове,гаф ове,гаф ове,correct,NOUN,Definite=Ind|Gender=Masc|Number=Plur
извозването,извозване,то,извозване то,извозване то,correct,NOUN,Definite=Def|Gender=Neut|Number=Sing
бадемови,бадемов,и,бадемов и,бадемов и,correct,ADJ,Definite=Ind|Degree=Pos|Number=Plur
интелектът,интелект,ът,интелект ът,интелект ът,correct,NOUN,Definite=Def|Gender=Masc|Number=Sing
по-трудно,по-,трудно,по- трудно,по- трудно,correct,ADV,Degree=Cmp
изпълнимо,изпълним,о,изпълним о,изпълнимо,adj_gender,ADV,Degree=Pos
ползването,ползване,то,ползване то,ползване то,correct,NOUN,Definite=Def|Gender=Neut|Number=Sing
френските,френски,те,френски те,френск ите,adj_def_boundary,ADJ,Definite=Def|Degree=Pos|Number=Plur
болката,болка,та,болка та,болка та,correct,NOUN,Definite=Def|Gender=Fem|Number=Sing
тенденцията,тенденция,та,тенденция та,тенденция та,correct,NOUN,Definite=Def|Gender=Fem|Number=Sing
преминал,премина,л,премина л,премина л,correct,VERB,Aspect=Perf|Definite=Ind|Gender=Masc|Number=Sing|Tense=Past|VerbForm=Part|Voice=Act
атентати,атентат,и,атентат и,атентат и,correct,NOUN,Definite=Ind|Gender=Masc|Number=Plur
членството,членство,то,членство то,членство то,correct,NOUN,Definite=Def|Gender=Neut|Number=Sing
заплашваме,заплашвам,е,заплашвам е,заплашва ме,plu1person_boundary,VERB,Aspect=Imp|Mood=Ind|Number=Plur|Person=1|Tense=Pres|VerbForm=Fin|Voice=Act
съдията,съдия,та,съдия та,съдия та,correct,NOUN,Definite=Def|Gender=Masc|Number=Sing
печката,печка,та,печка та,печка та,correct,NOUN,Definite=Def|Gender=Fem|Number=Sing
автоматите,автомат,ите,автомат ите,автомат ите,correct,NOUN,Definite=Def|Gender=Masc|Number=Plur
фонда,фонд,а,фонд а,фонд а,correct,NOUN,Definite=Def|Gender=Masc|Number=Sing
обща,общ,а,общ а,обща,adj_gender,ADJ,Definite=Ind|Degree=Pos|Gender=Fem|Number=Sing
крадеца,крадец,а,крадец а,крадец а,correct,NOUN,Definite=Def|Gender=Masc|Number=Sing
незадоволения,незадоволен,ия,незадоволен ия,незадоволен ия,correct,ADJ,Definite=Def|Degree=Pos|Gender=Masc|Number=Sing
внасяме,внасям,е,внасям е,внася ме,plu1person_boundary,VERB,Aspect=Imp|Mood=Ind|Number=Plur|Person=1|Tense=Pres|VerbForm=Fin|Voice=Act
стояха,стоя,ха,стоя ха,стоя ха,correct,VERB,Aspect=Imp|Mood=Ind|Number=Plur|Person=3|Tense=Imp|VerbForm=Fin|Voice=Act
начини,начин,и,начин и,начин и,correct,NOUN,Definite=Ind|Gender=Masc|Number=Plur
съотношението,съотношение,то,съотношение то,съотношение то,correct,NOUN,Definite=Def|Gender=Neut|Number=Sing
ректорския,ректорски,я,ректорски я,ректорски я,correct,ADJ,Definite=Def|Degree=Pos|Gender=Masc|Number=Sing
бизнесмените,бизнесмен,ите,бизнесмен ите,бизнесмен ите,correct,NOUN,Definite=Def|Gender=Masc|Number=Plur
приветствието,приветствие,то,приветствие то,приветствие то,correct,NOUN,Definite=Def|Gender=Neut|Number=Sing
разговора,разговор,а,разговор а,разговор а,correct,NOUN,Definite=Def|Gender=Masc|Number=Sing
фантазията,фантазия,та,фантазия та,фантазия та,correct,NOUN,Definite=Def|Gender=Fem|Number=Sing
социалистическия,социалистически,я,социалистически я,социалистически я,correct,ADJ,Definite=Def|Degree=Pos|Gender=Masc|Number=Sing
фотографията,фотография,та,фотография та,фотография та,correct,NOUN,Definite=Def|Gender=Fem|Number=Sing
захапят,захапя,т,захапя т,захапя т,correct,VERB,Aspect=Perf|Mood=Ind|Number=Plur|Person=3|Tense=Pres|VerbForm=Fin|Voice=Act
заминало,замина,ло,замина ло,замина ло,correct,VERB,Aspect=Perf|Definite=Ind|Gender=Neut|Number=Sing|Tense=Past|VerbForm=Part|Voice=Act
лентата,лента,та,лента та,лента та,correct,NOUN,Definite=Def|Gender=Fem|Number=Sing
семената,семе,ната,семе ната,семена та,wrong,NOUN,Definite=Def|Gender=Neut|Number=Plur
лодката,лодка,та,лодка та,лодка та,correct,NOUN,Definite=Def|Gender=Fem|Number=Sing
дрехата,дреха,та,дреха та,дреха та,correct,NOUN,Definite=Def|Gender=Fem|Number=Sing
чифта,чифт,а,чифт а,чифта,skipped_single_token,NOUN,Gender=Masc|Number=Sing
консулството,консулство,то,консулство то,консулство то,correct,NOUN,Definite=Def|Gender=Neut|Number=Sing
минимача,минимач,а,минимач а,минимач а,correct,NOUN,Definite=Def|Gender=Masc|Number=Sing
маркетинговите,маркетингов,ите,маркетингов ите,маркетингов ите,correct,ADJ,Definite=Def|Degree=Pos|Number=Plur
губернаторът,губернатор,ът,губернатор ът,губернатор ът,correct,NOUN,Definite=Def|Gender=Masc|Number=Sing
изглеждало,изглежда,ло,изглежда ло,изглежда ло,correct,VERB,Aspect=Imp|Definite=Ind|Gender=Neut|Number=Sing|Tense=Past|VerbForm=Part|Voice=Act
рискът,риск,ът,риск ът,риск ът,correct,NOUN,Definite=Def|Gender=Masc|Number=Sing
пенсионерите,пенсионер,ите,пенсионер ите,пенсионер ите,correct,NOUN,Definite=Def|Gender=Masc|Number=Plur
патицата,патица,та,патица та,патица та,correct,NOUN,Definite=Def|Gender=Fem|Number=Sing
лоши,лош,и,лош и,лош и,correct,ADJ,Definite=Ind|Degree=Pos|Number=Plur
запалянковци,запалянко,вци,запалянко вци,запалянковци,skipped_single_token,NOUN,Definite=Ind|Gender=Masc|Number=Plur
гетото,гето,то,гето то,гето то,correct,NOUN,Definite=Def|Gender=Neut|Number=Sing
проспекти,проспект,и,проспект и,проспект и,correct,NOUN,Definite=Ind|Gender=Masc|Number=Plur
дървена,дървен,а,дървен а,дървена,adj_gender,ADJ,Definite=Ind|Degree=Pos|Gender=Fem|Number=Sing
активисти,активист,и,активист и,активист и,correct,NOUN,Definite=Ind|Gender=Masc|Number=Plur
моливи,молив,и,молив и,молив и,correct,NOUN,Definite=Ind|Gender=Masc|Number=Plur
ерата,ера,та,ера та,ера та,correct,NOUN,Definite=Def|Gender=Fem|Number=Sing
корелацията,корелация,та,корелация та,корелация та,correct,NOUN,Definite=Def|Gender=Fem|Number=Sing
поскъпнаха,поскъпна,ха,поскъпна ха,поскъпна ха,correct,VERB,Aspect=Perf|Mood=Ind|Number=Plur|Person=3|Tense=Past|VerbForm=Fin|Voice=Act
шумотевицата,шумотевица,та,шумотевица та,шумотевица та,correct,NOUN,Definite=Def|Gender=Fem|Number=Sing
основани,основа,ни,основа ни,основани,skipped_single_token,VERB,Aspect=Perf|Definite=Ind|Number=Plur|VerbForm=Part|Voice=Pass
картата,карта,та,карта та,карта та,correct,NOUN,Definite=Def|Gender=Fem|Number=Sing
знамето,знаме,то,знаме то,знаме то,correct,NOUN,Definite=Def|Gender=Neut|Number=Sing
седмичника,седмичник,а,седмичник а,седмичник а,correct,NOUN,Definite=Def|Gender=Masc|Number=Sing
най-късно,най-,късно,най- късно,най- късно,correct,ADV,Degree=Pos
продукцията,продукция,та,продукция та,продукция та,correct,NOUN,Definite=Def|Gender=Fem|Number=Sing
жертвата,жертва,та,жертва та,жертва та,correct,NOUN,Definite=Def|Gender=Fem|Number=Sing
искането,искане,то,искане то,искане то,correct,NOUN,Definite=Def|Gender=Neut|Number=Sing
интервюта,интервю,та,интервю та,интервю та,correct,NOUN,Definite=Ind|Gender=Neut|Number=Plur
спорове,спор,ове,спор ове,спор ове,correct,NOUN,Definite=Ind|Gender=Masc|Number=Plur
осъществяването,осъществяване,то,осъществяване то,осъществяване то,correct,NOUN,Definite=Def|Gender=Neut|Number=Sing
капитала,капитал,а,капитал а,капитал а,correct,NOUN,Definite=Def|Gender=Masc|Number=Sing
мнозинството,мнозинство,то,мнозинство то,мнозинство то,correct,NOUN,Definite=Def|Gender=Neut|Number=Sing
икономиката,икономика,та,икономика та,икономика та,correct,NOUN,Definite=Def|Gender=Fem|Number=Sing
компроматите,компромат,ите,компромат ите,компромат ите,correct,NOUN,Definite=Def|Gender=Masc|Number=Plur
корпорацията,корпорация,та,корпорация та,корпорация та,correct,NOUN,Definite=Def|Gender=Fem|Number=Sing
слуха,слух,а,слух а,слух а,correct,NOUN,Definite=Def|Gender=Masc|Number=Sing
митинги,митинг,и,митинг и,митинг и,correct,NOUN,Definite=Ind|Gender=Masc|Number=Plur
посланика,посланик,а,посланик а,посланик а,correct,NOUN,Definite=Def|Gender=Masc|Number=Sing
увеличаването,увеличаване,то,увеличаване то,увеличаване то,correct,NOUN,Definite=Def|Gender=Neut|Number=Sing
поскъпването,поскъпване,то,поскъпване то,поскъпване то,correct,NOUN,Definite=Def|Gender=Neut|Number=Sing
смахнати,смахнат,и,смахнат и,смахнат и,correct,ADJ,Definite=Ind|Degree=Pos|Number=Plur
графата,графа,та,графа та,графа та,correct,NOUN,Definite=Def|Gender=Fem|Number=Sing
скиорите,скиор,ите,скиор ите,скиор ите,correct,NOUN,Definite=Def|Gender=Masc|Number=Plur
актът,акт,ът,акт ът,акт ът,correct,NOUN,Definite=Def|Gender=Masc|Number=Sing
президентския,президентски,я,президентски я,президентски я,correct,ADJ,Definite=Def|Degree=Pos|Gender=Masc|Number=Sing
изваждането,изваждане,то,изваждане то,изваждане то,correct,NOUN,Definite=Def|Gender=Neut|Number=Sing
преследвачите,преследвач,ите,преследвач ите,преследвач ите,correct,NOUN,Definite=Def|Gender=Masc|Number=Plur
заминаването,заминаване,то,заминаване то,заминаване то,correct,NOUN,Definite=Def|Gender=Neut|Number=Sing
мултимилионера,мултимилионер,а,мултимилионер а,мултимилионер а,correct,NOUN,Definite=Def|Gender=Masc|Number=Sing
христолюбивата,христолюбив,ата,христолюбив ата,христолюбив ата,correct,NOUN,Definite=Def|Gender=Fem|Number=Sing
печалбата,печалба,та,печалба та,печалба та,correct,NOUN,Definite=Def|Gender=Fem|Number=Sing
единственият,единствен,ият,единствен ият,единствен ият,correct,ADJ,Definite=Def|Degree=Pos|Gender=Masc|Number=Sing
лулата,лула,та,лула та,лула та,correct,NOUN,Definite=Def|Gender=Fem|Number=Sing
спрежението,спрежение,то,спрежение то,спрежение то,correct,NOUN,Definite=Def|Gender=Neut|Number=Sing
ритъма,ритъм,а,ритъм а,ритъм а,correct,NOUN,Definite=Def|Gender=Masc|Number=Sing
ефектът,ефект,ът,ефект ът,ефект ът,correct,NOUN,Definite=Def|Gender=Masc|Number=Sing
газопровода,газопровод,а,газопровод а,газопровод а,correct,NOUN,Definite=Def|Gender=Masc|Number=Sing
оттам,от,там,от там,оттам,skipped_single_token,ADV,PronType=Dem
контролата,контрола,та,контрола та,контрола та,correct,NOUN,Definite=Def|Gender=Fem|Number=Sing
масираната,масиран,ата,масиран ата,масирана та,adj_def_boundary,ADJ,Definite=Def|Degree=Pos|Gender=Fem|Number=Sing
машината,машина,та,машина та,машина та,correct,NOUN,Definite=Def|Gender=Fem|Number=Sing
оставаме,оставам,е,оставам е,остава ме,plu1person_boundary,VERB,Aspect=Imp|Mood=Ind|Number=Plur|Person=1|Tense=Pres|VerbForm=Fin|Voice=Act
куршума,куршум,а,куршум а,куршум а,correct,NOUN,Definite=Def|Gender=Masc|Number=Sing
насрочването,насрочване,то,насрочване то,насрочване то,correct,NOUN,Definite=Def|Gender=Neut|Number=Sing
щангистът,щангист,ът,щангист ът,щангист ът,correct,NOUN,Definite=Def|Gender=Masc|Number=Sing
светлината,светлина,та,светлина та,светлина та,correct,NOUN,Definite=Def|Gender=Fem|Number=Sing
основана,основа,на,основа на,основана,skipped_single_token,VERB,Aspect=Perf|Definite=Ind|Gender=Fem|Number=Sing|VerbForm=Part|Voice=Pass
пекат,пека,т,пека т,пека т,correct,VERB,Aspect=Imp|Mood=Ind|Number=Plur|Person=3|Tense=Pres|VerbForm=Fin|Voice=Act
стената,стена,та,стена та,стена та,correct,NOUN,Definite=Def|Gender=Fem|Number=Sing
атакуваме,атакувам,е,атакувам е,атакува ме,plu1person_boundary,VERB,Aspect=Imp|Mood=Ind|Number=Plur|Person=1|Tense=Pres|VerbForm=Fin|Voice=Act
най-обикновен,най-,обикновен,най- обикновен,най- обикновен,correct,ADJ,Definite=Ind|Degree=Pos|Gender=Masc|Number=Sing
златари,златар,и,златар и,златар и,correct,NOUN,Definite=Ind|Gender=Masc|Number=Plur
безразличието,безразличие,то,безразличие то,безразличие то,correct,NOUN,Definite=Def|Gender=Neut|Number=Sing
купувачите,купувач,ите,купувач ите,купувач ите,correct,NOUN,Definite=Def|Gender=Masc|Number=Plur
кръвоизливи,кръвоизлив,и,кръвоизлив и,кръвоизлив и,correct,NOUN,Definite=Ind|Gender=Masc|Number=Plur
даването,даване,то,даване то,даване то,correct,NOUN,Definite=Def|Gender=Neut|Number=Sing
каналите,канал,ите,канал ите,канал ите,correct,NOUN,Definite=Def|Gender=Masc|Number=Plur
отделението,отделение,то,отделение то,отделение то,correct,NOUN,Definite=Def|Gender=Neut|Number=Sing
партньори,партньор,и,партньор и,партньор и,correct,NOUN,Definite=Ind|Gender=Masc|Number=Plur
лидерката,лидерка,та,лидерка та,лидерка та,correct,NOUN,Definite=Def|Gender=Fem|Number=Sing
любимеца,любимец,а,любимец а,любимец а,correct,NOUN,Definite=Def|Gender=Masc|Number=Sing
дрипльовци,дрипльо,вци,дрипльо вци,дрипльовци,skipped_single_token,NOUN,Definite=Ind|Gender=Masc|Number=Plur
привилегията,привилегия,та,привилегия та,привилегия та,correct,NOUN,Definite=Def|Gender=Fem|Number=Sing
най-странен,най-,странен,най- странен,най- странен,correct,ADJ,Definite=Ind|Degree=Pos|Gender=Masc|Number=Sing
устойчива,устойчив,а,устойчив а,устойчива,adj_gender,ADJ,Definite=Ind|Degree=Pos|Gender=Fem|Number=Sing
гъвкава,гъвкав,а,гъвкав а,гъвкава,adj_gender,ADJ,Definite=Ind|Degree=Pos|Gender=Fem|Number=Sing
съставянето,съставяне,то,съставяне то,съставяне то,correct,NOUN,Definite=Def|Gender=Neut|Number=Sing
прекратят,прекратя,т,прекратя т,прекратя т,correct,VERB,Aspect=Perf|Mood=Ind|Number=Plur|Person=3|Tense=Pres|VerbForm=Fin|Voice=Act
моста,мост,а,мост а,мост а,correct,NOUN,Definite=Def|Gender=Masc|Number=Sing
поддържаме,поддържам,е,поддържам е,поддържа ме,plu1person_boundary,VERB,Aspect=Imp|Mood=Ind|Number=Plur|Person=1|Tense=Pres|VerbForm=Fin|Voice=Act
стресово,стресов,о,стресов о,стресово,adj_gender,ADV,Degree=Pos
колежа,колеж,а,колеж а,колеж а,correct,NOUN,Definite=Def|Gender=Masc|Number=Sing
бърсалката,бърсалка,та,бърсалка та,бърсалка та,correct,NOUN,Definite=Def|Gender=Fem|Number=Sing
директорът,директор,ът,директор ът,директор ът,correct,NOUN,Definite=Def|Gender=Masc|Number=Sing
играчи,играч,и,играч и,играч и,correct,NOUN,Definite=Ind|Gender=Masc|Number=Plur
наематели,наемател,и,наемател и,наемател и,correct,NOUN,Definite=Ind|Gender=Masc|Number=Plur
изводът,извод,ът,извод ът,извод ът,correct,NOUN,Definite=Def|Gender=Masc|Number=Sing
доларът,долар,ът,долар ът,долар ът,correct,NOUN,Definite=Def|Gender=Masc|Number=Sing
телефона,телефон,а,телефон а,телефон а,correct,NOUN,Definite=Def|Gender=Masc|Number=Sing
браншовите,браншов,ите,браншов ите,браншов ите,correct,ADJ,Definite=Def|Degree=Pos|Number=Plur
раждането,раждане,то,раждане то,раждане то,correct,NOUN,Definite=Def|Gender=Neut|Number=Sing
конфликта,конфликт,а,конфликт а,конфликт а,correct,NOUN,Definite=Def|Gender=Masc|Number=Sing
ликвидираме,ликвидирам,е,ликвидирам е,ликвидира ме,plu1person_boundary,VERB,Aspect=Perf|Mood=Ind|Number=Plur|Person=1|Tense=Pres|VerbForm=Fin|Voice=Act
скъпотията,скъпотия,та,скъпотия та,скъпотия та,correct,NOUN,Definite=Def|Gender=Fem|Number=Sing
мюсюлманските,мюсюлмански,те,мюсюлмански те,мюсюлманск ите,adj_def_boundary,ADJ,Definite=Def|Degree=Pos|Number=Plur
изданието,издание,то,издание то,издание то,correct,NOUN,Definite=Def|Gender=Neut|Number=Sing
гастроли,гастрол,и,гастрол и,гастрол и,correct,NOUN,Definite=Ind|Gender=Masc|Number=Plur
числено,числен,о,числен о,числено,adj_gender,ADV,Degree=Pos
скока,скок,а,скок а,скок а,correct,NOUN,Definite=Def|Gender=Masc|Number=Sing
партньорите,партньор,ите,партньор ите,партньор ите,correct,NOUN,Definite=Def|Gender=Masc|Number=Plur
пръстено-жълти,пръстено-жълт,и,пръстено-жълт и,пръстено-жълт и,correct,ADJ,Definite=Ind|Degree=Pos|Number=Plur
спечелването,спечелване,то,спечелване то,спечелване то,correct,NOUN,Definite=Def|Gender=Neut|Number=Sing
инфлацията,инфлация,та,инфлация та,инфлация та,correct,NOUN,Definite=Def|Gender=Fem|Number=Sing
курсовете,курс,овете,курс овете,курс овете,correct,NOUN,Definite=Def|Gender=Masc|Number=Plur
публиката,публика,та,публика та,публика та,correct,NOUN,Definite=Def|Gender=Fem|Number=Sing
творческия,творчески,я,творчески я,творчески я,correct,ADJ,Definite=Def|Degree=Pos|Gender=Masc|Number=Sing
бюджети,бюджет,и,бюджет и,бюджет и,correct,NOUN,Definite=Ind|Gender=Masc|Number=Plur
космическите,космически,те,космически те,космическ ите,adj_def_boundary,ADJ,Definite=Def|Degree=Pos|Number=Plur
преминат,премина,т,премина т,премина т,correct,VERB,Aspect=Perf|Mood=Ind|Number=Plur|Person=3|Tense=Pres|VerbForm=Fin|Voice=Act
устойчиво,устойчив,о,устойчив о,устойчиво,adj_gender,ADV,Degree=Pos
достигнат,достигна,т,достигна т,достигна т,correct,VERB,Aspect=Perf|Mood=Ind|Number=Plur|Person=3|Tense=Pres|VerbForm=Fin|Voice=Act
фондови,фондов,и,фондов и,фондов и,correct,ADJ,Definite=Ind|Degree=Pos|Number=Plur
отрежат,отрежа,т,отрежа т,отрежа т,correct,VERB,Aspect=Perf|Mood=Ind|Number=Plur|Person=3|Tense=Pres|VerbForm=Fin|Voice=Act
дистанцията,дистанция,та,дистанция та,дистанция та,correct,NOUN,Definite=Def|Gender=Fem|Number=Sing
писарят,писар,ят,писар ят,писар ят,correct,NOUN,Definite=Def|Gender=Masc|Number=Sing
селекцията,селекция,та,селекция та,селекция та,correct,NOUN,Definite=Def|Gender=Fem|Number=Sing
изминалата,измина,лата,измина лата,изминала та,adj_def_boundary,ADJ,Aspect=Perf|Definite=Def|Degree=Pos|Gender=Fem|Number=Sing|Tense=Past|VerbForm=Part|Voice=Act
шансовете,шанс,овете,шанс овете,шанс овете,correct,NOUN,Definite=Def|Gender=Masc|Number=Plur
лява,ляв,а,ляв а,лява,adj_gender,ADJ,Definite=Ind|Degree=Pos|Gender=Fem|Number=Sing
оцеляваме,оцелявам,е,оцелявам е,оцелява ме,plu1person_boundary,VERB,Aspect=Imp|Mood=Ind|Number=Plur|Person=1|Tense=Pres|VerbForm=Fin|Voice=Act
финалът,финал,ът,финал ът,финал ът,correct,NOUN,Definite=Def|Gender=Masc|Number=Sing
осиновителите,осиновител,ите,осиновител ите,осиновител ите,correct,NOUN,Definite=Def|Gender=Masc|Number=Plur
будката,будка,та,будка та,будка та,correct,NOUN,Definite=Def|Gender=Fem|Number=Sing
директорите,директор,ите,директор ите,директор ите,correct,NOUN,Definite=Def|Gender=Masc|Number=Plur
планинските,планински,те,планински те,планинск ите,adj_def_boundary,ADJ,Definite=Def|Degree=Pos|Number=Plur
халата,халат,а,халат а,хала та,wrong,NOUN,Definite=Def|Gender=Fem|Number=Sing
колибата,колиба,та,колиба та,колиба та,correct,NOUN,Definite=Def|Gender=Fem|Number=Sing
ционисткия,ционистки,я,ционистки я,ционистки я,correct,ADJ,Definite=Def|Degree=Pos|Gender=Masc|Number=Sing
автомобили,автомобил,и,автомобил и,автомобил и,correct,NOUN,Definite=Ind|Gender=Masc|Number=Plur
заявката,заявка,та,заявка та,заявка та,correct,NOUN,Definite=Def|Gender=Fem|Number=Sing
глътнал,глътна,л,глътна л,глътна л,correct,VERB,Aspect=Perf|Definite=Ind|Gender=Masc|Number=Sing|Tense=Past|VerbForm=Part|Voice=Act
проникването,проникване,то,проникване то,проникване то,correct,NOUN,Definite=Def|Gender=Neut|Number=Sing
понякога,по,някога,по някога,понякога,skipped_single_token,ADV,PronType=Ind
памука,памук,а,памук а,памук а,correct,NOUN,Definite=Def|Gender=Masc|Number=Sing
редакторката,редакторка,та,редакторка та,редакторка та,correct,NOUN,Definite=Def|Gender=Fem|Number=Sing
особено,особен,о,особен о,особено,adj_gender,ADV,Degree=Pos
домакина,домакин,а,домакин а,домакин а,correct,NOUN,Definite=Def|Gender=Masc|Number=Sing
простори,простор,и,простор и,простор и,correct,NOUN,Definite=Ind|Gender=Masc|Number=Plur
историята,история,та,история та,история та,correct,NOUN,Definite=Def|Gender=Fem|Number=Sing
именитости,именитост,и,именитост и,именитост и,correct,NOUN,Definite=Ind|Gender=Fem|Number=Plur
финансова,финансов,а,финансов а,финансова,adj_gender,ADJ,Definite=Ind|Degree=Pos|Gender=Fem|Number=Sing
господине,господин,е,господин е,господине,skipped_single_token,NOUN,Gender=Masc|Number=Sing
актьори,актьор,и,актьор и,актьор и,correct,NOUN,Definite=Ind|Gender=Masc|Number=Plur
бързите,бърз,ите,бърз ите,бърз ите,correct,ADJ,Definite=Def|Degree=Pos|Number=Plur
талантите,талант,ите,талант ите,талант ите,correct,NOUN,Definite=Def|Gender=Masc|Number=Plur
откъдето,от,където,от където,откъдето,skipped_single_token,ADV,PronType=Rel
способността,способност,та,способност та,способност та,correct,NOUN,Definite=Def|Gender=Fem|Number=Sing
поевтинеят,поевтинея,т,поевтинея т,поевтинея т,correct,VERB,Aspect=Perf|Mood=Ind|Number=Plur|Person=3|Tense=Pres|VerbForm=Fin|Voice=Act
секрети,секрет,и,секрет и,секрет и,correct,NOUN,Definite=Ind|Gender=Masc|Number=Plur
социологическия,социологически,я,социологически я,социологически я,correct,ADJ,Definite=Def|Degree=Pos|Gender=Masc|Number=Sing
кабинетът,кабинет,ът,кабинет ът,кабинет ът,correct,NOUN,Definite=Def|Gender=Masc|Number=Sing
магарето,магаре,то,магаре то,магаре то,correct,NOUN,Definite=Def|Gender=Neut|Number=Sing
руменото,румен,ото,румен ото,румено то,adj_def_boundary,ADJ,Definite=Def|Degree=Pos|Gender=Neut|Number=Sing
задържането,задържане,то,задържане то,задържане то,correct,NOUN,Definite=Def|Gender=Neut|Number=Sing
автосалони,автосалон,и,автосалон и,автосалон и,correct,NOUN,Definite=Ind|Gender=Masc|Number=Plur
луди,луд,и,луд и,луд и,correct,ADJ,Definite=Ind|Degree=Pos|Number=Plur
по-рано,по-,рано,по- рано,по- рано,correct,ADV,Degree=Cmp
съда,съд,а,съд а,съд а,correct,NOUN,Definite=Def|Gender=Masc|Number=Sing
пораснаха,порасна,ха,порасна ха,порасна ха,correct,VERB,Aspect=Perf|Mood=Ind|Number=Plur|Person=3|Tense=Past|VerbForm=Fin|Voice=Act
месеци,месец,и,месец и,месец и,correct,NOUN,Definite=Ind|Gender=Masc|Number=Plur
структурата,структура,та,структура та,структура та,correct,NOUN,Definite=Def|Gender=Fem|Number=Sing
пламнаха,пламна,ха,пламна ха,пламна ха,correct,VERB,Aspect=Perf|Mood=Ind|Number=Plur|Person=3|Tense=Past|VerbForm=Fin|Voice=Act
полетът,полет,ът,полет ът,полет ът,correct,NOUN,Definite=Def|Gender=Masc|Number=Sing
телеграмата,телеграма,та,телеграма та,телеграма та,correct,NOUN,Definite=Def|Gender=Fem|Number=Sing
прасета,прасе,та,прасе та,прасе та,correct,NOUN,Definite=Ind|Gender=Neut|Number=Plur
инженерът,инженер,ът,инженер ът,инженер ът,correct,NOUN,Definite=Def|Gender=Masc|Number=Sing
мързелива,мързелив,а,мързелив а,мързелива,adj_gender,ADJ,Definite=Ind|Degree=Pos|Gender=Fem|Number=Sing
докторите,доктор,ите,доктор ите,доктор ите,correct,NOUN,Definite=Def|Gender=Masc|Number=Plur
нарушителите,нарушител,ите,нарушител ите,нарушител ите,correct,NOUN,Definite=Def|Gender=Masc|Number=Plur
девствената,девствен,ата,девствен ата,девствена та,adj_def_boundary,ADJ,Definite=Def|Degree=Pos|Gender=Fem|Number=Sing
агнета,агне,та,агне та,агне та,correct,NOUN,Definite=Ind|Gender=Neut|Number=Plur
по-силно,по-,силно,по- силно,по- силно,correct,ADV,Degree=Cmp
земеделието,земеделие,то,земеделие то,земеделие то,correct,NOUN,Definite=Def|Gender=Neut|Number=Sing
ненаказани,ненаказан,и,ненаказан и,ненаказан и,correct,ADJ,Definite=Ind|Degree=Pos|Number=Plur
започнат,започна,т,започна т,започна т,correct,VERB,Aspect=Perf|Mood=Ind|Number=Plur|Person=3|Tense=Pres|VerbForm=Fin|Voice=Act
завеждането,завеждане,то,завеждане то,завеждане то,correct,NOUN,Definite=Def|Gender=Neut|Number=Sing
епохата,епоха,та,епоха та,епоха та,correct,NOUN,Definite=Def|Gender=Fem|Number=Sing
победителката,победителка,та,победителка та,победителка та,correct,NOUN,Definite=Def|Gender=Fem|Number=Sing
изхода,изход,а,изход а,изход а,correct,NOUN,Definite=Def|Gender=Masc|Number=Sing
духа,дух,а,дух а,духа,skipped_single_token,VERB,Aspect=Imp|Mood=Ind|Number=Sing|Person=3|Tense=Pres|VerbForm=Fin|Voice=Act
инициаторите,инициатор,ите,инициатор ите,инициатор ите,correct,NOUN,Definite=Def|Gender=Masc|Number=Plur
човешките,човешки,те,човешки те,човешк ите,adj_def_boundary,ADJ,Definite=Def|Degree=Pos|Number=Plur
врачанския,врачански,я,врачански я,врачански я,correct,ADJ,Definite=Def|Degree=Pos|Gender=Masc|Number=Sing
вурстчета,вурстче,та,вурстче та,вурстче та,correct,NOUN,Definite=Ind|Gender=Neut|Number=Plur
щатските,щатски,те,щатски те,щатск ите,adj_def_boundary,ADJ,Definite=Def|Degree=Pos|Number=Plur
внучета,внуче,та,внуче та,внуче та,correct,NOUN,Definite=Ind|Gender=Neut|Number=Plur
отечеството,отечество,то,отечество то,отечество то,correct,NOUN,Definite=Def|Gender=Neut|Number=Sing
личността,личност,та,личност та,личност та,correct,NOUN,Definite=Def|Gender=Fem|Number=Sing
непоставянето,непоставяне,то,непоставяне то,непоставяне то,correct,NOUN,Definite=Def|Gender=Neut|Number=Sing
франка,франк,а,франк а,франк а,correct,NOUN,Definite=Def|Gender=Masc|Number=Sing
семинари,семинар,и,семинар и,семинар и,correct,NOUN,Definite=Ind|Gender=Masc|Number=Plur
фабриката,фабрика,та,фабрика та,фабрика та,correct,NOUN,Definite=Def|Gender=Fem|Number=Sing
мъжествени,мъжествен,и,мъжествен и,мъжествен и,correct,ADJ,Definite=Ind|Degree=Pos|Number=Plur
очакваме,очаквам,е,очаквам е,очаква ме,plu1person_boundary,VERB,Aspect=Imp|Mood=Ind|Number=Plur|Person=1|Tense=Pres|VerbForm=Fin|Voice=Act
вертолети,вертолет,и,вертолет и,вертолет и,correct,NOUN,Definite=Ind|Gender=Masc|Number=Plur
нагласата,нагласа,та,нагласа та,нагласа та,correct,NOUN,Definite=Def|Gender=Fem|Number=Sing
хвойнови,хвойнов,и,хвойнов и,хвойнов и,correct,ADJ,Definite=Ind|Degree=Pos|Number=Plur
по-обективен,по-,обективен,по- обективен,по- обективен,correct,ADJ,Definite=Ind|Degree=Pos|Gender=Masc|Number=Sing
грубото,груб,ото,груб ото,грубо то,adj_def_boundary,ADJ,Definite=Def|Degree=Pos|Gender=Neut|Number=Sing
задоволството,задоволство,то,задоволство то,задоволство то,correct,NOUN,Definite=Def|Gender=Neut|Number=Sing
олиото,олио,то,олио то,олио то,correct,NOUN,Definite=Def|Gender=Neut|Number=Sing
варненските,варненски,те,варненски те,варненск ите,adj_def_boundary,ADJ,Definite=Def|Degree=Pos|Number=Plur
силуети,силует,и,силует и,силует и,correct,NOUN,Definite=Ind|Gender=Masc|Number=Plur
важат,важа,т,важа т,важа т,correct,VERB,Aspect=Imp|Mood=Ind|Number=Plur|Person=3|Tense=Pres|VerbForm=Fin|Voice=Act
останах,остана,х,остана х,остана х,correct,VERB,Aspect=Perf|Mood=Ind|Number=Sing|Person=1|Tense=Past|VerbForm=Fin|Voice=Act
органи,орган,и,орган и,орган и,correct,NOUN,Definite=Ind|Gender=Masc|Number=Plur
спирането,спиране,то,спиране то,спиране то,correct,NOUN,Definite=Def|Gender=Neut|Number=Sing
нашият,наш,ият,наш ият,наш ият,correct,DET,Definite=Def|Gender=Masc|Number=Sing|Person=1|Poss=Yes|PronType=Prs
войника,войник,а,войник а,войник а,correct,NOUN,Definite=Def|Gender=Masc|Number=Sing
хубави,хубав,и,хубав и,хубав и,correct,ADJ,Definite=Ind|Degree=Pos|Number=Plur
ъгловите,ъглов,ите,ъглов ите,ъглов ите,correct,ADJ,Definite=Def|Degree=Pos|Number=Plur
спречкването,спречкване,то,спречкване то,спречкване то,correct,NOUN,Definite=Def|Gender=Neut|Number=Sing
искреността,искреност,та,искреност та,искреност та,correct,NOUN,Definite=Def|Gender=Fem|Number=Sing
тримата,трима,та,трима та,трима та,correct,NUM,Definite=Def|Number=Plur|NumType=Card
талантливо,талантлив,о,талантлив о,талантливо,adj_gender,ADV,Degree=Pos
управителя,управител,я,управител я,управител я,correct,NOUN,Definite=Def|Gender=Masc|Number=Sing
твърдял,твърдя,л,твърдя л,твърдя л,correct,VERB,Aspect=Imp|Definite=Ind|Gender=Masc|Number=Sing|Tense=Past|VerbForm=Part|Voice=Act
необходимата,необходим,ата,необходим ата,необходима та,adj_def_boundary,ADJ,Definite=Def|Degree=Pos|Gender=Fem|Number=Sing
професорите,професор,ите,професор ите,професор ите,correct,NOUN,Definite=Def|Gender=Masc|Number=Plur
иска,иск,а,иск а,иска,skipped_single_token,VERB,Aspect=Imp|Mood=Ind|Number=Sing|Person=3|Tense=Pres|VerbForm=Fin|Voice=Act
прегледът,преглед,ът,преглед ът,преглед ът,correct,NOUN,Definite=Def|Gender=Masc|Number=Sing
територията,територия,та,територия та,територия та,correct,NOUN,Definite=Def|Gender=Fem|Number=Sing
валежи,валеж,и,валеж и,валеж и,correct,NOUN,Definite=Ind|Gender=Masc|Number=Plur
торбата,торба,та,торба та,торба та,correct,NOUN,Definite=Def|Gender=Fem|Number=Sing
полето,поле,то,поле то,поле то,correct,NOUN,Definite=Def|Gender=Neut|Number=Sing
прехода,преход,а,преход а,преход а,correct,NOUN,Definite=Def|Gender=Masc|Number=Sing
започнало,започна,ло,започна ло,започна ло,correct,VERB,Aspect=Perf|Definite=Ind|Gender=Neut|Number=Sing|Tense=Past|VerbForm=Part|Voice=Act
враждебностите,враждебност,ите,враждебност ите,враждебност ите,correct,NOUN,Definite=Def|Gender=Fem|Number=Plur
вносители,вносител,и,вносител и,вносител и,correct,NOUN,Definite=Ind|Gender=Masc|Number=Plur
фалша,фалш,а,фалш а,фалш а,correct,NOUN,Definite=Def|Gender=Masc|Number=Sing
маршове,марш,ове,марш ове,марш ове,correct,NOUN,Definite=Ind|Gender=Masc|Number=Plur
проблемът,проблем,ът,проблем ът,проблем ът,correct,NOUN,Definite=Def|Gender=Masc|Number=Sing
говорителката,говорителка,та,говорителка та,говорителка та,correct,NOUN,Definite=Def|Gender=Fem|Number=Sing
стигнахме,стигна,хме,стигна хме,стигна хме,correct,VERB,Aspect=Perf|Mood=Ind|Number=Plur|Person=1|Tense=Past|VerbForm=Fin|Voice=Act
обикновените,обикновен,ите,обикновен ите,обикновен ите,correct,ADJ,Definite=Def|Degree=Pos|Number=Plur
планината,планина,та,планина та,планина та,correct,NOUN,Definite=Def|Gender=Fem|Number=Sing
ценности,ценност,и,ценност и,ценност и,correct,NOUN,Definite=Ind|Gender=Fem|Number=Plur
работодателите,работодател,ите,работодател ите,работодател ите,correct,NOUN,Definite=Def|Gender=Masc|Number=Plur
дистанцирането,дистанциране,то,дистанциране то,дистанциране то,correct,NOUN,Definite=Def|Gender=Neut|Number=Sing
френският,френски,ят,френски ят,френски ят,correct,ADJ,Definite=Def|Degree=Pos|Gender=Masc|Number=Sing
конкурси,конкурс,и,конкурс и,конкурс и,correct,NOUN,Definite=Ind|Gender=Masc|Number=Plur
нервите,нерви,те,нерви те,нерви те,correct,NOUN,Definite=Def|Number=Ptan
приоритета,приоритет,а,приоритет а,приоритет а,correct,NOUN,Definite=Def|Gender=Masc|Number=Sing
коша,кош,а,кош а,кош а,correct,NOUN,Definite=Def|Gender=Masc|Number=Sing
поводи,повод,и,повод и,повод и,correct,NOUN,Definite=Ind|Gender=Masc|Number=Plur
изминал,измина,л,измина л,измина л,correct,VERB,Aspect=Perf|Definite=Ind|Gender=Masc|Number=Sing|Tense=Past|VerbForm=Part|Voice=Act
публикуването,публикуване,то,публикуване то,публикуване то,correct,NOUN,Definite=Def|Gender=Neut|Number=Sing
бившите,бивш,ите,бивш ите,бивш ите,correct,ADJ,Definite=Def|Degree=Pos|Number=Plur
уточнят,уточня,т,уточня т,уточня т,correct,VERB,Aspect=Perf|Mood=Ind|Number=Plur|Person=3|Tense=Pres|VerbForm=Fin|Voice=Act
пресичането,пресичане,то,пресичане то,пресичане то,correct,NOUN,Definite=Def|Gender=Neut|Number=Sing
оттеглянето,оттегляне,то,оттегляне то,оттегляне то,correct,NOUN,Definite=Def|Gender=Neut|Number=Sing
рока,рок,а,рок а,рок а,correct,NOUN,Definite=Def|Gender=Masc|Number=Sing
пушачи,пушач,и,пушач и,пушач и,correct,NOUN,Definite=Ind|Gender=Masc|Number=Plur
кълбото,кълбо,то,кълбо то,кълбо то,correct,NOUN,Definite=Def|Gender=Neut|Number=Sing
акълът,акъл,ът,акъл ът,акъл ът,correct,NOUN,Definite=Def|Gender=Masc|Number=Sing
вярваме,вярвам,е,вярвам е,вярва ме,plu1person_boundary,VERB,Aspect=Imp|Mood=Ind|Number=Plur|Person=1|Tense=Pres|VerbForm=Fin|Voice=Act
езерото,езеро,то,езеро то,езеро то,correct,NOUN,Definite=Def|Gender=Neut|Number=Sing
волана,волан,а,волан а,волан а,correct,NOUN,Definite=Def|Gender=Masc|Number=Sing
градове,град,ове,град ове,град ове,correct,NOUN,Definite=Ind|Gender=Masc|Number=Plur
конференцията,конференция,та,конференция та,конференция та,correct,NOUN,Definite=Def|Gender=Fem|Number=Sing
тревожността,тревожност,та,тревожност та,тревожност та,correct,NOUN,Definite=Def|Gender=Fem|Number=Sing
потомството,потомство,то,потомство то,потомство то,correct,NOUN,Definite=Def|Gender=Neut|Number=Sing
съставът,състав,ът,състав ът,състав ът,correct,NOUN,Definite=Def|Gender=Masc|Number=Sing
собствеността,собственост,та,собственост та,собственост та,correct,NOUN,Definite=Def|Gender=Fem|Number=Sing
комбинирането,комбиниране,то,комбиниране то,комбиниране то,correct,NOUN,Definite=Def|Gender=Neut|Number=Sing
клиентката,клиентка,та,клиентка та,клиентка та,correct,NOUN,Definite=Def|Gender=Fem|Number=Sing
резервоари,резервоар,и,резервоар и,резервоар и,correct,NOUN,Definite=Ind|Gender=Masc|Number=Plur
рисковете,риск,овете,риск овете,риск овете,correct,NOUN,Definite=Def|Gender=Masc|Number=Plur
гербът,герб,ът,герб ът,герб ът,correct,NOUN,Definite=Def|Gender=Masc|Number=Sing
провали,провал,и,провал и,провали,skipped_single_token,VERB,Aspect=Perf|Mood=Ind|Number=Sing|Person=3|Tense=Past|VerbForm=Fin|Voice=Act
горивото,гориво,то,гориво то,гориво то,correct,NOUN,Definite=Def|Gender=Neut|Number=Sing
допуснаха,допусна,ха,допусна ха,допусна ха,correct,VERB,Aspect=Perf|Mood=Ind|Number=Plur|Person=3|Tense=Past|VerbForm=Fin|Voice=Act
разминаването,разминаване,то,разминаване то,разминаване то,correct,NOUN,Definite=Def|Gender=Neut|Number=Sing
бягството,бягство,то,бягство то,бягство то,correct,NOUN,Definite=Def|Gender=Neut|Number=Sing
парижкия,парижки,я,парижки я,парижки я,correct,ADJ,Definite=Def|Degree=Pos|Gender=Masc|Number=Sing
единствения,единствен,ия,единствен ия,единствен ия,correct,ADJ,Definite=Def|Degree=Pos|Gender=Masc|Number=Sing
визитата,визита,та,визита та,визита та,correct,NOUN,Definite=Def|Gender=Fem|Number=Sing
одобряваме,одобрявам,е,одобрявам е,одобрява ме,plu1person_boundary,VERB,Aspect=Imp|Mood=Ind|Number=Plur|Person=1|Tense=Pres|VerbForm=Fin|Voice=Act
ума,ум,а,ум а,ум а,correct,NOUN,Definite=Def|Gender=Masc|Number=Sing
вагината,вагина,та,вагина та,вагина та,correct,NOUN,Definite=Def|Gender=Fem|Number=Sing
ревюто,ревю,то,ревю то,ревю то,correct,NOUN,Definite=Def|Gender=Neut|Number=Sing
регулатори,регулатор,и,регулатор и,регулатор и,correct,NOUN,Definite=Ind|Gender=Masc|Number=Plur
ризата,риза,та,риза та,риза та,correct,NOUN,Definite=Def|Gender=Fem|Number=Sing
бутнат,бутна,т,бутна т,бутна т,correct,VERB,Aspect=Perf|Mood=Ind|Number=Plur|Person=3|Tense=Pres|VerbForm=Fin|Voice=Act
бебета,бебе,та,бебе та,бебе та,correct,NOUN,Definite=Ind|Gender=Neut|Number=Plur
проектите,проект,ите,проект ите,проект ите,correct,NOUN,Definite=Def|Gender=Masc|Number=Plur
пустинята,пустиня,та,пустиня та,пустиня та,correct,NOUN,Definite=Def|Gender=Fem|Number=Sing
шишето,шише,то,шише то,шише то,correct,NOUN,Definite=Def|Gender=Neut|Number=Sing
разсекретяването,разсекретяване,то,разсекретяване то,разсекретяване то,correct,NOUN,Definite=Def|Gender=Neut|Number=Sing
президентските,президентски,те,президентски те,президентск ите,adj_def_boundary,ADJ,Definite=Def|Degree=Pos|Number=Plur
дузината,дузина,та,дузина та,дузина та,correct,NOUN,Definite=Def|Gender=Fem|Number=Sing
ледът,лед,ът,лед ът,лед ът,correct,NOUN,Definite=Def|Gender=Masc|Number=Sing
зрители,зрител,и,зрител и,зрител и,correct,NOUN,Definite=Ind|Gender=Masc|Number=Plur
хотели,хотел,и,хотел и,хотел и,correct,NOUN,Definite=Ind|Gender=Masc|Number=Plur
свикналите,свикна,лите,свикна лите,свикнали те,adj_def_boundary,ADJ,Aspect=Perf|Definite=Def|Degree=Pos|Number=Plur|Tense=Past|VerbForm=Part|Voice=Act
комплекса,комплекс,а,комплекс а,комплекс а,correct,NOUN,Definite=Def|Gender=Masc|Number=Sing
цяло,цял,о,цял о,цяло,adj_gender,ADV,Degree=Pos
патрони,патрон,и,патрон и,патрон и,correct,NOUN,Definite=Ind|Gender=Masc|Number=Plur
грабежи,грабеж,и,грабеж и,грабеж и,correct,NOUN,Definite=Ind|Gender=Masc|Number=Plur
босоного,босоног,о,босоног о,босоного,skipped_single_token,NOUN,Definite=Ind|Gender=Masc|Number=Sing
изброят,изброя,т,изброя т,изброя т,correct,VERB,Aspect=Perf|Mood=Ind|Number=Plur|Person=3|Tense=Pres|VerbForm=Fin|Voice=Act
идентифицирането,идентифициране,то,идентифициране то,идентифициране то,correct,NOUN,Definite=Def|Gender=Neut|Number=Sing
подходящият,подходящ,ият,подходящ ият,подходящ ият,correct,ADJ,Definite=Def|Degree=Pos|Gender=Masc|Number=Sing
леглото,легло,то,легло то,легло то,correct,NOUN,Definite=Def|Gender=Neut|Number=Sing
бодигардът,бодигард,ът,бодигард ът,бодигард ът,correct,NOUN,Definite=Def|Gender=Masc|Number=Sing
свирепа,свиреп,а,свиреп а,свирепа,adj_gender,ADJ,Definite=Ind|Degree=Pos|Gender=Fem|Number=Sing
акцията,акция,та,акция та,акция та,correct,NOUN,Definite=Def|Gender=Fem|Number=Sing
слабо,слаб,о,слаб о,слабо,adj_gender,ADV,Degree=Pos
бонбони,бонбон,и,бонбон и,бонбон и,correct,NOUN,Definite=Ind|Gender=Masc|Number=Plur
същия,същ,ия,същ ия,същ ия,correct,ADJ,Definite=Def|Degree=Pos|Gender=Masc|Number=Sing
мярката,мярка,та,мярка та,мярка та,correct,NOUN,Definite=Def|Gender=Fem|Number=Sing
най-самотен,най-,самотен,най- самотен,най- самотен,correct,ADJ,Definite=Ind|Degree=Pos|Gender=Masc|Number=Sing
локуми,локум,и,локум и,локум и,correct,NOUN,Definite=Ind|Gender=Masc|Number=Plur
британския,британски,я,британски я,британски я,correct,ADJ,Definite=Def|Degree=Pos|Gender=Masc|Number=Sing
попаднат,попадна,т,попадна т,попадна т,correct,VERB,Aspect=Perf|Mood=Ind|Number=Plur|Person=3|Tense=Pres|VerbForm=Fin|Voice=Act
отминалите,отмина,лите,отмина лите,отминали те,adj_def_boundary,ADJ,Aspect=Perf|Definite=Def|Degree=Pos|Number=Plur|Tense=Past|VerbForm=Part|Voice=Act
изходът,изход,ът,изход ът,изход ът,correct,NOUN,Definite=Def|Gender=Masc|Number=Sing
етноси,етнос,и,етнос и,етнос и,correct,NOUN,Definite=Ind|Gender=Masc|Number=Plur
кандидат-президента,кандидат-президент,а,кандидат-президент а,кандидат-президен та,wrong,NOUN,Definite=Def|Gender=Masc|Number=Sing
изминалия,измина,лия,измина лия,изминал ия,adj_def_boundary,ADJ,Aspect=Perf|Definite=Def|Degree=Pos|Gender=Masc|Number=Sing|Tense=Past|VerbForm=Part|Voice=Act
европейските,европейски,те,европейски те,европейск ите,adj_def_boundary,ADJ,Definite=Def|Degree=Pos|Number=Plur
нафтата,нафта,та,нафта та,нафта та,correct,NOUN,Definite=Def|Gender=Fem|Number=Sing
имоти,имот,и,имот и,имот и,correct,NOUN,Definite=Ind|Gender=Masc|Number=Plur
политизирането,политизиране,то,политизиране то,политизиране то,correct,NOUN,Definite=Def|Gender=Neut|Number=Sing
почивката,почивка,та,почивка та,почивка та,correct,NOUN,Definite=Def|Gender=Fem|Number=Sing
частите,част,ите,част ите,част ите,correct,NOUN,Definite=Def|Gender=Fem|Number=Plur
доклада,доклад,а,доклад а,доклад а,correct,NOUN,Definite=Def|Gender=Masc|Number=Sing
насилственият,насилствен,ият,насилствен ият,насилствен ият,correct,ADJ,Definite=Def|Degree=Pos|Gender=Masc|Number=Sing
футболисти,футболист,и,футболист и,футболист и,correct,NOUN,Definite=Ind|Gender=Masc|Number=Plur
фиксирането,фиксиране,то,фиксиране то,фиксиране то,correct,NOUN,Definite=Def|Gender=Neut|Number=Sing
векове,век,ове,век ове,век ове,correct,NOUN,Definite=Ind|Gender=Masc|Number=Plur
високото,висок,ото,висок ото,високо то,adj_def_boundary,ADJ,Definite=Def|Degree=Pos|Gender=Neut|Number=Sing
кривите,крив,ите,крив ите,крив ите,correct,ADJ,Definite=Def|Degree=Pos|Number=Plur
най-висок,най-,висок,най- висок,най- висок,correct,ADJ,Definite=Ind|Degree=Pos|Gender=Masc|Number=Sing
масови,масов,и,масов и,масов и,correct,ADJ,Definite=Ind|Degree=Pos|Number=Plur
съществото,същество,то,същество то,същество то,correct,NOUN,Definite=Def|Gender=Neut|Number=Sing
кавъри,кавър,и,кавър и,кавър и,correct,NOUN,Definite=Ind|Gender=Masc|Number=Plur
таланти,талант,и,талант и,талант и,correct,NOUN,Definite=Ind|Gender=Masc|Number=Plur
рентгена,рентген,а,рентген а,рентген а,correct,NOUN,Definite=Def|Gender=Masc|Number=Sing
изчезнат,изчезна,т,изчезна т,изчезна т,correct,VERB,Aspect=Perf|Mood=Ind|Number=Plur|Person=3|Tense=Pres|VerbForm=Fin|Voice=Act
бързи,бърз,и,бърз и,бърз и,correct,ADJ,Definite=Ind|Degree=Pos|Number=Plur
области,област,и,област и,област и,correct,NOUN,Definite=Ind|Gender=Fem|Number=Plur
добродетели,добродетел,и,добродетел и,добродетел и,correct,NOUN,Definite=Ind|Gender=Fem|Number=Plur
изрязването,изрязване,то,изрязване то,изрязване то,correct,NOUN,Definite=Def|Gender=Neut|Number=Sing
загрижеността,загриженост,та,загриженост та,загриженост та,correct,NOUN,Definite=Def|Gender=Fem|Number=Sing
атентаторите,атентатор,ите,атентатор ите,атентатор ите,correct,NOUN,Definite=Def|Gender=Masc|Number=Plur
магазините,магазин,ите,магазин ите,магазин ите,correct,NOUN,Definite=Def|Gender=Masc|Number=Plur
визовите,визов,ите,визов ите,визов ите,correct,ADJ,Definite=Def|Degree=Pos|Number=Plur
гръмната,гръмна,та,гръмна та,гръмна та,correct,NOUN,Definite=Def|Gender=Fem|Number=Sing
остроумничат,остроумнича,т,остроумнича т,остроумнича т,correct,VERB,Aspect=Imp|Mood=Ind|Number=Plur|Person=3|Tense=Pres|VerbForm=Fin|Voice=Act
светския,светски,я,светски я,светски я,correct,ADJ,Definite=Def|Degree=Pos|Gender=Masc|Number=Sing
израелския,израелски,я,израелски я,израелски я,correct,ADJ,Definite=Def|Degree=Pos|Gender=Masc|Number=Sing
процента,процент,а,процент а,процент а,correct,NOUN,Definite=Def|Gender=Masc|Number=Sing
детските,детски,те,детски те,детск ите,adj_def_boundary,ADJ,Definite=Def|Degree=Pos|Number=Plur
обемът,обем,ът,обем ът,обем ът,correct,NOUN,Definite=Def|Gender=Masc|Number=Sing
изкуството,изкуство,то,изкуство то,изкуство то,correct,NOUN,Definite=Def|Gender=Neut|Number=Sing
предлагаме,предлагам,е,предлагам е,предлага ме,plu1person_boundary,VERB,Aspect=Imp|Mood=Ind|Number=Plur|Person=1|Tense=Pres|VerbForm=Fin|Voice=Act
въпросите,въпрос,ите,въпрос ите,въпрос ите,correct,NOUN,Definite=Def|Gender=Masc|Number=Plur
полетите,полет,ите,полет ите,полет ите,correct,NOUN,Definite=Def|Gender=Masc|Number=Plur
по-дебел,по-,дебел,по- дебел,по- дебел,correct,ADJ,Definite=Ind|Degree=Pos|Gender=Masc|Number=Sing
грешката,грешка,та,грешка та,грешка та,correct,NOUN,Definite=Def|Gender=Fem|Number=Sing
играчите,играч,ите,играч ите,играч ите,correct,NOUN,Definite=Def|Gender=Masc|Number=Plur
цигарената,цигарен,ата,цигарен ата,цигарена та,adj_def_boundary,ADJ,Definite=Def|Degree=Pos|Gender=Fem|Number=Sing
тестът,тест,ът,тест ът,тест ът,correct,NOUN,Definite=Def|Gender=Masc|Number=Sing
чуждите,чужд,ите,чужд ите,чужд ите,correct,ADJ,Definite=Def|Degree=Pos|Number=Plur
подсъдимият,подсъдим,ият,подсъдим ият,подсъдим ият,correct,NOUN,Definite=Def|Gender=Masc|Number=Sing
проблеми,проблем,и,проблем и,проблем и,correct,NOUN,Definite=Ind|Gender=Masc|Number=Plur
общинския,общински,я,общински я,общински я,correct,ADJ,Definite=Def|Degree=Pos|Gender=Masc|Number=Sing
процесите,процес,ите,процес ите,процес ите,correct,NOUN,Definite=Def|Gender=Masc|Number=Plur
изобретателя,изобретател,я,изобретател я,изобретател я,correct,NOUN,Definite=Def|Gender=Masc|Number=Sing
събитието,събитие,то,събитие то,събитие то,correct,NOUN,Definite=Def|Gender=Neut|Number=Sing
времена,време,на,време на,времена,skipped_single_token,NOUN,Definite=Ind|Gender=Neut|Number=Plur
етикетите,етикет,ите,етикет ите,етикет ите,correct,NOUN,Definite=Def|Gender=Masc|Number=Plur
масова,масов,а,масов а,масова,adj_gender,ADJ,Definite=Ind|Degree=Pos|Gender=Fem|Number=Sing
статията,статия,та,статия та,статия та,correct,NOUN,Definite=Def|Gender=Fem|Number=Sing
треньори,треньор,и,треньор и,треньор и,correct,NOUN,Definite=Ind|Gender=Masc|Number=Plur
талантливите,талантлив,ите,талантлив ите,талантлив ите,correct,ADJ,Definite=Def|Degree=Pos|Number=Plur
потребители,потребител,и,потребител и,потребител и,correct,NOUN,Definite=Ind|Gender=Masc|Number=Plur
снайперисти,снайперист,и,снайперист и,снайперист и,correct,NOUN,Definite=Ind|Gender=Masc|Number=Plur
плътта,плът,та,плът та,плът та,correct,NOUN,Definite=Def|Gender=Fem|Number=Sing
женствеността,женственост,та,женственост та,женственост та,correct,NOUN,Definite=Def|Gender=Fem|Number=Sing
хранилището,хранилище,то,хранилище то,хранилище то,correct,NOUN,Definite=Def|Gender=Neut|Number=Sing
екипи,екип,и,екип и,екип и,correct,NOUN,Definite=Ind|Gender=Masc|Number=Plur
общото,общ,ото,общ ото,общо то,adj_def_boundary,ADJ,Definite=Def|Degree=Pos|Gender=Neut|Number=Sing
началото,начало,то,начало то,начало то,correct,NOUN,Definite=Def|Gender=Neut|Number=Sing
комедията,комедия,та,комедия та,комедия та,correct,NOUN,Definite=Def|Gender=Fem|Number=Sing
замърсяването,замърсяване,то,замърсяване то,замърсяване то,correct,NOUN,Definite=Def|Gender=Neut|Number=Sing
уикендите,уикенд,ите,уикенд ите,уикенд ите,correct,NOUN,Definite=Def|Gender=Masc|Number=Plur
цикъла,цикъл,а,цикъл а,цикъл а,correct,NOUN,Definite=Def|Gender=Masc|Number=Sing
новия,нов,ия,нов ия,нов ия,correct,ADJ,Definite=Def|Degree=Pos|Gender=Masc|Number=Sing
месеците,месец,ите,месец ите,месец ите,correct,NOUN,Definite=Def|Gender=Masc|Number=Plur
мотивите,мотив,ите,мотив ите,мотив ите,correct,NOUN,Definite=Def|Gender=Masc|Number=Plur
женствена,женствен,а,женствен а,женствена,adj_gender,ADJ,Definite=Ind|Degree=Pos|Gender=Fem|Number=Sing
несъвместими,несъвместим,и,несъвместим и,несъвместим и,correct,ADJ,Definite=Ind|Degree=Pos|Number=Plur
челото,чело,то,чело то,чело то,correct,NOUN,Definite=Def|Gender=Neut|Number=Sing
кучето,куче,то,куче то,куче то,correct,NOUN,Definite=Def|Gender=Neut|Number=Sing
пусията,пусия,та,пусия та,пусия та,correct,NOUN,Definite=Def|Gender=Fem|Number=Sing
шампанското,шампанско,то,шампанско то,шампанско то,correct,NOUN,Definite=Def|Gender=Neut|Number=Sing
търговията,търговия,та,търговия та,търговия та,correct,NOUN,Definite=Def|Gender=Fem|Number=Sing
кастинга,кастинг,а,кастинг а,кастинг а,correct,NOUN,Definite=Def|Gender=Masc|Number=Sing
засмяно,засмян,о,засмян о,засмяно,adj_gender,ADV,Degree=Pos
по-често,по-,често,по- често,по- често,correct,ADV,Degree=Sup
тома,том,а,том а,том а,correct,NOUN,Definite=Def|Gender=Masc|Number=Sing
партера,партер,а,партер а,партер а,correct,NOUN,Definite=Def|Gender=Masc|Number=Sing
вярата,вяра,та,вяра та,вяра та,correct,NOUN,Definite=Def|Gender=Fem|Number=Sing
само,сам,о,сам о,само,adj_gender,ADV,Degree=Pos
присъща,присъщ,а,присъщ а,присъща,adj_gender,ADJ,Definite=Ind|Degree=Pos|Gender=Fem|Number=Sing
кредита,кредит,а,кредит а,кредит а,correct,NOUN,Definite=Def|Gender=Masc|Number=Sing
обществено,обществен,о,обществен о,обществено,adj_gender,ADJ,Definite=Ind|Degree=Pos|Gender=Neut|Number=Sing
активи,актив,и,актив и,актив и,correct,NOUN,Definite=Ind|Gender=Masc|Number=Plur
отварянето,отваряне,то,отваряне то,отваряне то,correct,NOUN,Definite=Def|Gender=Neut|Number=Sing
необмислените,необмислен,ите,необмислен ите,необмислен ите,correct,ADJ,Definite=Def|Degree=Pos|Number=Plur
бележника,бележник,а,бележник а,бележник а,correct,NOUN,Definite=Def|Gender=Masc|Number=Sing
задухата,задуха,та,задуха та,задуха та,correct,NOUN,Definite=Def|Gender=Fem|Number=Sing
изземването,изземване,то,изземване то,изземване то,correct,NOUN,Definite=Def|Gender=Neut|Number=Sing
дълбока,дълбок,а,дълбок а,дълбока,adj_gender,ADJ,Definite=Ind|Degree=Pos|Gender=Fem|Number=Sing
общности,общност,и,общност и,общност и,correct,NOUN,Definite=Ind|Gender=Fem|Number=Plur
бъдещият,бъдещ,ият,бъдещ ият,бъдещ ият,correct,ADJ,Definite=Def|Degree=Pos|Gender=Masc|Number=Sing
подсилят,подсиля,т,подсиля т,подсиля т,correct,VERB,Aspect=Perf|Mood=Ind|Number=Plur|Person=3|Tense=Pres|VerbForm=Fin|Voice=Act
ставало,става,ло,става ло,става ло,correct,VERB,Aspect=Imp|Definite=Ind|Gender=Neut|Number=Sing|Tense=Past|VerbForm=Part|Voice=Act
полегнал,полегна,л,полегна л,полегна л,correct,VERB,Aspect=Perf|Definite=Ind|Gender=Masc|Number=Sing|Tense=Past|VerbForm=Part|Voice=Act
банкови,банков,и,банков и,банков и,correct,ADJ,Definite=Ind|Degree=Pos|Number=Plur
съчинението,съчинение,то,съчинение то,съчинение то,correct,NOUN,Definite=Def|Gender=Neut|Number=Sing
свалят,сваля,т,сваля т,сваля т,correct,VERB,Aspect=Imp|Mood=Ind|Number=Plur|Person=3|Tense=Pres|VerbForm=Fin|Voice=Act
издъхнал,издъхна,л,издъхна л,издъхна л,correct,VERB,Aspect=Perf|Definite=Ind|Gender=Masc|Number=Sing|Tense=Past|VerbForm=Part|Voice=Act
поемат,поема,т,поема т,поема т,correct,VERB,Aspect=Imp|Mood=Ind|Number=Plur|Person=3|Tense=Pres|VerbForm=Fin|Voice=Act
туристи,турист,и,турист и,турист и,correct,NOUN,Definite=Ind|Gender=Masc|Number=Plur
отвсякъде,от,всякъде,от всякъде,отвсякъде,skipped_single_token,ADV,PronType=Tot
люкът,люк,ът,люк ът,люк ът,correct,NOUN,Definite=Def|Gender=Masc|Number=Sing
качамачената,качамачен,ата,качамачен ата,качамачена та,adj_def_boundary,ADJ,Aspect=Perf|Definite=Def|Degree=Pos|Gender=Fem|Number=Sing|VerbForm=Part|Voice=Pass
отборът,отбор,ът,отбор ът,отбор ът,correct,NOUN,Definite=Def|Gender=Masc|Number=Sing
познаването,познаване,то,познаване то,познаване то,correct,NOUN,Definite=Def|Gender=Neut|Number=Sing
словашкия,словашки,я,словашки я,словашки я,correct,ADJ,Definite=Def|Degree=Pos|Gender=Masc|Number=Sing
сесията,сесия,та,сесия та,сесия та,correct,NOUN,Definite=Def|Gender=Fem|Number=Sing
ромския,ромски,я,ромски я,ромски я,correct,ADJ,Definite=Def|Degree=Pos|Gender=Masc|Number=Sing
кортежи,кортеж,и,кортеж и,кортеж и,correct,NOUN,Definite=Ind|Gender=Masc|Number=Plur
бизнесът,бизнес,ът,бизнес ът,бизнес ът,correct,NOUN,Definite=Def|Gender=Masc|Number=Sing
природата,природа,та,природа та,природа та,correct,NOUN,Definite=Def|Gender=Fem|Number=Sing
предоставят,предоставя,т,предоставя т,предостав ят,wrong,VERB,Aspect=Imp|Mood=Ind|Number=Plur|Person=3|Tense=Pres|VerbForm=Fin|Voice=Act
материала,материал,а,материал а,материал а,correct,NOUN,Definite=Def|Gender=Masc|Number=Sing
мириса,мирис,а,мирис а,мирис а,correct,NOUN,Definite=Def|Gender=Masc|Number=Sing
борда,борд,а,борд а,борд а,correct,NOUN,Definite=Def|Gender=Masc|Number=Sing
управителят,управител,ят,управител ят,управител ят,correct,NOUN,Definite=Def|Gender=Masc|Number=Sing
госпожата,госпожа,та,госпожа та,госпожа та,correct,NOUN,Definite=Def|Gender=Fem|Number=Sing
начините,начин,ите,начин ите,начин ите,correct,NOUN,Definite=Def|Gender=Masc|Number=Plur
непознатия,непознат,ия,непознат ия,непознат ия,correct,ADJ,Definite=Def|Degree=Pos|Gender=Masc|Number=Sing
растежа,растеж,а,растеж а,растеж а,correct,NOUN,Definite=Def|Gender=Masc|Number=Sing
курсове,курс,ове,курс ове,курс ове,correct,NOUN,Definite=Ind|Gender=Masc|Number=Plur
стандарти,стандарт,и,стандарт и,стандарт и,correct,NOUN,Definite=Ind|Gender=Masc|Number=Plur
трябвало,трябва,ло,трябва ло,трябва ло,correct,VERB,Aspect=Imp|Definite=Ind|Gender=Neut|Number=Sing|Tense=Past|VerbForm=Part|Voice=Act
резерватите,резерват,ите,резерват ите,резерват ите,correct,NOUN,Definite=Def|Gender=Masc|Number=Plur
неизяснена,неизяснен,а,неизяснен а,неизяснена,adj_gender,ADJ,Definite=Ind|Degree=Pos|Gender=Fem|Number=Sing
сферата,сфера,та,сфера та,сфера та,correct,NOUN,Definite=Def|Gender=Fem|Number=Sing
произведението,произведение,то,произведение то,произведение то,correct,NOUN,Definite=Def|Gender=Neut|Number=Sing
следенето,следене,то,следене то,следене то,correct,NOUN,Definite=Def|Gender=Neut|Number=Sing
положението,положение,то,положение то,положение то,correct,NOUN,Definite=Def|Gender=Neut|Number=Sing
водопада,водопад,а,водопад а,водопад а,correct,NOUN,Definite=Def|Gender=Masc|Number=Sing
небивали,небивал,и,небивал и,небива ли,wrong,VERB,Aspect=Imp|Definite=Ind|Number=Plur|Tense=Past|VerbForm=Part|Voice=Act
аванпостове,аванпост,ове,аванпост ове,аванпостове,skipped_single_token,NOUN,Definite=Ind|Gender=Masc|Number=Sing
смълчаната,смълчан,ата,смълчан ата,смълчана та,adj_def_boundary,ADJ,Definite=Def|Degree=Pos|Gender=Fem|Number=Sing
предизвикателството,предизвикателство,то,предизвикателство то,предизвикателство то,correct,NOUN,Definite=Def|Gender=Neut|Number=Sing
босовете,бос,овете,бос овете,бос овете,correct,NOUN,Definite=Def|Gender=Masc|Number=Plur
вицепрезидентът,вицепрезидент,ът,вицепрезидент ът,вицепрезидент ът,correct,NOUN,Definite=Def|Gender=Masc|Number=Sing
портата,порта,та,порта та,порта та,correct,NOUN,Definite=Def|Gender=Fem|Number=Sing
униформени,униформен,и,униформен и,униформен и,correct,ADJ,Definite=Ind|Degree=Pos|Number=Plur
писателя,писател,я,писател я,писател я,correct,NOUN,Definite=Def|Gender=Masc|Number=Sing
инвеститорите,инвеститор,ите,инвеститор ите,инвеститор ите,correct,NOUN,Definite=Def|Gender=Masc|Number=Plur
озаптят,озаптя,т,озаптя т,озаптя т,correct,VERB,Aspect=Perf|Mood=Ind|Number=Plur|Person=3|Tense=Pres|VerbForm=Fin|Voice=Act
най-често,най-,често,най- често,най- често,correct,ADV,Degree=Sup
президентството,президентство,то,президентство то,президентство то,correct,NOUN,Definite=Def|Gender=Neut|Number=Sing
сарафите,сараф,ите,сараф ите,сараф ите,correct,NOUN,Definite=Def|Gender=Masc|Number=Plur
обикновеният,обикновен,ият,обикновен ият,обикновен ият,correct,ADJ,Definite=Def|Degree=Pos|Gender=Masc|Number=Sing
скъпа,скъп,а,скъп а,скъпа,adj_gender,ADJ,Definite=Ind|Degree=Pos|Gender=Fem|Number=Sing
веригата,верига,та,верига та,верига та,correct,NOUN,Definite=Def|Gender=Fem|Number=Sing
фенера,фенер,а,фенер а,фенер а,correct,NOUN,Definite=Def|Gender=Masc|Number=Sing
култове,култ,ове,култ ове,култ ове,correct,NOUN,Definite=Ind|Gender=Masc|Number=Plur
най-вероятно,най-,вероятно,най- вероятно,най- вероятно,correct,ADV,Degree=Pos
искаме,искам,е,искам е,иска ме,plu1person_boundary,VERB,Aspect=Imp|Mood=Ind|Number=Plur|Person=1|Tense=Pres|VerbForm=Fin|Voice=Act
университетите,университет,ите,университет ите,университет ите,correct,NOUN,Definite=Def|Gender=Masc|Number=Plur
офицера,офицер,а,офицер а,офицер а,correct,NOUN,Definite=Def|Gender=Masc|Number=Sing
тържествена,тържествен,а,тържествен а,тържествена,adj_gender,ADJ,Definite=Ind|Degree=Pos|Gender=Fem|Number=Sing
обекти,обект,и,обект и,обект и,correct,NOUN,Definite=Ind|Gender=Masc|Number=Plur
панталона,панталон,а,панталон а,панталон а,correct,NOUN,Definite=Def|Gender=Masc|Number=Sing
зреят,зрея,т,зрея т,зрея т,correct,VERB,Aspect=Imp|Mood=Ind|Number=Plur|Person=3|Tense=Pres|VerbForm=Fin|Voice=Act
дрипавата,дрипав,ата,дрипав ата,дрипав ата,correct,NOUN,Definite=Def|Gender=Fem|Number=Sing
консула,консул,а,консул а,консул а,correct,NOUN,Definite=Def|Gender=Masc|Number=Sing
фантаста,фантаст,а,фантаст а,фантаст а,correct,NOUN,Definite=Def|Gender=Masc|Number=Sing
достижима,достижим,а,достижим а,достижима,adj_gender,ADJ,Definite=Ind|Degree=Pos|Gender=Fem|Number=Sing
приватизатори,приватизатор,и,приватизатор и,приватизатор и,correct,NOUN,Definite=Ind|Gender=Masc|Number=Plur
горницата,горница,та,горница та,горница та,correct,NOUN,Definite=Def|Gender=Fem|Number=Sing
богословите,богослов,ите,богослов ите,богослов ите,correct,NOUN,Definite=Def|Gender=Masc|Number=Plur
останала,остана,ла,остана ла,остана ла,correct,VERB,Aspect=Perf|Definite=Ind|Gender=Fem|Number=Sing|Tense=Past|VerbForm=Part|Voice=Act
границата,граница,та,граница та,граница та,correct,NOUN,Definite=Def|Gender=Fem|Number=Sing
прецеденти,прецедент,и,прецедент и,прецедент и,correct,NOUN,Definite=Ind|Gender=Masc|Number=Plur
уредбата,уредба,та,уредба та,уредба та,correct,NOUN,Definite=Def|Gender=Fem|Number=Sing
демокрацията,демокрация,та,демокрация та,демокрация та,correct,NOUN,Definite=Def|Gender=Fem|Number=Sing
достъпът,достъп,ът,достъп ът,достъп ът,correct,NOUN,Definite=Def|Gender=Masc|Number=Sing
косовските,косовски,те,косовски те,косовск ите,adj_def_boundary,ADJ,Definite=Def|Degree=Pos|Number=Plur
бюджетът,бюджет,ът,бюджет ът,бюджет ът,correct,NOUN,Definite=Def|Gender=Masc|Number=Sing
доходите,доход,ите,доход ите,доход ите,correct,NOUN,Definite=Def|Gender=Masc|Number=Plur
висят,вися,т,вися т,вися т,correct,VERB,Aspect=Imp|Mood=Ind|Number=Plur|Person=3|Tense=Pres|VerbForm=Fin|Voice=Act
можеше,може,ше,може ше,може ше,correct,VERB,Aspect=Imp|Mood=Ind|Number=Sing|Person=3|Tense=Imp|VerbForm=Fin|Voice=Act
неочаквано,неочакван,о,неочакван о,неочаквано,adj_gender,ADV,Degree=Pos
приема,прием,а,прием а,приема,skipped_single_token,VERB,Aspect=Imp|Mood=Ind|Number=Sing|Person=3|Tense=Pres|VerbForm=Fin|Voice=Act
плика,плик,а,плик а,плик а,correct,NOUN,Definite=Def|Gender=Masc|Number=Sing
стадиона,стадион,а,стадион а,стадион а,correct,NOUN,Definite=Def|Gender=Masc|Number=Sing
неуспеха,неуспех,а,неуспех а,неуспех а,correct,NOUN,Definite=Def|Gender=Masc|Number=Sing
усмихнатите,усмихнат,ите,усмихнат ите,усмихнат ите,correct,ADJ,Definite=Def|Degree=Pos|Number=Plur
юридическите,юридически,те,юридически те,юридическ ите,adj_def_boundary,ADJ,Definite=Def|Degree=Pos|Number=Plur
лошата,лош,ата,лош ата,лоша та,adj_def_boundary,ADJ,Definite=Def|Degree=Pos|Gender=Fem|Number=Sing
фактът,факт,ът,факт ът,факт ът,correct,NOUN,Definite=Def|Gender=Masc|Number=Sing
редовите,редов,ите,редов ите,редов ите,correct,ADJ,Definite=Def|Degree=Pos|Number=Plur
правата,права,та,права та,прават а,wrong,NOUN,Definite=Def|Gender=Neut|Number=Plur
понятието,понятие,то,понятие то,понятие то,correct,NOUN,Definite=Def|Gender=Neut|Number=Sing
маркирането,маркиране,то,маркиране то,маркиране то,correct,NOUN,Definite=Def|Gender=Neut|Number=Sing
основан,основа,н,основа н,основан,skipped_single_token,VERB,Aspect=Perf|Definite=Ind|Gender=Masc|Number=Sing|VerbForm=Part|Voice=Pass
отецът,отец,ът,отец ът,отец ът,correct,NOUN,Definite=Def|Gender=Masc|Number=Sing
глупаво,глупав,о,глупав о,глупаво,adj_gender,ADV,Degree=Pos
вестникарите,вестникар,ите,вестникар ите,вестникар ите,correct,NOUN,Definite=Def|Gender=Masc|Number=Plur
юристи,юрист,и,юрист и,юрист и,correct,NOUN,Definite=Ind|Gender=Masc|Number=Plur
пренебрегнат,пренебрегна,т,пренебрегна т,пренебрегнат,skipped_single_token,VERB,Aspect=Perf|Definite=Ind|Gender=Masc|Number=Sing|VerbForm=Part|Voice=Pass
готово,готов,о,готов о,готово,adj_gender,ADV,Degree=Pos
бомбената,бомбен,ата,бомбен ата,бомбена та,adj_def_boundary,ADJ,Definite=Def|Degree=Pos|Gender=Fem|Number=Sing
костта,кост,та,кост та,кост та,correct,NOUN,Definite=Def|Gender=Fem|Number=Sing
дланта,длан,та,длан та,длан та,correct,NOUN,Definite=Def|Gender=Fem|Number=Sing
младите,млад,ите,млад ите,млад ите,correct,ADJ,Definite=Def|Degree=Pos|Number=Plur
части,част,и,част и,част и,correct,NOUN,Definite=Ind|Gender=Fem|Number=Plur
малкото,малко,то,малко то,малкото,skipped_single_token,ADV,Definite=Def|Degree=Pos|Number=Plur|NumType=Card
хлапета,хлапе,та,хлапе та,хлапе та,correct,NOUN,Definite=Ind|Gender=Neut|Number=Plur
хубостта,хубост,та,хубост та,хубост та,correct,NOUN,Definite=Def|Gender=Fem|Number=Sing
метрото,метро,то,метро то,метро то,correct,NOUN,Definite=Def|Gender=Neut|Number=Sing
влизането,влизане,то,влизане то,влизане то,correct,NOUN,Definite=Def|Gender=Neut|Number=Sing
разложението,разложение,то,разложение то,разложение то,correct,NOUN,Definite=Def|Gender=Neut|Number=Sing
интелекта,интелект,а,интелект а,интелект а,correct,NOUN,Definite=Def|Gender=Masc|Number=Sing
користта,корист,та,корист та,корист та,correct,NOUN,Definite=Def|Gender=Fem|Number=Sing
гостенина,гостенин,а,гостенин а,гостенин а,correct,NOUN,Definite=Def|Gender=Masc|Number=Sing
лицето,лице,то,лице то,лице то,correct,NOUN,Definite=Def|Gender=Neut|Number=Sing
закриването,закриване,то,закриване то,закриване то,correct,NOUN,Definite=Def|Gender=Neut|Number=Sing
щастието,щастие,то,щастие то,щастие то,correct,NOUN,Definite=Def|Gender=Neut|Number=Sing
рогата,рог,ата,рог ата,рог ата,correct,NOUN,Definite=Def|Gender=Masc|Number=Plur
ръкава,ръкав,а,ръкав а,ръкав а,correct,NOUN,Definite=Def|Gender=Masc|Number=Sing
тревата,трева,та,трева та,трева та,correct,NOUN,Definite=Def|Gender=Fem|Number=Sing
телеграфа,телеграф,а,телеграф а,телеграф а,correct,NOUN,Definite=Def|Gender=Masc|Number=Sing
сезона,сезон,а,сезон а,сезон а,correct,NOUN,Definite=Def|Gender=Masc|Number=Sing
дилърът,дилър,ът,дилър ът,дилър ът,correct,NOUN,Definite=Def|Gender=Masc|Number=Sing
пипкава,пипкав,а,пипкав а,пипкава,adj_gender,ADJ,Definite=Ind|Degree=Pos|Gender=Fem|Number=Sing
вървят,вървя,т,вървя т,вървя т,correct,VERB,Aspect=Imp|Mood=Ind|Number=Plur|Person=3|Tense=Pres|VerbForm=Fin|Voice=Act
боговете,бог,овете,бог овете,бог овете,correct,NOUN,Definite=Def|Gender=Masc|Number=Plur
букети,букет,и,букет и,букет и,correct,NOUN,Definite=Ind|Gender=Masc|Number=Plur
допинга,допинг,а,допинг а,допинг а,correct,NOUN,Definite=Def|Gender=Masc|Number=Sing
ателиета,ателие,та,ателие та,ателие та,correct,NOUN,Definite=Ind|Gender=Neut|Number=Plur
свято,свят,о,свят о,свято,adj_gender,ADV,Degree=Pos
подводницата,подводница,та,подводница та,подводница та,correct,NOUN,Definite=Def|Gender=Fem|Number=Sing
офиси,офис,и,офис и,офис и,correct,NOUN,Definite=Ind|Gender=Masc|Number=Plur
психиатъра,психиатър,а,психиатър а,психиатър а,correct,NOUN,Definite=Def|Gender=Masc|Number=Sing
шареният,шарен,ият,шарен ият,шарен ият,correct,ADJ,Definite=Def|Degree=Pos|Gender=Masc|Number=Sing
селото,село,то,село то,село то,correct,NOUN,Definite=Def|Gender=Neut|Number=Sing
въдичката,въдичка,та,въдичка та,въдичка та,correct,NOUN,Definite=Def|Gender=Fem|Number=Sing
еврейските,еврейски,те,еврейски те,еврейск ите,adj_def_boundary,ADJ,Definite=Def|Degree=Pos|Number=Plur
летуването,летуване,то,летуване то,летуване то,correct,NOUN,Definite=Def|Gender=Neut|Number=Sing
процесуално-следствени,процесуално-следствен,и,процесуално-следствен и,процесуално-следствени,skipped_single_token,ADJ,Definite=Ind|Degree=Pos|Number=Plur
залата,зала,та,зала та,зала та,correct,NOUN,Definite=Def|Gender=Fem|Number=Sing
тестове,тест,ове,тест ове,тест ове,correct,NOUN,Definite=Ind|Gender=Masc|Number=Plur
по-добре,по-,добре,по- добре,по- добре,correct,ADV,Degree=Cmp
вилата,вила,та,вила та,вила та,correct,NOUN,Definite=Def|Gender=Fem|Number=Sing
вноса,внос,а,внос а,внос а,correct,NOUN,Definite=Def|Gender=Masc|Number=Sing
похарчат,похарча,т,похарча т,похарча т,correct,VERB,Aspect=Perf|Mood=Ind|Number=Plur|Person=3|Tense=Pres|VerbForm=Fin|Voice=Act
загинал,загина,л,загина л,загина л,correct,VERB,Aspect=Perf|Definite=Ind|Gender=Masc|Number=Sing|Tense=Past|VerbForm=Part|Voice=Act
смущението,смущение,то,смущение то,смущение то,correct,NOUN,Definite=Def|Gender=Neut|Number=Sing
учението,учение,то,учение то,учение то,correct,NOUN,Definite=Def|Gender=Neut|Number=Sing
въведат,въведа,т,въведа т,въведа т,correct,VERB,Aspect=Perf|Mood=Ind|Number=Plur|Person=3|Tense=Pres|VerbForm=Fin|Voice=Act
либералите,либерал,ите,либерал ите,либерал ите,correct,NOUN,Definite=Def|Gender=Masc|Number=Plur
изхвърчах,изхвърча,х,изхвърча х,изхвърча х,correct,VERB,Aspect=Imp|Mood=Ind|Number=Sing|Person=1|Tense=Imp|VerbForm=Fin|Voice=Act
класове,клас,ове,клас ове,клас ове,correct,NOUN,Definite=Ind|Gender=Masc|Number=Plur
финансово,финансов,о,финансов о,финансово,adj_gender,ADV,Degree=Pos
оригинала,оригинал,а,оригинал а,оригинал а,correct,NOUN,Definite=Def|Gender=Masc|Number=Sing
демографския,демографски,я,демографски я,демографски я,correct,ADJ,Definite=Def|Degree=Pos|Gender=Masc|Number=Sing
обвиняемите,обвиняем,ите,обвиняем ите,обвиняем ите,correct,NOUN,Definite=Def|Gender=Masc|Number=Plur
дружеството,дружество,то,дружество то,дружество то,correct,NOUN,Definite=Def|Gender=Neut|Number=Sing
детето,дете,то,дете то,дете то,correct,NOUN,Definite=Def|Gender=Neut|Number=Sing
хода,ход,а,ход а,ход а,correct,NOUN,Definite=Def|Gender=Masc|Number=Sing
лошото,лош,ото,лош ото,лошо то,adj_def_boundary,ADJ,Definite=Def|Degree=Pos|Gender=Neut|Number=Sing
денят,ден,ят,ден ят,ден ят,correct,NOUN,Definite=Def|Gender=Masc|Number=Sing
лайкучката,лайкучка,та,лайкучка та,лайкучка та,correct,NOUN,Definite=Def|Gender=Fem|Number=Sing
полуразпадането,полуразпадане,то,полуразпадане то,полуразпадане то,correct,NOUN,Definite=Def|Gender=Masc|Number=Sing
старо,стар,о,стар о,старо,adj_gender,ADJ,Definite=Ind|Degree=Pos|Gender=Neut|Number=Sing
науката,наука,та,наука та,наука та,correct,NOUN,Definite=Def|Gender=Fem|Number=Sing
докторът,доктор,ът,доктор ът,доктор ът,correct,NOUN,Definite=Def|Gender=Masc|Number=Sing
примирието,примирие,то,примирие то,примирие то,correct,NOUN,Definite=Def|Gender=Neut|Number=Sing
евтините,евтин,ите,евтин ите,евтин ите,correct,ADJ,Definite=Def|Degree=Pos|Number=Plur
аргументите,аргумент,ите,аргумент ите,аргумент ите,correct,NOUN,Definite=Def|Gender=Masc|Number=Plur
националите,национал,ите,национал ите,национал ите,correct,NOUN,Definite=Def|Gender=Masc|Number=Plur
потенциала,потенциал,а,потенциал а,потенциал а,correct,NOUN,Definite=Def|Gender=Masc|Number=Sing
треньорът,треньор,ът,треньор ът,треньор ът,correct,NOUN,Definite=Def|Gender=Masc|Number=Sing
търговецът,търговец,ът,търговец ът,търговец ът,correct,NOUN,Definite=Def|Gender=Masc|Number=Sing
народи,народ,и,народ и,народ и,correct,NOUN,Definite=Ind|Gender=Masc|Number=Plur
песимисти,песимист,и,песимист и,песимист и,correct,NOUN,Definite=Ind|Gender=Masc|Number=Plur
костите,кост,ите,кост ите,кост ите,correct,NOUN,Definite=Def|Gender=Fem|Number=Plur
съчувствието,съчувствие,то,съчувствие то,съчувствие то,correct,NOUN,Definite=Def|Gender=Neut|Number=Sing
необходими,необходим,и,необходим и,необходим и,correct,ADJ,Definite=Ind|Degree=Pos|Number=Plur
стигнало,стигна,ло,стигна ло,стигна ло,correct,VERB,Aspect=Perf|Definite=Ind|Gender=Neut|Number=Sing|Tense=Past|VerbForm=Part|Voice=Act
коментираме,коментирам,е,коментирам е,коментира ме,plu1person_boundary,VERB,Aspect=Imp|Mood=Ind|Number=Plur|Person=1|Tense=Pres|VerbForm=Fin|Voice=Act
чернокосата,чернокос,ата,чернокос ата,чернокос ата,correct,NOUN,Definite=Def|Gender=Fem|Number=Sing
коня,кон,я,кон я,кон я,correct,NOUN,Definite=Def|Gender=Masc|Number=Sing
стихията,стихия,та,стихия та,стихия та,correct,NOUN,Definite=Def|Gender=Fem|Number=Sing
собствени,собствен,и,собствен и,собствен и,correct,ADJ,Definite=Ind|Degree=Pos|Number=Plur
загубата,загуба,та,загуба та,загуба та,correct,NOUN,Definite=Def|Gender=Fem|Number=Sing
подробностите,подробност,ите,подробност ите,подробност ите,correct,NOUN,Definite=Def|Gender=Fem|Number=Plur
коне,кон,е,кон е,кон е,correct,NOUN,Definite=Ind|Gender=Masc|Number=Plur
бъдещите,бъдещ,ите,бъдещ ите,бъдещ ите,correct,ADJ,Definite=Def|Degree=Pos|Number=Plur
политическите,политически,те,политически те,политическ ите,adj_def_boundary,ADJ,Definite=Def|Degree=Pos|Number=Plur
годеника,годеник,а,годеник а,годеник а,correct,NOUN,Definite=Def|Gender=Masc|Number=Sing
анекса,анекс,а,анекс а,анекс а,correct,NOUN,Definite=Def|Gender=Masc|Number=Sing
движението,движение,то,движение то,движение то,correct,NOUN,Definite=Def|Gender=Neut|Number=Sing
слуховете,слух,овете,слух овете,слух овете,correct,NOUN,Definite=Def|Gender=Masc|Number=Plur
подсъдимите,подсъдим,ите,подсъдим ите,подсъдим ите,correct,NOUN,Definite=Def|Gender=Fem|Number=Plur
хеликоптера,хеликоптер,а,хеликоптер а,хеликоптер а,correct,NOUN,Definite=Def|Gender=Masc|Number=Sing
руси,рус,и,рус и,рус и,correct,NOUN,Definite=Ind|Gender=Fem|Number=Plur
привлекат,привлека,т,привлека т,привлека т,correct,VERB,Aspect=Perf|Mood=Ind|Number=Plur|Person=3|Tense=Pres|VerbForm=Fin|Voice=Act
съгласието,съгласие,то,съгласие то,съгласие то,correct,NOUN,Definite=Def|Gender=Neut|Number=Sing
часовника,часовник,а,часовник а,часовник а,correct,NOUN,Definite=Def|Gender=Masc|Number=Sing
визовия,визов,ия,визов ия,визов ия,correct,ADJ,Definite=Def|Degree=Pos|Gender=Masc|Number=Sing
присъдата,присъда,та,присъда та,присъда та,correct,NOUN,Definite=Def|Gender=Fem|Number=Sing
замълчаха,замълча,ха,замълча ха,замълча ха,correct,VERB,Aspect=Perf|Mood=Ind|Number=Plur|Person=3|Tense=Past|VerbForm=Fin|Voice=Act
вито,вит,о,вит о,вито,skipped_single_token,NOUN,Definite=Ind|Gender=Neut|Number=Sing
авторските,авторски,те,авторски те,авторск ите,adj_def_boundary,ADJ,Definite=Def|Degree=Pos|Number=Plur
банкета,банкет,а,банкет а,банкет а,correct,NOUN,Definite=Def|Gender=Masc|Number=Sing
барчето,барче,то,барче то,барче то,correct,NOUN,Definite=Def|Gender=Neut|Number=Sing
хармонизирането,хармонизиране,то,хармонизиране то,хармонизиране то,correct,NOUN,Definite=Def|Gender=Neut|Number=Sing
долари,долар,и,долар и,долар и,correct,NOUN,Definite=Ind|Gender=Masc|Number=Plur
съюзи,съюз,и,съюз и,съюз и,correct,NOUN,Definite=Ind|Gender=Masc|Number=Plur
възобновяването,възобновяване,то,възобновяване то,възобновяване то,correct,NOUN,Definite=Def|Gender=Neut|Number=Sing
визовата,визов,ата,визов ата,визова та,adj_def_boundary,ADJ,Definite=Def|Degree=Pos|Gender=Fem|Number=Sing
цензурата,цензура,та,цензура та,цензура та,correct,NOUN,Definite=Def|Gender=Fem|Number=Sing
приключването,приключване,то,приключване то,приключване то,correct,NOUN,Definite=Def|Gender=Neut|Number=Sing
окопите,окоп,ите,окоп ите,окоп ите,correct,NOUN,Definite=Def|Gender=Masc|Number=Plur
настройката,настройка,та,настройка та,настройка та,correct,NOUN,Definite=Def|Gender=Fem|Number=Sing
текуща,текущ,а,текущ а,текуща,adj_gender,ADJ,Definite=Ind|Degree=Pos|Gender=Fem|Number=Sing
умората,умора,та,умора та,умора та,correct,NOUN,Definite=Def|Gender=Fem|Number=Sing
регистрацията,регистрация,та,регистрация та,регистрация та,correct,NOUN,Definite=Def|Gender=Fem|Number=Sing
поръчката,поръчка,та,поръчка та,поръчка та,correct,NOUN,Definite=Def|Gender=Fem|Number=Sing
добронамерени,добронамерен,и,добронамерен и,добронамерен и,correct,ADJ,Definite=Ind|Degree=Pos|Number=Plur
ветото,вето,то,вето то,вето то,correct,NOUN,Definite=Def|Gender=Neut|Number=Sing
времето,време,то,време то,време то,correct,NOUN,Definite=Def|Gender=Neut|Number=Sing
вътрешността,вътрешност,та,вътрешност та,вътрешност та,correct,NOUN,Definite=Def|Gender=Fem|Number=Sing
финансовите,финансов,ите,финансов ите,финансов ите,correct,ADJ,Definite=Def|Degree=Pos|Number=Plur
момъка,момък,а,момък а,момък а,correct,NOUN,Definite=Def|Gender=Masc|Number=Sing
колбаси,колбас,и,колбас и,колбас и,correct,NOUN,Definite=Ind|Gender=Masc|Number=Plur
таткото,татко,то,татко то,татко то,correct,NOUN,Definite=Def|Gender=Masc|Number=Sing
резултата,резултат,а,резултат а,резултат а,correct,NOUN,Definite=Def|Gender=Masc|Number=Sing
редовете,ред,овете,ред овете,ред овете,correct,NOUN,Definite=Def|Gender=Masc|Number=Plur
престъпността,престъпност,та,престъпност та,престъпност та,correct,NOUN,Definite=Def|Gender=Fem|Number=Sing
прераснат,прерасна,т,прерасна т,прерасна т,correct,VERB,Aspect=Perf|Mood=Ind|Number=Plur|Person=3|Tense=Pres|VerbForm=Fin|Voice=Act
линейката,линейка,та,линейка та,линейка та,correct,NOUN,Definite=Def|Gender=Fem|Number=Sing
посегнал,посегна,л,посегна л,посегна л,correct,VERB,Aspect=Perf|Definite=Ind|Gender=Masc|Number=Sing|Tense=Past|VerbForm=Part|Voice=Act
спокойствието,спокойствие,то,спокойствие то,спокойствие то,correct,NOUN,Definite=Def|Gender=Neut|Number=Sing
изчезнаха,изчезна,ха,изчезна ха,изчезна ха,correct,VERB,Aspect=Perf|Mood=Ind|Number=Plur|Person=3|Tense=Past|VerbForm=Fin|Voice=Act
моноспектакъла,моноспектакъл,а,моноспектакъл а,моноспектакъл а,correct,NOUN,Definite=Def|Gender=Masc|Number=Sing
разчистването,разчистване,то,разчистване то,разчистване то,correct,NOUN,Definite=Def|Gender=Neut|Number=Sing
люти,лют,и,лют и,лют и,correct,ADJ,Definite=Ind|Degree=Pos|Number=Plur
добруването,добруване,то,добруване то,добруване то,correct,NOUN,Definite=Def|Gender=Neut|Number=Sing
преговорите,преговори,те,преговори те,преговор ите,wrong,NOUN,Definite=Def|Gender=Masc|Number=Plur
контролът,контрол,ът,контрол ът,контрол ът,correct,NOUN,Definite=Def|Gender=Masc|Number=Sing
предполагаемото,предполагаем,ото,предполагаем ото,предполагаемо то,adj_def_boundary,ADJ,Definite=Def|Degree=Pos|Gender=Neut|Number=Sing
строежът,строеж,ът,строеж ът,строеж ът,correct,NOUN,Definite=Def|Gender=Masc|Number=Sing
заличаването,заличаване,то,заличаване то,заличаване то,correct,NOUN,Definite=Def|Gender=Neut|Number=Sing
наводнението,наводнение,то,наводнение то,наводнение то,correct,NOUN,Definite=Def|Gender=Neut|Number=Sing
проучването,проучване,то,проучване то,проучване то,correct,NOUN,Definite=Def|Gender=Neut|Number=Sing
бръснача,бръснач,а,бръснач а,бръснач а,correct,NOUN,Definite=Def|Gender=Masc|Number=Sing
фактите,факт,ите,факт ите,факт ите,correct,NOUN,Definite=Def|Gender=Masc|Number=Plur
розови,розов,и,розов и,розов и,correct,ADJ,Definite=Ind|Degree=Pos|Number=Plur
солта,сол,та,сол та,сол та,correct,NOUN,Definite=Def|Gender=Fem|Number=Sing
концепцията,концепция,та,концепция та,концепция та,correct,NOUN,Definite=Def|Gender=Fem|Number=Sing
основаването,основаване,то,основаване то,основаване то,correct,NOUN,Definite=Def|Gender=Neut|Number=Sing
строителството,строителство,то,строителство то,строителство то,correct,NOUN,Definite=Def|Gender=Neut|Number=Sing
младежкият,младежки,ят,младежки ят,младежки ят,correct,ADJ,Definite=Def|Degree=Pos|Gender=Masc|Number=Sing
речевити,речевит,и,речевит и,речевит и,correct,NOUN,Definite=Ind|Gender=Masc|Number=Plur
приспособяването,приспособяване,то,приспособяване то,приспособяване то,correct,NOUN,Definite=Def|Gender=Neut|Number=Sing
кръга,кръг,а,кръг а,кръг а,correct,NOUN,Definite=Def|Gender=Masc|Number=Sing
въздуха,въздух,а,въздух а,въздух а,correct,NOUN,Definite=Def|Gender=Masc|Number=Sing
напредъка,напредък,а,напредък а,напредък а,correct,NOUN,Definite=Def|Gender=Masc|Number=Sing
сектори,сектор,и,сектор и,сектор и,correct,NOUN,Definite=Ind|Gender=Masc|Number=Plur
сънища,сън,ища,сън ища,сънища,skipped_single_token,NOUN,Definite=Ind|Gender=Masc|Number=Plur
прибори,прибор,и,прибор и,прибор и,correct,NOUN,Definite=Ind|Gender=Masc|Number=Plur
благоденствието,благоденствие,то,благоденствие то,благоденствие то,correct,NOUN,Definite=Def|Gender=Neut|Number=Sing
банкери,банкер,и,банкер и,банкер и,correct,NOUN,Definite=Ind|Gender=Masc|Number=Plur
кафенетата,кафене,тата,кафене тата,кафене тата,correct,NOUN,Definite=Def|Gender=Neut|Number=Plur
зависят,завися,т,завися т,завися т,correct,VERB,Aspect=Imp|Mood=Ind|Number=Plur|Person=3|Tense=Pres|VerbForm=Fin|Voice=Act
младият,млад,ият,млад ият,млад ият,correct,ADJ,Definite=Def|Degree=Pos|Gender=Masc|Number=Sing
твореца,творец,а,творец а,творец а,correct,NOUN,Definite=Def|Gender=Masc|Number=Sing
масовия,масов,ия,масов ия,масов ия,correct,ADJ,Definite=Def|Degree=Pos|Gender=Masc|Number=Sing
билетите,билет,ите,билет ите,билет ите,correct,NOUN,Definite=Def|Gender=Masc|Number=Plur
женският,женски,ят,женски ят,женски ят,correct,ADJ,Definite=Def|Degree=Pos|Gender=Masc|Number=Sing
благодарствено,благодарствен,о,благодарствен о,благодарствено,adj_gender,ADV,Degree=Pos
леки,лек,и,лек и,лек и,correct,ADJ,Definite=Ind|Degree=Pos|Number=Plur
комплекта,комплект,а,комплект а,комплект а,correct,NOUN,Definite=Def|Gender=Masc|Number=Sing
градуса,градус,а,градус а,градус а,correct,NOUN,Definite=Def|Gender=Masc|Number=Sing
радиоизотопа,радиоизотоп,а,радиоизотоп а,радиоизотоп а,correct,NOUN,Definite=Def|Gender=Masc|Number=Sing
формацията,формация,та,формация та,формация та,correct,NOUN,Definite=Def|Gender=Fem|Number=Sing
химическият,химически,ят,химически ят,химически ят,correct,ADJ,Definite=Def|Degree=Pos|Gender=Masc|Number=Sing
теловете,тел,овете,тел овете,тел овете,correct,NOUN,Definite=Def|Gender=Masc|Number=Plur
следствени,следствен,и,следствен и,следствен и,correct,ADJ,Definite=Ind|Degree=Pos|Number=Plur
комунистическите,комунистически,те,комунистически те,комунистическ ите,adj_def_boundary,ADJ,Definite=Def|Degree=Pos|Number=Plur
магазини,магазин,и,магазин и,магазин и,correct,NOUN,Definite=Ind|Gender=Masc|Number=Plur
провала,провал,а,провал а,провал а,correct,NOUN,Definite=Def|Gender=Masc|Number=Sing
външнополитическия,външнополитически,я,външнополитически я,външнополитически я,correct,ADJ,Definite=Def|Degree=Pos|Gender=Masc|Number=Sing
имало,има,ло,има ло,има ло,correct,VERB,Aspect=Imp|Definite=Ind|Gender=Neut|Number=Sing|Tense=Past|VerbForm=Part|Voice=Act
работата,работа,та,работа та,работа та,correct,NOUN,Definite=Def|Gender=Fem|Number=Sing
боеспособността,боеспособност,та,боеспособност та,боеспособност та,correct,NOUN,Definite=Def|Gender=Fem|Number=Sing
прости,прост,и,прост и,прост и,correct,VERB,Aspect=Perf|Mood=Ind|Number=Sing|Person=3|Tense=Past|VerbForm=Fin|Voice=Act
прането,пране,то,пране то,пране то,correct,NOUN,Definite=Def|Gender=Neut|Number=Sing
докъде,до,къде,до къде,докъде,skipped_single_token,ADV,PronType=Int
пианисти,пианист,и,пианист и,пианист и,correct,NOUN,Definite=Ind|Gender=Masc|Number=Plur
важността,важност,та,важност та,важност та,correct,NOUN,Definite=Def|Gender=Fem|Number=Sing
погасят,погася,т,погася т,погася т,correct,VERB,Aspect=Perf|Mood=Ind|Number=Plur|Person=3|Tense=Pres|VerbForm=Fin|Voice=Act
царя,цар,я,цар я,цар я,correct,NOUN,Definite=Def|Gender=Masc|Number=Sing
дългове,дълг,ове,дълг ове,дълг ове,correct,NOUN,Definite=Ind|Gender=Masc|Number=Plur
отколкото,от,колкото,от колкото,отколкото,skipped_single_token,ADV,NumType=Card|PronType=Rel
налога,налог,а,налог а,налог а,correct,NOUN,Definite=Def|Gender=Masc|Number=Sing
лицензирането,лицензиране,то,лицензиране то,лицензиране то,correct,NOUN,Definite=Def|Gender=Neut|Number=Sing
базовото,базов,ото,базов ото,базово то,adj_def_boundary,ADJ,Definite=Def|Degree=Pos|Gender=Neut|Number=Sing
пият,пия,т,пия т,пия т,correct,VERB,Aspect=Imp|Mood=Ind|Number=Plur|Person=3|Tense=Pres|VerbForm=Fin|Voice=Act
банкерите,банкер,ите,банкер ите,банкер ите,correct,NOUN,Definite=Def|Gender=Masc|Number=Plur
писмено,писмен,о,писмен о,писмено,adj_gender,ADV,Degree=Pos
осиновяването,осиновяване,то,осиновяване то,осиновяване то,correct,NOUN,Definite=Def|Gender=Neut|Number=Sing
характера,характер,а,характер а,характер а,correct,NOUN,Definite=Def|Gender=Masc|Number=Sing
по-зле,по-,зле,по- зле,по- зле,correct,ADV,Degree=Sup
пръсти,пръст,и,пръст и,пръст и,correct,NOUN,Definite=Ind|Gender=Masc|Number=Plur
проектобюджета,проектобюджет,а,проектобюджет а,проектобюджет а,correct,NOUN,Definite=Def|Gender=Masc|Number=Sing
актове,акт,ове,акт ове,акт ове,correct,NOUN,Definite=Ind|Gender=Masc|Number=Plur
заместника,заместник,а,заместник а,заместник а,correct,NOUN,Definite=Def|Gender=Masc|Number=Sing
плодова,плодов,а,плодов а,плодова,adj_gender,ADJ,Definite=Ind|Degree=Pos|Gender=Fem|Number=Sing
кабинети,кабинет,и,кабинет и,кабинет и,correct,NOUN,Definite=Ind|Gender=Masc|Number=Plur
бога,бог,а,бог а,бог а,correct,NOUN,Definite=Def|Gender=Masc|Number=Sing
изпаднат,изпадна,т,изпадна т,изпадна т,correct,VERB,Aspect=Perf|Mood=Ind|Number=Plur|Person=3|Tense=Pres|VerbForm=Fin|Voice=Act
дебюта,дебют,а,дебют а,дебют а,correct,NOUN,Definite=Def|Gender=Masc|Number=Sing
абонати,абонат,и,абонат и,абонат и,correct,NOUN,Definite=Ind|Gender=Masc|Number=Plur
запаси,запас,и,запас и,запас и,correct,NOUN,Definite=Ind|Gender=Masc|Number=Plur
кариерата,кариера,та,кариера та,кариера та,correct,NOUN,Definite=Def|Gender=Fem|Number=Sing
ексхумацията,ексхумация,та,ексхумация та,ексхумация та,correct,NOUN,Definite=Def|Gender=Fem|Number=Sing
текста,текст,а,текст а,текст а,correct,NOUN,Definite=Def|Gender=Masc|Number=Sing
фразата,фраза,та,фраза та,фраза та,correct,NOUN,Definite=Def|Gender=Fem|Number=Sing
манекенката,манекенка,та,манекенка та,манекенка та,correct,NOUN,Definite=Def|Gender=Fem|Number=Sing
министерството,министерство,то,министерство то,министерство то,correct,NOUN,Definite=Def|Gender=Neut|Number=Sing
сиренето,сирене,то,сирене то,сирене то,correct,NOUN,Definite=Def|Gender=Neut|Number=Sing
приятели,приятел,и,приятел и,приятел и,correct,NOUN,Definite=Ind|Gender=Masc|Number=Plur
трилиона,трилион,а,трилион а,трилион а,correct,NOUN,Definite=Def|Gender=Masc|Number=Sing
компютъра,компютър,а,компютър а,компютър а,correct,NOUN,Definite=Def|Gender=Masc|Number=Sing
адресите,адрес,ите,адрес ите,адрес ите,correct,NOUN,Definite=Def|Gender=Masc|Number=Plur
статута,статут,а,статут а,статут а,correct,NOUN,Definite=Def|Gender=Masc|Number=Sing
селището,селище,то,селище то,селище то,correct,NOUN,Definite=Def|Gender=Neut|Number=Sing
сервиза,сервиз,а,сервиз а,сервиз а,correct,NOUN,Definite=Def|Gender=Masc|Number=Sing
телефони,телефон,и,телефон и,телефон и,correct,NOUN,Definite=Ind|Gender=Masc|Number=Plur
самочувствието,самочувствие,то,самочувствие то,самочувствие то,correct,NOUN,Definite=Def|Gender=Neut|Number=Sing
обслужването,обслужване,то,обслужване то,обслужване то,correct,NOUN,Definite=Def|Gender=Neut|Number=Sing
перваза,перваз,а,перваз а,перваз а,correct,NOUN,Definite=Def|Gender=Masc|Number=Sing
отклоняването,отклоняване,то,отклоняване то,отклоняване то,correct,NOUN,Definite=Def|Gender=Neut|Number=Sing
канала,канал,а,канал а,канал а,correct,NOUN,Definite=Def|Gender=Masc|Number=Sing
отбележат,отбележа,т,отбележа т,отбележа т,correct,VERB,Aspect=Perf|Mood=Ind|Number=Plur|Person=3|Tense=Pres|VerbForm=Fin|Voice=Act
форума,форум,а,форум а,форум а,correct,NOUN,Definite=Def|Gender=Masc|Number=Sing
шанса,шанс,а,шанс а,шанса,skipped_single_token,NOUN,Definite=Ind|Gender=Masc|Number=Sing
пропуснала,пропусна,ла,пропусна ла,пропусна ла,correct,VERB,Aspect=Perf|Definite=Ind|Gender=Fem|Number=Sing|Tense=Past|VerbForm=Part|Voice=Act
превозът,превоз,ът,превоз ът,превоз ът,correct,NOUN,Definite=Def|Gender=Masc|Number=Sing
халфът,халф,ът,халф ът,халф ът,correct,NOUN,Definite=Def|Gender=Masc|Number=Sing
сиренета,сирене,та,сирене та,сирене та,correct,NOUN,Definite=Ind|Gender=Neut|Number=Plur
прокурорът,прокурор,ът,прокурор ът,прокурор ът,correct,NOUN,Definite=Def|Gender=Masc|Number=Sing
хомосексуалистите,хомосексуалист,ите,хомосексуалист ите,хомосексуалист ите,correct,NOUN,Definite=Def|Gender=Masc|Number=Plur
архивите,архив,ите,архив ите,архив ите,correct,NOUN,Definite=Def|Gender=Masc|Number=Plur
проверката,проверка,та,проверка та,проверка та,correct,NOUN,Definite=Def|Gender=Fem|Number=Sing
съвета,съвет,а,съвет а,съвет а,correct,NOUN,Definite=Def|Gender=Masc|Number=Sing
часове,час,ове,час ове,час ове,correct,NOUN,Definite=Ind|Gender=Masc|Number=Plur
рефера,рефер,а,рефер а,рефер а,correct,NOUN,Definite=Def|Gender=Masc|Number=Sing
войнишкия,войнишки,я,войнишки я,войнишки я,correct,ADJ,Definite=Def|Degree=Pos|Gender=Masc|Number=Sing
прегазят,прегазя,т,прегазя т,прегазя т,correct,VERB,Aspect=Perf|Mood=Ind|Number=Plur|Person=3|Tense=Pres|VerbForm=Fin|Voice=Act
возилото,возило,то,возило то,возило то,correct,NOUN,Definite=Def|Gender=Neut|Number=Sing
дейността,дейност,та,дейност та,дейност та,correct,NOUN,Definite=Def|Gender=Fem|Number=Sing
жестоко,жесток,о,жесток о,жестоко,adj_gender,ADV,Degree=Pos
пристрастеността,пристрастеност,та,пристрастеност та,пристрастеност та,correct,NOUN,Definite=Def|Gender=Fem|Number=Sing
дължимата,дължим,ата,дължим ата,дължима та,adj_def_boundary,ADJ,Definite=Def|Degree=Pos|Gender=Fem|Number=Sing
вероятността,вероятност,та,вероятност та,вероятност та,correct,NOUN,Definite=Def|Gender=Fem|Number=Sing
щурмовите,щурмов,ите,щурмов ите,щурмов ите,correct,ADJ,Definite=Def|Degree=Pos|Number=Plur
посочат,посоча,т,посоча т,посоча т,correct,VERB,Aspect=Perf|Mood=Ind|Number=Plur|Person=3|Tense=Pres|VerbForm=Fin|Voice=Act
гарата,гара,та,гара та,гара та,correct,NOUN,Definite=Def|Gender=Fem|Number=Sing
писането,писане,то,писане то,писане то,correct,NOUN,Definite=Def|Gender=Neut|Number=Sing
гърмежи,гърмеж,и,гърмеж и,гърмеж и,correct,NOUN,Definite=Ind|Gender=Masc|Number=Plur
следяха,следя,ха,следя ха,следя ха,correct,VERB,Aspect=Imp|Mood=Ind|Number=Plur|Person=3|Tense=Imp|VerbForm=Fin|Voice=Act
обичливо,обичлив,о,обичлив о,обичливо,adj_gender,ADV,Degree=Pos
уикенда,уикенд,а,уикенд а,уикенд а,correct,NOUN,Definite=Def|Gender=Masc|Number=Sing
браншове,бранш,ове,бранш ове,бранш ове,correct,NOUN,Definite=Ind|Gender=Masc|Number=Plur
най-напред,най-,напред,най- напред,най- напред,correct,ADV,Degree=Pos
фракцията,фракция,та,фракция та,фракция та,correct,NOUN,Definite=Def|Gender=Fem|Number=Sing
козата,коза,та,коза та,коза та,correct,NOUN,Definite=Def|Gender=Fem|Number=Sing
любящ,любя,щ,любя щ,любящ,skipped_single_token,ADJ,Aspect=Imp|Definite=Ind|Degree=Pos|Gender=Masc|Number=Sing|Tense=Pres|VerbForm=Part|Voice=Act
творчеството,творчество,то,творчество то,творчество то,correct,NOUN,Definite=Def|Gender=Neut|Number=Sing
компонентите,компонент,ите,компонент ите,компонент ите,correct,NOUN,Definite=Def|Gender=Masc|Number=Plur
тарикати,тарикат,и,тарикат и,тарикат и,correct,NOUN,Definite=Ind|Gender=Masc|Number=Plur
люка,люк,а,люк а,люк а,correct,NOUN,Definite=Def|Gender=Masc|Number=Sing
правителственото,правителствен,ото,правителствен ото,правителствено то,adj_def_boundary,ADJ,Definite=Def|Degree=Pos|Gender=Neut|Number=Sing
шествието,шествие,то,шествие то,шествие то,correct,NOUN,Definite=Def|Gender=Neut|Number=Sing
хората,хора,та,хора та,хора та,correct,NOUN,Definite=Def|Number=Ptan
ревът,рев,ът,рев ът,рев ът,correct,NOUN,Definite=Def|Gender=Masc|Number=Sing
пускането,пускане,то,пускане то,пускане то,correct,NOUN,Definite=Def|Gender=Neut|Number=Sing
затворите,затвор,ите,затвор ите,затвор ите,correct,NOUN,Definite=Def|Gender=Masc|Number=Plur
независимостта,независимост,та,независимост та,независимост та,correct,NOUN,Definite=Def|Gender=Fem|Number=Sing
проверят,проверя,т,проверя т,проверя т,correct,VERB,Aspect=Perf|Mood=Ind|Number=Plur|Person=3|Tense=Pres|VerbForm=Fin|Voice=Act
заместник-председатели,заместник-председател,и,заместник-председател и,заместник-председател и,correct,NOUN,Definite=Ind|Gender=Masc|Number=Plur
училището,училище,то,училище то,училище то,correct,NOUN,Definite=Def|Gender=Neut|Number=Sing
ботуши,ботуш,и,ботуш и,ботуш и,correct,NOUN,Definite=Ind|Gender=Masc|Number=Plur
цъфтяха,цъфтя,ха,цъфтя ха,цъфтя ха,correct,VERB,Aspect=Imp|Mood=Ind|Number=Plur|Person=3|Tense=Imp|VerbForm=Fin|Voice=Act
сандали,сандал,и,сандал и,сандал и,correct,NOUN,Definite=Ind|Gender=Masc|Number=Plur
дунавските,дунавски,те,дунавски те,дунавск ите,adj_def_boundary,ADJ,Definite=Def|Degree=Pos|Number=Plur
данъкът,данък,ът,данък ът,данък ът,correct,NOUN,Definite=Def|Gender=Masc|Number=Sing
шампионата,шампионат,а,шампионат а,шампионат а,correct,NOUN,Definite=Def|Gender=Masc|Number=Sing
речника,речник,а,речник а,речник а,correct,NOUN,Definite=Def|Gender=Masc|Number=Sing
печата,печат,а,печат а,печат а,correct,NOUN,Definite=Def|Gender=Fem|Number=Sing
махмурлукът,махмурлук,ът,махмурлук ът,махмурлук ът,correct,NOUN,Definite=Def|Gender=Masc|Number=Sing
кредитирането,кредитиране,то,кредитиране то,кредитиране то,correct,NOUN,Definite=Def|Gender=Neut|Number=Sing
скорости,скорост,и,скорост и,скорост и,correct,NOUN,Definite=Ind|Gender=Fem|Number=Plur
службата,служба,та,служба та,служба та,correct,NOUN,Definite=Def|Gender=Fem|Number=Sing
исляма,ислям,а,ислям а,ислям а,correct,NOUN,Definite=Def|Gender=Masc|Number=Sing
изпаднаха,изпадна,ха,изпадна ха,изпадна ха,correct,VERB,Aspect=Perf|Mood=Ind|Number=Plur|Person=3|Tense=Past|VerbForm=Fin|Voice=Act
блокирането,блокиране,то,блокиране то,блокиране то,correct,NOUN,Definite=Def|Gender=Neut|Number=Sing
интегрирането,интегриране,то,интегриране то,интегриране то,correct,NOUN,Definite=Def|Gender=Neut|Number=Sing
запознаването,запознаване,то,запознаване то,запознаване то,correct,NOUN,Definite=Def|Gender=Neut|Number=Sing
кукловодът,кукловод,ът,кукловод ът,кукловод ът,correct,NOUN,Definite=Def|Gender=Masc|Number=Sing
хитона,хитон,а,хитон а,хитон а,correct,NOUN,Definite=Def|Gender=Masc|Number=Sing
кинокомпанията,кинокомпания,та,кинокомпания та,кинокомпания та,correct,NOUN,Definite=Def|Gender=Fem|Number=Sing
познаваме,познавам,е,познавам е,познава ме,plu1person_boundary,VERB,Aspect=Imp|Mood=Ind|Number=Plur|Person=1|Tense=Pres|VerbForm=Fin|Voice=Act
обществената,обществен,ата,обществен ата,обществена та,adj_def_boundary,ADJ,Definite=Def|Degree=Pos|Gender=Fem|Number=Sing
достигнал,достигна,л,достигна л,достигна л,correct,VERB,Aspect=Perf|Definite=Ind|Gender=Masc|Number=Sing|Tense=Past|VerbForm=Part|Voice=Act
помощите,помощ,ите,помощ ите,помощ ите,correct,NOUN,Definite=Def|Gender=Fem|Number=Plur
мотивът,мотив,ът,мотив ът,мотив ът,correct,NOUN,Definite=Def|Gender=Masc|Number=Sing
необикновена,необикновен,а,необикновен а,необикновена,adj_gender,ADJ,Definite=Ind|Degree=Pos|Gender=Fem|Number=Sing
управлението,управление,то,управление то,управление то,correct,NOUN,Definite=Def|Gender=Neut|Number=Sing
ориентацията,ориентация,та,ориентация та,ориентация та,correct,NOUN,Definite=Def|Gender=Fem|Number=Sing
тежестта,тежест,та,тежест та,тежест та,correct,NOUN,Definite=Def|Gender=Fem|Number=Sing
студентите,студент,ите,студент ите,студент ите,correct,NOUN,Definite=Def|Gender=Masc|Number=Plur
несъгласието,несъгласие,то,несъгласие то,несъгласие то,correct,NOUN,Definite=Def|Gender=Neut|Number=Sing
кръгът,кръг,ът,кръг ът,кръг ът,correct,NOUN,Definite=Def|Gender=Masc|Number=Sing
метлата,метла,та,метла та,метла та,correct,NOUN,Definite=Def|Gender=Fem|Number=Sing
курса,курс,а,курс а,курс а,correct,NOUN,Definite=Def|Gender=Masc|Number=Sing
заводи,завод,и,завод и,завод и,correct,NOUN,Definite=Ind|Gender=Masc|Number=Plur
талантливи,талантлив,и,талантлив и,талантлив и,correct,ADJ,Definite=Ind|Degree=Pos|Number=Plur
преструктурираме,преструктурирам,е,преструктурирам е,преструктурира ме,plu1person_boundary,VERB,Aspect=Imp|Mood=Ind|Number=Plur|Person=1|Tense=Pres|VerbForm=Fin|Voice=Act
попречат,попреча,т,попреча т,попреча т,correct,VERB,Aspect=Perf|Mood=Ind|Number=Plur|Person=3|Tense=Pres|VerbForm=Fin|Voice=Act
новината,новина,та,новина та,новина та,correct,NOUN,Definite=Def|Gender=Fem|Number=Sing
надпреварата,надпревара,та,надпревара та,надпревара та,correct,NOUN,Definite=Def|Gender=Fem|Number=Sing
китайските,китайски,те,китайски те,китайск ите,adj_def_boundary,ADJ,Definite=Def|Degree=Pos|Number=Plur
тишината,тишина,та,тишина та,тишина та,correct,NOUN,Definite=Def|Gender=Fem|Number=Sing
обществени,обществен,и,обществен и,обществен и,correct,ADJ,Definite=Ind|Degree=Pos|Number=Plur
потръпването,потръпване,то,потръпване то,потръпване то,correct,NOUN,Definite=Def|Gender=Neut|Number=Sing
американецът,американец,ът,американец ът,американец ът,correct,NOUN,Definite=Def|Gender=Masc|Number=Sing
следствена,следствен,а,следствен а,следствена,adj_gender,ADJ,Definite=Ind|Degree=Pos|Gender=Fem|Number=Sing
приятелят,приятел,ят,приятел ят,приятел ят,correct,NOUN,Definite=Def|Gender=Masc|Number=Sing
аеропорта,аеропорт,а,аеропорт а,аеропорт а,correct,NOUN,Definite=Def|Gender=Masc|Number=Sing
виолетова,виолетов,а,виолетов а,виолетова,adj_gender,ADJ,Definite=Ind|Degree=Pos|Gender=Fem|Number=Sing
дроба,дроб,а,дроб а,дроб а,correct,NOUN,Definite=Def|Gender=Masc|Number=Sing
мироопазващите,мироопазващ,ите,мироопазващ ите,мироопазващи те,adj_def_boundary,ADJ,Aspect=Imp|Definite=Def|Degree=Pos|Number=Plur|Tense=Pres|VerbForm=Part|Voice=Act
автомобилите,автомобил,ите,автомобил ите,автомобил ите,correct,NOUN,Definite=Def|Gender=Masc|Number=Plur
верските,верски,те,верски те,верск ите,adj_def_boundary,ADJ,Definite=Def|Degree=Pos|Number=Plur
носа,нос,а,нос а,нос а,correct,NOUN,Definite=Def|Gender=Masc|Number=Sing
проекта,проект,а,проект а,проект а,correct,NOUN,Definite=Def|Gender=Masc|Number=Sing
независимата,независим,ата,независим ата,независима та,adj_def_boundary,ADJ,Definite=Def|Degree=Pos|Gender=Fem|Number=Sing
детството,детство,то,детство то,детство то,correct,NOUN,Definite=Def|Gender=Neut|Number=Sing
лоша,лош,а,лош а,лоша,adj_gender,ADJ,Definite=Ind|Degree=Pos|Gender=Fem|Number=Sing
построяването,построяване,то,построяване то,построяване то,correct,NOUN,Definite=Def|Gender=Neut|Number=Sing
широка,широк,а,широк а,широка,adj_gender,ADJ,Definite=Ind|Degree=Pos|Gender=Fem|Number=Sing
нефтопродукти,нефтопродукт,и,нефтопродукт и,нефтопродукт и,correct,NOUN,Definite=Ind|Gender=Masc|Number=Plur
редове,ред,ове,ред ове,ред ове,correct,NOUN,Definite=Ind|Gender=Masc|Number=Plur
мълчанието,мълчание,то,мълчание то,мълчание то,correct,NOUN,Definite=Def|Gender=Neut|Number=Sing
нощта,нощ,та,нощ та,нощ та,correct,NOUN,Definite=Def|Gender=Fem|Number=Sing
власти,власт,и,власт и,власт и,correct,NOUN,Definite=Ind|Gender=Fem|Number=Plur
конгресмени,конгресмен,и,конгресмен и,конгресмен и,correct,NOUN,Definite=Ind|Gender=Masc|Number=Plur
сутринта,сутрин,та,сутрин та,сутрин та,correct,NOUN,Definite=Def|Gender=Fem|Number=Sing
смяната,смяна,та,смяна та,смяна та,correct,NOUN,Definite=Def|Gender=Fem|Number=Sing
маркучи,маркуч,и,маркуч и,маркуч и,correct,NOUN,Definite=Ind|Gender=Masc|Number=Plur
врага,враг,а,враг а,враг а,correct,NOUN,Definite=Def|Gender=Masc|Number=Sing
боксьора,боксьор,а,боксьор а,боксьор а,correct,NOUN,Definite=Def|Gender=Masc|Number=Sing
трупата,трупа,та,трупа та,трупа та,correct,NOUN,Definite=Def|Gender=Fem|Number=Sing
секретарят,секретар,ят,секретар ят,секретар ят,correct,NOUN,Definite=Def|Gender=Masc|Number=Sing
облекат,облека,т,облека т,облека т,correct,VERB,Aspect=Perf|Mood=Ind|Number=Plur|Person=3|Tense=Pres|VerbForm=Fin|Voice=Act
търпят,търпя,т,търпя т,търпя т,correct,VERB,Aspect=Imp|Mood=Ind|Number=Plur|Person=3|Tense=Pres|VerbForm=Fin|Voice=Act
освобождаването,освобождаване,то,освобождаване то,освобождаване то,correct,NOUN,Definite=Def|Gender=Neut|Number=Sing
бъдещата,бъдещ,ата,бъдещ ата,бъдеща та,adj_def_boundary,ADJ,Definite=Def|Degree=Pos|Gender=Fem|Number=Sing
абонатите,абонат,ите,абонат ите,абонат ите,correct,NOUN,Definite=Def|Gender=Masc|Number=Plur
членовете,член,овете,член овете,член овете,correct,NOUN,Definite=Def|Gender=Masc|Number=Plur
наместника,наместник,а,наместник а,наместник а,correct,NOUN,Definite=Def|Gender=Masc|Number=Sing
най-бавно,най-,бавно,най- бавно,най- бавно,correct,ADV,Degree=Sup
клепачи,клепач,и,клепач и,клепач и,correct,NOUN,Definite=Ind|Gender=Masc|Number=Plur
курортите,курорт,ите,курорт ите,курорт ите,correct,NOUN,Definite=Def|Gender=Masc|Number=Plur
ветеринарите,ветеринар,ите,ветеринар ите,ветеринар ите,correct,NOUN,Definite=Def|Gender=Masc|Number=Plur
джоба,джоб,а,джоб а,джоб а,correct,NOUN,Definite=Def|Gender=Masc|Number=Sing
сестричето,сестриче,то,сестриче то,сестриче то,correct,NOUN,Definite=Def|Gender=Neut|Number=Sing
купата,купа,та,купа та,купа та,correct,NOUN,Definite=Def|Gender=Fem|Number=Sing
убият,убия,т,убия т,убия т,correct,VERB,Aspect=Perf|Mood=Ind|Number=Plur|Person=3|Tense=Pres|VerbForm=Fin|Voice=Act
обществения,обществен,ия,обществен ия,обществен ия,correct,ADJ,Definite=Def|Degree=Pos|Gender=Masc|Number=Sing
картината,картина,та,картина та,картина та,correct,NOUN,Definite=Def|Gender=Fem|Number=Sing
газена,газен,а,газен а,газена,adj_gender,ADJ,Definite=Ind|Degree=Pos|Gender=Fem|Number=Sing
съкращаването,съкращаване,то,съкращаване то,съкращаване то,correct,NOUN,Definite=Def|Gender=Neut|Number=Sing
прототипи,прототип,и,прототип и,прототип и,correct,NOUN,Definite=Ind|Gender=Masc|Number=Plur
плащаме,плащам,е,плащам е,плаща ме,plu1person_boundary,VERB,Aspect=Imp|Mood=Ind|Number=Plur|Person=1|Tense=Pres|VerbForm=Fin|Voice=Act
видове,вид,ове,вид ове,вид ове,correct,NOUN,Definite=Ind|Gender=Masc|Number=Plur
най-лесно,най-,лесно,най- лесно,най- лесно,correct,ADV,Degree=Sup
етапа,етап,а,етап а,етап а,correct,NOUN,Definite=Def|Gender=Masc|Number=Sing
пророческите,пророчески,те,пророчески те,пророческ ите,adj_def_boundary,ADJ,Definite=Def|Degree=Pos|Number=Plur
светия,свет,ия,свет ия,свет ия,correct,ADJ,Definite=Def|Degree=Pos|Gender=Masc|Number=Sing
мила,мил,а,мил а,мила,adj_gender,ADJ,Definite=Ind|Degree=Pos|Gender=Fem|Number=Sing
напрегнатия,напрегнат,ия,напрегнат ия,напрегнат ия,correct,ADJ,Definite=Def|Degree=Pos|Gender=Masc|Number=Sing
кражбата,кражба,та,кражба та,кражба та,correct,NOUN,Definite=Def|Gender=Fem|Number=Sing
осезаеми,осезаем,и,осезаем и,осезаем и,correct,ADJ,Definite=Ind|Degree=Pos|Number=Plur
финала,финал,а,финал а,финал а,correct,NOUN,Definite=Def|Gender=Masc|Number=Sing
изтърпят,изтърпя,т,изтърпя т,изтърпя т,correct,VERB,Aspect=Perf|Mood=Ind|Number=Plur|Person=3|Tense=Pres|VerbForm=Fin|Voice=Act
селекционерът,селекционер,ът,селекционер ът,селекционер ът,correct,NOUN,Definite=Def|Gender=Masc|Number=Sing
отмъкнаха,отмъкна,ха,отмъкна ха,отмъкна ха,correct,VERB,Aspect=Perf|Mood=Ind|Number=Plur|Person=3|Tense=Past|VerbForm=Fin|Voice=Act
нападателя,нападател,я,нападател я,нападател я,correct,NOUN,Definite=Def|Gender=Masc|Number=Sing
шенгенските,шенгенски,те,шенгенски те,шенгенск ите,adj_def_boundary,ADJ,Definite=Def|Degree=Pos|Number=Plur
поникналата,поникна,лата,поникна лата,поникнала та,adj_def_boundary,ADJ,Aspect=Perf|Definite=Def|Degree=Pos|Gender=Fem|Number=Sing|Tense=Past|VerbForm=Part|Voice=Act
ваша,ваш,а,ваш а,ваша,adj_gender,DET,Definite=Ind|Gender=Fem|Number=Sing|Person=2|Poss=Yes|PronType=Prs
яденето,ядене,то,ядене то,ядене то,correct,NOUN,Definite=Def|Gender=Neut|Number=Sing
краля,крал,я,крал я,крал я,correct,NOUN,Definite=Def|Gender=Masc|Number=Sing
адреса,адрес,а,адрес а,адрес а,correct,NOUN,Definite=Def|Gender=Masc|Number=Sing
тоталитаристите,тоталитарист,ите,тоталитарист ите,тоталитарист ите,correct,NOUN,Definite=Def|Gender=Masc|Number=Plur
поканата,покана,та,покана та,покана та,correct,NOUN,Definite=Def|Gender=Fem|Number=Sing
миокарда,миокард,а,миокард а,миокард а,correct,NOUN,Definite=Def|Gender=Masc|Number=Sing
пиенето,пиене,то,пиене то,пиене то,correct,NOUN,Definite=Def|Gender=Neut|Number=Sing
тромава,тромав,а,тромав а,тромава,adj_gender,ADJ,Definite=Ind|Degree=Pos|Gender=Fem|Number=Sing
възможността,възможност,та,възможност та,възможност та,correct,NOUN,Definite=Def|Gender=Fem|Number=Sing
доставчика,доставчик,а,доставчик а,доставчик а,correct,NOUN,Definite=Def|Gender=Masc|Number=Sing
текат,тека,т,тека т,тека т,correct,VERB,Aspect=Imp|Mood=Ind|Number=Plur|Person=3|Tense=Pres|VerbForm=Fin|Voice=Act
крадат,крада,т,крада т,крада т,correct,VERB,Aspect=Imp|Mood=Ind|Number=Plur|Person=3|Tense=Pres|VerbForm=Fin|Voice=Act
републиканските,републикански,те,републикански те,републиканск ите,adj_def_boundary,ADJ,Definite=Def|Degree=Pos|Number=Plur
сърбина,сърбин,а,сърбин а,сърбин а,correct,NOUN,Definite=Def|Gender=Masc|Number=Sing
хайдушките,хайдушки,те,хайдушки те,хайдушк ите,adj_def_boundary,ADJ,Definite=Def|Degree=Pos|Number=Plur
краката,крак,ата,крак ата,крак ата,correct,NOUN,Definite=Def|Gender=Masc|Number=Plur
розовото,розов,ото,розов ото,розово то,adj_def_boundary,ADJ,Definite=Def|Degree=Pos|Gender=Neut|Number=Sing
милиона,милион,а,милион а,милион а,correct,NOUN,Definite=Def|Gender=Masc|Number=Sing
потърпевшите,потърпевш,ите,потърпевш ите,потърпевш ите,correct,ADJ,Definite=Def|Degree=Pos|Number=Plur
защитата,защита,та,защита та,защита та,correct,NOUN,Definite=Def|Gender=Fem|Number=Sing
майсторските,майсторски,те,майсторски те,майсторск ите,adj_def_boundary,ADJ,Definite=Def|Degree=Pos|Number=Plur
ботушите,ботуш,ите,ботуш ите,ботуш ите,correct,NOUN,Definite=Def|Gender=Masc|Number=Plur
спортът,спорт,ът,спорт ът,спорт ът,correct,NOUN,Definite=Def|Gender=Masc|Number=Sing
гражданския,граждански,я,граждански я,граждански я,correct,ADJ,Definite=Def|Degree=Pos|Gender=Masc|Number=Sing
дебатът,дебат,ът,дебат ът,дебат ът,correct,NOUN,Definite=Def|Gender=Masc|Number=Sing
съвети,съвет,и,съвет и,съвет и,correct,NOUN,Definite=Ind|Gender=Masc|Number=Plur
равнината,равнина,та,равнина та,равнина та,correct,NOUN,Definite=Def|Gender=Fem|Number=Sing
реалностите,реалност,ите,реалност ите,реалност ите,correct,NOUN,Definite=Def|Gender=Fem|Number=Plur
реактори,реактор,и,реактор и,реактор и,correct,NOUN,Definite=Ind|Gender=Masc|Number=Plur
плановете,план,овете,план овете,план овете,correct,NOUN,Definite=Def|Gender=Masc|Number=Plur
биотокове,биоток,ове,биоток ове,биоток ове,correct,NOUN,Definite=Ind|Gender=Masc|Number=Plur
мило,мил,о,мил о,мило,adj_gender,ADV,Degree=Pos
неканени,неканен,и,неканен и,неканен и,correct,ADJ,Definite=Ind|Degree=Pos|Number=Plur
младежите,младеж,ите,младеж ите,младеж ите,correct,NOUN,Definite=Def|Gender=Masc|Number=Plur
пристигнала,пристигна,ла,пристигна ла,пристигна ла,correct,VERB,Aspect=Perf|Definite=Ind|Gender=Fem|Number=Sing|Tense=Past|VerbForm=Part|Voice=Act
питието,питие,то,питие то,питие то,correct,NOUN,Definite=Def|Gender=Neut|Number=Sing
орбитата,орбита,та,орбита та,орбита та,correct,NOUN,Definite=Def|Gender=Fem|Number=Sing
завесата,завеса,та,завеса та,завеса та,correct,NOUN,Definite=Def|Gender=Fem|Number=Sing
операторите,оператор,ите,оператор ите,оператор ите,correct,NOUN,Definite=Def|Gender=Masc|Number=Plur
прословутото,прословут,ото,прословут ото,прословуто то,adj_def_boundary,ADJ,Definite=Def|Degree=Pos|Gender=Neut|Number=Sing
износа,износ,а,износ а,износ а,correct,NOUN,Definite=Def|Gender=Masc|Number=Sing
монопола,монопол,а,монопол а,монопол а,correct,NOUN,Definite=Def|Gender=Masc|Number=Sing
усвоят,усвоя,т,усвоя т,усвоя т,correct,VERB,Aspect=Perf|Mood=Ind|Number=Plur|Person=3|Tense=Pres|VerbForm=Fin|Voice=Act
моделът,модел,ът,модел ът,модел ът,correct,NOUN,Definite=Def|Gender=Masc|Number=Sing
писмото,писмо,то,писмо то,писмо то,correct,NOUN,Definite=Def|Gender=Neut|Number=Sing
суверенитета,суверенитет,а,суверенитет а,суверенитет а,correct,NOUN,Definite=Def|Gender=Masc|Number=Sing
човечеството,човечество,то,човечество то,човечество то,correct,NOUN,Definite=Def|Gender=Neut|Number=Sing
календари,календар,и,календар и,календар и,correct,NOUN,Definite=Ind|Gender=Masc|Number=Plur
церемонията,церемония,та,церемония та,церемония та,correct,NOUN,Definite=Def|Gender=Fem|Number=Sing
риска,риск,а,риск а,риск а,correct,NOUN,Definite=Def|Gender=Masc|Number=Sing
мъката,мъка,та,мъка та,мъка та,correct,NOUN,Definite=Def|Gender=Fem|Number=Sing
демократите,демократ,ите,демократ ите,демократ ите,correct,NOUN,Definite=Def|Gender=Masc|Number=Plur
рискове,риск,ове,риск ове,риск ове,correct,NOUN,Definite=Ind|Gender=Masc|Number=Plur
филми,филм,и,филм и,филм и,correct,NOUN,Definite=Ind|Gender=Masc|Number=Plur
спортистите,спортист,ите,спортист ите,спортист ите,correct,NOUN,Definite=Def|Gender=Masc|Number=Plur
шеф-надзорникът,шеф-надзорник,ът,шеф-надзорник ът,шеф-надзорник ът,correct,NOUN,Definite=Def|Gender=Masc|Number=Sing
оръжието,оръжие,то,оръжие то,оръжие то,correct,NOUN,Definite=Def|Gender=Neut|Number=Sing
страсти,страст,и,страст и,страст и,correct,NOUN,Definite=Ind|Gender=Fem|Number=Plur
най-малко,най-,малко,най- малко,най- малко,correct,ADV,Definite=Ind|Degree=Pos|Number=Plur|NumType=Card
шофьора,шофьор,а,шофьор а,шофьор а,correct,NOUN,Definite=Def|Gender=Masc|Number=Sing
здрави,здрав,и,здрав и,здрав и,correct,ADJ,Definite=Ind|Degree=Pos|Number=Plur
съществуването,съществуване,то,съществуване то,съществуване то,correct,NOUN,Definite=Def|Gender=Neut|Number=Sing
късмета,късмет,а,късмет а,късмет а,correct,NOUN,Definite=Def|Gender=Masc|Number=Sing
артисти,артист,и,артист и,артист и,correct,NOUN,Definite=Ind|Gender=Masc|Number=Plur
вземането,вземане,то,вземане то,вземане то,correct,NOUN,Definite=Def|Gender=Neut|Number=Sing
доходи,доход,и,доход и,доход и,correct,NOUN,Definite=Ind|Gender=Masc|Number=Plur
събратя,събрат,я,събрат я,събратя,skipped_single_token,NOUN,Definite=Ind|Gender=Masc|Number=Plur
бъдещо,бъдещ,о,бъдещ о,бъдещо,adj_gender,ADJ,Definite=Ind|Degree=Pos|Gender=Neut|Number=Sing
нашето,наш,ето,наш ето,наше то,adj_def_boundary,DET,Definite=Def|Gender=Neut|Number=Sing|Person=1|Poss=Yes|PronType=Prs
държавата,държава,та,държава та,държава та,correct,NOUN,Definite=Def|Gender=Fem|Number=Sing
остарбайтери,остарбайтер,и,остарбайтер и,остарбайтер и,correct,NOUN,Definite=Ind|Gender=Masc|Number=Plur
непоправима,непоправим,а,непоправим а,непоправима,adj_gender,ADJ,Definite=Ind|Degree=Pos|Gender=Fem|Number=Sing
предстоящата,предстоя,щата,предстоя щата,предстояща та,adj_def_boundary,ADJ,Aspect=Imp|Definite=Def|Degree=Pos|Gender=Fem|Number=Sing|Tense=Pres|VerbForm=Part|Voice=Act
вариантът,вариант,ът,вариант ът,вариант ът,correct,NOUN,Definite=Def|Gender=Masc|Number=Sing
възникналия,възникна,лия,възникна лия,възникнали я,adj_def_boundary,ADJ,Aspect=Perf|Definite=Def|Degree=Pos|Gender=Masc|Number=Sing|Tense=Past|VerbForm=Part|Voice=Act
чернокожи,чернокож,и,чернокож и,чернокож и,correct,ADJ,Definite=Ind|Degree=Pos|Number=Plur
опазването,опазване,то,опазване то,опазване то,correct,NOUN,Definite=Def|Gender=Neut|Number=Sing
химическите,химически,те,химически те,химическ ите,adj_def_boundary,ADJ,Definite=Def|Degree=Pos|Number=Plur
миньорският,миньорски,ят,миньорски ят,миньорски ят,correct,ADJ,Definite=Def|Degree=Pos|Gender=Masc|Number=Sing
шефския,шефски,я,шефски я,шефски я,correct,ADJ,Definite=Def|Degree=Pos|Gender=Masc|Number=Sing
почистването,почистване,то,почистване то,почистване то,correct,NOUN,Definite=Def|Gender=Neut|Number=Sing
припаси,припас,и,припас и,припаси,skipped_single_token,NOUN,Definite=Ind|Number=Ptan
оплешивяването,оплешивяване,то,оплешивяване то,оплешивяване то,correct,NOUN,Definite=Def|Gender=Neut|Number=Sing
постигната,постигна,та,постигна та,постигната,skipped_single_token,VERB,Aspect=Perf|Definite=Ind|Gender=Fem|Number=Sing|VerbForm=Part|Voice=Pass
автографи,автограф,и,автограф и,автограф и,correct,NOUN,Definite=Ind|Gender=Masc|Number=Plur
инсулина,инсулин,а,инсулин а,инсулин а,correct,NOUN,Definite=Def|Gender=Masc|Number=Sing
обстрела,обстрел,а,обстрел а,обстрел а,correct,NOUN,Definite=Def|Gender=Masc|Number=Sing
югославянина,югославянин,а,югославянин а,югославянин а,correct,NOUN,Definite=Def|Gender=Masc|Number=Sing
националисти,националист,и,националист и,националист и,correct,NOUN,Definite=Ind|Gender=Masc|Number=Plur
въпроса,въпрос,а,въпрос а,въпрос а,correct,NOUN,Definite=Def|Gender=Masc|Number=Sing
по-ценен,по-,ценен,по- ценен,по- ценен,correct,ADJ,Definite=Ind|Degree=Pos|Gender=Masc|Number=Sing
приятелството,приятелство,то,приятелство то,приятелство то,correct,NOUN,Definite=Def|Gender=Neut|Number=Sing
пристанището,пристанище,то,пристанище то,пристанище то,correct,NOUN,Definite=Def|Gender=Neut|Number=Sing
подписването,подписване,то,подписване то,подписване то,correct,NOUN,Definite=Def|Gender=Neut|Number=Sing
студа,студ,а,студ а,студ а,correct,NOUN,Definite=Def|Gender=Masc|Number=Sing
майсторите,майстор,ите,майстор ите,майстор ите,correct,NOUN,Definite=Def|Gender=Masc|Number=Plur
тимът,тим,ът,тим ът,тим ът,correct,NOUN,Definite=Def|Gender=Masc|Number=Sing
паметта,памет,та,памет та,памет та,correct,NOUN,Definite=Def|Gender=Fem|Number=Sing
занаятите,занаят,ите,занаят ите,занаят ите,correct,NOUN,Definite=Def|Gender=Masc|Number=Plur
холдинга,холдинг,а,холдинг а,холдинг а,correct,NOUN,Definite=Def|Gender=Masc|Number=Sing
навечерието,навечерие,то,навечерие то,навечерие то,correct,NOUN,Definite=Def|Gender=Neut|Number=Sing
домовете,дом,овете,дом овете,дом овете,correct,NOUN,Definite=Def|Gender=Masc|Number=Plur
хърватските,хърватски,те,хърватски те,хърватск ите,adj_def_boundary,ADJ,Definite=Def|Degree=Pos|Number=Plur
младежи,младеж,и,младеж и,младеж и,correct,NOUN,Definite=Ind|Gender=Masc|Number=Plur
драхмата,драхма,та,драхма та,драхма та,correct,NOUN,Definite=Def|Gender=Fem|Number=Sing
ваше,ваш,е,ваш е,ваше,adj_gender,DET,Definite=Ind|Gender=Neut|Number=Sing|Person=2|Poss=Yes|PronType=Prs
вицепремиерът,вицепремиер,ът,вицепремиер ът,вицепремиер ът,correct,NOUN,Definite=Def|Gender=Masc|Number=Sing
комина,комин,а,комин а,комин а,correct,NOUN,Definite=Def|Gender=Masc|Number=Sing
индекса,индекс,а,индекс а,индекс а,correct,NOUN,Definite=Def|Gender=Masc|Number=Sing
годишнината,годишнина,та,годишнина та,годишнина та,correct,NOUN,Definite=Def|Gender=Fem|Number=Sing
шекерите,шекер,ите,шекер ите,шекер ите,correct,NOUN,Definite=Def|Gender=Masc|Number=Plur
картечницата,картечница,та,картечница та,картечница та,correct,NOUN,Definite=Def|Gender=Fem|Number=Sing
уреда,уред,а,уред а,уред а,correct,NOUN,Definite=Def|Gender=Masc|Number=Sing
родопските,родопски,те,родопски те,родопск ите,adj_def_boundary,ADJ,Definite=Def|Degree=Pos|Number=Plur
спят,спя,т,спя т,спя т,correct,VERB,Aspect=Imp|Mood=Ind|Number=Plur|Person=3|Tense=Pres|VerbForm=Fin|Voice=Act
прогреса,прогрес,а,прогрес а,прогрес а,correct,NOUN,Definite=Def|Gender=Masc|Number=Sing
часа,час,а,час а,час а,correct,NOUN,Definite=Def|Gender=Masc|Number=Sing
офицерите,офицер,ите,офицер ите,офицер ите,correct,NOUN,Definite=Def|Gender=Masc|Number=Plur
ексшефовете,ексшеф,овете,ексшеф овете,ексшеф овете,correct,NOUN,Definite=Def|Gender=Masc|Number=Plur
тима,тим,а,тим а,тим а,correct,NOUN,Definite=Def|Gender=Masc|Number=Sing
фондова,фондов,а,фондов а,фондова,adj_gender,ADJ,Definite=Ind|Degree=Pos|Gender=Fem|Number=Sing
криви,крив,и,крив и,крив и,correct,ADJ,Definite=Ind|Degree=Pos|Number=Plur
щати,щат,и,щат и,щат и,correct,NOUN,Definite=Ind|Gender=Masc|Number=Plur
орехи,орех,и,орех и,орех и,correct,NOUN,Definite=Ind|Gender=Masc|Number=Plur
класовете,клас,овете,клас овете,клас овете,correct,NOUN,Definite=Def|Gender=Masc|Number=Plur
чукове,чук,ове,чук ове,чук ове,correct,NOUN,Definite=Ind|Gender=Masc|Number=Plur
по-внимателно,по-,внимателно,по- внимателно,по- внимателно,correct,ADV,Degree=Sup
рибари,рибар,и,рибар и,рибар и,correct,NOUN,Definite=Ind|Gender=Masc|Number=Plur
ръководенето,ръководене,то,ръководене то,ръководене то,correct,NOUN,Definite=Def|Gender=Neut|Number=Sing
пресата,преса,та,преса та,преса та,correct,NOUN,Definite=Def|Gender=Fem|Number=Sing
обществото,общество,то,общество то,общество то,correct,NOUN,Definite=Def|Gender=Neut|Number=Sing
звучат,звуча,т,звуча т,звуча т,correct,VERB,Aspect=Imp|Mood=Ind|Number=Plur|Person=3|Tense=Pres|VerbForm=Fin|Voice=Act
вторият,втори,ят,втори ят,втори ят,correct,ADJ,Definite=Def|Degree=Pos|Gender=Masc|Number=Sing|NumType=Ord
тока,ток,а,ток а,ток а,correct,NOUN,Definite=Def|Gender=Masc|Number=Sing
плаха,плах,а,плах а,плаха,adj_gender,ADJ,Definite=Ind|Degree=Pos|Gender=Fem|Number=Sing
битката,битка,та,битка та,битка та,correct,NOUN,Definite=Def|Gender=Fem|Number=Sing
средиземноморския,средиземноморски,я,средиземноморски я,средиземноморски я,correct,ADJ,Definite=Def|Degree=Pos|Gender=Masc|Number=Sing
запомнят,запомня,т,запомня т,запомн ят,wrong,VERB,Aspect=Imp|Mood=Ind|Number=Plur|Person=3|Tense=Pres|VerbForm=Fin|Voice=Act
изчезнало,изчезна,ло,изчезна ло,изчезна ло,correct,VERB,Aspect=Perf|Definite=Ind|Gender=Neut|Number=Sing|Tense=Past|VerbForm=Part|Voice=Act
обвиняеми,обвиняем,и,обвиняем и,обвиняем и,correct,NOUN,Definite=Ind|Gender=Masc|Number=Plur
учени,учен,и,учен и,учен и,correct,NOUN,Definite=Ind|Gender=Masc|Number=Plur
симпатизантите,симпатизант,ите,симпатизант ите,симпатизант ите,correct,NOUN,Definite=Def|Gender=Masc|Number=Plur
дисциплината,дисциплина,та,дисциплина та,дисциплина та,correct,NOUN,Definite=Def|Gender=Fem|Number=Sing
домът,дом,ът,дом ът,дом ът,correct,NOUN,Definite=Def|Gender=Masc|Number=Sing
обхванала,обхвана,ла,обхвана ла,обхвана ла,correct,VERB,Aspect=Perf|Definite=Ind|Gender=Fem|Number=Sing|Tense=Past|VerbForm=Part|Voice=Act
сътрудничат,сътруднича,т,сътруднича т,сътруднича т,correct,VERB,Aspect=Imp|Mood=Ind|Number=Plur|Person=3|Tense=Pres|VerbForm=Fin|Voice=Act
пушилката,пушилка,та,пушилка та,пушилка та,correct,NOUN,Definite=Def|Gender=Fem|Number=Sing
оператора,оператор,а,оператор а,оператор а,correct,NOUN,Definite=Def|Gender=Masc|Number=Sing
аптекарите,аптекар,ите,аптекар ите,аптекар ите,correct,NOUN,Definite=Def|Gender=Masc|Number=Plur
референдуми,референдум,и,референдум и,референдум и,correct,NOUN,Definite=Ind|Gender=Masc|Number=Plur
пакта,пакт,а,пакт а,пакт а,correct,NOUN,Definite=Def|Gender=Masc|Number=Sing
кречеталото,кречетало,то,кречетало то,кречетало то,correct,NOUN,Definite=Def|Gender=Neut|Number=Sing
формирането,формиране,то,формиране то,формиране то,correct,NOUN,Definite=Def|Gender=Neut|Number=Sing
пасажери,пасажер,и,пасажер и,пасажер и,correct,NOUN,Definite=Ind|Gender=Masc|Number=Plur
рибарските,рибарски,те,рибарски те,рибарск ите,adj_def_boundary,ADJ,Definite=Def|Degree=Pos|Number=Plur
евтино,евтин,о,евтин о,евтино,adj_gender,ADV,Degree=Pos
приемливи,приемлив,и,приемлив и,приемлив и,correct,ADJ,Definite=Ind|Degree=Pos|Number=Plur
футболистите,футболист,ите,футболист ите,футболист ите,correct,NOUN,Definite=Def|Gender=Masc|Number=Plur
упорството,упорство,то,упорство то,упорство то,correct,NOUN,Definite=Def|Gender=Neut|Number=Sing
гласуването,гласуване,то,гласуване то,гласуване то,correct,NOUN,Definite=Def|Gender=Neut|Number=Sing
нравите,нрав,ите,нрав ите,нрав ите,correct,NOUN,Definite=Def|Gender=Masc|Number=Plur
европейския,европейски,я,европейски я,европейски я,correct,ADJ,Definite=Def|Degree=Pos|Gender=Masc|Number=Sing
декара,декар,а,декар а,декар а,correct,NOUN,Definite=Def|Gender=Masc|Number=Sing
баскетшампиона,баскетшампион,а,баскетшампион а,баскетшампион а,correct,NOUN,Definite=Def|Gender=Masc|Number=Sing
тиха,тих,а,тих а,тиха,adj_gender,ADJ,Definite=Ind|Degree=Pos|Gender=Fem|Number=Sing
долара,долар,а,долар а,долар а,correct,NOUN,Definite=Def|Gender=Masc|Number=Sing
враговете,враг,овете,враг овете,враг овете,correct,NOUN,Definite=Def|Gender=Masc|Number=Plur
прегледи,преглед,и,преглед и,преглед и,correct,NOUN,Definite=Ind|Gender=Masc|Number=Plur
медитацията,медитация,та,медитация та,медитация та,correct,NOUN,Definite=Def|Gender=Fem|Number=Sing
разбирането,разбиране,то,разбиране то,разбиране то,correct,NOUN,Definite=Def|Gender=Neut|Number=Sing
коженото,кожен,ото,кожен ото,кожено то,adj_def_boundary,ADJ,Definite=Def|Degree=Pos|Gender=Neut|Number=Sing
пролетта,пролет,та,пролет та,пролет та,correct,NOUN,Definite=Def|Gender=Fem|Number=Sing
помогнали,помогна,ли,помогна ли,помогна ли,correct,VERB,Aspect=Perf|Definite=Ind|Number=Plur|Tense=Past|VerbForm=Part|Voice=Act
внучетата,внуче,тата,внуче тата,внуче тата,correct,NOUN,Definite=Def|Gender=Neut|Number=Plur
германския,германски,я,германски я,германски я,correct,ADJ,Definite=Def|Degree=Pos|Gender=Masc|Number=Sing
справедливо,справедлив,о,справедлив о,справедливо,adj_gender,ADV,Degree=Pos
югопрезидента,югопрезидент,а,югопрезидент а,югопрезидент а,correct,NOUN,Definite=Def|Gender=Masc|Number=Sing
ухото,ухо,то,ухо то,ухо то,correct,NOUN,Definite=Def|Gender=Neut|Number=Sing
килограми,килограм,и,килограм и,килограм и,correct,NOUN,Definite=Ind|Gender=Masc|Number=Plur
пожелаят,пожелая,т,пожелая т,пожелая т,correct,VERB,Aspect=Perf|Mood=Ind|Number=Plur|Person=3|Tense=Pres|VerbForm=Fin|Voice=Act
красивите,красив,ите,красив ите,красив ите,correct,ADJ,Definite=Def|Degree=Pos|Number=Plur
търга,търг,а,търг а,търг а,correct,NOUN,Definite=Def|Gender=Masc|Number=Sing
библиотеката,библиотека,та,библиотека та,библиотека та,correct,NOUN,Definite=Def|Gender=Fem|Number=Sing
патриарха,патриарх,а,патриарх а,патриарх а,correct,NOUN,Definite=Def|Gender=Masc|Number=Sing
войсковите,войскови,те,войскови те,войсков ите,adj_def_boundary,ADJ,Definite=Def|Degree=Pos|Number=Plur
купуваме,купувам,е,купувам е,купува ме,plu1person_boundary,VERB,Aspect=Imp|Mood=Ind|Number=Plur|Person=1|Tense=Pres|VerbForm=Fin|Voice=Act
тезгяха,тезгях,а,тезгях а,тезгях а,correct,NOUN,Definite=Def|Gender=Masc|Number=Sing
погледи,поглед,и,поглед и,поглед и,correct,NOUN,Definite=Ind|Gender=Masc|Number=Plur
класирането,класиране,то,класиране то,класиране то,correct,NOUN,Definite=Def|Gender=Neut|Number=Sing
трудови,трудов,и,трудов и,трудов и,correct,ADJ,Definite=Ind|Degree=Pos|Number=Plur
вещи,вещ,и,вещ и,вещ и,correct,NOUN,Definite=Ind|Gender=Fem|Number=Plur
започнато,започна,то,започна то,започнато,skipped_single_token,VERB,Aspect=Perf|Definite=Ind|Gender=Neut|Number=Sing|VerbForm=Part|Voice=Pass
опашката,опашка,та,опашка та,опашка та,correct,NOUN,Definite=Def|Gender=Fem|Number=Sing
ангажирането,ангажиране,то,ангажиране то,ангажиране то,correct,NOUN,Definite=Def|Gender=Neut|Number=Sing
държавникът,държавник,ът,държавник ът,държавник ът,correct,NOUN,Definite=Def|Gender=Masc|Number=Sing
успехът,успех,ът,успех ът,успех ът,correct,NOUN,Definite=Def|Gender=Masc|Number=Sing
съзнанието,съзнание,то,съзнание то,съзнание то,correct,NOUN,Definite=Def|Gender=Neut|Number=Sing
бивша,бивш,а,бивш а,бивша,adj_gender,ADJ,Definite=Ind|Degree=Pos|Gender=Fem|Number=Sing
дирекцията,дирекция,та,дирекция та,дирекция та,correct,NOUN,Definite=Def|Gender=Fem|Number=Sing
фенклуба,фенклуб,а,фенклуб а,фенклуб а,correct,NOUN,Definite=Def|Gender=Masc|Number=Sing
милиардерът,милиардер,ът,милиардер ът,милиардер ът,correct,NOUN,Definite=Def|Gender=Masc|Number=Sing
обекта,обект,а,обект а,обект а,correct,NOUN,Definite=Def|Gender=Masc|Number=Sing
организаторите,организатор,ите,организатор ите,организатор ите,correct,NOUN,Definite=Def|Gender=Masc|Number=Plur
колективи,колектив,и,колектив и,колектив и,correct,NOUN,Definite=Ind|Gender=Masc|Number=Plur
чужди,чужд,и,чужд и,чужд и,correct,ADJ,Definite=Ind|Degree=Pos|Number=Plur
материали,материал,и,материал и,материал и,correct,NOUN,Definite=Ind|Gender=Masc|Number=Plur
слънчевите,слънчев,ите,слънчев ите,слънчев ите,correct,ADJ,Definite=Def|Degree=Pos|Number=Plur
срока,срок,а,срок а,срок а,correct,NOUN,Definite=Def|Gender=Masc|Number=Sing
тялото,тяло,то,тяло то,тяло то,correct,NOUN,Definite=Def|Gender=Neut|Number=Sing
диаметърът,диаметър,ът,диаметър ът,диаметър ът,correct,NOUN,Definite=Def|Gender=Masc|Number=Sing
хотела,хотел,а,хотел а,хотел а,correct,NOUN,Definite=Def|Gender=Masc|Number=Sing
двигателя,двигател,я,двигател я,двигател я,correct,NOUN,Definite=Def|Gender=Masc|Number=Sing
най-ясно,най-,ясно,най- ясно,най- ясно,correct,ADV,Degree=Sup
периода,период,а,период а,период а,correct,NOUN,Definite=Def|Gender=Masc|Number=Sing
попе,поп,е,поп е,попе,skipped_single_token,NOUN,Definite=Ind|Gender=Masc|Number=Sing
московските,московски,те,московски те,московск ите,adj_def_boundary,ADJ,Definite=Def|Degree=Pos|Number=Plur
ориза,ориз,а,ориз а,ориз а,correct,NOUN,Definite=Def|Gender=Masc|Number=Sing
расовата,расов,ата,расов ата,расова та,adj_def_boundary,ADJ,Definite=Def|Degree=Pos|Gender=Fem|Number=Sing
инициали,инициал,и,инициал и,инициал и,correct,NOUN,Definite=Ind|Gender=Masc|Number=Plur
мухата,муха,та,муха та,муха та,correct,NOUN,Definite=Def|Gender=Fem|Number=Sing
дипломатическия,дипломатически,я,дипломатически я,дипломатически я,correct,ADJ,Definite=Def|Degree=Pos|Gender=Masc|Number=Sing
желанието,желание,то,желание то,желание то,correct,NOUN,Definite=Def|Gender=Neut|Number=Sing
навалицата,навалица,та,навалица та,навалица та,correct,NOUN,Definite=Def|Gender=Fem|Number=Sing
списъкът,списък,ът,списък ът,списък ът,correct,NOUN,Definite=Def|Gender=Masc|Number=Sing
извода,извод,а,извод а,извод а,correct,NOUN,Definite=Def|Gender=Masc|Number=Sing
обектите,обект,ите,обект ите,обект ите,correct,NOUN,Definite=Def|Gender=Masc|Number=Plur
люлката,люлка,та,люлка та,люлка та,correct,NOUN,Definite=Def|Gender=Fem|Number=Sing
експертизата,експертиза,та,експертиза та,експертиза та,correct,NOUN,Definite=Def|Gender=Fem|Number=Sing
вицепремиера,вицепремиер,а,вицепремиер а,вицепремиер а,correct,NOUN,Definite=Def|Gender=Masc|Number=Sing
хукнал,хукна,л,хукна л,хукна л,correct,VERB,Aspect=Perf|Definite=Ind|Gender=Masc|Number=Sing|Tense=Past|VerbForm=Part|Voice=Act
обществеността,общественост,та,общественост та,общественост та,correct,NOUN,Definite=Def|Gender=Fem|Number=Sing
момъкът,момък,ът,момък ът,момък ът,correct,NOUN,Definite=Def|Gender=Masc|Number=Sing
споменато,спомена,то,спомена то,споменато,skipped_single_token,VERB,Aspect=Perf|Definite=Ind|Gender=Neut|Number=Sing|VerbForm=Part|Voice=Pass
щъркелите,щъркел,ите,щъркел ите,щъркел ите,correct,NOUN,Definite=Def|Gender=Masc|Number=Plur
по-така,по-,така,по- така,по- така,correct,ADV,Degree=Pos
коремът,корем,ът,корем ът,корем ът,correct,NOUN,Definite=Def|Gender=Masc|Number=Sing
евродепутатите,евродепутат,ите,евродепутат ите,евродепутат ите,correct,NOUN,Definite=Def|Gender=Masc|Number=Plur
платното,платно,то,платно то,платно то,correct,NOUN,Definite=Def|Gender=Neut|Number=Sing
съобщението,съобщение,то,съобщение то,съобщение то,correct,NOUN,Definite=Def|Gender=Neut|Number=Sing
техниката,техника,та,техника та,техника та,correct,NOUN,Definite=Def|Gender=Fem|Number=Sing
свикнат,свикна,т,свикна т,свикна т,correct,VERB,Aspect=Perf|Mood=Ind|Number=Plur|Person=3|Tense=Pres|VerbForm=Fin|Voice=Act
мачът,мач,ът,мач ът,мач ът,correct,NOUN,Definite=Def|Gender=Masc|Number=Sing
възкресението,възкресение,то,възкресение то,възкресение то,correct,NOUN,Definite=Def|Gender=Neut|Number=Sing
офицерския,офицерски,я,офицерски я,офицерски я,correct,ADJ,Definite=Def|Degree=Pos|Gender=Masc|Number=Sing
удовлетворяването,удовлетворяване,то,удовлетворяване то,удовлетворяване то,correct,NOUN,Definite=Def|Gender=Neut|Number=Sing
пианистката,пианистка,та,пианистка та,пианистка та,correct,NOUN,Definite=Def|Gender=Fem|Number=Sing
трескава,трескав,а,трескав а,трескава,adj_gender,ADJ,Definite=Ind|Degree=Pos|Gender=Fem|Number=Sing
ескадрони,ескадрон,и,ескадрон и,ескадрон и,correct,NOUN,Definite=Ind|Gender=Masc|Number=Plur
зетят,зет,ят,зет ят,зет ят,correct,NOUN,Definite=Def|Gender=Masc|Number=Sing
потребности,потребност,и,потребност и,потребност и,correct,NOUN,Definite=Ind|Gender=Fem|Number=Plur
общественият,обществен,ият,обществен ият,обществен ият,correct,ADJ,Definite=Def|Degree=Pos|Gender=Masc|Number=Sing
инспекторатите,инспекторат,ите,инспекторат ите,инспекторат ите,correct,NOUN,Definite=Def|Gender=Masc|Number=Plur
началството,началство,то,началство то,началство то,correct,NOUN,Definite=Def|Gender=Neut|Number=Sing
селянката,селянка,та,селянка та,селянка та,correct,NOUN,Definite=Def|Gender=Fem|Number=Sing
мотора,мотор,а,мотор а,мотор а,correct,NOUN,Definite=Def|Gender=Masc|Number=Sing
майчиният,майчин,ият,майчин ият,майчин ият,correct,ADJ,Definite=Def|Degree=Pos|Gender=Masc|Number=Sing
преценката,преценка,та,преценка та,преценка та,correct,NOUN,Definite=Def|Gender=Fem|Number=Sing
лигата,лига,та,лига та,лига та,correct,NOUN,Definite=Def|Gender=Fem|Number=Sing
ечемика,ечемик,а,ечемик а,ечемик а,correct,NOUN,Definite=Def|Gender=Masc|Number=Sing
необходимостта,необходимост,та,необходимост та,необходимост та,correct,NOUN,Definite=Def|Gender=Fem|Number=Sing
авторите,автор,ите,автор ите,автор ите,correct,NOUN,Definite=Def|Gender=Masc|Number=Plur
адаптирането,адаптиране,то,адаптиране то,адаптиране то,correct,NOUN,Definite=Def|Gender=Neut|Number=Sing
трусовете,трус,овете,трус овете,трус овете,correct,NOUN,Definite=Def|Gender=Masc|Number=Plur
мият,мия,т,мия т,мия т,correct,VERB,Aspect=Imp|Mood=Ind|Number=Plur|Person=3|Tense=Pres|VerbForm=Fin|Voice=Act
пристигането,пристигане,то,пристигане то,пристигане то,correct,NOUN,Definite=Def|Gender=Neut|Number=Sing
агентите,агент,ите,агент ите,агент ите,correct,NOUN,Definite=Def|Gender=Masc|Number=Plur
неразбрана,неразбран,а,неразбран а,неразбрана,adj_gender,ADJ,Definite=Ind|Degree=Pos|Gender=Fem|Number=Sing
уязвимостта,уязвимост,та,уязвимост та,уязвимост та,correct,NOUN,Definite=Def|Gender=Fem|Number=Sing
чужденката,чужденка,та,чужденка та,чужденка та,correct,NOUN,Definite=Def|Gender=Fem|Number=Sing
мрака,мрак,а,мрак а,мрак а,correct,NOUN,Definite=Def|Gender=Masc|Number=Sing
станцията,станция,та,станция та,станция та,correct,NOUN,Definite=Def|Gender=Fem|Number=Sing
неприкосновено,неприкосновен,о,неприкосновен о,неприкосновено,adj_gender,ADV,Degree=Pos
фондацията,фондация,та,фондация та,фондация та,correct,NOUN,Definite=Def|Gender=Fem|Number=Sing
войните,войн,ите,войн ите,войн ите,correct,NOUN,Definite=Def|Gender=Masc|Number=Plur
качеството,качество,то,качество то,качество то,correct,NOUN,Definite=Def|Gender=Neut|Number=Sing
дейности,дейност,и,дейност и,дейност и,correct,NOUN,Definite=Ind|Gender=Fem|Number=Plur
наша,наш,а,наш а,наша,adj_gender,DET,Definite=Ind|Gender=Fem|Number=Sing|Person=1|Poss=Yes|PronType=Prs
писатели,писател,и,писател и,писател и,correct,NOUN,Definite=Ind|Gender=Masc|Number=Plur
ищеца,ищец,а,ищец а,ищец а,correct,NOUN,Definite=Def|Gender=Masc|Number=Sing
появата,поява,та,поява та,поява та,correct,NOUN,Definite=Def|Gender=Fem|Number=Sing
обсъждаме,обсъждам,е,обсъждам е,обсъжда ме,plu1person_boundary,VERB,Aspect=Imp|Mood=Ind|Number=Plur|Person=1|Tense=Pres|VerbForm=Fin|Voice=Act
щракнаха,щракна,ха,щракна ха,щракна ха,correct,VERB,Aspect=Perf|Mood=Ind|Number=Plur|Person=3|Tense=Past|VerbForm=Fin|Voice=Act
заглъхнаха,заглъхна,ха,заглъхна ха,заглъхна ха,correct,VERB,Aspect=Perf|Mood=Ind|Number=Plur|Person=3|Tense=Past|VerbForm=Fin|Voice=Act
потънала,потъна,ла,потъна ла,потъна ла,correct,VERB,Aspect=Perf|Definite=Ind|Gender=Fem|Number=Sing|Tense=Past|VerbForm=Part|Voice=Act
жилавите,жилав,ите,жилав ите,жилав ите,correct,ADJ,Definite=Def|Degree=Pos|Number=Plur
стихотворението,стихотворение,то,стихотворение то,стихотворение то,correct,NOUN,Definite=Def|Gender=Neut|Number=Sing
неизплатените,неизплатен,ите,неизплатен ите,неизплатен ите,correct,ADJ,Definite=Def|Degree=Pos|Number=Plur
станалото,стана,лото,стана лото,станало то,adj_def_boundary,ADJ,Aspect=Perf|Definite=Def|Degree=Pos|Gender=Neut|Number=Sing|Tense=Past|VerbForm=Part|Voice=Act
царете,цар,ете,цар ете,цар ете,correct,NOUN,Definite=Def|Gender=Masc|Number=Plur
членът,член,ът,член ът,член ът,correct,NOUN,Definite=Def|Gender=Masc|Number=Sing
евтина,евтин,а,евтин а,евтина,adj_gender,ADJ,Definite=Ind|Degree=Pos|Gender=Fem|Number=Sing
резултатите,резултат,ите,резултат ите,резултат ите,correct,NOUN,Definite=Def|Gender=Masc|Number=Plur
централата,централа,та,централа та,централа та,correct,NOUN,Definite=Def|Gender=Fem|Number=Sing
хлебари,хлебар,и,хлебар и,хлебар и,correct,NOUN,Definite=Ind|Gender=Masc|Number=Plur
фашисти,фашист,и,фашист и,фашист и,correct,NOUN,Definite=Ind|Gender=Masc|Number=Plur
кандидати,кандидат,и,кандидат и,кандидат и,correct,NOUN,Definite=Ind|Gender=Masc|Number=Plur
форсираме,форсирам,е,форсирам е,форсира ме,plu1person_boundary,VERB,Aspect=Imp|Mood=Ind|Number=Plur|Person=1|Tense=Pres|VerbForm=Fin|Voice=Act
масовото,масов,ото,масов ото,масово то,adj_def_boundary,ADJ,Definite=Def|Degree=Pos|Gender=Neut|Number=Sing
кошмарите,кошмар,ите,кошмар ите,кошмар ите,correct,NOUN,Definite=Def|Gender=Fem|Number=Plur
даскалът,даскал,ът,даскал ът,даскал ът,correct,NOUN,Definite=Def|Gender=Masc|Number=Sing
браншът,бранш,ът,бранш ът,бранш ът,correct,NOUN,Definite=Def|Gender=Masc|Number=Sing
подзаконовите,подзаконов,ите,подзаконов ите,подзаконов ите,correct,ADJ,Definite=Def|Degree=Pos|Number=Plur
общежитието,общежитие,то,общежитие то,общежитие то,correct,NOUN,Definite=Def|Gender=Neut|Number=Sing
валийството,валийство,то,валийство то,валийство то,correct,NOUN,Definite=Def|Gender=Neut|Number=Sing
гласовия,гласов,ия,гласов ия,гласов ия,correct,ADJ,Definite=Def|Degree=Pos|Gender=Masc|Number=Sing
тъмнината,тъмнина,та,тъмнина та,тъмнина та,correct,NOUN,Definite=Def|Gender=Fem|Number=Sing
изпробването,изпробване,то,изпробване то,изпробване то,correct,NOUN,Definite=Def|Gender=Neut|Number=Sing
преподаването,преподаване,то,преподаване то,преподаване то,correct,NOUN,Definite=Def|Gender=Neut|Number=Sing
по-лесно,по-,лесно,по- лесно,по- лесно,correct,ADV,Degree=Cmp
инцидентът,инцидент,ът,инцидент ът,инцидент ът,correct,NOUN,Definite=Def|Gender=Masc|Number=Sing
делтата,делта,та,делта та,делта та,correct,NOUN,Definite=Def|Gender=Fem|Number=Sing
сервитьори,сервитьор,и,сервитьор и,сервитьор и,correct,NOUN,Definite=Ind|Gender=Masc|Number=Plur
ченгетата,ченге,тата,ченге тата,ченге тата,correct,NOUN,Definite=Def|Gender=Neut|Number=Plur
конспирацията,конспирация,та,конспирация та,конспирация та,correct,NOUN,Definite=Def|Gender=Fem|Number=Sing
остатъкът,остатък,ът,остатък ът,остатък ът,correct,NOUN,Definite=Def|Gender=Masc|Number=Sing
продуктът,продукт,ът,продукт ът,продукт ът,correct,NOUN,Definite=Def|Gender=Masc|Number=Sing
консорциума,консорциум,а,консорциум а,консорциум а,correct,NOUN,Definite=Def|Gender=Masc|Number=Sing
спътниковата,спътников,ата,спътников ата,спътникова та,adj_def_boundary,ADJ,Definite=Def|Degree=Pos|Gender=Fem|Number=Sing
ключовото,ключов,ото,ключов ото,ключово то,adj_def_boundary,ADJ,Definite=Def|Degree=Pos|Gender=Neut|Number=Sing
байчото,байчо,то,байчо то,байчо то,correct,NOUN,Definite=Def|Gender=Neut|Number=Sing
блоковете,блок,овете,блок овете,блок овете,correct,NOUN,Definite=Def|Gender=Masc|Number=Plur
медицинските,медицински,те,медицински те,медицинск ите,adj_def_boundary,ADJ,Definite=Def|Degree=Pos|Number=Plur
елемента,елемент,а,елемент а,елемент а,correct,NOUN,Definite=Def|Gender=Masc|Number=Sing
фондовите,фондов,ите,фондов ите,фондов ите,correct,ADJ,Definite=Def|Degree=Pos|Number=Plur
ценностите,ценност,ите,ценност ите,ценност ите,correct,NOUN,Definite=Def|Gender=Fem|Number=Plur
настоящата,настоящ,ата,настоящ ата,настояща та,adj_def_boundary,ADJ,Definite=Def|Degree=Pos|Gender=Fem|Number=Sing
дестабилизацията,дестабилизация,та,дестабилизация та,дестабилизация та,correct,NOUN,Definite=Def|Gender=Fem|Number=Sing
вземат,взема,т,взема т,взема т,correct,VERB,Aspect=Imp|Mood=Ind|Number=Plur|Person=3|Tense=Pres|VerbForm=Fin|Voice=Act
финансовия,финансов,ия,финансов ия,финансов ия,correct,ADJ,Definite=Def|Degree=Pos|Gender=Masc|Number=Sing
проекти,проект,и,проект и,проект и,correct,NOUN,Definite=Ind|Gender=Masc|Number=Plur
излъчването,излъчване,то,излъчване то,излъчване то,correct,NOUN,Definite=Def|Gender=Neut|Number=Sing
озлобяваме,озлобявам,е,озлобявам е,озлобява ме,plu1person_boundary,VERB,Aspect=Imp|Mood=Ind|Number=Plur|Person=1|Tense=Pres|VerbForm=Fin|Voice=Act
корпуса,корпус,а,корпус а,корпус а,correct,NOUN,Definite=Def|Gender=Masc|Number=Sing
неповторимата,неповторим,ата,неповторим ата,неповторима та,adj_def_boundary,ADJ,Definite=Def|Degree=Pos|Gender=Fem|Number=Sing
родовито,родовит,о,родовит о,родовито,adj_gender,ADV,Degree=Pos
мелничари,мелничар,и,мелничар и,мелничар и,correct,NOUN,Definite=Ind|Gender=Masc|Number=Plur
сборът,сбор,ът,сбор ът,сбор ът,correct,NOUN,Definite=Def|Gender=Masc|Number=Sing
поставянето,поставяне,то,поставяне то,поставяне то,correct,NOUN,Definite=Def|Gender=Neut|Number=Sing
консултанта,консултант,а,консултант а,консултант а,correct,NOUN,Definite=Def|Gender=Masc|Number=Sing
запазването,запазване,то,запазване то,запазване то,correct,NOUN,Definite=Def|Gender=Neut|Number=Sing
зачестят,зачестя,т,зачестя т,зачестя т,correct,VERB,Aspect=Perf|Mood=Ind|Number=Plur|Person=3|Tense=Pres|VerbForm=Fin|Voice=Act
елементи,елемент,и,елемент и,елемент и,correct,NOUN,Definite=Ind|Gender=Masc|Number=Plur
пациента,пациент,а,пациент а,пациент а,correct,NOUN,Definite=Def|Gender=Masc|Number=Sing
журналистката,журналистка,та,журналистка та,журналистка та,correct,NOUN,Definite=Def|Gender=Fem|Number=Sing
участието,участие,то,участие то,участие то,correct,NOUN,Definite=Def|Gender=Neut|Number=Sing
противоречиви,противоречив,и,противоречив и,противоречив и,correct,ADJ,Definite=Ind|Degree=Pos|Number=Plur
хълмове,хълм,ове,хълм ове,хълм ове,correct,NOUN,Definite=Ind|Gender=Masc|Number=Plur
школата,школа,та,школа та,школа та,correct,NOUN,Definite=Def|Gender=Fem|Number=Sing
чадъри,чадър,и,чадър и,чадър и,correct,NOUN,Definite=Ind|Gender=Masc|Number=Plur
изгоряха,изгоря,ха,изгоря ха,изгоря ха,correct,VERB,Aspect=Perf|Mood=Ind|Number=Plur|Person=3|Tense=Past|VerbForm=Fin|Voice=Act
лятото,лято,то,лято то,лято то,correct,NOUN,Definite=Def|Gender=Neut|Number=Sing
кабелите,кабел,ите,кабел ите,кабел ите,correct,NOUN,Definite=Def|Gender=Masc|Number=Plur
докъде,до,къде,до къде,докъде,skipped_single_token,ADV,PronType=Int
политическия,политически,я,политически я,политически я,correct,ADJ,Definite=Def|Degree=Pos|Gender=Masc|Number=Sing
аржентинските,аржентински,те,аржентински те,аржентинск ите,adj_def_boundary,ADJ,Definite=Def|Degree=Pos|Number=Plur
желаят,желая,т,желая т,желая т,correct,VERB,Aspect=Imp|Mood=Ind|Number=Plur|Person=3|Tense=Pres|VerbForm=Fin|Voice=Act
здрава,здрав,а,здрав а,здрава,adj_gender,ADJ,Definite=Ind|Degree=Pos|Gender=Fem|Number=Sing
преотстъпването,преотстъпване,то,преотстъпване то,преотстъпване то,correct,NOUN,Definite=Def|Gender=Neut|Number=Sing
майчинството,майчинство,то,майчинство то,майчинство то,correct,NOUN,Definite=Def|Gender=Neut|Number=Sing
изминало,измина,ло,измина ло,измина ло,correct,VERB,Aspect=Perf|Definite=Ind|Gender=Neut|Number=Sing|Tense=Past|VerbForm=Part|Voice=Act
проектобюджетът,проектобюджет,ът,проектобюджет ът,проектобюджет ът,correct,NOUN,Definite=Def|Gender=Masc|Number=Sing
наблюдатели,наблюдател,и,наблюдател и,наблюдател и,correct,NOUN,Definite=Ind|Gender=Masc|Number=Plur
авторитети,авторитет,и,авторитет и,авторитет и,correct,NOUN,Definite=Ind|Gender=Masc|Number=Plur
трибуната,трибуна,та,трибуна та,трибуна та,correct,NOUN,Definite=Def|Gender=Fem|Number=Sing
непознато,непознат,о,непознат о,непознато,adj_gender,ADV,Degree=Pos
най-удобно,най-,удобно,най- удобно,най- удобно,correct,ADV,Degree=Sup
лошо,лош,о,лош о,лошо,adj_gender,ADV,Degree=Pos
нападателят,нападател,ят,нападател ят,нападател ят,correct,NOUN,Definite=Def|Gender=Masc|Number=Sing
бързината,бързина,та,бързина та,бързина та,correct,NOUN,Definite=Def|Gender=Fem|Number=Sing
холивудските,холивудски,те,холивудски те,холивудск ите,adj_def_boundary,ADJ,Definite=Def|Degree=Pos|Number=Plur
бащините,бащин,ите,бащин ите,бащин ите,correct,ADJ,Definite=Def|Degree=Pos|Number=Plur
неохраняеми,неохраняем,и,неохраняем и,неохраняем и,correct,ADJ,Definite=Ind|Degree=Pos|Number=Plur
приемът,прием,ът,прием ът,прием ът,correct,NOUN,Definite=Def|Gender=Masc|Number=Sing
баланса,баланс,а,баланс а,баланс а,correct,NOUN,Definite=Def|Gender=Masc|Number=Sing
финансите,финанси,те,финанси те,финанси те,correct,NOUN,Definite=Def|Number=Ptan
бебето,бебе,то,бебе то,бебе то,correct,NOUN,Definite=Def|Gender=Neut|Number=Sing
лекомислени,лекомислен,и,лекомислен и,лекомислен и,correct,ADJ,Definite=Ind|Degree=Pos|Number=Plur
най-бързо,най-,бързо,най- бързо,най- бързо,correct,ADV,Degree=Sup
изследователите,изследовател,ите,изследовател ите,изследовател ите,correct,NOUN,Definite=Def|Gender=Masc|Number=Plur
техникума,техникум,а,техникум а,техникум а,correct,NOUN,Definite=Def|Gender=Masc|Number=Sing
въплъщението,въплъщение,то,въплъщение то,въплъщение то,correct,NOUN,Definite=Def|Gender=Neut|Number=Sing
оградата,ограда,та,ограда та,ограда та,correct,NOUN,Definite=Def|Gender=Fem|Number=Sing
развратът,разврат,ът,разврат ът,разврат ът,correct,NOUN,Definite=Def|Gender=Masc|Number=Sing
другата,друг,ата,друг ата,друга та,adj_def_boundary,ADJ,Definite=Def|Degree=Pos|Gender=Fem|Number=Sing
потъването,потъване,то,потъване то,потъване то,correct,NOUN,Definite=Def|Gender=Neut|Number=Sing
новоприетия,новоприет,ия,новоприет ия,новоприет ия,correct,ADJ,Definite=Def|Degree=Pos|Gender=Masc|Number=Sing
местности,местност,и,местност и,местност и,correct,NOUN,Definite=Ind|Gender=Fem|Number=Plur
красивата,красив,ата,красив ата,красива та,adj_def_boundary,ADJ,Definite=Def|Degree=Pos|Gender=Fem|Number=Sing
милиарда,милиард,а,милиард а,милиард а,correct,NOUN,Definite=Def|Gender=Masc|Number=Sing
отлетях,отлетя,х,отлетя х,отлетя х,correct,VERB,Aspect=Perf|Mood=Ind|Number=Sing|Person=1|Tense=Past|VerbForm=Fin|Voice=Act
прагът,праг,ът,праг ът,праг ът,correct,NOUN,Definite=Def|Gender=Masc|Number=Sing
сборника,сборник,а,сборник а,сборник а,correct,NOUN,Definite=Def|Gender=Masc|Number=Sing
кралицата,кралица,та,кралица та,кралица та,correct,NOUN,Definite=Def|Gender=Fem|Number=Sing
доколкото,до,колкото,до колкото,доколкото,skipped_single_token,ADV,NumType=Card|PronType=Rel
интереси,интерес,и,интерес и,интерес и,correct,NOUN,Definite=Ind|Gender=Masc|Number=Plur
водят,водя,т,водя т,водя т,correct,VERB,Aspect=Imp|Mood=Ind|Number=Plur|Person=3|Tense=Pres|VerbForm=Fin|Voice=Act
авторитетът,авторитет,ът,авторитет ът,авторитет ът,correct,NOUN,Definite=Def|Gender=Masc|Number=Sing
победители,победител,и,победител и,победител и,correct,NOUN,Definite=Ind|Gender=Masc|Number=Plur
обхвата,обхват,а,обхват а,обхват а,correct,NOUN,Definite=Def|Gender=Masc|Number=Sing
простодушието,простодушие,то,простодушие то,простодушие то,correct,NOUN,Definite=Def|Gender=Neut|Number=Sing
вниманието,внимание,то,внимание то,внимание то,correct,NOUN,Definite=Def|Gender=Neut|Number=Sing
ръководители,ръководител,и,ръководител и,ръководител и,correct,NOUN,Definite=Ind|Gender=Masc|Number=Plur
стълбата,стълба,та,стълба та,стълба та,correct,NOUN,Definite=Def|Gender=Fem|Number=Sing
предложат,предложа,т,предложа т,предложа т,correct,VERB,Aspect=Perf|Mood=Ind|Number=Plur|Person=3|Tense=Pres|VerbForm=Fin|Voice=Act
надзора,надзор,а,надзор а,надзор а,correct,NOUN,Definite=Def|Gender=Masc|Number=Sing
експорта,експорт,а,експорт а,експорт а,correct,NOUN,Definite=Def|Gender=Masc|Number=Sing
храненето,хранене,то,хранене то,хранене то,correct,NOUN,Definite=Def|Gender=Neut|Number=Sing
приоритетите,приоритет,ите,приоритет ите,приоритет ите,correct,NOUN,Definite=Def|Gender=Masc|Number=Plur
стария,стар,ия,стар ия,стар ия,correct,ADJ,Definite=Def|Degree=Pos|Gender=Masc|Number=Sing
групировката,групировка,та,групировка та,групировка та,correct,NOUN,Definite=Def|Gender=Fem|Number=Sing
влогове,влог,ове,влог ове,влог ове,correct,NOUN,Definite=Ind|Gender=Masc|Number=Plur
нападнат,нападна,т,нападна т,нападнат,skipped_single_token,VERB,Aspect=Perf|Mood=Ind|Number=Sing|Person=3|VerbForm=Fin|Voice=Pass
типа,тип,а,тип а,тип а,correct,NOUN,Definite=Def|Gender=Masc|Number=Sing
изиграят,изиграя,т,изиграя т,изиграя т,correct,VERB,Aspect=Perf|Mood=Ind|Number=Plur|Person=3|Tense=Pres|VerbForm=Fin|Voice=Act
започнала,започна,ла,започна ла,започна ла,correct,VERB,Aspect=Perf|Definite=Ind|Gender=Fem|Number=Sing|Tense=Past|VerbForm=Part|Voice=Act
вековете,век,овете,век овете,век овете,correct,NOUN,Definite=Def|Gender=Masc|Number=Plur
фронта,фронт,а,фронт а,фронт а,correct,NOUN,Definite=Def|Gender=Masc|Number=Sing
олимпиадата,олимпиада,та,олимпиада та,олимпиада та,correct,NOUN,Definite=Def|Gender=Fem|Number=Sing
версията,версия,та,версия та,версия та,correct,NOUN,Definite=Def|Gender=Fem|Number=Sing
коктейла,коктейл,а,коктейл а,коктейл а,correct,NOUN,Definite=Def|Gender=Masc|Number=Sing
по-светло,по-,светло,по- светло,по- светло,correct,ADV,Degree=Sup
несполучливият,несполучлив,ият,несполучлив ият,несполучлив ият,correct,ADJ,Definite=Def|Degree=Pos|Gender=Masc|Number=Sing
неизползването,неизползване,то,неизползване то,неизползване то,correct,NOUN,Definite=Def|Gender=Neut|Number=Sing
гъста,гъст,а,гъст а,гъста,adj_gender,ADJ,Definite=Ind|Degree=Pos|Gender=Fem|Number=Sing
жилището,жилище,то,жилище то,жилище то,correct,NOUN,Definite=Def|Gender=Neut|Number=Sing
яйцето,яйце,то,яйце то,яйце то,correct,NOUN,Definite=Def|Gender=Neut|Number=Sing
формата,форма,та,форма та,форма та,correct,NOUN,Definite=Def|Gender=Fem|Number=Sing
приключат,приключа,т,приключа т,приключа т,correct,VERB,Aspect=Perf|Mood=Ind|Number=Plur|Person=3|Tense=Pres|VerbForm=Fin|Voice=Act
излиянието,излияние,то,излияние то,излияние то,correct,NOUN,Definite=Def|Gender=Neut|Number=Sing
уважаеми,уважаем,и,уважаем и,уважаем и,correct,ADJ,Definite=Ind|Degree=Pos|Number=Plur
изгледи,изглед,и,изглед и,изглед и,correct,NOUN,Definite=Ind|Gender=Masc|Number=Plur
възпитанието,възпитание,то,възпитание то,възпитание то,correct,NOUN,Definite=Def|Gender=Neut|Number=Sing
реда,ред,а,ред а,ред а,correct,NOUN,Definite=Def|Gender=Masc|Number=Sing
конфликтите,конфликт,ите,конфликт ите,конфликт ите,correct,NOUN,Definite=Def|Gender=Masc|Number=Plur
цаката,цака,та,цака та,цака та,correct,NOUN,Definite=Def|Gender=Fem|Number=Sing
бандероли,бандерол,и,бандерол и,бандерол и,correct,NOUN,Definite=Ind|Gender=Masc|Number=Plur
завистта,завист,та,завист та,завист та,correct,NOUN,Definite=Def|Gender=Fem|Number=Sing
минимума,минимум,а,минимум а,минимум а,correct,NOUN,Definite=Def|Gender=Masc|Number=Sing
бракониерите,бракониер,ите,бракониер ите,бракониер ите,correct,NOUN,Definite=Def|Gender=Masc|Number=Plur
сондажи,сондаж,и,сондаж и,сондаж и,correct,NOUN,Definite=Ind|Gender=Masc|Number=Plur
повестта,повест,та,повест та,повест та,correct,NOUN,Definite=Def|Gender=Fem|Number=Sing
полигона,полигон,а,полигон а,полигон а,correct,NOUN,Definite=Def|Gender=Masc|Number=Sing
актрисата,актриса,та,актриса та,актриса та,correct,NOUN,Definite=Def|Gender=Fem|Number=Sing
стигнаха,стигна,ха,стигна ха,стигна ха,correct,VERB,Aspect=Perf|Mood=Ind|Number=Plur|Person=3|Tense=Past|VerbForm=Fin|Voice=Act
разговорите,разговор,ите,разговор ите,разговор ите,correct,NOUN,Definite=Def|Gender=Masc|Number=Plur
пазара,пазар,а,пазар а,пазар а,correct,NOUN,Definite=Def|Gender=Masc|Number=Sing
изпитът,изпит,ът,изпит ът,изпит ът,correct,NOUN,Definite=Def|Gender=Masc|Number=Sing
писмени,писмен,и,писмен и,писмен и,correct,ADJ,Definite=Ind|Degree=Pos|Number=Plur
станат,стана,т,стана т,стана т,correct,VERB,Aspect=Perf|Mood=Ind|Number=Plur|Person=3|Tense=Pres|VerbForm=Fin|Voice=Act
патриоти,патриот,и,патриот и,патриот и,correct,NOUN,Definite=Ind|Gender=Masc|Number=Plur
бряста,бряст,а,бряст а,бряст а,correct,NOUN,Definite=Def|Gender=Masc|Number=Sing
мотори,мотор,и,мотор и,мотор и,correct,NOUN,Definite=Ind|Gender=Masc|Number=Plur
радиаторите,радиатор,ите,радиатор ите,радиатор ите,correct,NOUN,Definite=Def|Gender=Masc|Number=Plur
посещаемостта,посещаемост,та,посещаемост та,посещаемост та,correct,NOUN,Definite=Def|Gender=Fem|Number=Sing
нарушаването,нарушаване,то,нарушаване то,нарушаване то,correct,NOUN,Definite=Def|Gender=Neut|Number=Sing
общо,общ,о,общ о,общо,adj_gender,ADV,Degree=Pos
четворката,четворка,та,четворка та,четворка та,correct,NOUN,Definite=Def|Gender=Fem|Number=Sing
консенсуса,консенсус,а,консенсус а,консенсус а,correct,NOUN,Definite=Def|Gender=Masc|Number=Sing
организацията,организация,та,организация та,организация та,correct,NOUN,Definite=Def|Gender=Fem|Number=Sing
астрономите,астроном,ите,астроном ите,астроном ите,correct,NOUN,Definite=Def|Gender=Masc|Number=Plur
горските,горски,те,горски те,горск ите,wrong,NOUN,Definite=Def|Gender=Masc|Number=Plur
наема,наем,а,наем а,наема,skipped_single_token,VERB,Aspect=Imp|Mood=Ind|Number=Sing|Person=3|Tense=Pres|VerbForm=Fin|Voice=Act
справянето,справяне,то,справяне то,справяне то,correct,NOUN,Definite=Def|Gender=Neut|Number=Sing
постигаме,постигам,е,постигам е,постига ме,plu1person_boundary,VERB,Aspect=Imp|Mood=Ind|Number=Plur|Person=1|Tense=Pres|VerbForm=Fin|Voice=Act
лесничейството,лесничейство,то,лесничейство то,лесничейство то,correct,NOUN,Definite=Def|Gender=Neut|Number=Sing
планетата,планета,та,планета та,планета та,correct,NOUN,Definite=Def|Gender=Fem|Number=Sing
комбината,комбинат,а,комбинат а,комбинат а,correct,NOUN,Definite=Def|Gender=Masc|Number=Sing
търговете,търг,овете,търг овете,търг овете,correct,NOUN,Definite=Def|Gender=Masc|Number=Plur
смятането,смятане,то,смятане то,смятане то,correct,NOUN,Definite=Def|Gender=Neut|Number=Sing
изненадата,изненада,та,изненада та,изненада та,correct,NOUN,Definite=Def|Gender=Fem|Number=Sing
тласнат,тласна,т,тласна т,тласна т,correct,VERB,Aspect=Perf|Mood=Ind|Number=Plur|Person=3|Tense=Pres|VerbForm=Fin|Voice=Act
победят,победя,т,победя т,победя т,correct,VERB,Aspect=Perf|Mood=Ind|Number=Plur|Person=3|Tense=Pres|VerbForm=Fin|Voice=Act
смисълът,смисъл,ът,смисъл ът,смисъл ът,correct,NOUN,Definite=Def|Gender=Masc|Number=Sing
екипите,екип,ите,екип ите,екип ите,correct,NOUN,Definite=Def|Gender=Masc|Number=Plur
пожара,пожар,а,пожар а,пожар а,correct,NOUN,Definite=Def|Gender=Masc|Number=Sing
жълтите,жълт,ите,жълт ите,жълт ите,correct,ADJ,Definite=Def|Degree=Pos|Number=Plur
същият,същ,ият,същ ият,същ ият,correct,ADJ,Definite=Def|Degree=Pos|Gender=Masc|Number=Sing
договорът,договор,ът,договор ът,договор ът,correct,NOUN,Definite=Def|Gender=Masc|Number=Sing
сомът,сом,ът,сом ът,сом ът,correct,NOUN,Definite=Def|Gender=Masc|Number=Sing
стойността,стойност,та,стойност та,стойност та,correct,NOUN,Definite=Def|Gender=Fem|Number=Sing
белградския,белградски,я,белградски я,белградски я,correct,ADJ,Definite=Def|Degree=Pos|Gender=Masc|Number=Sing
дивеча,дивеч,а,дивеч а,дивеч а,correct,NOUN,Definite=Def|Gender=Masc|Number=Sing
отричането,отричане,то,отричане то,отричане то,correct,NOUN,Definite=Def|Gender=Neut|Number=Sing
синята,син,ята,син ята,синя та,adj_def_boundary,ADJ,Definite=Def|Degree=Pos|Gender=Fem|Number=Sing
колата,кола,та,кола та,кола та,correct,NOUN,Definite=Def|Gender=Fem|Number=Sing
секторите,сектор,ите,сектор ите,сектор ите,correct,NOUN,Definite=Def|Gender=Masc|Number=Plur
самообладанието,самообладание,то,самообладание то,самообладание то,correct,NOUN,Definite=Def|Gender=Neut|Number=Sing
председателя,председател,я,председател я,председател я,correct,NOUN,Definite=Def|Gender=Masc|Number=Sing
банцинги,банцинг,и,банцинг и,банцинг и,correct,NOUN,Definite=Ind|Gender=Masc|Number=Plur
автомати,автомат,и,автомат и,автомат и,correct,NOUN,Definite=Ind|Gender=Masc|Number=Plur
момиченцето,момиченце,то,момиченце то,момиченце то,correct,NOUN,Definite=Def|Gender=Neut|Number=Sing
имението,имение,то,имение то,имение то,correct,NOUN,Definite=Def|Gender=Neut|Number=Sing
занаята,занаят,а,занаят а,занаят а,correct,NOUN,Definite=Def|Gender=Fem|Number=Sing
тактическите,тактически,те,тактически те,тактическ ите,adj_def_boundary,ADJ,Definite=Def|Degree=Pos|Number=Plur
районите,район,ите,район ите,район ите,correct,NOUN,Definite=Def|Gender=Masc|Number=Plur
ножове,нож,ове,нож ове,нож ове,correct,NOUN,Definite=Ind|Gender=Masc|Number=Plur
книжата,книжа,та,книжа та,книжа та,correct,NOUN,Definite=Def|Number=Ptan
потушат,потуша,т,потуша т,потуша т,correct,VERB,Aspect=Perf|Mood=Ind|Number=Plur|Person=3|Tense=Pres|VerbForm=Fin|Voice=Act
убиецът,убиец,ът,убиец ът,убиец ът,correct,NOUN,Definite=Def|Gender=Masc|Number=Sing
кореспонденцията,кореспонденция,та,кореспонденция та,кореспонденция та,correct,NOUN,Definite=Def|Gender=Fem|Number=Sing
извършат,извърша,т,извърша т,извърша т,correct,VERB,Aspect=Perf|Mood=Ind|Number=Plur|Person=3|Tense=Pres|VerbForm=Fin|Voice=Act
накити,накит,и,накит и,накит и,correct,NOUN,Definite=Ind|Gender=Masc|Number=Plur
комисари,комисар,и,комисар и,комисар и,correct,NOUN,Definite=Ind|Gender=Masc|Number=Plur
концерни,концерн,и,концерн и,концерн и,correct,NOUN,Definite=Ind|Gender=Masc|Number=Plur
каруцата,каруца,та,каруца та,каруца та,correct,NOUN,Definite=Def|Gender=Fem|Number=Sing
пактът,пакт,ът,пакт ът,пакт ът,correct,NOUN,Definite=Def|Gender=Masc|Number=Sing
девненския,девненски,я,девненски я,девненски я,correct,ADJ,Definite=Def|Degree=Pos|Gender=Masc|Number=Sing
кафенето,кафене,то,кафене то,кафене то,correct,NOUN,Definite=Def|Gender=Neut|Number=Sing
одиторите,одитор,ите,одитор ите,одитор ите,correct,NOUN,Definite=Def|Gender=Masc|Number=Plur
членове,член,ове,член ове,член ове,correct,NOUN,Definite=Ind|Gender=Masc|Number=Plur
следродова,следродов,а,следродов а,следродова,adj_gender,ADJ,Definite=Ind|Degree=Pos|Gender=Fem|Number=Sing
съизобретателите,съизобретател,ите,съизобретател ите,съизобретател ите,correct,NOUN,Definite=Def|Gender=Masc|Number=Plur
посегнат,посегна,т,посегна т,посегна т,correct,VERB,Aspect=Perf|Mood=Ind|Number=Plur|Person=3|Tense=Pres|VerbForm=Fin|Voice=Act
потребителя,потребител,я,потребител я,потребител я,correct,NOUN,Definite=Def|Gender=Masc|Number=Sing
закони,закон,и,закон и,закон и,correct,NOUN,Definite=Ind|Gender=Masc|Number=Plur
германските,германски,те,германски те,германск ите,adj_def_boundary,ADJ,Definite=Def|Degree=Pos|Number=Plur
съекипникът,съекипник,ът,съекипник ът,съекипник ът,correct,NOUN,Definite=Def|Gender=Masc|Number=Sing
дебата,дебат,а,дебат а,дебат а,correct,NOUN,Definite=Def|Gender=Masc|Number=Sing
режими,режим,и,режим и,режим и,correct,NOUN,Definite=Ind|Gender=Masc|Number=Plur
назначаването,назначаване,то,назначаване то,назначаване то,correct,NOUN,Definite=Def|Gender=Neut|Number=Sing
консулът,консул,ът,консул ът,консул ът,correct,NOUN,Definite=Def|Gender=Masc|Number=Sing
неподходящи,неподходящ,и,неподходящ и,неподходящ и,correct,ADJ,Definite=Ind|Degree=Pos|Number=Plur
ножа,нож,а,нож а,нож а,correct,NOUN,Definite=Def|Gender=Masc|Number=Sing
старта,старт,а,старт а,старт а,correct,NOUN,Definite=Def|Gender=Masc|Number=Sing
сивите,сив,ите,сив ите,сив ите,correct,ADJ,Definite=Def|Degree=Pos|Number=Plur
противодействието,противодействие,то,противодействие то,противодействие то,correct,NOUN,Definite=Def|Gender=Neut|Number=Sing
притвора,притвор,а,притвор а,притвор а,correct,NOUN,Definite=Def|Gender=Masc|Number=Sing
попълнят,попълня,т,попълня т,попълня т,correct,VERB,Aspect=Perf|Mood=Ind|Number=Plur|Person=3|Tense=Pres|VerbForm=Fin|Voice=Act
скандалът,скандал,ът,скандал ът,скандал ът,correct,NOUN,Definite=Def|Gender=Masc|Number=Sing
градинката,градинка,та,градинка та,градинка та,correct,NOUN,Definite=Def|Gender=Fem|Number=Sing
125-годишнината,125-годишнина,та,125-годишнина та,125-годишнината,skipped_single_token,NOUN,Definite=Def|Gender=Fem|Number=Sing
изключат,изключа,т,изключа т,изключа т,correct,VERB,Aspect=Perf|Mood=Ind|Number=Plur|Person=3|Tense=Pres|VerbForm=Fin|Voice=Act
сандвичи,сандвич,и,сандвич и,сандвич и,correct,NOUN,Definite=Ind|Gender=Masc|Number=Plur
картофи,картоф,и,картоф и,картоф и,correct,NOUN,Definite=Ind|Gender=Masc|Number=Plur
продуцентът,продуцент,ът,продуцент ът,продуцент ът,correct,NOUN,Definite=Def|Gender=Masc|Number=Sing
ислямът,ислям,ът,ислям ът,ислям ът,correct,NOUN,Definite=Def|Gender=Masc|Number=Sing
арбитражите,арбитраж,ите,арбитраж ите,арбитраж ите,correct,NOUN,Definite=Def|Gender=Masc|Number=Plur
семена,семе,на,семе на,семена,skipped_single_token,NOUN,Definite=Ind|Gender=Neut|Number=Plur
раздела,раздел,а,раздел а,раздел а,correct,NOUN,Definite=Def|Gender=Masc|Number=Sing
райони,район,и,район и,район и,correct,NOUN,Definite=Ind|Gender=Masc|Number=Plur
допуснали,допусна,ли,допусна ли,допусна ли,correct,VERB,Aspect=Perf|Definite=Ind|Number=Plur|Tense=Past|VerbForm=Part|Voice=Act
телекоми,телеком,и,телеком и,телеком и,correct,NOUN,Definite=Ind|Gender=Masc|Number=Plur
пряка,пряк,а,пряк а,пряка,adj_gender,ADJ,Definite=Ind|Degree=Pos|Gender=Fem|Number=Sing
вуза,вуз,а,вуз а,вуз а,correct,NOUN,Definite=Def|Gender=Masc|Number=Sing
треньорския,треньорски,я,треньорски я,треньорски я,correct,ADJ,Definite=Def|Degree=Pos|Gender=Masc|Number=Sing
богато,богат,о,богат о,богато,adj_gender,ADV,Degree=Pos
служителите,служител,ите,служител ите,служител ите,correct,NOUN,Definite=Def|Gender=Masc|Number=Plur
кости,кост,и,кост и,кост и,correct,NOUN,Definite=Ind|Gender=Fem|Number=Plur
заеми,заем,и,заем и,заем и,correct,NOUN,Definite=Ind|Gender=Masc|Number=Plur
дълбочината,дълбочина,та,дълбочина та,дълбочина та,correct,NOUN,Definite=Def|Gender=Fem|Number=Sing
ламаринени,ламаринен,и,ламаринен и,ламаринен и,correct,ADJ,Definite=Ind|Degree=Pos|Number=Plur
полицейския,полицейски,я,полицейски я,полицейски я,correct,ADJ,Definite=Def|Degree=Pos|Gender=Masc|Number=Sing
правителственият,правителствен,ият,правителствен ият,правителствен ият,correct,ADJ,Definite=Def|Degree=Pos|Gender=Masc|Number=Sing
чуждия,чужд,ия,чужд ия,чужд ия,correct,ADJ,Definite=Def|Degree=Pos|Gender=Masc|Number=Sing
масирана,масиран,а,масиран а,масирана,adj_gender,ADJ,Definite=Ind|Degree=Pos|Gender=Fem|Number=Sing
кълняха,кълня,ха,кълня ха,кълняха,skipped_single_token,VERB,Aspect=Imp|Mood=Ind|Number=Plur|Person=3|Tense=Imp|VerbForm=Fin|Voice=Act
синият,син,ият,син ият,син ият,correct,ADJ,Definite=Def|Degree=Pos|Gender=Masc|Number=Sing
канони,канон,и,канон и,канон и,correct,NOUN,Definite=Ind|Gender=Masc|Number=Plur
турнири,турнир,и,турнир и,турнир и,correct,NOUN,Definite=Ind|Gender=Masc|Number=Plur
окръга,окръг,а,окръг а,окръг а,correct,NOUN,Definite=Def|Gender=Masc|Number=Sing
намалят,намаля,т,намаля т,намаля т,correct,VERB,Aspect=Perf|Mood=Ind|Number=Plur|Person=3|Tense=Pres|VerbForm=Fin|Voice=Act
търсят,търся,т,търся т,търся т,correct,VERB,Aspect=Imp|Mood=Ind|Number=Plur|Person=3|Tense=Pres|VerbForm=Fin|Voice=Act
наредбата,наредба,та,наредба та,наредба та,correct,NOUN,Definite=Def|Gender=Fem|Number=Sing
полата,пола,та,пола та,пола та,correct,NOUN,Definite=Def|Gender=Fem|Number=Sing
сатирата,сатира,та,сатира та,сатира та,correct,NOUN,Definite=Def|Gender=Fem|Number=Sing
зачитането,зачитане,то,зачитане то,зачитане то,correct,NOUN,Definite=Def|Gender=Neut|Number=Sing
производителите,производител,ите,производител ите,производител ите,correct,NOUN,Definite=Def|Gender=Masc|Number=Plur
изискването,изискване,то,изискване то,изискване то,correct,NOUN,Definite=Def|Gender=Neut|Number=Sing
бивши,бивш,и,бивш и,бивш и,correct,ADJ,Definite=Ind|Degree=Pos|Number=Plur
строителите,строител,ите,строител ите,строител ите,correct,NOUN,Definite=Def|Gender=Masc|Number=Plur
изводи,извод,и,извод и,извод и,correct,NOUN,Definite=Ind|Gender=Masc|Number=Plur
методологията,методология,та,методология та,методология та,correct,NOUN,Definite=Def|Gender=Fem|Number=Sing
шефката,шефка,та,шефка та,шефка та,correct,NOUN,Definite=Def|Gender=Fem|Number=Sing
плакатите,плакат,ите,плакат ите,плакат ите,correct,NOUN,Definite=Def|Gender=Masc|Number=Plur
най-добър,най-,добър,най- добър,най- добър,correct,ADJ,Definite=Ind|Degree=Pos|Gender=Masc|Number=Sing
разследването,разследване,то,разследване то,разследване то,correct,NOUN,Definite=Def|Gender=Neut|Number=Sing
динамиката,динамика,та,динамика та,динамика та,correct,NOUN,Definite=Def|Gender=Fem|Number=Sing
подковата,подкова,та,подкова та,подкова та,correct,NOUN,Definite=Def|Gender=Fem|Number=Sing
комитета,комитет,а,комитет а,комитет а,correct,NOUN,Definite=Def|Gender=Masc|Number=Sing
спомените,спомен,ите,спомен ите,спомен ите,correct,NOUN,Definite=Def|Gender=Masc|Number=Plur
позната,познат,а,познат а,позната,adj_gender,ADJ,Definite=Ind|Degree=Pos|Gender=Fem|Number=Sing
дегенератите,дегенерат,ите,дегенерат ите,дегенерат ите,correct,NOUN,Definite=Def|Gender=Masc|Number=Plur
речите,реч,ите,реч ите,реч ите,correct,NOUN,Definite=Def|Gender=Fem|Number=Plur
съвестността,съвестност,та,съвестност та,съвестност та,correct,NOUN,Definite=Def|Gender=Fem|Number=Sing
министър-председателят,министър-председател,ят,министър-председател ят,министър-председател ят,correct,NOUN,Definite=Def|Gender=Masc|Number=Sing
търпеливата,търпелив,ата,търпелив ата,търпелива та,adj_def_boundary,ADJ,Definite=Def|Degree=Pos|Gender=Fem|Number=Sing
представители,представител,и,представител и,представител и,correct,NOUN,Definite=Ind|Gender=Masc|Number=Plur
болестта,болест,та,болест та,болест та,correct,NOUN,Definite=Def|Gender=Fem|Number=Sing
боеготовността,боеготовност,та,боеготовност та,боеготовност та,correct,NOUN,Definite=Def|Gender=Fem|Number=Sing
товарят,товаря,т,товаря т,товаря т,correct,VERB,Aspect=Imp|Mood=Ind|Number=Plur|Person=3|Tense=Pres|VerbForm=Fin|Voice=Act
среднопретеглената,среднопретеглен,ата,среднопретеглен ата,среднопретеглена та,adj_def_boundary,ADJ,Definite=Def|Degree=Pos|Gender=Fem|Number=Sing
хайдутин,хайдут,ин,хайдут ин,хайдутин,skipped_single_token,NOUN,Definite=Ind|Gender=Masc|Number=Sing
арестанти,арестант,и,арестант и,арестант и,correct,NOUN,Definite=Ind|Gender=Masc|Number=Plur
телефонът,телефон,ът,телефон ът,телефон ът,correct,NOUN,Definite=Def|Gender=Masc|Number=Sing
стълпотворението,стълпотворение,то,стълпотворение то,стълпотворение то,correct,NOUN,Definite=Def|Gender=Neut|Number=Sing
байрама,байрам,а,байрам а,байрам а,correct,NOUN,Definite=Def|Gender=Masc|Number=Sing
стигнахте,стигна,хте,стигна хте,стигна хте,correct,VERB,Aspect=Perf|Mood=Ind|Number=Plur|Person=2|Tense=Past|VerbForm=Fin|Voice=Act
останат,остана,т,остана т,остана т,correct,VERB,Aspect=Perf|Mood=Ind|Number=Plur|Person=3|Tense=Pres|VerbForm=Fin|Voice=Act
щата,щат,а,щат а,щат а,correct,NOUN,Definite=Def|Gender=Masc|Number=Sing
магазинчето,магазинче,то,магазинче то,магазинче то,correct,NOUN,Definite=Def|Gender=Neut|Number=Sing
собствения,собствен,ия,собствен ия,собствен ия,correct,ADJ,Definite=Def|Degree=Pos|Gender=Masc|Number=Sing
свържат,свържа,т,свържа т,свържа т,correct,VERB,Aspect=Perf|Mood=Ind|Number=Plur|Person=3|Tense=Pres|VerbForm=Fin|Voice=Act
шинела,шинел,а,шинел а,шинел а,correct,NOUN,Definite=Def|Gender=Masc|Number=Sing
начинаеща,начинаещ,а,начинаещ а,начинаеща,adj_gender,ADJ,Definite=Ind|Degree=Pos|Gender=Fem|Number=Sing
изложението,изложение,то,изложение то,изложение то,correct,NOUN,Definite=Def|Gender=Neut|Number=Sing
акредитацията,акредитация,та,акредитация та,акредитация та,correct,NOUN,Definite=Def|Gender=Fem|Number=Sing
цигуларката,цигуларка,та,цигуларка та,цигуларка та,correct,NOUN,Definite=Def|Gender=Fem|Number=Sing
договора,договор,а,договор а,договор а,correct,NOUN,Definite=Def|Gender=Masc|Number=Sing
суха,сух,а,сух а,суха,adj_gender,ADJ,Definite=Ind|Degree=Pos|Gender=Fem|Number=Sing
материалът,материал,ът,материал ът,материал ът,correct,NOUN,Definite=Def|Gender=Masc|Number=Sing
синода,синод,а,синод а,синод а,correct,NOUN,Definite=Def|Gender=Masc|Number=Sing
участъка,участък,а,участък а,участък а,correct,NOUN,Definite=Def|Gender=Masc|Number=Sing
кучета,куче,та,куче та,куче та,correct,NOUN,Definite=Ind|Gender=Neut|Number=Plur
производството,производство,то,производство то,производство то,correct,NOUN,Definite=Def|Gender=Neut|Number=Sing
фармацевтите,фармацевт,ите,фармацевт ите,фармацевт ите,correct,NOUN,Definite=Def|Gender=Masc|Number=Plur
аргументи,аргумент,и,аргумент и,аргумент и,correct,NOUN,Definite=Ind|Gender=Masc|Number=Plur
останалите,остана,лите,остана лите,останали те,adj_def_boundary,ADJ,Aspect=Perf|Definite=Def|Degree=Pos|Number=Plur|Tense=Past|VerbForm=Part|Voice=Act
нападателите,нападател,ите,нападател ите,нападател ите,correct,NOUN,Definite=Def|Gender=Masc|Number=Plur
новооткритото,новооткрит,ото,новооткрит ото,новооткрито то,adj_def_boundary,ADJ,Definite=Def|Degree=Pos|Gender=Neut|Number=Sing
ваденето,вадене,то,вадене то,вадене то,correct,NOUN,Definite=Def|Gender=Neut|Number=Sing
парфюма,парфюм,а,парфюм а,парфюм а,correct,NOUN,Definite=Def|Gender=Masc|Number=Sing
мача,мач,а,мач а,мач а,correct,NOUN,Definite=Def|Gender=Masc|Number=Sing
микрофони,микрофон,и,микрофон и,микрофон и,correct,NOUN,Definite=Ind|Gender=Masc|Number=Plur
дружелюбността,дружелюбност,та,дружелюбност та,дружелюбност та,correct,NOUN,Definite=Def|Gender=Fem|Number=Sing
паралели,паралел,и,паралел и,паралел и,correct,NOUN,Definite=Ind|Gender=Masc|Number=Plur
акционери,акционер,и,акционер и,акционер и,correct,NOUN,Definite=Ind|Gender=Masc|Number=Plur
ефективността,ефективност,та,ефективност та,ефективност та,correct,NOUN,Definite=Def|Gender=Fem|Number=Sing
имуществото,имущество,то,имущество то,имущество то,correct,NOUN,Definite=Def|Gender=Neut|Number=Sing
разцвета,разцвет,а,разцвет а,разцвет а,correct,NOUN,Definite=Def|Gender=Masc|Number=Sing
другите,друг,ите,друг ите,друг ите,correct,ADJ,Definite=Def|Degree=Pos|Number=Plur
факта,факт,а,факт а,факт а,correct,NOUN,Definite=Def|Gender=Masc|Number=Sing
масата,маса,та,маса та,маса та,correct,NOUN,Definite=Def|Gender=Fem|Number=Sing
наказанието,наказание,то,наказание то,наказание то,correct,NOUN,Definite=Def|Gender=Neut|Number=Sing
посещението,посещение,то,посещение то,посещение то,correct,NOUN,Definite=Def|Gender=Neut|Number=Sing
готова,готов,а,готов а,готова,adj_gender,ADJ,Definite=Ind|Degree=Pos|Gender=Fem|Number=Sing
председателят,председател,ят,председател ят,председател ят,correct,NOUN,Definite=Def|Gender=Masc|Number=Sing
познати,познат,и,познат и,познат и,correct,ADJ,Definite=Ind|Degree=Pos|Number=Plur
навсякъде,на,всякъде,на всякъде,навсякъде,skipped_single_token,ADV,PronType=Tot
креслото,кресло,то,кресло то,кресло то,correct,NOUN,Definite=Def|Gender=Neut|Number=Sing
индивидуалности,индивидуалност,и,индивидуалност и,индивидуалност и,correct,NOUN,Definite=Ind|Gender=Fem|Number=Plur
по-висок,по-,висок,по- висок,по- висок,correct,ADJ,Definite=Ind|Degree=Pos|Gender=Masc|Number=Sing
палубата,палуба,та,палуба та,палуба та,correct,NOUN,Definite=Def|Gender=Fem|Number=Sing
районът,район,ът,район ът,район ът,correct,NOUN,Definite=Def|Gender=Masc|Number=Sing
най-подходящ,най-,подходящ,най- подходящ,най- подходящ,correct,ADJ,Definite=Ind|Degree=Pos|Gender=Masc|Number=Sing
терасата,тераса,та,тераса та,тераса та,correct,NOUN,Definite=Def|Gender=Fem|Number=Sing
семафора,семафор,а,семафор а,семафор а,correct,NOUN,Definite=Def|Gender=Masc|Number=Sing
мениджърът,мениджър,ът,мениджър ът,мениджър ът,correct,NOUN,Definite=Def|Gender=Masc|Number=Sing
фалшива,фалшив,а,фалшив а,фалшива,adj_gender,ADJ,Definite=Ind|Degree=Pos|Gender=Fem|Number=Sing
сянката,сянка,та,сянка та,сянка та,correct,NOUN,Definite=Def|Gender=Fem|Number=Sing
газят,газя,т,газя т,газя т,correct,VERB,Aspect=Imp|Mood=Ind|Number=Plur|Person=3|Tense=Pres|VerbForm=Fin|Voice=Act
комплекти,комплект,и,комплект и,комплект и,correct,NOUN,Definite=Ind|Gender=Masc|Number=Plur
разказите,разказ,ите,разказ ите,разказ ите,correct,NOUN,Definite=Def|Gender=Masc|Number=Plur
нормата,норма,та,норма та,норма та,correct,NOUN,Definite=Def|Gender=Fem|Number=Sing
шефа,шеф,а,шеф а,шеф а,correct,NOUN,Definite=Def|Gender=Masc|Number=Sing
същите,същ,ите,същ ите,същ ите,correct,ADJ,Definite=Def|Degree=Pos|Number=Plur
пронацисткия,пронацистки,я,пронацистки я,пронацистки я,correct,ADJ,Definite=Def|Degree=Pos|Gender=Masc|Number=Sing
разголването,разголване,то,разголване то,разголване то,correct,NOUN,Definite=Def|Gender=Neut|Number=Sing
новото,нов,ото,нов ото,ново то,adj_def_boundary,ADJ,Definite=Def|Degree=Pos|Gender=Neut|Number=Sing
самотата,самота,та,самота та,самота та,correct,NOUN,Definite=Def|Gender=Fem|Number=Sing
произвола,произвол,а,произвол а,произвола,skipped_single_token,NOUN,Definite=Ind|Gender=Masc|Number=Sing
двайсетия,двайсети,я,двайсети я,двайсети я,correct,ADJ,Definite=Def|Degree=Pos|Gender=Masc|Number=Sing|NumType=Ord
обектът,обект,ът,обект ът,обект ът,correct,NOUN,Definite=Def|Gender=Masc|Number=Sing
купона,купон,а,купон а,купон а,correct,NOUN,Definite=Def|Gender=Masc|Number=Sing
погледнах,погледна,х,погледна х,погледна х,correct,VERB,Aspect=Perf|Mood=Ind|Number=Sing|Person=1|Tense=Past|VerbForm=Fin|Voice=Act
промишлена,промишлен,а,промишлен а,промишлена,adj_gender,ADJ,Definite=Ind|Degree=Pos|Gender=Fem|Number=Sing
футбола,футбол,а,футбол а,футбол а,correct,NOUN,Definite=Def|Gender=Masc|Number=Sing
принцове,принц,ове,принц ове,принц ове,correct,NOUN,Definite=Ind|Gender=Masc|Number=Plur
парковете,парк,овете,парк овете,парк овете,correct,NOUN,Definite=Def|Gender=Masc|Number=Plur
коефициентът,коефициент,ът,коефициент ът,коефициент ът,correct,NOUN,Definite=Def|Gender=Masc|Number=Sing
сините,син,ите,син ите,син ите,correct,ADJ,Definite=Def|Degree=Pos|Number=Plur
грубияна,грубиян,а,грубиян а,грубиян а,correct,NOUN,Definite=Def|Gender=Masc|Number=Sing
пренасянето,пренасяне,то,пренасяне то,пренасяне то,correct,NOUN,Definite=Def|Gender=Neut|Number=Sing
прозореца,прозорец,а,прозорец а,прозорец а,correct,NOUN,Definite=Def|Gender=Masc|Number=Sing
скелети,скелет,и,скелет и,скелет и,correct,NOUN,Definite=Ind|Gender=Masc|Number=Plur
пеперудата,пеперуда,та,пеперуда та,пеперуда та,correct,NOUN,Definite=Def|Gender=Fem|Number=Sing
блестящото,блестя,щото,блестя щото,блестящо то,adj_def_boundary,ADJ,Aspect=Imp|Definite=Def|Degree=Pos|Gender=Neut|Number=Sing|Tense=Pres|VerbForm=Part|Voice=Act
картона,картон,а,картон а,картон а,correct,NOUN,Definite=Def|Gender=Masc|Number=Sing
загубена,загубен,а,загубен а,загубена,adj_gender,ADJ,Definite=Ind|Degree=Pos|Gender=Fem|Number=Sing
театъра,театър,а,театър а,театър а,correct,NOUN,Definite=Def|Gender=Masc|Number=Sing
мафиотските,мафиотски,те,мафиотски те,мафиотск ите,adj_def_boundary,ADJ,Definite=Def|Degree=Pos|Number=Plur
интеграцията,интеграция,та,интеграция та,интеграция та,correct,NOUN,Definite=Def|Gender=Fem|Number=Sing
факса,факс,а,факс а,факса,skipped_single_token,NOUN,Definite=Ind|Gender=Fem|Number=Sing
ваятели,ваятел,и,ваятел и,ваятел и,correct,NOUN,Definite=Ind|Gender=Masc|Number=Plur
реката,река,та,река та,река та,correct,NOUN,Definite=Def|Gender=Fem|Number=Sing
транзистора,транзистор,а,транзистор а,транзистор а,correct,NOUN,Definite=Def|Gender=Masc|Number=Sing
житото,жито,то,жито то,жито то,correct,NOUN,Definite=Def|Gender=Neut|Number=Sing
готвача,готвач,а,готвач а,готвач а,correct,NOUN,Definite=Def|Gender=Masc|Number=Sing
падналите,паднал,ите,паднал ите,паднал ите,correct,NOUN,Definite=Def|Gender=Masc|Number=Plur
активно-поведенческите,активно-поведенчески,те,активно-поведенчески те,активно-поведенческ ите,adj_def_boundary,ADJ,Definite=Def|Degree=Pos|Number=Plur
съдът,съд,ът,съд ът,съд ът,correct,NOUN,Definite=Def|Gender=Masc|Number=Sing
екипажите,екипаж,ите,екипаж ите,екипаж ите,correct,NOUN,Definite=Def|Gender=Masc|Number=Plur
икономическите,икономически,те,икономически те,икономическ ите,adj_def_boundary,ADJ,Definite=Def|Degree=Pos|Number=Plur
договори,договор,и,договор и,договор и,correct,NOUN,Definite=Ind|Gender=Masc|Number=Plur
надвишат,надвиша,т,надвиша т,надвиша т,correct,VERB,Aspect=Perf|Mood=Ind|Number=Plur|Person=3|Tense=Pres|VerbForm=Fin|Voice=Act
служители,служител,и,служител и,служител и,correct,NOUN,Definite=Ind|Gender=Masc|Number=Plur
гадатели,гадател,и,гадател и,гадател и,correct,NOUN,Definite=Ind|Gender=Masc|Number=Plur
коридора,коридор,а,коридор а,коридор а,correct,NOUN,Definite=Def|Gender=Masc|Number=Sing
страха,страх,а,страх а,страх а,correct,NOUN,Definite=Def|Gender=Masc|Number=Sing
медията,медия,та,медия та,медия та,correct,NOUN,Definite=Def|Gender=Fem|Number=Sing
скандалите,скандал,ите,скандал ите,скандал ите,correct,NOUN,Definite=Def|Gender=Masc|Number=Plur
обучението,обучение,то,обучение то,обучение то,correct,NOUN,Definite=Def|Gender=Neut|Number=Sing
принципала,принципал,а,принципал а,принципал а,correct,NOUN,Definite=Def|Gender=Masc|Number=Sing
щастлива,щастлив,а,щастлив а,щастлива,adj_gender,ADJ,Definite=Ind|Degree=Pos|Gender=Fem|Number=Sing
премиерът,премиер,ът,премиер ът,премиер ът,correct,NOUN,Definite=Def|Gender=Masc|Number=Sing
складове,склад,ове,склад ове,склад ове,correct,NOUN,Definite=Ind|Gender=Masc|Number=Plur
германският,германски,ят,германски ят,германски ят,correct,ADJ,Definite=Def|Degree=Pos|Gender=Masc|Number=Sing
сумата,сума,та,сума та,сума та,correct,NOUN,Definite=Def|Gender=Fem|Number=Sing
читалнята,читалня,та,читалня та,читалня та,correct,NOUN,Definite=Def|Gender=Fem|Number=Sing
хазната,хазна,та,хазна та,хазна та,correct,NOUN,Definite=Def|Gender=Fem|Number=Sing
весело,весел,о,весел о,весело,adj_gender,ADV,Degree=Pos
стигнала,стигна,ла,стигна ла,стигна ла,correct,VERB,Aspect=Perf|Definite=Ind|Gender=Fem|Number=Sing|Tense=Past|VerbForm=Part|Voice=Act
играят,играя,т,играя т,играя т,correct,VERB,Aspect=Imp|Mood=Ind|Number=Plur|Person=3|Tense=Pres|VerbForm=Fin|Voice=Act
ярета,яре,та,яре та,яре та,correct,NOUN,Definite=Ind|Gender=Neut|Number=Plur
родителите,родител,ите,родител ите,родител ите,correct,NOUN,Definite=Def|Gender=Masc|Number=Plur
нападението,нападение,то,нападение то,нападение то,correct,NOUN,Definite=Def|Gender=Neut|Number=Sing
предприемачите,предприемач,ите,предприемач ите,предприемач ите,correct,NOUN,Definite=Def|Gender=Masc|Number=Plur
радиостанцията,радиостанция,та,радиостанция та,радиостанция та,correct,NOUN,Definite=Def|Gender=Fem|Number=Sing
непосредствено,непосредствен,о,непосредствен о,непосредствено,adj_gender,ADV,Degree=Pos
безмълвието,безмълвие,то,безмълвие то,безмълвие то,correct,NOUN,Definite=Def|Gender=Neut|Number=Sing
секцията,секция,та,секция та,секция та,correct,NOUN,Definite=Def|Gender=Fem|Number=Sing
изминалите,измина,лите,измина лите,изминал ите,wrong,ADJ,Aspect=Perf|Definite=Def|Degree=Pos|Number=Plur|Tense=Past|VerbForm=Part|Voice=Act
пристигнахме,пристигна,хме,пристигна хме,пристигна хме,correct,VERB,Aspect=Perf|Mood=Ind|Number=Plur|Person=1|Tense=Past|VerbForm=Fin|Voice=Act
пагони,пагон,и,пагон и,пагон и,correct,NOUN,Definite=Ind|Gender=Masc|Number=Plur
терапията,терапия,та,терапия та,терапия та,correct,NOUN,Definite=Def|Gender=Fem|Number=Sing
дрогата,дрога,та,дрога та,дрога та,correct,NOUN,Definite=Def|Gender=Fem|Number=Sing
дома,дом,а,дом а,дом а,correct,NOUN,Definite=Def|Gender=Masc|Number=Sing
брауновото,браунов,ото,браунов ото,брауново то,adj_def_boundary,ADJ,Definite=Def|Degree=Pos|Gender=Neut|Number=Sing
идилията,идилия,та,идилия та,идилия та,correct,NOUN,Definite=Def|Gender=Fem|Number=Sing
прочутия,прочут,ия,прочут ия,прочут ия,correct,ADJ,Definite=Def|Degree=Pos|Gender=Masc|Number=Sing
обема,обем,а,обем а,обем а,correct,NOUN,Definite=Def|Gender=Masc|Number=Sing
бъдеща,бъдещ,а,бъдещ а,бъдеща,adj_gender,ADJ,Definite=Ind|Degree=Pos|Gender=Fem|Number=Sing
потайностите,потайност,ите,потайност ите,потайност ите,correct,NOUN,Definite=Def|Gender=Fem|Number=Plur
гейма,гейм,а,гейм а,гейм а,correct,NOUN,Definite=Def|Gender=Masc|Number=Sing
най-много,най-,много,най- много,най- много,correct,ADV,Definite=Ind|Degree=Pos|Number=Plur|NumType=Card
ректорският,ректорски,ят,ректорски ят,ректорски ят,correct,ADJ,Definite=Def|Degree=Pos|Gender=Masc|Number=Sing
опозиционери,опозиционер,и,опозиционер и,опозиционер и,correct,NOUN,Definite=Ind|Gender=Masc|Number=Plur
бъдещи,бъдещ,и,бъдещ и,бъдещ и,correct,ADJ,Definite=Ind|Degree=Pos|Number=Plur
сполучлива,сполучлив,а,сполучлив а,сполучлива,adj_gender,ADJ,Definite=Ind|Degree=Pos|Gender=Fem|Number=Sing
потеглят,потегля,т,потегля т,потегл ят,wrong,VERB,Aspect=Imp|Mood=Ind|Number=Plur|Person=3|Tense=Pres|VerbForm=Fin|Voice=Act
харема,харем,а,харем а,харем а,correct,NOUN,Definite=Def|Gender=Masc|Number=Sing
седнал,седна,л,седна л,седна л,correct,VERB,Aspect=Perf|Definite=Ind|Gender=Masc|Number=Sing|Tense=Past|VerbForm=Part|Voice=Act
протокола,протокол,а,протокол а,протокол а,correct,NOUN,Definite=Def|Gender=Masc|Number=Sing
по-известен,по-,известен,по- известен,по- известен,correct,ADJ,Definite=Ind|Degree=Pos|Gender=Masc|Number=Sing
депутатите,депутат,ите,депутат ите,депутат ите,correct,NOUN,Definite=Def|Gender=Masc|Number=Plur
най-голям,най-,голям,най- голям,най- голям,correct,ADJ,Definite=Ind|Degree=Pos|Gender=Masc|Number=Sing
маестрото,маестро,то,маестро то,маестро то,correct,NOUN,Definite=Def|Gender=Masc|Number=Sing
румънецът,румънец,ът,румънец ът,румънец ът,correct,NOUN,Definite=Def|Gender=Masc|Number=Sing
присъщо,присъщ,о,присъщ о,присъщо,adj_gender,ADV,Degree=Pos
пациенти,пациент,и,пациент и,пациент и,correct,NOUN,Definite=Ind|Gender=Masc|Number=Plur
познанието,познание,то,познание то,познание то,correct,NOUN,Definite=Def|Gender=Neut|Number=Sing
жители,жител,и,жител и,жител и,correct,NOUN,Definite=Ind|Gender=Masc|Number=Plur
пъпа,пъп,а,пъп а,пъп а,correct,NOUN,Definite=Def|Gender=Masc|Number=Sing
трябваше,трябва,ше,трябва ше,трябва ше,correct,VERB,Aspect=Imp|Mood=Ind|Number=Sing|Person=3|Tense=Imp|VerbForm=Fin|Voice=Act
прави,прав,и,прав и,прави,skipped_single_token,VERB,Aspect=Imp|Mood=Ind|Number=Sing|Person=2|Tense=Pres|VerbForm=Fin|Voice=Act
делото,дело,то,дело то,дело то,correct,NOUN,Definite=Def|Gender=Neut|Number=Sing
гъвкаво,гъвкав,о,гъвкав о,гъвкаво,adj_gender,ADV,Degree=Pos
монархическите,монархически,те,монархически те,монархическ ите,adj_def_boundary,ADJ,Definite=Def|Degree=Pos|Number=Plur
облагодетелстването,облагодетелстване,то,облагодетелстване то,облагодетелстване то,correct,NOUN,Definite=Def|Gender=Neut|Number=Sing
постигнатия,постигна,тия,постигна тия,постигнати я,adj_def_boundary,ADJ,Aspect=Perf|Definite=Def|Degree=Pos|Gender=Masc|Number=Sing|VerbForm=Part|Voice=Pass
премиера,премиер,а,премиер а,премиера,skipped_single_token,NOUN,Definite=Ind|Gender=Fem|Number=Sing
красивото,красив,ото,красив ото,красиво то,adj_def_boundary,ADJ,Definite=Def|Degree=Pos|Gender=Neut|Number=Sing
цифрова,цифров,а,цифров а,цифрова,adj_gender,ADJ,Definite=Ind|Degree=Pos|Gender=Fem|Number=Sing
действието,действие,то,действие то,действие то,correct,NOUN,Definite=Def|Gender=Neut|Number=Sing
любители,любител,и,любител и,любител и,correct,NOUN,Definite=Ind|Gender=Masc|Number=Plur
записи,запис,и,запис и,запис и,correct,NOUN,Definite=Ind|Gender=Masc|Number=Plur
тунизийския,тунизийски,я,тунизийски я,тунизийски я,correct,ADJ,Definite=Def|Degree=Pos|Gender=Masc|Number=Sing
словашките,словашки,те,словашки те,словашк ите,adj_def_boundary,ADJ,Definite=Def|Degree=Pos|Number=Plur
камиони,камион,и,камион и,камион и,correct,NOUN,Definite=Ind|Gender=Masc|Number=Plur
пропуснато,пропусна,то,пропусна то,пропуснато,skipped_single_token,VERB,Aspect=Perf|Definite=Ind|Gender=Neut|Number=Sing|VerbForm=Part|Voice=Pass
колоса,колос,а,колос а,колос а,correct,NOUN,Definite=Def|Gender=Masc|Number=Sing
студентката,студентка,та,студентка та,студентка та,correct,NOUN,Definite=Def|Gender=Fem|Number=Sing
червена,червен,а,червен а,червена,adj_gender,ADJ,Definite=Ind|Degree=Pos|Gender=Fem|Number=Sing
преброяването,преброяване,то,преброяване то,преброяване то,correct,NOUN,Definite=Def|Gender=Neut|Number=Sing
посредника,посредник,а,посредник а,посредник а,correct,NOUN,Definite=Def|Gender=Masc|Number=Sing
по-точно,по-,точно,по- точно,по- точно,correct,ADV,Degree=Pos
ресурсите,ресурс,ите,ресурс ите,ресурс ите,correct,NOUN,Definite=Def|Gender=Masc|Number=Plur
новият,нов,ият,нов ият,нов ият,correct,ADJ,Definite=Def|Degree=Pos|Gender=Masc|Number=Sing
същата,същ,ата,същ ата,съща та,adj_def_boundary,ADJ,Definite=Def|Degree=Pos|Gender=Fem|Number=Sing
нацията,нация,та,нация та,нация та,correct,NOUN,Definite=Def|Gender=Fem|Number=Sing
лозето,лозе,то,лозе то,лозе то,correct,NOUN,Definite=Def|Gender=Neut|Number=Sing
газовата,газов,ата,газов ата,газова та,adj_def_boundary,ADJ,Definite=Def|Degree=Pos|Gender=Fem|Number=Sing
служат,служа,т,служа т,служа т,correct,VERB,Aspect=Imp|Mood=Ind|Number=Plur|Person=3|Tense=Pres|VerbForm=Fin|Voice=Act
администрацията,администрация,та,администрация та,администрация та,correct,NOUN,Definite=Def|Gender=Fem|Number=Sing
утолят,утоля,т,утоля т,утоля т,correct,VERB,Aspect=Perf|Mood=Ind|Number=Plur|Person=3|Tense=Pres|VerbForm=Fin|Voice=Act
булката,булка,та,булка та,булка та,correct,NOUN,Definite=Def|Gender=Fem|Number=Sing
ръководителя,ръководител,я,ръководител я,ръководител я,correct,NOUN,Definite=Def|Gender=Masc|Number=Sing
самолетите,самолет,ите,самолет ите,самолет ите,correct,NOUN,Definite=Def|Gender=Masc|Number=Plur
следят,следя,т,следя т,следя т,correct,VERB,Aspect=Imp|Mood=Ind|Number=Plur|Person=3|Tense=Pres|VerbForm=Fin|Voice=Act
адвокати,адвокат,и,адвокат и,адвокат и,correct,NOUN,Definite=Ind|Gender=Masc|Number=Plur
оттам,от,там,от там,оттам,skipped_single_token,ADV,PronType=Dem
черепа,череп,а,череп а,череп а,correct,NOUN,Definite=Def|Gender=Masc|Number=Sing
пътищата,път,ищата,път ищата,пътищ ата,wrong,NOUN,Definite=Def|Gender=Masc|Number=Plur
законите,закон,ите,закон ите,закон ите,correct,NOUN,Definite=Def|Gender=Masc|Number=Plur
топлофикацията,топлофикация,та,топлофикация та,топлофикация та,correct,NOUN,Definite=Def|Gender=Fem|Number=Sing
нанякъде,на,някъде,на някъде,нанякъде,skipped_single_token,ADV,PronType=Ind
целта,цел,та,цел та,цел та,correct,NOUN,Definite=Def|Gender=Fem|Number=Sing
брокерите,брокер,ите,брокер ите,брокер ите,correct,NOUN,Definite=Def|Gender=Masc|Number=Plur
русалката,русалка,та,русалка та,русалка та,correct,NOUN,Definite=Def|Gender=Fem|Number=Sing
уеб-страницата,уеб-страница,та,уеб-страница та,уеб-страница та,correct,NOUN,Definite=Def|Gender=Fem|Number=Sing
