wordform,lemma,stem,preceding_part,following_part,expected_morphtok,predicted_morphtok,morphscore_result,morphscore_detail,UPOS,feats
цялата,цял,цял,,ата,цял ата,цяла та,wrong,adj_def_boundary,ADJ,Definite=Def|Degree=Pos|Gender=Fem|Number=Sing
голяма,голям,голям,,а,голям а,голяма,correct,adj_gender,ADJ,Definite=Ind|Degree=Pos|Gender=Fem|Number=Sing
кънтят,кънтя,кънтя,,т,кънтя т,кънт ят,wrong,,VERB,Aspect=Imp|Mood=Ind|Number=Plur|Person=3|Tense=Pres|VerbForm=Fin|Voice=Act
понякога,някога,някога,по,,по някога,понякога,correct,,ADV,PronType=Ind
селските,селски,селски,,те,селски те,селск ите,wrong,adj_def_boundary,ADJ,Definite=Def|Degree=Pos|Number=Plur
широкото,широк,широк,,ото,широк ото,широко то,wrong,adj_def_boundary,ADJ,Definite=Def|Degree=Pos|Gender=Neut|Number=Sing
клетата,клет,клет,,ата,клет ата,клета та,wrong,adj_def_boundary,ADJ,Definite=Def|Degree=Pos|Gender=Fem|Number=Sing
дишаме,дишам,дишам,,е,дишам е,диша ме,wrong,plu1person_boundary,VERB,Aspect=Imp|Mood=Ind|Number=Plur|Person=1|Tense=Pres|VerbForm=Fin|Voice=Act
чакали,чакал,чакал,,и,чакал и,чака ли,wrong,,VERB,Aspect=Imp|Definite=Ind|Number=Plur|Tense=Past|VerbForm=Part|Voice=Act
подлежат,подлежа,подлежа,,т,подлежа т,подлеж ат,wrong,,VERB,Aspect=Imp|Mood=Ind|Number=Plur|Person=3|Tense=Pres|VerbForm=Fin|Voice=Act
духа,дух,дух,,а,дух а,духа,correct,,VERB,Aspect=Imp|Mood=Ind|Number=Sing|Person=3|Tense=Pres|VerbForm=Fin|Voice=Act
успеят,успея,успея,,т,успея т,успе ят,wrong,,VERB,Aspect=Perf|Mood=Ind|Number=Plur|Person=3|Tense=Pres|VerbForm=Fin|Voice=Act
аванпостове,аванпост,аванпост,,ове,аванпост ове,аванпостове,correct,,NOUN,Definite=Ind|Gender=Masc|Number=Sing
родовито,родовит,родовит,,о,родовит о,родовито,correct,adj_gender,ADV,Degree=Pos
трескава,трескав,трескав,,а,трескав а,трескава,correct,adj_gender,ADJ,Definite=Ind|Degree=Pos|Gender=Fem|Number=Sing
бъдат,бъда,бъда,,т,бъда т,бъд ат,wrong,,VERB,Aspect=Perf|Mood=Ind|Number=Plur|Person=3|Tense=Pres|VerbForm=Fin|Voice=Act
отреди,отред,отред,,и,отред и,отреди,correct,,VERB,Aspect=Perf|Mood=Ind|Number=Sing|Person=3|Tense=Past|VerbForm=Fin|Voice=Act
художествената,художествен,художествен,,ата,художествен ата,художествена та,wrong,adj_def_boundary,ADJ,Definite=Def|Degree=Pos|Gender=Fem|Number=Sing
поникналата,поникна,поникна,,лата,поникна лата,поникнала та,wrong,adj_def_boundary,ADJ,Aspect=Perf|Definite=Def|Degree=Pos|Gender=Fem|Number=Sing|Tense=Past|VerbForm=Part|Voice=Act
вито,вит,вит,,о,вит о,вито,correct,,NOUN,Definite=Ind|Gender=Neut|Number=Sing
жълтата,жълт,жълт,,ата,жълт ата,жълта та,wrong,adj_def_boundary,ADJ,Definite=Def|Degree=Pos|Gender=Fem|Number=Sing
младо,млад,млад,,о,млад о,младо,correct,adj_gender,ADJ,Definite=Ind|Degree=Pos|Gender=Neut|Number=Sing
пъти,път,път,,и,път и,пъти,correct,,NOUN,Gender=Masc|Number=Count
светата,свет,свет,,ата,свет ата,света та,wrong,adj_def_boundary,ADJ,Definite=Def|Degree=Pos|Gender=Fem|Number=Sing
мили,мил,мил,,и,мил и,мили,correct,,ADJ,Definite=Ind|Degree=Pos|Number=Plur
друга,друг,друг,,а,друг а,друга,correct,adj_gender,ADJ,Definite=Ind|Degree=Pos|Gender=Fem|Number=Sing
общата,общ,общ,,ата,общ ата,обща та,wrong,adj_def_boundary,ADJ,Definite=Def|Degree=Pos|Gender=Fem|Number=Sing
собствената,собствен,собствен,,ата,собствен ата,собствена та,wrong,adj_def_boundary,ADJ,Definite=Def|Degree=Pos|Gender=Fem|Number=Sing
новото,нов,нов,,ото,нов ото,ново то,wrong,adj_def_boundary,ADJ,Definite=Def|Degree=Pos|Gender=Neut|Number=Sing
нашето,наш,наш,,ето,наш ето,наше то,wrong,adj_def_boundary,DET,Definite=Def|Gender=Neut|Number=Sing|Person=1|Poss=Yes|PronType=Prs
говорят,говоря,говоря,,т,говоря т,говор ят,wrong,,VERB,Aspect=Imp|Mood=Ind|Number=Plur|Person=3|Tense=Pres|VerbForm=Fin|Voice=Act
живеят,живея,живея,,т,живея т,живе ят,wrong,,VERB,Aspect=Imp|Mood=Ind|Number=Plur|Person=3|Tense=Pres|VerbForm=Fin|Voice=Act
цяла,цял,цял,,а,цял а,цяла,correct,adj_gender,ADJ,Definite=Ind|Degree=Pos|Gender=Fem|Number=Sing
дотам,там,там,до,,до там,дотам,correct,,ADV,PronType=Dem
хубава,хубав,хубав,,а,хубав а,хубава,correct,adj_gender,ADJ,Definite=Ind|Degree=Pos|Gender=Fem|Number=Sing
откъдето,където,където,от,,от където,откъдето,correct,,ADV,PronType=Rel
могат,мога,мога,,т,мога т,мог ат,wrong,,VERB,Aspect=Imp|Mood=Ind|Number=Plur|Person=3|Tense=Pres|VerbForm=Fin|Voice=Act
старото,стар,стар,,ото,стар ото,старо то,wrong,adj_def_boundary,ADJ,Definite=Def|Degree=Pos|Gender=Neut|Number=Sing
голата,гол,гол,,ата,гол ата,гола та,wrong,adj_def_boundary,ADJ,Definite=Def|Degree=Pos|Gender=Fem|Number=Sing
посещаваме,посещавам,посещавам,,е,посещавам е,посещава ме,wrong,plu1person_boundary,VERB,Aspect=Imp|Mood=Ind|Number=Plur|Person=1|Tense=Pres|VerbForm=Fin|Voice=Act
гърмят,гърмя,гърмя,,т,гърмя т,гърм ят,wrong,,VERB,Aspect=Imp|Mood=Ind|Number=Plur|Person=3|Tense=Pres|VerbForm=Fin|Voice=Act
заминат,замина,замина,,т,замина т,замин ат,wrong,,VERB,Aspect=Perf|Mood=Ind|Number=Plur|Person=3|Tense=Pres|VerbForm=Fin|Voice=Act
донесат,донеса,донеса,,т,донеса т,донес ат,wrong,,VERB,Aspect=Perf|Mood=Ind|Number=Plur|Person=3|Tense=Pres|VerbForm=Fin|Voice=Act
идат,ида,ида,,т,ида т,ид ат,wrong,,VERB,Aspect=Imp|Mood=Ind|Number=Plur|Person=3|Tense=Pres|VerbForm=Fin|Voice=Act
дълбока,дълбок,дълбок,,а,дълбок а,дълбока,correct,adj_gender,ADJ,Definite=Ind|Degree=Pos|Gender=Fem|Number=Sing
най-простото,прост,прост,най-,ото,най- прост ото,най- просто то,partial,adj_def_boundary,ADJ,Definite=Def|Degree=Sup|Gender=Neut|Number=Sing
тържественото,тържествен,тържествен,,ото,тържествен ото,тържествено то,wrong,adj_def_boundary,ADJ,Definite=Def|Degree=Pos|Gender=Neut|Number=Sing
неподражаема,неподражаем,неподражаем,,а,неподражаем а,неподражаема,correct,adj_gender,ADJ,Definite=Ind|Degree=Pos|Gender=Fem|Number=Sing
изпратят,изпратя,изпратя,,т,изпратя т,изпрат ят,wrong,,VERB,Aspect=Perf|Mood=Ind|Number=Plur|Person=3|Tense=Pres|VerbForm=Fin|Voice=Act
вдъхнат,вдъхна,вдъхна,,т,вдъхна т,вдъхн ат,wrong,,VERB,Aspect=Perf|Mood=Ind|Number=Plur|Person=3|Tense=Pres|VerbForm=Fin|Voice=Act
синя,син,син,,я,син я,синя,correct,adj_gender,ADJ,Definite=Ind|Degree=Pos|Gender=Fem|Number=Sing
неумолима,неумолим,неумолим,,а,неумолим а,неумолима,correct,adj_gender,ADJ,Definite=Ind|Degree=Pos|Gender=Fem|Number=Sing
бяла,бял,бял,,а,бял а,бяла,correct,adj_gender,ADJ,Definite=Ind|Degree=Pos|Gender=Fem|Number=Sing
зреят,зрея,зрея,,т,зрея т,зре ят,wrong,,VERB,Aspect=Imp|Mood=Ind|Number=Plur|Person=3|Tense=Pres|VerbForm=Fin|Voice=Act
заглъхналия,заглъхна,заглъхна,,лия,заглъхна лия,заглъхнали я,wrong,adj_def_boundary,ADJ,Aspect=Perf|Definite=Def|Degree=Pos|Gender=Masc|Number=Sing|Tense=Past|VerbForm=Part|Voice=Act
потъналата,потъна,потъна,,лата,потъна лата,потънала та,wrong,adj_def_boundary,ADJ,Aspect=Perf|Definite=Def|Degree=Pos|Gender=Fem|Number=Sing|Tense=Past|VerbForm=Part|Voice=Act
копаят,копая,копая,,т,копая т,копа ят,wrong,,VERB,Aspect=Imp|Mood=Ind|Number=Plur|Person=3|Tense=Pres|VerbForm=Fin|Voice=Act
веща,вещ,вещ,,а,вещ а,веща,correct,adj_gender,ADJ,Definite=Ind|Degree=Pos|Gender=Fem|Number=Sing
по-смела,смел,смел,по-,а,по- смел а,по- смела,partial,,ADJ,Definite=Ind|Degree=Pos|Gender=Fem|Number=Sing
кажат,кажа,кажа,,т,кажа т,каж ат,wrong,,VERB,Aspect=Perf|Mood=Ind|Number=Plur|Person=3|Tense=Pres|VerbForm=Fin|Voice=Act
слабата,слаб,слаб,,ата,слаб ата,слаба та,wrong,adj_def_boundary,ADJ,Definite=Def|Degree=Pos|Gender=Fem|Number=Sing
най-веща,вещ,вещ,най-,а,най- вещ а,най- веща,partial,,ADV,Degree=Pos
сърдита,сърдит,сърдит,,а,сърдит а,сърдита,correct,adj_gender,ADJ,Definite=Ind|Degree=Pos|Gender=Fem|Number=Sing
гола,гол,гол,,а,гол а,гола,correct,,NOUN,Definite=Ind|Gender=Fem|Number=Sing
чужда,чужд,чужд,,а,чужд а,чужда,correct,adj_gender,ADJ,Definite=Ind|Degree=Pos|Gender=Fem|Number=Sing
жълто,жълт,жълт,,о,жълт о,жълто,correct,adj_gender,ADV,Degree=Pos
глупава,глупав,глупав,,а,глупав а,глупава,correct,adj_gender,ADJ,Definite=Ind|Degree=Pos|Gender=Fem|Number=Sing
неочаквано,неочакван,неочакван,,о,неочакван о,неочаквано,correct,adj_gender,ADV,Degree=Pos
мързелива,мързелив,мързелив,,а,мързелив а,мързелива,correct,adj_gender,ADJ,Definite=Ind|Degree=Pos|Gender=Fem|Number=Sing
напишат,напиша,напиша,,т,напиша т,напиш ат,wrong,,VERB,Aspect=Perf|Mood=Ind|Number=Plur|Person=3|Tense=Pres|VerbForm=Fin|Voice=Act
хубаво,хубав,хубав,,о,хубав о,хубаво,correct,adj_gender,ADV,Degree=Pos
политическите,политически,политически,,те,политически те,политическ ите,wrong,adj_def_boundary,ADJ,Definite=Def|Degree=Pos|Number=Plur
черната,чер,чер,,ната,чер ната,черна та,wrong,adj_def_boundary,ADJ,Definite=Def|Degree=Pos|Gender=Fem|Number=Sing
черните,чер,чер,,ните,чер ните,черн ите,wrong,,ADJ,Definite=Def|Degree=Pos|Number=Plur
червено,червен,червен,,о,червен о,червено,correct,adj_gender,ADV,Degree=Pos
планинските,планински,планински,,те,планински те,планинск ите,wrong,adj_def_boundary,ADJ,Definite=Def|Degree=Pos|Number=Plur
старо,стар,стар,,о,стар о,старо,correct,adj_gender,ADJ,Definite=Ind|Degree=Pos|Gender=Neut|Number=Sing
гледаме,гледам,гледам,,е,гледам е,гледа ме,wrong,plu1person_boundary,VERB,Aspect=Imp|Mood=Ind|Number=Plur|Person=1|Tense=Pres|VerbForm=Fin|Voice=Act
свято,свят,свят,,о,свят о,свято,correct,adj_gender,ADV,Degree=Pos
мило,мил,мил,,о,мил о,мило,correct,adj_gender,ADV,Degree=Pos
рева,рев,рев,,а,рев а,рева,correct,,NOUN,Definite=Ind|Gender=Fem|Number=Sing
широка,широк,широк,,а,широк а,широка,correct,adj_gender,ADJ,Definite=Ind|Degree=Pos|Gender=Fem|Number=Sing
обществена,обществен,обществен,,а,обществен а,обществена,correct,adj_gender,ADJ,Definite=Ind|Degree=Pos|Gender=Fem|Number=Sing
тиха,тих,тих,,а,тих а,тиха,correct,adj_gender,ADJ,Definite=Ind|Degree=Pos|Gender=Fem|Number=Sing
забележима,забележим,забележим,,а,забележим а,забележима,correct,adj_gender,ADJ,Definite=Ind|Degree=Pos|Gender=Fem|Number=Sing
живо,жив,жив,,о,жив о,живо,correct,adj_gender,ADV,Degree=Pos
студената,студен,студен,,ата,студен ата,студена та,wrong,adj_def_boundary,ADJ,Definite=Def|Degree=Pos|Gender=Fem|Number=Sing
доколкото,колкото,колкото,до,,до колкото,доколкото,correct,,ADV,NumType=Card|PronType=Rel
друго,друг,друг,,о,друг о,друго,correct,adj_gender,ADJ,Definite=Ind|Degree=Pos|Gender=Neut|Number=Sing
гъста,гъст,гъст,,а,гъст а,гъста,correct,adj_gender,ADJ,Definite=Ind|Degree=Pos|Gender=Fem|Number=Sing
зелена,зелен,зелен,,а,зелен а,зелена,correct,adj_gender,ADJ,Definite=Ind|Degree=Pos|Gender=Fem|Number=Sing
свежа,свеж,свеж,,а,свеж а,свежа,correct,adj_gender,ADJ,Definite=Ind|Degree=Pos|Gender=Fem|Number=Sing
черна,чер,чер,,на,чер на,черна,correct,,ADJ,Definite=Ind|Degree=Pos|Gender=Fem|Number=Sing
смълчаната,смълчан,смълчан,,ата,смълчан ата,смълчана та,wrong,adj_def_boundary,ADJ,Definite=Def|Degree=Pos|Gender=Fem|Number=Sing
виолетова,виолетов,виолетов,,а,виолетов а,виолетова,correct,adj_gender,ADJ,Definite=Ind|Degree=Pos|Gender=Fem|Number=Sing
особено,особен,особен,,о,особен о,особено,correct,adj_gender,ADV,Degree=Pos
ледената,леден,леден,,ата,леден ата,ледена та,wrong,adj_def_boundary,ADJ,Definite=Def|Degree=Pos|Gender=Fem|Number=Sing
оттам,там,там,от,,от там,оттам,correct,,ADV,PronType=Dem
прегазят,прегазя,прегазя,,т,прегазя т,прегаз ят,wrong,,VERB,Aspect=Perf|Mood=Ind|Number=Plur|Person=3|Tense=Pres|VerbForm=Fin|Voice=Act
похарчат,похарча,похарча,,т,похарча т,похарч ат,wrong,,VERB,Aspect=Perf|Mood=Ind|Number=Plur|Person=3|Tense=Pres|VerbForm=Fin|Voice=Act
нивата,нива,нива,,та,нива та,ниват а,wrong,,NOUN,Definite=Def|Gender=Neut|Number=Plur
отникъде,никъде,никъде,от,,от никъде,отникъде,correct,,ADV,PronType=Neg
високото,висок,висок,,ото,висок ото,високо то,wrong,adj_def_boundary,ADJ,Definite=Def|Degree=Pos|Gender=Neut|Number=Sing
синьо,син,син,,ьо,син ьо,синьо,correct,,ADV,Degree=Pos
позната,познат,познат,,а,познат а,позната,correct,adj_gender,ADJ,Definite=Ind|Degree=Pos|Gender=Fem|Number=Sing
лошо,лош,лош,,о,лош о,лошо,correct,adj_gender,ADV,Degree=Pos
необходимо,необходим,необходим,,о,необходим о,необходимо,correct,adj_gender,ADV,Degree=Pos
необходима,необходим,необходим,,а,необходим а,необходима,correct,adj_gender,ADJ,Definite=Ind|Degree=Pos|Gender=Fem|Number=Sing
отколкото,колкото,колкото,от,,от колкото,отколкото,correct,,ADV,NumType=Card|PronType=Rel
весела,весел,весел,,а,весел а,весела,correct,adj_gender,ADJ,Definite=Ind|Degree=Pos|Gender=Fem|Number=Sing
мила,мил,мил,,а,мил а,мила,correct,adj_gender,ADJ,Definite=Ind|Degree=Pos|Gender=Fem|Number=Sing
готова,готов,готов,,а,готов а,готова,correct,adj_gender,ADJ,Definite=Ind|Degree=Pos|Gender=Fem|Number=Sing
ново,нов,нов,,о,нов о,ново,correct,adj_gender,ADV,Degree=Pos
чакаме,чакам,чакам,,е,чакам е,чака ме,wrong,plu1person_boundary,VERB,Aspect=Imp|Mood=Ind|Number=Plur|Person=1|Tense=Pres|VerbForm=Fin|Voice=Act
посрещнат,посрещна,посрещна,,т,посрещна т,посрещн ат,wrong,,VERB,Aspect=Perf|Mood=Ind|Number=Plur|Person=3|Tense=Pres|VerbForm=Fin|Voice=Act
търсят,търся,търся,,т,търся т,търс ят,wrong,,VERB,Aspect=Imp|Mood=Ind|Number=Plur|Person=3|Tense=Pres|VerbForm=Fin|Voice=Act
назначат,назнача,назнача,,т,назнача т,назнач ат,wrong,,VERB,Aspect=Perf|Mood=Ind|Number=Plur|Person=3|Tense=Pres|VerbForm=Fin|Voice=Act
горещо,горещ,горещ,,о,горещ о,горещо,correct,adj_gender,ADV,Degree=Pos
непосредственото,непосредствен,непосредствен,,ото,непосредствен ото,непосредствено то,wrong,adj_def_boundary,ADJ,Definite=Def|Degree=Pos|Gender=Neut|Number=Sing
семена,семе,семе,,на,семе на,семена,correct,,NOUN,Definite=Ind|Gender=Neut|Number=Plur
пожелаят,пожелая,пожелая,,т,пожелая т,пожела ят,wrong,,VERB,Aspect=Perf|Mood=Ind|Number=Plur|Person=3|Tense=Pres|VerbForm=Fin|Voice=Act
грубото,груб,груб,,ото,груб ото,грубо то,wrong,adj_def_boundary,ADJ,Definite=Def|Degree=Pos|Gender=Neut|Number=Sing
европейските,европейски,европейски,,те,европейски те,европейск ите,wrong,adj_def_boundary,ADJ,Definite=Def|Degree=Pos|Number=Plur
лъскава,лъскав,лъскав,,а,лъскав а,лъскава,correct,adj_gender,ADJ,Definite=Ind|Degree=Pos|Gender=Fem|Number=Sing
разказа,разказ,разказ,,а,разказ а,разказа,correct,,VERB,Aspect=Perf|Mood=Ind|Number=Sing|Person=3|Tense=Past|VerbForm=Fin|Voice=Act
змийските,змийски,змийски,,те,змийски те,змийск ите,wrong,adj_def_boundary,ADJ,Definite=Def|Degree=Pos|Number=Plur
бившата,бивш,бивш,,ата,бивш ата,бивша та,wrong,adj_def_boundary,ADJ,Definite=Def|Degree=Pos|Gender=Fem|Number=Sing
скъпа,скъп,скъп,,а,скъп а,скъпа,correct,adj_gender,ADJ,Definite=Ind|Degree=Pos|Gender=Fem|Number=Sing
поземлена,поземлен,поземлен,,а,поземлен а,поземлена,correct,adj_gender,ADJ,Definite=Ind|Degree=Pos|Gender=Fem|Number=Sing
времена,време,време,,на,време на,времена,correct,,NOUN,Definite=Ind|Gender=Neut|Number=Plur
цяло,цял,цял,,о,цял о,цяло,correct,adj_gender,ADV,Degree=Pos
искаме,искам,искам,,е,искам е,иска ме,wrong,plu1person_boundary,VERB,Aspect=Imp|Mood=Ind|Number=Plur|Person=1|Tense=Pres|VerbForm=Fin|Voice=Act
станат,стана,стана,,т,стана т,стан ат,wrong,,VERB,Aspect=Perf|Mood=Ind|Number=Plur|Person=3|Tense=Pres|VerbForm=Fin|Voice=Act
нова,нов,нов,,а,нов а,нова,correct,adj_gender,ADJ,Definite=Ind|Degree=Pos|Gender=Fem|Number=Sing
девствената,девствен,девствен,,ата,девствен ата,девствена та,wrong,adj_def_boundary,ADJ,Definite=Def|Degree=Pos|Gender=Fem|Number=Sing
зърнена,зърнен,зърнен,,а,зърнен а,зърнена,correct,adj_gender,ADJ,Definite=Ind|Degree=Pos|Gender=Fem|Number=Sing
намалят,намаля,намаля,,т,намаля т,намал ят,wrong,,VERB,Aspect=Perf|Mood=Ind|Number=Plur|Person=3|Tense=Pres|VerbForm=Fin|Voice=Act
опита,опит,опит,,а,опит а,опита,correct,,VERB,Aspect=Perf|Mood=Ind|Number=Sing|Person=3|Tense=Past|VerbForm=Fin|Voice=Act
стоят,стоя,стоя,,т,стоя т,сто ят,wrong,,VERB,Aspect=Imp|Mood=Ind|Number=Plur|Person=3|Tense=Pres|VerbForm=Fin|Voice=Act
повечето,повече,повече,,то,повече то,повечето,correct,,ADV,Definite=Def|Degree=Pos|Number=Plur|NumType=Card
кадровите,кадрови,кадрови,,те,кадрови те,кадров ите,wrong,adj_def_boundary,ADJ,Definite=Def|Degree=Pos|Number=Plur
войнствената,войнствен,войнствен,,ата,войнствен ата,войнствена та,wrong,adj_def_boundary,ADJ,Definite=Def|Degree=Pos|Gender=Fem|Number=Sing
детинските,детински,детински,,те,детински те,детинск ите,wrong,adj_def_boundary,ADJ,Definite=Def|Degree=Pos|Number=Plur
по-голямо,голям,голям,по-,о,по- голям о,по- голямо,partial,,ADJ,Definite=Ind|Degree=Pos|Gender=Neut|Number=Sing
очакваме,очаквам,очаквам,,е,очаквам е,очаква ме,wrong,plu1person_boundary,VERB,Aspect=Imp|Mood=Ind|Number=Plur|Person=1|Tense=Pres|VerbForm=Fin|Voice=Act
споменато,спомена,спомена,,то,спомена то,споменато,correct,,VERB,Aspect=Perf|Definite=Ind|Gender=Neut|Number=Sing|VerbForm=Part|Voice=Pass
пипкава,пипкав,пипкав,,а,пипкав а,пипкава,correct,adj_gender,ADJ,Definite=Ind|Degree=Pos|Gender=Fem|Number=Sing
масова,масов,масов,,а,масов а,масова,correct,adj_gender,ADJ,Definite=Ind|Degree=Pos|Gender=Fem|Number=Sing
недвусмислена,недвусмислен,недвусмислен,,а,недвусмислен а,недвусмислена,correct,adj_gender,ADJ,Definite=Ind|Degree=Pos|Gender=Fem|Number=Sing
тежат,тежа,тежа,,т,тежа т,теж ат,wrong,,VERB,Aspect=Imp|Mood=Ind|Number=Plur|Person=3|Tense=Pres|VerbForm=Fin|Voice=Act
работят,работя,работя,,т,работя т,работ ят,wrong,,VERB,Aspect=Imp|Mood=Ind|Number=Plur|Person=3|Tense=Pres|VerbForm=Fin|Voice=Act
мира,мир,мир,,а,мир а,мира,correct,,NOUN,Definite=Ind|Gender=Fem|Number=Sing
бяло,бял,бял,,о,бял о,бяло,correct,adj_gender,ADV,Degree=Pos
заема,заем,заем,,а,заем а,заема,correct,,VERB,Aspect=Imp|Mood=Ind|Number=Sing|Person=3|Tense=Pres|VerbForm=Fin|Voice=Act
водят,водя,водя,,т,водя т,вод ят,wrong,,VERB,Aspect=Imp|Mood=Ind|Number=Plur|Person=3|Tense=Pres|VerbForm=Fin|Voice=Act
ядрена,ядрен,ядрен,,а,ядрен а,ядрена,correct,adj_gender,ADJ,Definite=Ind|Degree=Pos|Gender=Fem|Number=Sing
единственото,единствен,единствен,,ото,единствен ото,единствено то,wrong,adj_def_boundary,ADJ,Definite=Def|Degree=Pos|Gender=Neut|Number=Sing
чифта,чифт,чифт,,а,чифт а,чифта,correct,,NOUN,Gender=Masc|Number=Sing
януарските,януарски,януарски,,те,януарски те,януарск ите,wrong,adj_def_boundary,ADJ,Definite=Def|Degree=Pos|Number=Plur
останат,остана,остана,,т,остана т,остан ат,wrong,,VERB,Aspect=Perf|Mood=Ind|Number=Plur|Person=3|Tense=Pres|VerbForm=Fin|Voice=Act
медицинските,медицински,медицински,,те,медицински те,медицинск ите,wrong,adj_def_boundary,ADJ,Definite=Def|Degree=Pos|Number=Plur
служат,служа,служа,,т,служа т,служ ат,wrong,,VERB,Aspect=Imp|Mood=Ind|Number=Plur|Person=3|Tense=Pres|VerbForm=Fin|Voice=Act
необходимата,необходим,необходим,,ата,необходим ата,необходима та,wrong,adj_def_boundary,ADJ,Definite=Def|Degree=Pos|Gender=Fem|Number=Sing
здрава,здрав,здрав,,а,здрав а,здрава,correct,adj_gender,ADJ,Definite=Ind|Degree=Pos|Gender=Fem|Number=Sing
единствената,единствен,единствен,,ата,единствен ата,единствена та,wrong,adj_def_boundary,ADJ,Definite=Def|Degree=Pos|Gender=Fem|Number=Sing
лявата,ляв,ляв,,ата,ляв ата,лява та,wrong,adj_def_boundary,ADJ,Definite=Def|Degree=Pos|Gender=Fem|Number=Sing
обсъдят,обсъдя,обсъдя,,т,обсъдя т,обсъд ят,wrong,,VERB,Aspect=Perf|Mood=Ind|Number=Plur|Person=3|Tense=Pres|VerbForm=Fin|Voice=Act
общинските,общински,общински,,те,общински те,общинск ите,wrong,adj_def_boundary,ADJ,Definite=Def|Degree=Pos|Number=Plur
финансовото,финансов,финансов,,ото,финансов ото,финансово то,wrong,adj_def_boundary,ADJ,Definite=Def|Degree=Pos|Gender=Neut|Number=Sing
бързо,бърз,бърз,,о,бърз о,бързо,correct,adj_gender,ADV,Degree=Pos
мироопазващи,мироопазващ,мироопазващ,,и,мироопазващ и,мироопазващи,correct,,ADJ,Aspect=Imp|Definite=Ind|Degree=Pos|Number=Plur|Tense=Pres|VerbForm=Part|Voice=Act
коженото,кожен,кожен,,ото,кожен ото,кожено то,wrong,adj_def_boundary,ADJ,Definite=Def|Degree=Pos|Gender=Neut|Number=Sing
сполучлива,сполучлив,сполучлив,,а,сполучлив а,сполучлива,correct,adj_gender,ADJ,Definite=Ind|Degree=Pos|Gender=Fem|Number=Sing
практическите,практически,практически,,те,практически те,практическ ите,wrong,adj_def_boundary,ADJ,Definite=Def|Degree=Pos|Number=Plur
твърдата,твърд,твърд,,ата,твърд ата,твърда та,wrong,adj_def_boundary,ADJ,Definite=Def|Degree=Pos|Gender=Fem|Number=Sing
непознато,непознат,непознат,,о,непознат о,непознато,correct,adj_gender,ADV,Degree=Pos
обща,общ,общ,,а,общ а,обща,correct,adj_gender,ADJ,Definite=Ind|Degree=Pos|Gender=Fem|Number=Sing
безвизово,безвизов,безвизов,,о,безвизов о,безвизово,correct,adj_gender,ADV,Degree=Pos
българските,български,български,,те,български те,българск ите,wrong,adj_def_boundary,ADJ,Definite=Def|Degree=Pos|Number=Plur
външнополитическите,външнополитически,външнополитически,,те,външнополитически те,външнополитическ ите,wrong,adj_def_boundary,ADJ,Definite=Def|Degree=Pos|Number=Plur
тромава,тромав,тромав,,а,тромав а,тромава,correct,adj_gender,ADJ,Definite=Ind|Degree=Pos|Gender=Fem|Number=Sing
общественото,обществен,обществен,,ото,обществен ото,обществено то,wrong,adj_def_boundary,ADJ,Definite=Def|Degree=Pos|Gender=Neut|Number=Sing
по-голямата,голям,голям,по-,ата,по- голям ата,по- голяма та,partial,adj_def_boundary,ADJ,Definite=Def|Degree=Pos|Gender=Fem|Number=Sing
цялото,цял,цял,,ото,цял ото,цяло то,wrong,adj_def_boundary,ADJ,Definite=Def|Degree=Pos|Gender=Neut|Number=Sing
неописуема,неописуем,неописуем,,а,неописуем а,неописуема,correct,adj_gender,ADJ,Definite=Ind|Degree=Pos|Gender=Fem|Number=Sing
загиналите,загина,загина,,лите,загина лите,загинали те,wrong,adj_def_boundary,ADJ,Aspect=Perf|Definite=Def|Degree=Pos|Number=Plur|Tense=Past|VerbForm=Part|Voice=Act
по-голяма,голям,голям,по-,а,по- голям а,по- голяма,partial,,ADJ,Definite=Ind|Degree=Pos|Gender=Fem|Number=Sing
жива,жив,жив,,а,жив а,жива,correct,adj_gender,ADJ,Definite=Ind|Degree=Pos|Gender=Fem|Number=Sing
ваша,ваш,ваш,,а,ваш а,ваша,correct,adj_gender,DET,Definite=Ind|Gender=Fem|Number=Sing|Person=2|Poss=Yes|PronType=Prs
най-голямата,голям,голям,най-,ата,най- голям ата,най- голяма та,partial,adj_def_boundary,ADJ,Definite=Def|Degree=Sup|Gender=Fem|Number=Sing
разкаяно,разкаян,разкаян,,о,разкаян о,разкаяно,correct,adj_gender,ADV,Degree=Pos
качамачената,качамачен,качамачен,,ата,качамачен ата,качамачена та,wrong,adj_def_boundary,ADJ,Aspect=Perf|Definite=Def|Degree=Pos|Gender=Fem|Number=Sing|VerbForm=Part|Voice=Pass
оттогава,тогава,тогава,от,,от тогава,оттогава,correct,,ADV,PronType=Dem
жестоката,жесток,жесток,,ата,жесток ата,жестока та,wrong,adj_def_boundary,ADJ,Definite=Def|Degree=Pos|Gender=Fem|Number=Sing
другата,друг,друг,,ата,друг ата,друга та,wrong,adj_def_boundary,ADJ,Definite=Def|Degree=Pos|Gender=Fem|Number=Sing
комунистическите,комунистически,комунистически,,те,комунистически те,комунистическ ите,wrong,adj_def_boundary,ADJ,Definite=Def|Degree=Pos|Number=Plur
същото,същ,същ,,ото,същ ото,също то,wrong,adj_def_boundary,ADJ,Definite=Def|Degree=Pos|Gender=Neut|Number=Sing
имаме,имам,имам,,е,имам е,има ме,wrong,plu1person_boundary,VERB,Aspect=Imp|Mood=Ind|Number=Plur|Person=1|Tense=Pres|VerbForm=Fin|Voice=Act
осигурят,осигуря,осигуря,,т,осигуря т,осигур ят,wrong,,VERB,Aspect=Perf|Mood=Ind|Number=Plur|Person=3|Tense=Pres|VerbForm=Fin|Voice=Act
неизяснена,неизяснен,неизяснен,,а,неизяснен а,неизяснена,correct,adj_gender,ADJ,Definite=Ind|Degree=Pos|Gender=Fem|Number=Sing
наши,наш,наш,,и,наш и,наши,correct,,DET,Definite=Ind|Number=Plur|Person=1|Poss=Yes|PronType=Prs
открита,открит,открит,,а,открит а,открита,correct,adj_gender,VERB,Aspect=Perf|Definite=Ind|Gender=Fem|Number=Sing|VerbForm=Part|Voice=Pass
драги,драг,драг,,и,драг и,драги,correct,,ADJ,Case=Voc|Degree=Pos|Gender=Masc|Number=Sing
господине,господин,господин,,е,господин е,господине,correct,,NOUN,Gender=Masc|Number=Sing
отвъдокеанските,отвъдокеански,отвъдокеански,,те,отвъдокеански те,отвъдокеанск ите,wrong,adj_def_boundary,ADJ,Definite=Def|Degree=Pos|Number=Plur
предстоящите,предстоя,предстоя,,щите,предстоя щите,предстоящи те,wrong,adj_def_boundary,ADJ,Aspect=Imp|Definite=Def|Degree=Pos|Number=Plur|Tense=Pres|VerbForm=Part|Voice=Act
предстоят,предстоя,предстоя,,т,предстоя т,предсто ят,wrong,,VERB,Aspect=Imp|Mood=Ind|Number=Plur|Person=3|Tense=Pres|VerbForm=Fin|Voice=Act
постигнат,постигна,постигна,,т,постигна т,постигнат,correct,,VERB,Aspect=Perf|Mood=Ind|Number=Sing|Person=3|VerbForm=Fin|Voice=Pass
макроикономическите,макроикономически,макроикономически,,те,макроикономически те,макроикономическ ите,wrong,adj_def_boundary,ADJ,Definite=Def|Degree=Pos|Number=Plur
обичаме,обичам,обичам,,е,обичам е,обича ме,wrong,plu1person_boundary,VERB,Aspect=Imp|Mood=Ind|Number=Plur|Person=1|Tense=Pres|VerbForm=Fin|Voice=Act
изкарваме,изкарвам,изкарвам,,е,изкарвам е,изкарва ме,wrong,plu1person_boundary,VERB,Aspect=Imp|Mood=Ind|Number=Plur|Person=1|Tense=Pres|VerbForm=Fin|Voice=Act
възкачваме,възкачвам,възкачвам,,е,възкачвам е,възкачва ме,wrong,plu1person_boundary,VERB,Aspect=Imp|Mood=Ind|Number=Plur|Person=1|Tense=Pres|VerbForm=Fin|Voice=Act
докторе,доктор,доктор,,е,доктор е,докторе,correct,,NOUN,Gender=Masc|Number=Sing
председателю,председател,председател,,ю,председател ю,председателю,correct,,NOUN,Definite=Ind|Gender=Masc|Number=Sing
рекат,река,река,,т,река т,рек ат,wrong,,VERB,Aspect=Perf|Mood=Ind|Number=Plur|Person=3|Tense=Pres|VerbForm=Fin|Voice=Act
самото,сам,сам,,ото,сам ото,само то,wrong,adj_def_boundary,ADJ,Definite=Def|Degree=Pos|Gender=Neut|Number=Sing
предстоящата,предстоя,предстоя,,щата,предстоя щата,предстояща та,wrong,adj_def_boundary,ADJ,Aspect=Imp|Definite=Def|Degree=Pos|Gender=Fem|Number=Sing|Tense=Pres|VerbForm=Part|Voice=Act
голямо,голям,голям,,о,голям о,голямо,correct,adj_gender,ADJ,Definite=Ind|Degree=Pos|Gender=Neut|Number=Sing
вашето,ваш,ваш,,ето,ваш ето,ваше то,wrong,adj_def_boundary,DET,Definite=Def|Gender=Neut|Number=Sing|Person=2|Poss=Yes|PronType=Prs
преминаваме,преминавам,преминавам,,е,преминавам е,преминава ме,wrong,plu1person_boundary,VERB,Aspect=Imp|Mood=Ind|Number=Plur|Person=1|Tense=Pres|VerbForm=Fin|Voice=Act
търпеливата,търпелив,търпелив,,ата,търпелив ата,търпелива та,wrong,adj_def_boundary,ADJ,Definite=Def|Degree=Pos|Gender=Fem|Number=Sing
същата,същ,същ,,ата,същ ата,съща та,wrong,adj_def_boundary,ADJ,Definite=Def|Degree=Pos|Gender=Fem|Number=Sing
злорада,злорад,злорад,,а,злорад а,злорада,correct,,NOUN,Definite=Ind|Gender=Fem|Number=Sing
жестока,жесток,жесток,,а,жесток а,жестока,correct,adj_gender,ADJ,Definite=Ind|Degree=Pos|Gender=Fem|Number=Sing
весело,весел,весел,,о,весел о,весело,correct,adj_gender,ADV,Degree=Pos
простото,прост,прост,,ото,прост ото,просто то,wrong,adj_def_boundary,ADJ,Definite=Def|Degree=Pos|Gender=Neut|Number=Sing
френските,френски,френски,,те,френски те,френск ите,wrong,adj_def_boundary,ADJ,Definite=Def|Degree=Pos|Number=Plur
войсковите,войскови,войскови,,те,войскови те,войсков ите,wrong,adj_def_boundary,ADJ,Definite=Def|Degree=Pos|Number=Plur
базова,базов,базов,,а,базов а,базова,correct,adj_gender,ADJ,Definite=Ind|Degree=Pos|Gender=Fem|Number=Sing
товарят,товаря,товаря,,т,товаря т,товар ят,wrong,,VERB,Aspect=Imp|Mood=Ind|Number=Plur|Person=3|Tense=Pres|VerbForm=Fin|Voice=Act
старшите,старши,старши,,те,старши те,старш ите,wrong,,NOUN,Definite=Def|Gender=Masc|Number=Plur
вървят,вървя,вървя,,т,вървя т,върв ят,wrong,,VERB,Aspect=Imp|Mood=Ind|Number=Plur|Person=3|Tense=Pres|VerbForm=Fin|Voice=Act
непоносимо,непоносим,непоносим,,о,непоносим о,непоносимо,correct,adj_gender,ADV,Degree=Pos
влязат,вляза,вляза,,т,вляза т,вляз ат,wrong,,VERB,Aspect=Perf|Mood=Ind|Number=Plur|Person=3|Tense=Pres|VerbForm=Fin|Voice=Act
посланическите,посланически,посланически,,те,посланически те,посланическ ите,wrong,adj_def_boundary,ADJ,Definite=Def|Degree=Pos|Number=Plur
словенските,словенски,словенски,,те,словенски те,словенск ите,wrong,adj_def_boundary,ADJ,Definite=Def|Degree=Pos|Number=Plur
ваши,ваш,ваш,,и,ваш и,ваши,correct,,DET,Definite=Ind|Number=Plur|Person=2|Poss=Yes|PronType=Prs
свирепа,свиреп,свиреп,,а,свиреп а,свирепа,correct,adj_gender,ADJ,Definite=Ind|Degree=Pos|Gender=Fem|Number=Sing
необходимото,необходим,необходим,,ото,необходим ото,необходимо то,wrong,adj_def_boundary,ADJ,Definite=Def|Degree=Pos|Gender=Neut|Number=Sing
останалите,остана,остана,,лите,остана лите,останали те,wrong,adj_def_boundary,ADJ,Aspect=Perf|Definite=Def|Degree=Pos|Number=Plur|Tense=Past|VerbForm=Part|Voice=Act
висока,висок,висок,,а,висок а,висока,correct,adj_gender,ADJ,Definite=Ind|Degree=Pos|Gender=Fem|Number=Sing
припаси,припас,припас,,и,припас и,припаси,correct,,NOUN,Definite=Ind|Number=Ptan
берат,бера,бера,,т,бера т,бер ат,wrong,,VERB,Aspect=Imp|Mood=Ind|Number=Plur|Person=3|Tense=Pres|VerbForm=Fin|Voice=Act
новата,нов,нов,,ата,нов ата,нова та,wrong,adj_def_boundary,ADJ,Definite=Def|Degree=Pos|Gender=Fem|Number=Sing
пряката,пряк,пряк,,ата,пряк ата,пряка та,wrong,adj_def_boundary,ADJ,Definite=Def|Degree=Pos|Gender=Fem|Number=Sing
ключовото,ключов,ключов,,ото,ключов ото,ключово то,wrong,adj_def_boundary,ADJ,Definite=Def|Degree=Pos|Gender=Neut|Number=Sing
излязат,изляза,изляза,,т,изляза т,изляз ат,wrong,,VERB,Aspect=Perf|Mood=Ind|Number=Plur|Person=3|Tense=Pres|VerbForm=Fin|Voice=Act
собствено,собствен,собствен,,о,собствен о,собствено,correct,adj_gender,ADV,Degree=Pos
флота,флот,флот,,а,флот а,флота,correct,,NOUN,Definite=Ind|Gender=Fem|Number=Sing
космическите,космически,космически,,те,космически те,космическ ите,wrong,adj_def_boundary,ADJ,Definite=Def|Degree=Pos|Number=Plur
голямата,голям,голям,,ата,голям ата,голяма та,wrong,adj_def_boundary,ADJ,Definite=Def|Degree=Pos|Gender=Fem|Number=Sing
по-устойчиво,устойчив,устойчив,по-,о,по- устойчив о,по- устойчиво,partial,,ADV,Degree=Sup
независима,независим,независим,,а,независим а,независима,correct,adj_gender,ADJ,Definite=Ind|Degree=Pos|Gender=Fem|Number=Sing
устойчива,устойчив,устойчив,,а,устойчив а,устойчива,correct,adj_gender,ADJ,Definite=Ind|Degree=Pos|Gender=Fem|Number=Sing
другото,друг,друг,,ото,друг ото,друго то,wrong,adj_def_boundary,ADJ,Definite=Def|Degree=Pos|Gender=Neut|Number=Sing
съществено,съществен,съществен,,о,съществен о,съществено,correct,adj_gender,ADV,Degree=Pos
компенсираме,компенсирам,компенсирам,,е,компенсирам е,компенсира ме,wrong,plu1person_boundary,VERB,Aspect=Perf|Mood=Ind|Number=Plur|Person=1|Tense=Pres|VerbForm=Fin|Voice=Act
богата,богат,богат,,а,богат а,богата,correct,adj_gender,ADJ,Definite=Ind|Degree=Pos|Gender=Fem|Number=Sing
самата,сам,сам,,ата,сам ата,сама та,wrong,adj_def_boundary,ADJ,Definite=Def|Degree=Pos|Gender=Fem|Number=Sing
ляво,ляв,ляв,,о,ляв о,ляво,correct,adj_gender,ADV,Degree=Pos
простата,прост,прост,,ата,прост ата,проста та,wrong,adj_def_boundary,ADJ,Definite=Def|Degree=Pos|Gender=Fem|Number=Sing
по-голямото,голям,голям,по-,ото,по- голям ото,по- голямо то,partial,adj_def_boundary,ADJ,Definite=Def|Degree=Sup|Gender=Neut|Number=Sing
благодарствено,благодарствен,благодарствен,,о,благодарствен о,благодарствено,correct,adj_gender,ADV,Degree=Pos
обществената,обществен,обществен,,ата,обществен ата,обществена та,wrong,adj_def_boundary,ADJ,Definite=Def|Degree=Pos|Gender=Fem|Number=Sing
бъдещо,бъдещ,бъдещ,,о,бъдещ о,бъдещо,correct,adj_gender,ADJ,Definite=Ind|Degree=Pos|Gender=Neut|Number=Sing
гъвкаво,гъвкав,гъвкав,,о,гъвкав о,гъвкаво,correct,adj_gender,ADV,Degree=Pos
гъбаря,гъбар,гъбар,,я,гъбар я,гъбаря,correct,,NOUN,Definite=Ind|Gender=Fem|Number=Sing
утолят,утоля,утоля,,т,утоля т,утол ят,wrong,,VERB,Aspect=Perf|Mood=Ind|Number=Plur|Person=3|Tense=Pres|VerbForm=Fin|Voice=Act
накъде,къде,къде,на,,на къде,накъде,correct,,ADV,PronType=Int
възникналия,възникна,възникна,,лия,възникна лия,възникнали я,wrong,adj_def_boundary,ADJ,Aspect=Perf|Definite=Def|Degree=Pos|Gender=Masc|Number=Sing|Tense=Past|VerbForm=Part|Voice=Act
руменото,румен,румен,,ото,румен ото,румено то,wrong,adj_def_boundary,ADJ,Definite=Def|Degree=Pos|Gender=Neut|Number=Sing
халата,халат,халат,,а,халат а,хала та,wrong,,NOUN,Definite=Def|Gender=Fem|Number=Sing
постигнатия,постигна,постигна,,тия,постигна тия,постигнати я,wrong,adj_def_boundary,ADJ,Aspect=Perf|Definite=Def|Degree=Pos|Gender=Masc|Number=Sing|VerbForm=Part|Voice=Pass
текущата,текущ,текущ,,ата,текущ ата,текуща та,wrong,adj_def_boundary,ADJ,Definite=Def|Degree=Pos|Gender=Fem|Number=Sing
насмешливо,насмешлив,насмешлив,,о,насмешлив о,насмешливо,correct,adj_gender,ADV,Degree=Pos
налудничаво,налудничав,налудничав,,о,налудничав о,налудничаво,correct,adj_gender,ADV,Degree=Pos
свикнат,свикна,свикна,,т,свикна т,свикн ат,wrong,,VERB,Aspect=Perf|Mood=Ind|Number=Plur|Person=3|Tense=Pres|VerbForm=Fin|Voice=Act
старата,стар,стар,,ата,стар ата,стара та,wrong,adj_def_boundary,ADJ,Definite=Def|Degree=Pos|Gender=Fem|Number=Sing
обсъждаме,обсъждам,обсъждам,,е,обсъждам е,обсъжда ме,wrong,plu1person_boundary,VERB,Aspect=Imp|Mood=Ind|Number=Plur|Person=1|Tense=Pres|VerbForm=Fin|Voice=Act
гражданските,граждански,граждански,,те,граждански те,гражданск ите,wrong,adj_def_boundary,ADJ,Definite=Def|Degree=Pos|Number=Plur
немислима,немислим,немислим,,а,немислим а,немислима,correct,adj_gender,ADJ,Definite=Ind|Degree=Pos|Gender=Fem|Number=Sing
настоящата,настоящ,настоящ,,ата,настоящ ата,настояща та,wrong,adj_def_boundary,ADJ,Definite=Def|Degree=Pos|Gender=Fem|Number=Sing
пътищата,път,път,,ищата,път ищата,пътищ ата,wrong,,NOUN,Definite=Def|Gender=Masc|Number=Plur
правителственото,правителствен,правителствен,,ото,правителствен ото,правителствено то,wrong,adj_def_boundary,ADJ,Definite=Def|Degree=Pos|Gender=Neut|Number=Sing
потърсят,потърся,потърся,,т,потърся т,потърс ят,wrong,,VERB,Aspect=Perf|Mood=Ind|Number=Plur|Person=3|Tense=Pres|VerbForm=Fin|Voice=Act
прогнозираме,прогнозирам,прогнозирам,,е,прогнозирам е,прогнозира ме,wrong,plu1person_boundary,VERB,Aspect=Imp|Mood=Ind|Number=Plur|Person=1|Tense=Pres|VerbForm=Fin|Voice=Act
отнякъде,някъде,някъде,от,,от някъде,отнякъде,correct,,ADV,PronType=Ind
следят,следя,следя,,т,следя т,след ят,wrong,,VERB,Aspect=Imp|Mood=Ind|Number=Plur|Person=3|Tense=Pres|VerbForm=Fin|Voice=Act
студена,студен,студен,,а,студен а,студена,correct,adj_gender,ADJ,Definite=Ind|Degree=Pos|Gender=Fem|Number=Sing
бъдеща,бъдещ,бъдещ,,а,бъдещ а,бъдеща,correct,adj_gender,ADJ,Definite=Ind|Degree=Pos|Gender=Fem|Number=Sing
предлагаме,предлагам,предлагам,,е,предлагам е,предлага ме,wrong,plu1person_boundary,VERB,Aspect=Imp|Mood=Ind|Number=Plur|Person=1|Tense=Pres|VerbForm=Fin|Voice=Act
формираме,формирам,формирам,,е,формирам е,формира ме,wrong,plu1person_boundary,VERB,Aspect=Imp|Mood=Ind|Number=Plur|Person=1|Tense=Pres|VerbForm=Fin|Voice=Act
основана,основа,основа,,на,основа на,основана,correct,,VERB,Aspect=Perf|Definite=Ind|Gender=Fem|Number=Sing|VerbForm=Part|Voice=Pass
високата,висок,висок,,ата,висок ата,висока та,wrong,adj_def_boundary,ADJ,Definite=Def|Degree=Pos|Gender=Fem|Number=Sing
леко,лек,лек,,о,лек о,леко,correct,adj_gender,ADV,Degree=Pos
блестяща,блестя,блестя,,ща,блестя ща,блестяща,correct,,ADJ,Aspect=Imp|Definite=Ind|Degree=Pos|Gender=Fem|Number=Sing|Tense=Pres|VerbForm=Part|Voice=Act
посетят,посетя,посетя,,т,посетя т,посет ят,wrong,,VERB,Aspect=Perf|Mood=Ind|Number=Plur|Person=3|Tense=Pres|VerbForm=Fin|Voice=Act
нанякъде,някъде,някъде,на,,на някъде,нанякъде,correct,,ADV,PronType=Ind
треперят,треперя,треперя,,т,треперя т,трепер ят,wrong,,VERB,Aspect=Imp|Mood=Ind|Number=Plur|Person=3|Tense=Pres|VerbForm=Fin|Voice=Act
радио-,радио,радио,,-,радио -,радио,correct,,,
наша,наш,наш,,а,наш а,наша,correct,adj_gender,DET,Definite=Ind|Gender=Fem|Number=Sing|Person=1|Poss=Yes|PronType=Prs
използваме,използвам,използвам,,е,използвам е,използва ме,wrong,plu1person_boundary,VERB,Aspect=Imp|Mood=Ind|Number=Plur|Person=1|Tense=Pres|VerbForm=Fin|Voice=Act
общото,общ,общ,,ото,общ ото,общо то,wrong,adj_def_boundary,ADJ,Definite=Def|Degree=Pos|Gender=Neut|Number=Sing
застанат,застана,застана,,т,застана т,застан ат,wrong,,VERB,Aspect=Perf|Mood=Ind|Number=Plur|Person=3|Tense=Pres|VerbForm=Fin|Voice=Act
младата,млад,млад,,ата,млад ата,млада та,wrong,adj_def_boundary,ADJ,Definite=Def|Degree=Pos|Gender=Fem|Number=Sing
продължат,продължа,продължа,,т,продължа т,продълж ат,wrong,,VERB,Aspect=Perf|Mood=Ind|Number=Plur|Person=3|Tense=Pres|VerbForm=Fin|Voice=Act
докогато,когато,когато,до,,до когато,докогато,correct,,ADV,PronType=Rel
треперлива,треперлив,треперлив,,а,треперлив а,треперлива,correct,adj_gender,ADJ,Definite=Ind|Degree=Pos|Gender=Fem|Number=Sing
слънчева,слънчев,слънчев,,а,слънчев а,слънчева,correct,adj_gender,ADJ,Definite=Ind|Degree=Pos|Gender=Fem|Number=Sing
прихлупената,прихлупен,прихлупен,,ата,прихлупен ата,прихлупена та,wrong,adj_def_boundary,ADJ,Definite=Def|Degree=Pos|Gender=Fem|Number=Sing
газена,газен,газен,,а,газен а,газена,correct,adj_gender,ADJ,Definite=Ind|Degree=Pos|Gender=Fem|Number=Sing
прераснат,прерасна,прерасна,,т,прерасна т,прерасн ат,wrong,,VERB,Aspect=Perf|Mood=Ind|Number=Plur|Person=3|Tense=Pres|VerbForm=Fin|Voice=Act
пряка,пряк,пряк,,а,пряк а,пряка,correct,adj_gender,ADJ,Definite=Ind|Degree=Pos|Gender=Fem|Number=Sing
сътрудничат,сътруднича,сътруднича,,т,сътруднича т,сътруднич ат,wrong,,VERB,Aspect=Imp|Mood=Ind|Number=Plur|Person=3|Tense=Pres|VerbForm=Fin|Voice=Act
руските,руски,руски,,те,руски те,руск ите,wrong,adj_def_boundary,ADJ,Definite=Def|Degree=Pos|Number=Plur
красивата,красив,красив,,ата,красив ата,красива та,wrong,adj_def_boundary,ADJ,Definite=Def|Degree=Pos|Gender=Fem|Number=Sing
единия,един,един,,ия,един ия,единия,correct,,PRON,Gender=Masc|Number=Sing|PronType=Ind
мяха,мях,мях,,а,мях а,мяха,correct,,NOUN,Definite=Ind|Gender=Masc|Number=Sing
братя,брат,брат,,я,брат я,братя,correct,,NOUN,Definite=Ind|Gender=Masc|Number=Plur
розовото,розов,розов,,ото,розов ото,розово то,wrong,adj_def_boundary,ADJ,Definite=Def|Degree=Pos|Gender=Neut|Number=Sing
генералските,генералски,генералски,,те,генералски те,генералск ите,wrong,adj_def_boundary,ADJ,Definite=Def|Degree=Pos|Number=Plur
сръбските,сръбски,сръбски,,те,сръбски те,сръбск ите,wrong,adj_def_boundary,ADJ,Definite=Def|Degree=Pos|Number=Plur
сламената,сламен,сламен,,ата,сламен ата,сламена та,wrong,adj_def_boundary,ADJ,Definite=Def|Degree=Pos|Gender=Fem|Number=Sing
събратя,събрат,събрат,,я,събрат я,събратя,correct,,NOUN,Definite=Ind|Gender=Masc|Number=Plur
погнат,погна,погна,,т,погна т,погн ат,wrong,,VERB,Aspect=Perf|Mood=Ind|Number=Plur|Person=3|Tense=Pres|VerbForm=Fin|Voice=Act
крака,крак,крак,,а,крак а,крака,correct,,NOUN,Definite=Ind|Gender=Masc|Number=Plur
по-висока,висок,висок,по-,а,по- висок а,по- висока,partial,,ADJ,Definite=Ind|Degree=Pos|Gender=Fem|Number=Sing
икономическите,икономически,икономически,,те,икономически те,икономическ ите,wrong,adj_def_boundary,ADJ,Definite=Def|Degree=Pos|Number=Plur
сочат,соча,соча,,т,соча т,соч ат,wrong,,VERB,Aspect=Imp|Mood=Ind|Number=Plur|Person=3|Tense=Pres|VerbForm=Fin|Voice=Act
постъпят,постъпя,постъпя,,т,постъпя т,постъп ят,wrong,,VERB,Aspect=Perf|Mood=Ind|Number=Plur|Person=3|Tense=Pres|VerbForm=Fin|Voice=Act
глупаво,глупав,глупав,,о,глупав о,глупаво,correct,adj_gender,ADV,Degree=Pos
естествено,естествен,естествен,,о,естествен о,естествено,correct,adj_gender,ADV,Degree=Pos
отминалите,отмина,отмина,,лите,отмина лите,отминали те,wrong,adj_def_boundary,ADJ,Aspect=Perf|Definite=Def|Degree=Pos|Number=Plur|Tense=Past|VerbForm=Part|Voice=Act
начинаеща,начинаещ,начинаещ,,а,начинаещ а,начинаеща,correct,adj_gender,ADJ,Definite=Ind|Degree=Pos|Gender=Fem|Number=Sing
суха,сух,сух,,а,сух а,суха,correct,adj_gender,ADJ,Definite=Ind|Degree=Pos|Gender=Fem|Number=Sing
устойчиво,устойчив,устойчив,,о,устойчив о,устойчиво,correct,adj_gender,ADV,Degree=Pos
постигнатото,постигна,постигна,,тото,постигна тото,постигнато то,wrong,adj_def_boundary,ADJ,Aspect=Perf|Definite=Def|Degree=Pos|Gender=Neut|Number=Sing|VerbForm=Part|Voice=Pass
справедливо,справедлив,справедлив,,о,справедлив о,справедливо,correct,adj_gender,ADV,Degree=Pos
попе,поп,поп,,е,поп е,попе,correct,,NOUN,Definite=Ind|Gender=Masc|Number=Sing
постигаме,постигам,постигам,,е,постигам е,постига ме,wrong,plu1person_boundary,VERB,Aspect=Imp|Mood=Ind|Number=Plur|Person=1|Tense=Pres|VerbForm=Fin|Voice=Act
юношеските,юношески,юношески,,те,юношески те,юношеск ите,wrong,adj_def_boundary,ADJ,Definite=Def|Degree=Pos|Number=Plur
разрешат,разреша,разреша,,т,разреша т,разреш ат,wrong,,VERB,Aspect=Perf|Mood=Ind|Number=Plur|Person=3|Tense=Pres|VerbForm=Fin|Voice=Act
поддържаме,поддържам,поддържам,,е,поддържам е,поддържа ме,wrong,plu1person_boundary,VERB,Aspect=Imp|Mood=Ind|Number=Plur|Person=1|Tense=Pres|VerbForm=Fin|Voice=Act
авторските,авторски,авторски,,те,авторски те,авторск ите,wrong,adj_def_boundary,ADJ,Definite=Def|Degree=Pos|Number=Plur
уточнят,уточня,уточня,,т,уточня т,уточн ят,wrong,,VERB,Aspect=Perf|Mood=Ind|Number=Plur|Person=3|Tense=Pres|VerbForm=Fin|Voice=Act
дължат,дължа,дължа,,т,дължа т,дълж ат,wrong,,VERB,Aspect=Imp|Mood=Ind|Number=Plur|Person=3|Tense=Pres|VerbForm=Fin|Voice=Act
истинските,истински,истински,,те,истински те,истинск ите,wrong,adj_def_boundary,ADJ,Definite=Def|Degree=Pos|Number=Plur
дадена,даден,даден,,а,даден а,дадена,correct,adj_gender,ADJ,Definite=Ind|Degree=Pos|Gender=Fem|Number=Sing
чиста,чист,чист,,а,чист а,чиста,correct,adj_gender,ADJ,Definite=Ind|Degree=Pos|Gender=Fem|Number=Sing
контрола,контрол,контрол,,а,контрол а,контрола,correct,,NOUN,Definite=Ind|Gender=Fem|Number=Sing
усвоят,усвоя,усвоя,,т,усвоя т,усво ят,wrong,,VERB,Aspect=Perf|Mood=Ind|Number=Plur|Person=3|Tense=Pres|VerbForm=Fin|Voice=Act
отстояваме,отстоявам,отстоявам,,е,отстоявам е,отстоява ме,wrong,plu1person_boundary,VERB,Aspect=Imp|Mood=Ind|Number=Plur|Person=1|Tense=Pres|VerbForm=Fin|Voice=Act
чучула,чучул,чучул,,а,чучул а,чучула,correct,,NOUN,Definite=Ind|Gender=Masc|Number=Sing
отвсякъде,всякъде,всякъде,от,,от всякъде,отвсякъде,correct,,ADV,PronType=Tot
станалото,стана,стана,,лото,стана лото,станало то,wrong,adj_def_boundary,ADJ,Aspect=Perf|Definite=Def|Degree=Pos|Gender=Neut|Number=Sing|Tense=Past|VerbForm=Part|Voice=Act
плаха,плах,плах,,а,плах а,плаха,correct,adj_gender,ADJ,Definite=Ind|Degree=Pos|Gender=Fem|Number=Sing
чуждото,чужд,чужд,,ото,чужд ото,чуждо то,wrong,adj_def_boundary,ADJ,Definite=Def|Degree=Pos|Gender=Neut|Number=Sing
вдълбочат,вдълбоча,вдълбоча,,т,вдълбоча т,вдълбочат,correct,,NOUN,Definite=Def|Gender=Masc|Number=Sing
остроумничат,остроумнича,остроумнича,,т,остроумнича т,остроумнич ат,wrong,,VERB,Aspect=Imp|Mood=Ind|Number=Plur|Person=3|Tense=Pres|VerbForm=Fin|Voice=Act
веселата,весел,весел,,ата,весел ата,весела та,wrong,adj_def_boundary,ADJ,Definite=Def|Degree=Pos|Gender=Fem|Number=Sing
художествено,художествен,художествен,,о,художествен о,художествено,correct,adj_gender,ADV,Degree=Pos
особена,особен,особен,,а,особен а,особена,correct,adj_gender,ADJ,Definite=Ind|Degree=Pos|Gender=Fem|Number=Sing
жълтозелената,жълтозелен,жълтозелен,,ата,жълтозелен ата,жълтозелена та,wrong,adj_def_boundary,ADJ,Definite=Def|Degree=Pos|Gender=Fem|Number=Sing
повехналият,повехна,повехна,,лият,повехна лият,повехнал ият,wrong,adj_def_boundary,ADJ,Aspect=Perf|Definite=Def|Degree=Pos|Gender=Masc|Number=Sing|Tense=Past|VerbForm=Part|Voice=Act
растат,раста,раста,,т,раста т,раст ат,wrong,,VERB,Aspect=Imp|Mood=Ind|Number=Plur|Person=3|Tense=Pres|VerbForm=Fin|Voice=Act
брауновото,браунов,браунов,,ото,браунов ото,брауново то,wrong,adj_def_boundary,ADJ,Definite=Def|Degree=Pos|Gender=Neut|Number=Sing
размаха,размах,размах,,а,размах а,разма ха,wrong,,VERB,Aspect=Perf|Mood=Ind|Number=Sing|Person=3|Tense=Past|VerbForm=Fin|Voice=Act
блестящото,блестя,блестя,,щото,блестя щото,блестящо то,wrong,adj_def_boundary,ADJ,Aspect=Imp|Definite=Def|Degree=Pos|Gender=Neut|Number=Sing|Tense=Pres|VerbForm=Part|Voice=Act
болнава,болнав,болнав,,а,болнав а,болнава,correct,adj_gender,ADJ,Definite=Ind|Degree=Pos|Gender=Fem|Number=Sing
отворена,отворен,отворен,,а,отворен а,отворена,correct,adj_gender,VERB,Aspect=Perf|Definite=Ind|Gender=Fem|Number=Sing|VerbForm=Part|Voice=Pass
отпразнуваме,отпразнувам,отпразнувам,,е,отпразнувам е,отпразнува ме,wrong,plu1person_boundary,VERB,Aspect=Perf|Mood=Ind|Number=Plur|Person=1|Tense=Pres|VerbForm=Fin|Voice=Act
откъде,къде,къде,от,,от къде,откъде,correct,,ADV,PronType=Int
пламналият,пламна,пламна,,лият,пламна лият,пламнал ият,wrong,adj_def_boundary,ADJ,Aspect=Perf|Definite=Def|Degree=Pos|Gender=Masc|Number=Sing|Tense=Past|VerbForm=Part|Voice=Act
доколко,колко,колко,до,,до колко,доколко,correct,,ADV,PronType=Int
младото,млад,млад,,ото,млад ото,младо то,wrong,adj_def_boundary,ADJ,Definite=Def|Degree=Pos|Gender=Neut|Number=Sing
босоного,босоног,босоног,,о,босоног о,босоного,correct,,NOUN,Definite=Ind|Gender=Masc|Number=Sing
дрипльовци,дрипльо,дрипльо,,вци,дрипльо вци,дрипльовци,correct,,NOUN,Definite=Ind|Gender=Masc|Number=Plur
косматата,космат,космат,,ата,космат ата,космата та,wrong,adj_def_boundary,ADJ,Definite=Def|Degree=Pos|Gender=Fem|Number=Sing
стенат,стена,стена,,т,стена т,стен ат,wrong,,VERB,Aspect=Imp|Mood=Ind|Number=Plur|Person=3|Tense=Pres|VerbForm=Fin|Voice=Act
облекат,облека,облека,,т,облека т,облек ат,wrong,,VERB,Aspect=Perf|Mood=Ind|Number=Plur|Person=3|Tense=Pres|VerbForm=Fin|Voice=Act
жестоко,жесток,жесток,,о,жесток о,жестоко,correct,adj_gender,ADV,Degree=Pos
основани,основа,основа,,ни,основа ни,основани,correct,,VERB,Aspect=Perf|Definite=Ind|Number=Plur|VerbForm=Part|Voice=Pass
дължимата,дължим,дължим,,ата,дължим ата,дължима та,wrong,adj_def_boundary,ADJ,Definite=Def|Degree=Pos|Gender=Fem|Number=Sing
промишлена,промишлен,промишлен,,а,промишлен а,промишлена,correct,adj_gender,ADJ,Definite=Ind|Degree=Pos|Gender=Fem|Number=Sing
промишлената,промишлен,промишлен,,ата,промишлен ата,промишлена та,wrong,adj_def_boundary,ADJ,Definite=Def|Degree=Pos|Gender=Fem|Number=Sing
правова,правов,правов,,а,правов а,правова,correct,adj_gender,ADJ,Definite=Ind|Degree=Pos|Gender=Fem|Number=Sing
непосредствено,непосредствен,непосредствен,,о,непосредствен о,непосредствено,correct,adj_gender,ADV,Degree=Pos
обществено,обществен,обществен,,о,обществен о,обществено,correct,adj_gender,ADJ,Definite=Ind|Degree=Pos|Gender=Neut|Number=Sing
имуществено,имуществен,имуществен,,о,имуществен о,имуществено,correct,adj_gender,ADJ,Definite=Ind|Degree=Pos|Gender=Neut|Number=Sing
общо,общ,общ,,о,общ о,общо,correct,adj_gender,ADV,Degree=Pos
пряко,пряк,пряк,,о,пряк о,пряко,correct,adj_gender,ADV,Degree=Pos
верските,верски,верски,,те,верски те,верск ите,wrong,adj_def_boundary,ADJ,Definite=Def|Degree=Pos|Number=Plur
живата,жив,жив,,ата,жив ата,жива та,wrong,adj_def_boundary,ADJ,Definite=Def|Degree=Pos|Gender=Fem|Number=Sing
републиканските,републикански,републикански,,те,републикански те,републиканск ите,wrong,adj_def_boundary,ADJ,Definite=Def|Degree=Pos|Number=Plur
пътища,път,път,,ища,път ища,пътища,correct,,NOUN,Definite=Ind|Gender=Masc|Number=Plur
археологическите,археологически,археологически,,те,археологически те,археологическ ите,wrong,adj_def_boundary,ADJ,Definite=Def|Degree=Pos|Number=Plur
юридическите,юридически,юридически,,те,юридически те,юридическ ите,wrong,adj_def_boundary,ADJ,Definite=Def|Degree=Pos|Number=Plur
финансовата,финансов,финансов,,ата,финансов ата,финансова та,wrong,adj_def_boundary,ADJ,Definite=Def|Degree=Pos|Gender=Fem|Number=Sing
писмено,писмен,писмен,,о,писмен о,писмено,correct,adj_gender,ADV,Degree=Pos
неприкосновена,неприкосновен,неприкосновен,,а,неприкосновен а,неприкосновена,correct,adj_gender,ADJ,Definite=Ind|Degree=Pos|Gender=Fem|Number=Sing
неприкосновено,неприкосновен,неприкосновен,,о,неприкосновен о,неприкосновено,correct,adj_gender,ADV,Degree=Pos
насилствена,насилствен,насилствен,,а,насилствен а,насилствена,correct,adj_gender,ADJ,Definite=Ind|Degree=Pos|Gender=Fem|Number=Sing
расова,расов,расов,,а,расов а,расова,correct,adj_gender,ADJ,Definite=Ind|Degree=Pos|Gender=Fem|Number=Sing
особената,особен,особен,,ата,особен ата,особена та,wrong,adj_def_boundary,ADJ,Definite=Def|Degree=Pos|Gender=Fem|Number=Sing
родителските,родителски,родителски,,те,родителски те,родителск ите,wrong,adj_def_boundary,ADJ,Definite=Def|Degree=Pos|Number=Plur
несъвместима,несъвместим,несъвместим,,а,несъвместим а,несъвместима,correct,adj_gender,ADJ,Definite=Ind|Degree=Pos|Gender=Fem|Number=Sing
извършат,извърша,извърша,,т,извърша т,извърш ат,wrong,,VERB,Aspect=Perf|Mood=Ind|Number=Plur|Person=3|Tense=Pres|VerbForm=Fin|Voice=Act
новоизбраното,новоизбран,новоизбран,,ото,новоизбран ото,новоизбрано то,wrong,adj_def_boundary,ADJ,Definite=Def|Degree=Pos|Gender=Neut|Number=Sing
четвърти,четвърт,четвърт,,и,четвърт и,четвърти,correct,,ADJ,Definite=Ind|Degree=Pos|Gender=Masc|Number=Sing|NumType=Ord
помнят,помня,помня,,т,помня т,помн ят,wrong,,VERB,Aspect=Imp|Mood=Ind|Number=Plur|Person=3|Tense=Pres|VerbForm=Fin|Voice=Act
приключат,приключа,приключа,,т,приключа т,приключ ат,wrong,,VERB,Aspect=Perf|Mood=Ind|Number=Plur|Person=3|Tense=Pres|VerbForm=Fin|Voice=Act
приема,прием,прием,,а,прием а,приема,correct,,VERB,Aspect=Imp|Mood=Ind|Number=Sing|Person=3|Tense=Pres|VerbForm=Fin|Voice=Act
тактическите,тактически,тактически,,те,тактически те,тактическ ите,wrong,adj_def_boundary,ADJ,Definite=Def|Degree=Pos|Number=Plur
стара,стар,стар,,а,стар а,стара,correct,adj_gender,ADJ,Definite=Ind|Degree=Pos|Gender=Fem|Number=Sing
най-щекотливата,щекотлив,щекотлив,най-,ата,най- щекотлив ата,най- щекотлива та,partial,adj_def_boundary,ADJ,Definite=Def|Degree=Pos|Gender=Fem|Number=Sing
трезвата,трезв,трезв,,ата,трезв ата,трезва та,wrong,adj_def_boundary,ADJ,Definite=Def|Degree=Pos|Gender=Fem|Number=Sing
северногерманските,северногермански,северногермански,,те,северногермански те,северногерманск ите,wrong,adj_def_boundary,ADJ,Definite=Def|Degree=Pos|Number=Plur
дотогава,тогава,тогава,до,,до тогава,дотогава,correct,,ADV,PronType=Dem
велика,велик,велик,,а,велик а,велика,correct,adj_gender,ADJ,Definite=Ind|Degree=Pos|Gender=Fem|Number=Sing
въплътима,въплътим,въплътим,,а,въплътим а,въплътима,correct,adj_gender,ADJ,Definite=Ind|Degree=Pos|Gender=Fem|Number=Sing
сънища,сън,сън,,ища,сън ища,сънища,correct,,NOUN,Definite=Ind|Gender=Masc|Number=Plur
плодова,плодов,плодов,,а,плодов а,плодова,correct,adj_gender,ADJ,Definite=Ind|Degree=Pos|Gender=Fem|Number=Sing
хора,хор,хор,,а,хор а,хора,correct,,NOUN,Definite=Ind|Number=Ptan
пишат,пиша,пиша,,т,пиша т,пиш ат,wrong,,VERB,Aspect=Imp|Mood=Ind|Number=Plur|Person=3|Tense=Pres|VerbForm=Fin|Voice=Act
изключат,изключа,изключа,,т,изключа т,изключ ат,wrong,,VERB,Aspect=Perf|Mood=Ind|Number=Plur|Person=3|Tense=Pres|VerbForm=Fin|Voice=Act
накажат,накажа,накажа,,т,накажа т,накаж ат,wrong,,VERB,Aspect=Perf|Mood=Ind|Number=Plur|Person=3|Tense=Pres|VerbForm=Fin|Voice=Act
навсякъде,всякъде,всякъде,на,,на всякъде,навсякъде,correct,,ADV,PronType=Tot
започнато,започна,започна,,то,започна то,започнато,correct,,VERB,Aspect=Perf|Definite=Ind|Gender=Neut|Number=Sing|VerbForm=Part|Voice=Pass
отбележат,отбележа,отбележа,,т,отбележа т,отбележ ат,wrong,,VERB,Aspect=Perf|Mood=Ind|Number=Plur|Person=3|Tense=Pres|VerbForm=Fin|Voice=Act
помогнат,помогна,помогна,,т,помогна т,помогн ат,wrong,,VERB,Aspect=Perf|Mood=Ind|Number=Plur|Person=3|Tense=Pres|VerbForm=Fin|Voice=Act
непреодолимата,непреодолим,непреодолим,,ата,непреодолим ата,непреодолима та,wrong,adj_def_boundary,ADJ,Definite=Def|Degree=Pos|Gender=Fem|Number=Sing
произвола,произвол,произвол,,а,произвол а,произвола,correct,,NOUN,Definite=Ind|Gender=Masc|Number=Sing
свети,свет,свет,,и,свет и,свети,correct,,PROPN,Definite=Ind|Gender=Masc|Number=Sing
най-кървавото,кървав,кървав,най-,ото,най- кървав ото,най- кърваво то,partial,adj_def_boundary,ADJ,Definite=Def|Degree=Pos|Gender=Neut|Number=Sing
психологическите,психологически,психологически,,те,психологически те,психологическ ите,wrong,adj_def_boundary,ADJ,Definite=Def|Degree=Pos|Number=Plur
ваше,ваш,ваш,,е,ваш е,ваше,correct,adj_gender,DET,Definite=Ind|Gender=Neut|Number=Sing|Person=2|Poss=Yes|PronType=Prs
справедлива,справедлив,справедлив,,а,справедлив а,справедлива,correct,adj_gender,ADJ,Definite=Ind|Degree=Pos|Gender=Fem|Number=Sing
по-лоша,лош,лош,по-,а,по- лош а,по- лоша,partial,,ADJ,Definite=Ind|Degree=Pos|Gender=Fem|Number=Sing
измерят,измеря,измеря,,т,измеря т,измер ят,wrong,,VERB,Aspect=Perf|Mood=Ind|Number=Plur|Person=3|Tense=Pres|VerbForm=Fin|Voice=Act
стресово,стресов,стресов,,о,стресов о,стресово,correct,adj_gender,ADV,Degree=Pos
най-лошото,лош,лош,най-,ото,най- лош ото,най- лошо то,partial,adj_def_boundary,ADJ,Definite=Def|Degree=Sup|Gender=Neut|Number=Sing
оценяваме,оценявам,оценявам,,е,оценявам е,оценява ме,wrong,plu1person_boundary,VERB,Aspect=Imp|Mood=Ind|Number=Plur|Person=1|Tense=Pres|VerbForm=Fin|Voice=Act
дадено,даден,даден,,о,даден о,дадено,correct,adj_gender,VERB,Aspect=Perf|Definite=Ind|Gender=Neut|Number=Sing|VerbForm=Part|Voice=Pass
най-голяма,голям,голям,най-,а,най- голям а,най- голяма,partial,,ADJ,Definite=Ind|Degree=Pos|Gender=Fem|Number=Sing
принадлежат,принадлежа,принадлежа,,т,принадлежа т,принадлеж ат,wrong,,VERB,Aspect=Imp|Mood=Ind|Number=Plur|Person=3|Tense=Pres|VerbForm=Fin|Voice=Act
открити,открит,открит,,и,открит и,открити,correct,,VERB,Aspect=Perf|Definite=Ind|Number=Plur|VerbForm=Part|Voice=Pass
житейските,житейски,житейски,,те,житейски те,житейск ите,wrong,adj_def_boundary,ADJ,Definite=Def|Degree=Pos|Number=Plur
игнорираме,игнорирам,игнорирам,,е,игнорирам е,игнорира ме,wrong,plu1person_boundary,VERB,Aspect=Imp|Mood=Ind|Number=Plur|Person=1|Tense=Pres|VerbForm=Fin|Voice=Act
изчезнат,изчезна,изчезна,,т,изчезна т,изчезн ат,wrong,,VERB,Aspect=Perf|Mood=Ind|Number=Plur|Person=3|Tense=Pres|VerbForm=Fin|Voice=Act
непосредствената,непосредствен,непосредствен,,ата,непосредствен ата,непосредствена та,wrong,adj_def_boundary,ADJ,Definite=Def|Degree=Pos|Gender=Fem|Number=Sing
захапят,захапя,захапя,,т,захапя т,захап ят,wrong,,VERB,Aspect=Perf|Mood=Ind|Number=Plur|Person=3|Tense=Pres|VerbForm=Fin|Voice=Act
фалшива,фалшив,фалшив,,а,фалшив а,фалшива,correct,adj_gender,ADJ,Definite=Ind|Degree=Pos|Gender=Fem|Number=Sing
собственото,собствен,собствен,,ото,собствен ото,собствено то,wrong,adj_def_boundary,ADJ,Definite=Def|Degree=Pos|Gender=Neut|Number=Sing
вършат,върша,върша,,т,върша т,върш ат,wrong,,VERB,Aspect=Imp|Mood=Ind|Number=Plur|Person=3|Tense=Pres|VerbForm=Fin|Voice=Act
слабо,слаб,слаб,,о,слаб о,слабо,correct,adj_gender,ADV,Degree=Pos
мислят,мисля,мисля,,т,мисля т,мисл ят,wrong,,VERB,Aspect=Imp|Mood=Ind|Number=Plur|Person=3|Tense=Pres|VerbForm=Fin|Voice=Act
външногруповото,външногрупов,външногрупов,,ото,външногрупов ото,външногрупово то,wrong,adj_def_boundary,ADJ,Definite=Def|Degree=Pos|Gender=Neut|Number=Sing
спечелят,спечеля,спечеля,,т,спечеля т,спечел ят,wrong,,VERB,Aspect=Perf|Mood=Ind|Number=Plur|Person=3|Tense=Pres|VerbForm=Fin|Voice=Act
управляваме,управлявам,управлявам,,е,управлявам е,управлява ме,wrong,plu1person_boundary,VERB,Aspect=Imp|Mood=Ind|Number=Plur|Person=1|Tense=Pres|VerbForm=Fin|Voice=Act
бърза,бърз,бърз,,а,бърз а,бърза,correct,,VERB,Aspect=Imp|Mood=Ind|Number=Sing|Person=3|Tense=Pres|VerbForm=Fin|Voice=Act
най-голямото,голям,голям,най-,ото,най- голям ото,най- голямо то,partial,adj_def_boundary,ADJ,Definite=Def|Degree=Sup|Gender=Neut|Number=Sing
чистата,чист,чист,,ата,чист ата,чиста та,wrong,adj_def_boundary,ADJ,Definite=Def|Degree=Pos|Gender=Fem|Number=Sing
режат,режа,режа,,т,режа т,реж ат,wrong,,VERB,Aspect=Imp|Mood=Ind|Number=Plur|Person=3|Tense=Pres|VerbForm=Fin|Voice=Act
пипнат,пипна,пипна,,т,пипна т,пипн ат,wrong,,VERB,Aspect=Perf|Mood=Ind|Number=Plur|Person=3|Tense=Pres|VerbForm=Fin|Voice=Act
отрежат,отрежа,отрежа,,т,отрежа т,отреж ат,wrong,,VERB,Aspect=Perf|Mood=Ind|Number=Plur|Person=3|Tense=Pres|VerbForm=Fin|Voice=Act
извадят,извадя,извадя,,т,извадя т,извад ят,wrong,,VERB,Aspect=Perf|Mood=Ind|Number=Plur|Person=3|Tense=Pres|VerbForm=Fin|Voice=Act
строят,строя,строя,,т,строя т,стро ят,wrong,,VERB,Aspect=Imp|Mood=Ind|Number=Plur|Person=3|Tense=Pres|VerbForm=Fin|Voice=Act
най-скоро,скор,скор,най-,о,най- скор о,най- скоро,partial,,ADV,Degree=Pos
промишлено,промишлен,промишлен,,о,промишлен о,промишлено,correct,adj_gender,ADV,Degree=Pos
търговските,търговски,търговски,,те,търговски те,търговск ите,wrong,adj_def_boundary,ADJ,Definite=Def|Degree=Pos|Number=Plur
мафиотските,мафиотски,мафиотски,,те,мафиотски те,мафиотск ите,wrong,adj_def_boundary,ADJ,Definite=Def|Degree=Pos|Number=Plur
несподелена,несподелен,несподелен,,а,несподелен а,несподелена,correct,adj_gender,ADJ,Definite=Ind|Degree=Pos|Gender=Fem|Number=Sing
спорят,споря,споря,,т,споря т,спор ят,wrong,,VERB,Aspect=Imp|Mood=Ind|Number=Plur|Person=3|Tense=Pres|VerbForm=Fin|Voice=Act
станалият,стана,стана,,лият,стана лият,станали ят,wrong,adj_def_boundary,ADJ,Aspect=Perf|Definite=Def|Degree=Pos|Gender=Masc|Number=Sing|Tense=Past|VerbForm=Part|Voice=Act
необикновена,необикновен,необикновен,,а,необикновен а,необикновена,correct,adj_gender,ADJ,Definite=Ind|Degree=Pos|Gender=Fem|Number=Sing
всекиго,всеки,всеки,,го,всеки го,всекиго,correct,,PRON,Animacy=Anim|Case=Acc|Gender=Masc|Number=Sing|PronType=Neg
холивудските,холивудски,холивудски,,те,холивудски те,холивудск ите,wrong,adj_def_boundary,ADJ,Definite=Def|Degree=Pos|Number=Plur
пият,пия,пия,,т,пия т,пи ят,wrong,,VERB,Aspect=Imp|Mood=Ind|Number=Plur|Person=3|Tense=Pres|VerbForm=Fin|Voice=Act
наследят,наследя,наследя,,т,наследя т,наслед ят,wrong,,VERB,Aspect=Perf|Mood=Ind|Number=Plur|Person=3|Tense=Pres|VerbForm=Fin|Voice=Act
премиера,премиер,премиер,,а,премиер а,премиера,correct,,NOUN,Definite=Ind|Gender=Fem|Number=Sing
финансова,финансов,финансов,,а,финансов а,финансова,correct,adj_gender,ADJ,Definite=Ind|Degree=Pos|Gender=Fem|Number=Sing
плащаме,плащам,плащам,,е,плащам е,плаща ме,wrong,plu1person_boundary,VERB,Aspect=Imp|Mood=Ind|Number=Plur|Person=1|Tense=Pres|VerbForm=Fin|Voice=Act
предупредят,предупредя,предупредя,,т,предупредя т,предупред ят,wrong,,VERB,Aspect=Perf|Mood=Ind|Number=Plur|Person=3|Tense=Pres|VerbForm=Fin|Voice=Act
лошото,лош,лош,,ото,лош ото,лошо то,wrong,adj_def_boundary,ADJ,Definite=Def|Degree=Pos|Gender=Neut|Number=Sing
твърдят,твърдя,твърдя,,т,твърдя т,твърд ят,wrong,,VERB,Aspect=Imp|Mood=Ind|Number=Plur|Person=3|Tense=Pres|VerbForm=Fin|Voice=Act
получат,получа,получа,,т,получа т,получ ат,wrong,,VERB,Aspect=Perf|Mood=Ind|Number=Plur|Person=3|Tense=Pres|VerbForm=Fin|Voice=Act
плачливо,плачлив,плачлив,,о,плачлив о,плачливо,correct,adj_gender,ADV,Degree=Pos
най-справедливата,справедлив,справедлив,най-,ата,най- справедлив ата,най- справедлива та,partial,adj_def_boundary,ADJ,Definite=Def|Degree=Pos|Gender=Fem|Number=Sing
най-търпеливата,търпелив,търпелив,най-,ата,най- търпелив ата,най- търпелива та,partial,adj_def_boundary,ADJ,Definite=Def|Degree=Pos|Gender=Fem|Number=Sing
пророческите,пророчески,пророчески,,те,пророчески те,пророческ ите,wrong,adj_def_boundary,ADJ,Definite=Def|Degree=Pos|Number=Plur
непозната,непознат,непознат,,а,непознат а,непозната,correct,adj_gender,ADJ,Definite=Ind|Degree=Pos|Gender=Fem|Number=Sing
бъдещата,бъдещ,бъдещ,,ата,бъдещ ата,бъдеща та,wrong,adj_def_boundary,ADJ,Definite=Def|Degree=Pos|Gender=Fem|Number=Sing
оставаме,оставам,оставам,,е,оставам е,остава ме,wrong,plu1person_boundary,VERB,Aspect=Imp|Mood=Ind|Number=Plur|Person=1|Tense=Pres|VerbForm=Fin|Voice=Act
пътуваме,пътувам,пътувам,,е,пътувам е,пътува ме,wrong,plu1person_boundary,VERB,Aspect=Imp|Mood=Ind|Number=Plur|Person=1|Tense=Pres|VerbForm=Fin|Voice=Act
постигната,постигна,постигна,,та,постигна та,постигната,correct,,VERB,Aspect=Perf|Definite=Ind|Gender=Fem|Number=Sing|VerbForm=Part|Voice=Pass
високо,висок,висок,,о,висок о,високо,correct,adj_gender,ADV,Degree=Pos
готвят,готвя,готвя,,т,готвя т,готв ят,wrong,,VERB,Aspect=Imp|Mood=Ind|Number=Plur|Person=3|Tense=Pres|VerbForm=Fin|Voice=Act
митническите,митнически,митнически,,те,митнически те,митническ ите,wrong,adj_def_boundary,ADJ,Definite=Def|Degree=Pos|Number=Plur
лява,ляв,ляв,,а,ляв а,лява,correct,adj_gender,ADJ,Definite=Ind|Degree=Pos|Gender=Fem|Number=Sing
бранят,браня,браня,,т,браня т,бран ят,wrong,,VERB,Aspect=Imp|Mood=Ind|Number=Plur|Person=3|Tense=Pres|VerbForm=Fin|Voice=Act
платят,платя,платя,,т,платя т,плат ят,wrong,,VERB,Aspect=Perf|Mood=Ind|Number=Plur|Person=3|Tense=Pres|VerbForm=Fin|Voice=Act
решат,реша,реша,,т,реша т,реш ат,wrong,,VERB,Aspect=Perf|Mood=Ind|Number=Plur|Person=3|Tense=Pres|VerbForm=Fin|Voice=Act
попаднат,попадна,попадна,,т,попадна т,попадн ат,wrong,,VERB,Aspect=Perf|Mood=Ind|Number=Plur|Person=3|Tense=Pres|VerbForm=Fin|Voice=Act
стигнат,стигна,стигна,,т,стигна т,стигн ат,wrong,,VERB,Aspect=Perf|Mood=Ind|Number=Plur|Person=3|Tense=Pres|VerbForm=Fin|Voice=Act
следваме,следвам,следвам,,е,следвам е,следва ме,wrong,plu1person_boundary,VERB,Aspect=Imp|Mood=Ind|Number=Plur|Person=1|Tense=Pres|VerbForm=Fin|Voice=Act
чистят,чистя,чистя,,т,чистя т,чист ят,wrong,,VERB,Aspect=Imp|Mood=Ind|Number=Plur|Person=3|Tense=Pres|VerbForm=Fin|Voice=Act
изберат,избера,избера,,т,избера т,избер ат,wrong,,VERB,Aspect=Perf|Mood=Ind|Number=Plur|Person=3|Tense=Pres|VerbForm=Fin|Voice=Act
преговаряме,преговарям,преговарям,,е,преговарям е,преговаря ме,wrong,plu1person_boundary,VERB,Aspect=Imp|Mood=Ind|Number=Plur|Person=1|Tense=Pres|VerbForm=Fin|Voice=Act
дървена,дървен,дървен,,а,дървен а,дървена,correct,adj_gender,ADJ,Definite=Ind|Degree=Pos|Gender=Fem|Number=Sing
ядрената,ядрен,ядрен,,ата,ядрен ата,ядрена та,wrong,adj_def_boundary,ADJ,Definite=Def|Degree=Pos|Gender=Fem|Number=Sing
непоправима,непоправим,непоправим,,а,непоправим а,непоправима,correct,adj_gender,ADJ,Definite=Ind|Degree=Pos|Gender=Fem|Number=Sing
варненските,варненски,варненски,,те,варненски те,варненск ите,wrong,adj_def_boundary,ADJ,Definite=Def|Degree=Pos|Number=Plur
класа,клас,клас,,а,клас а,класа,correct,,NOUN,Definite=Ind|Gender=Fem|Number=Sing
панталоните,панталон,панталон,,ите,панталон ите,панталони те,wrong,,NOUN,Definite=Def|Number=Ptan
черния,чер,чер,,ния,чер ния,черни я,wrong,adj_def_boundary,ADJ,Definite=Def|Degree=Pos|Gender=Masc|Number=Sing
познаваме,познавам,познавам,,е,познавам е,познава ме,wrong,plu1person_boundary,VERB,Aspect=Imp|Mood=Ind|Number=Plur|Person=1|Tense=Pres|VerbForm=Fin|Voice=Act
изпълнимо,изпълним,изпълним,,о,изпълним о,изпълнимо,correct,adj_gender,ADV,Degree=Pos
правителствено,правителствен,правителствен,,о,правителствен о,правителствено,correct,adj_gender,ADV,Degree=Pos
най-високата,висок,висок,най-,ата,най- висок ата,най- висока та,partial,adj_def_boundary,ADJ,Definite=Def|Degree=Pos|Gender=Fem|Number=Sing
президентските,президентски,президентски,,те,президентски те,президентск ите,wrong,adj_def_boundary,ADJ,Definite=Def|Degree=Pos|Number=Plur
докажат,докажа,докажа,,т,докажа т,докаж ат,wrong,,VERB,Aspect=Perf|Mood=Ind|Number=Plur|Person=3|Tense=Pres|VerbForm=Fin|Voice=Act
запалянковци,запалянко,запалянко,,вци,запалянко вци,запалянковци,correct,,NOUN,Definite=Ind|Gender=Masc|Number=Plur
дългоухото,дългоух,дългоух,,ото,дългоух ото,дългоухо то,wrong,adj_def_boundary,ADJ,Definite=Def|Degree=Pos|Gender=Neut|Number=Sing
започнат,започна,започна,,т,започна т,започн ат,wrong,,VERB,Aspect=Perf|Mood=Ind|Number=Plur|Person=3|Tense=Pres|VerbForm=Fin|Voice=Act
детските,детски,детски,,те,детски те,детск ите,wrong,adj_def_boundary,ADJ,Definite=Def|Degree=Pos|Number=Plur
дойдат,дойда,дойда,,т,дойда т,дойд ат,wrong,,VERB,Aspect=Perf|Mood=Ind|Number=Plur|Person=3|Tense=Pres|VerbForm=Fin|Voice=Act
прословутото,прословут,прословут,,ото,прословут ото,прословуто то,wrong,adj_def_boundary,ADJ,Definite=Def|Degree=Pos|Gender=Neut|Number=Sing
химическите,химически,химически,,те,химически те,химическ ите,wrong,adj_def_boundary,ADJ,Definite=Def|Degree=Pos|Number=Plur
синята,син,син,,ята,син ята,синя та,wrong,adj_def_boundary,ADJ,Definite=Def|Degree=Pos|Gender=Fem|Number=Sing
гореща,горещ,горещ,,а,горещ а,гореща,correct,adj_gender,ADJ,Definite=Ind|Degree=Pos|Gender=Fem|Number=Sing
бившето,бивш,бивш,,ето,бивш ето,бивше то,wrong,adj_def_boundary,ADJ,Definite=Def|Degree=Pos|Gender=Neut|Number=Sing
бутнат,бутна,бутна,,т,бутна т,бутн ат,wrong,,VERB,Aspect=Perf|Mood=Ind|Number=Plur|Person=3|Tense=Pres|VerbForm=Fin|Voice=Act
убият,убия,убия,,т,убия т,уби ят,wrong,,VERB,Aspect=Perf|Mood=Ind|Number=Plur|Person=3|Tense=Pres|VerbForm=Fin|Voice=Act
земеделските,земеделски,земеделски,,те,земеделски те,земеделск ите,wrong,adj_def_boundary,ADJ,Definite=Def|Degree=Pos|Number=Plur
китайските,китайски,китайски,,те,китайски те,китайск ите,wrong,adj_def_boundary,ADJ,Definite=Def|Degree=Pos|Number=Plur
турските,турски,турски,,те,турски те,турск ите,wrong,adj_def_boundary,ADJ,Definite=Def|Degree=Pos|Number=Plur
качествена,качествен,качествен,,а,качествен а,качествена,correct,adj_gender,ADJ,Definite=Ind|Degree=Pos|Gender=Fem|Number=Sing
евтина,евтин,евтин,,а,евтин а,евтина,correct,adj_gender,ADJ,Definite=Ind|Degree=Pos|Gender=Fem|Number=Sing
победят,победя,победя,,т,победя т,побед ят,wrong,,VERB,Aspect=Perf|Mood=Ind|Number=Plur|Person=3|Tense=Pres|VerbForm=Fin|Voice=Act
наше,наш,наш,,е,наш е,наше,correct,adj_gender,DET,Definite=Ind|Gender=Neut|Number=Sing|Person=1|Poss=Yes|PronType=Prs
гръцките,гръцки,гръцки,,те,гръцки те,гръцк ите,wrong,adj_def_boundary,ADJ,Definite=Def|Degree=Pos|Number=Plur
нашумялото,нашумя,нашумя,,лото,нашумя лото,нашумяло то,wrong,adj_def_boundary,ADJ,Aspect=Perf|Definite=Def|Degree=Pos|Gender=Neut|Number=Sing|Tense=Past|VerbForm=Part|Voice=Act
масирана,масиран,масиран,,а,масиран а,масирана,correct,adj_gender,ADJ,Definite=Ind|Degree=Pos|Gender=Fem|Number=Sing
имената,име,име,,ната,име ната,имена та,wrong,,NOUN,Definite=Def|Gender=Neut|Number=Plur
сива,сив,сив,,а,сив а,сива,correct,adj_gender,ADJ,Definite=Ind|Degree=Pos|Gender=Fem|Number=Sing
готово,готов,готов,,о,готов о,готово,correct,adj_gender,ADV,Degree=Pos
депутатските,депутатски,депутатски,,те,депутатски те,депутатск ите,wrong,adj_def_boundary,ADJ,Definite=Def|Degree=Pos|Number=Plur
загубена,загубен,загубен,,а,загубен а,загубена,correct,adj_gender,ADJ,Definite=Ind|Degree=Pos|Gender=Fem|Number=Sing
празнуваме,празнувам,празнувам,,е,празнувам е,празнува ме,wrong,plu1person_boundary,VERB,Aspect=Imp|Mood=Ind|Number=Plur|Person=1|Tense=Pres|VerbForm=Fin|Voice=Act
градските,градски,градски,,те,градски те,градск ите,wrong,adj_def_boundary,ADJ,Definite=Def|Degree=Pos|Number=Plur
изминалите,измина,измина,,лите,измина лите,изминал ите,wrong,,ADJ,Aspect=Perf|Definite=Def|Degree=Pos|Number=Plur|Tense=Past|VerbForm=Part|Voice=Act
димящи,димя,димя,,щи,димя щи,димящи,correct,,ADJ,Aspect=Imp|Definite=Ind|Degree=Pos|Number=Plur|Tense=Pres|VerbForm=Part|Voice=Act
играят,играя,играя,,т,играя т,игра ят,wrong,,VERB,Aspect=Imp|Mood=Ind|Number=Plur|Person=3|Tense=Pres|VerbForm=Fin|Voice=Act
чуждо,чужд,чужд,,о,чужд о,чуждо,correct,adj_gender,ADV,Degree=Pos
словашките,словашки,словашки,,те,словашки те,словашк ите,wrong,adj_def_boundary,ADJ,Definite=Def|Degree=Pos|Number=Plur
обира,обир,обир,,а,обир а,обира,correct,,VERB,Aspect=Imp|Mood=Ind|Number=Sing|Person=3|Tense=Pres|VerbForm=Fin|Voice=Act
висящи,вися,вися,,щи,вися щи,висящи,correct,,ADJ,Aspect=Imp|Definite=Ind|Degree=Pos|Number=Plur|Tense=Pres|VerbForm=Part|Voice=Act
хленчат,хленча,хленча,,т,хленча т,хленч ат,wrong,,VERB,Aspect=Imp|Mood=Ind|Number=Plur|Person=3|Tense=Pres|VerbForm=Fin|Voice=Act
лоша,лош,лош,,а,лош а,лоша,correct,adj_gender,ADJ,Definite=Ind|Degree=Pos|Gender=Fem|Number=Sing
премахнати,премахна,премахна,,ти,премахна ти,премахнати,correct,,VERB,Aspect=Perf|Definite=Ind|Number=Plur|VerbForm=Part|Voice=Pass
кулоарите,кулоари,кулоари,,те,кулоари те,кулоар ите,wrong,,NOUN,Definite=Def|Gender=Masc|Number=Plur
шанса,шанс,шанс,,а,шанс а,шанса,correct,,NOUN,Definite=Ind|Gender=Masc|Number=Sing
отписваме,отписвам,отписвам,,е,отписвам е,отписва ме,wrong,plu1person_boundary,VERB,Aspect=Imp|Mood=Ind|Number=Plur|Person=1|Tense=Pres|VerbForm=Fin|Voice=Act
преследваме,преследвам,преследвам,,е,преследвам е,преследва ме,wrong,plu1person_boundary,VERB,Aspect=Imp|Mood=Ind|Number=Plur|Person=1|Tense=Pres|VerbForm=Fin|Voice=Act
либийските,либийски,либийски,,те,либийски те,либийск ите,wrong,adj_def_boundary,ADJ,Definite=Def|Degree=Pos|Number=Plur
нямаме,нямам,нямам,,е,нямам е,няма ме,wrong,plu1person_boundary,VERB,Aspect=Imp|Mood=Ind|Number=Plur|Person=1|Tense=Pres|VerbForm=Fin|Voice=Act
несъобразена,несъобразен,несъобразен,,а,несъобразен а,несъобразена,correct,adj_gender,ADJ,Definite=Ind|Degree=Pos|Gender=Fem|Number=Sing
съпруга,съпруг,съпруг,,а,съпруг а,съпруга,correct,,NOUN,Definite=Ind|Gender=Fem|Number=Sing
поевтинеят,поевтинея,поевтинея,,т,поевтинея т,поевтине ят,wrong,,VERB,Aspect=Perf|Mood=Ind|Number=Plur|Person=3|Tense=Pres|VerbForm=Fin|Voice=Act
завършат,завърша,завърша,,т,завърша т,завърш ат,wrong,,VERB,Aspect=Perf|Mood=Ind|Number=Plur|Person=3|Tense=Pres|VerbForm=Fin|Voice=Act
размишляваме,размишлявам,размишлявам,,е,размишлявам е,размишлява ме,wrong,plu1person_boundary,VERB,Aspect=Imp|Mood=Ind|Number=Plur|Person=1|Tense=Pres|VerbForm=Fin|Voice=Act
сватбена,сватбен,сватбен,,а,сватбен а,сватбена,correct,adj_gender,ADJ,Definite=Ind|Degree=Pos|Gender=Fem|Number=Sing
луда,луд,луд,,а,луд а,луда,correct,adj_gender,ADJ,Definite=Ind|Degree=Pos|Gender=Fem|Number=Sing
художествена,художествен,художествен,,а,художествен а,художествена,correct,adj_gender,ADJ,Definite=Ind|Degree=Pos|Gender=Fem|Number=Sing
банкова,банков,банков,,а,банков а,банкова,correct,adj_gender,ADJ,Definite=Ind|Degree=Pos|Gender=Fem|Number=Sing
семената,семе,семе,,ната,семе ната,семена та,wrong,,NOUN,Definite=Def|Gender=Neut|Number=Plur
нездравата,нездрав,нездрав,,ата,нездрав ата,нездрава та,wrong,adj_def_boundary,ADJ,Definite=Def|Degree=Pos|Gender=Fem|Number=Sing
шофьорските,шофьорски,шофьорски,,те,шофьорски те,шофьорск ите,wrong,adj_def_boundary,ADJ,Definite=Def|Degree=Pos|Number=Plur
сурово,суров,суров,,о,суров о,сурово,correct,adj_gender,ADV,Degree=Pos
пекат,пека,пека,,т,пека т,пек ат,wrong,,VERB,Aspect=Imp|Mood=Ind|Number=Plur|Person=3|Tense=Pres|VerbForm=Fin|Voice=Act
купят,купя,купя,,т,купя т,куп ят,wrong,,VERB,Aspect=Perf|Mood=Ind|Number=Plur|Person=3|Tense=Pres|VerbForm=Fin|Voice=Act
зачестят,зачестя,зачестя,,т,зачестя т,зачест ят,wrong,,VERB,Aspect=Perf|Mood=Ind|Number=Plur|Person=3|Tense=Pres|VerbForm=Fin|Voice=Act
вадят,вадя,вадя,,т,вадя т,вад ят,wrong,,VERB,Aspect=Imp|Mood=Ind|Number=Plur|Person=3|Tense=Pres|VerbForm=Fin|Voice=Act
смесеното,смесен,смесен,,ото,смесен ото,смесено то,wrong,adj_def_boundary,ADJ,Definite=Def|Degree=Pos|Gender=Neut|Number=Sing
най-лошата,лош,лош,най-,ата,най- лош ата,най- лоша та,partial,adj_def_boundary,ADJ,Definite=Def|Degree=Pos|Gender=Fem|Number=Sing
наема,наем,наем,,а,наем а,наема,correct,,VERB,Aspect=Imp|Mood=Ind|Number=Sing|Person=3|Tense=Pres|VerbForm=Fin|Voice=Act
избягаме,избягам,избягам,,е,избягам е,избяга ме,wrong,plu1person_boundary,VERB,Aspect=Perf|Mood=Ind|Number=Plur|Person=1|Tense=Pres|VerbForm=Fin|Voice=Act
украинските,украински,украински,,те,украински те,украинск ите,wrong,adj_def_boundary,ADJ,Definite=Def|Degree=Pos|Number=Plur
полицейските,полицейски,полицейски,,те,полицейски те,полицейск ите,wrong,adj_def_boundary,ADJ,Definite=Def|Degree=Pos|Number=Plur
жизнено,жизнен,жизнен,,о,жизнен о,жизнено,correct,adj_gender,ADV,Degree=Pos
само,сам,сам,,о,сам о,само,correct,adj_gender,ADV,Degree=Pos
завладеят,завладея,завладея,,т,завладея т,завладе ят,wrong,,VERB,Aspect=Perf|Mood=Ind|Number=Plur|Person=3|Tense=Pres|VerbForm=Fin|Voice=Act
проведат,проведа,проведа,,т,проведа т,провед ат,wrong,,VERB,Aspect=Perf|Mood=Ind|Number=Plur|Person=3|Tense=Pres|VerbForm=Fin|Voice=Act
прякото,пряк,пряк,,ото,пряк ото,пряко то,wrong,adj_def_boundary,ADJ,Definite=Def|Degree=Pos|Gender=Neut|Number=Sing
нападнат,нападна,нападна,,т,нападна т,нападнат,correct,,VERB,Aspect=Perf|Mood=Ind|Number=Sing|Person=3|VerbForm=Fin|Voice=Pass
оберат,обера,обера,,т,обера т,обер ат,wrong,,VERB,Aspect=Perf|Mood=Ind|Number=Plur|Person=3|Tense=Pres|VerbForm=Fin|Voice=Act
пуда,пуд,пуд,,а,пуд а,пуда,correct,,NOUN,Definite=Ind|Gender=Masc|Number=Sing
докъде,къде,къде,до,,до къде,докъде,correct,,ADV,PronType=Int
засмяно,засмян,засмян,,о,засмян о,засмяно,correct,adj_gender,ADV,Degree=Pos
талантливо,талантлив,талантлив,,о,талантлив о,талантливо,correct,adj_gender,ADV,Degree=Pos
богатото,богат,богат,,ото,богат ото,богато то,wrong,adj_def_boundary,ADJ,Definite=Def|Degree=Pos|Gender=Neut|Number=Sing
поговорят,поговоря,поговоря,,т,поговоря т,поговор ят,wrong,,VERB,Aspect=Perf|Mood=Ind|Number=Plur|Person=3|Tense=Pres|VerbForm=Fin|Voice=Act
желаят,желая,желая,,т,желая т,жела ят,wrong,,VERB,Aspect=Imp|Mood=Ind|Number=Plur|Person=3|Tense=Pres|VerbForm=Fin|Voice=Act
електрическите,електрически,електрически,,те,електрически те,електрическ ите,wrong,adj_def_boundary,ADJ,Definite=Def|Degree=Pos|Number=Plur
техническите,технически,технически,,те,технически те,техническ ите,wrong,adj_def_boundary,ADJ,Definite=Def|Degree=Pos|Number=Plur
по-честото,чест,чест,по-,ото,по- чест ото,по- често то,partial,adj_def_boundary,ADJ,Definite=Def|Degree=Sup|Gender=Neut|Number=Sing
пеят,пея,пея,,т,пея т,пе ят,wrong,,VERB,Aspect=Imp|Mood=Ind|Number=Plur|Person=3|Tense=Pres|VerbForm=Fin|Voice=Act
късо,къс,къс,,о,къс о,късо,correct,adj_gender,ADV,Degree=Pos
ловят,ловя,ловя,,т,ловя т,лов ят,wrong,,VERB,Aspect=Imp|Mood=Ind|Number=Plur|Person=3|Tense=Pres|VerbForm=Fin|Voice=Act
алуминиева,алуминиев,алуминиев,,а,алуминиев а,алуминиева,correct,adj_gender,ADJ,Definite=Ind|Degree=Pos|Gender=Fem|Number=Sing
по-мили,мил,мил,по-,и,по- мил и,по- мили,partial,,ADJ,Definite=Ind|Degree=Pos|Number=Plur
обучаваме,обучавам,обучавам,,е,обучавам е,обучава ме,wrong,plu1person_boundary,VERB,Aspect=Imp|Mood=Ind|Number=Plur|Person=1|Tense=Pres|VerbForm=Fin|Voice=Act
предложат,предложа,предложа,,т,предложа т,предлож ат,wrong,,VERB,Aspect=Perf|Mood=Ind|Number=Plur|Person=3|Tense=Pres|VerbForm=Fin|Voice=Act
качественото,качествен,качествен,,ото,качествен ото,качествено то,wrong,adj_def_boundary,ADJ,Definite=Def|Degree=Pos|Gender=Neut|Number=Sing
расовата,расов,расов,,ата,расов ата,расова та,wrong,adj_def_boundary,ADJ,Definite=Def|Degree=Pos|Gender=Fem|Number=Sing
достижима,достижим,достижим,,а,достижим а,достижима,correct,adj_gender,ADJ,Definite=Ind|Degree=Pos|Gender=Fem|Number=Sing
текуща,текущ,текущ,,а,текущ а,текуща,correct,adj_gender,ADJ,Definite=Ind|Degree=Pos|Gender=Fem|Number=Sing
привлекат,привлека,привлека,,т,привлека т,привлек ат,wrong,,VERB,Aspect=Perf|Mood=Ind|Number=Plur|Person=3|Tense=Pres|VerbForm=Fin|Voice=Act
хапят,хапя,хапя,,т,хапя т,хап ят,wrong,,VERB,Aspect=Imp|Mood=Ind|Number=Plur|Person=3|Tense=Pres|VerbForm=Fin|Voice=Act
прекратят,прекратя,прекратя,,т,прекратя т,прекрат ят,wrong,,VERB,Aspect=Perf|Mood=Ind|Number=Plur|Person=3|Tense=Pres|VerbForm=Fin|Voice=Act
най-необходимото,необходим,необходим,най-,ото,най- необходим ото,най- необходимо то,partial,adj_def_boundary,ADJ,Definite=Def|Degree=Sup|Gender=Neut|Number=Sing
внасяме,внасям,внасям,,е,внасям е,внася ме,wrong,plu1person_boundary,VERB,Aspect=Imp|Mood=Ind|Number=Plur|Person=1|Tense=Pres|VerbForm=Fin|Voice=Act
изтърпят,изтърпя,изтърпя,,т,изтърпя т,изтърп ят,wrong,,VERB,Aspect=Perf|Mood=Ind|Number=Plur|Person=3|Tense=Pres|VerbForm=Fin|Voice=Act
зависят,завися,завися,,т,завися т,завис ят,wrong,,VERB,Aspect=Imp|Mood=Ind|Number=Plur|Person=3|Tense=Pres|VerbForm=Fin|Voice=Act
свържат,свържа,свържа,,т,свържа т,свърж ат,wrong,,VERB,Aspect=Perf|Mood=Ind|Number=Plur|Person=3|Tense=Pres|VerbForm=Fin|Voice=Act
неоспоримата,неоспорим,неоспорим,,ата,неоспорим ата,неоспорима та,wrong,adj_def_boundary,ADJ,Definite=Def|Degree=Pos|Gender=Fem|Number=Sing
груба,груб,груб,,а,груб а,груба,correct,adj_gender,ADJ,Definite=Ind|Degree=Pos|Gender=Fem|Number=Sing
финансово,финансов,финансов,,о,финансов о,финансово,correct,adj_gender,ADV,Degree=Pos
цигарената,цигарен,цигарен,,ата,цигарен ата,цигарена та,wrong,adj_def_boundary,ADJ,Definite=Def|Degree=Pos|Gender=Fem|Number=Sing
важат,важа,важа,,т,важа т,важ ат,wrong,,VERB,Aspect=Imp|Mood=Ind|Number=Plur|Person=3|Tense=Pres|VerbForm=Fin|Voice=Act
монархическите,монархически,монархически,,те,монархически те,монархическ ите,wrong,adj_def_boundary,ADJ,Definite=Def|Degree=Pos|Number=Plur
непоносима,непоносим,непоносим,,а,непоносим а,непоносима,correct,adj_gender,ADJ,Definite=Ind|Degree=Pos|Gender=Fem|Number=Sing
всеобща,всеобщ,всеобщ,,а,всеобщ а,всеобща,correct,adj_gender,ADJ,Definite=Ind|Degree=Pos|Gender=Fem|Number=Sing
по-богата,богат,богат,по-,а,по- богат а,по- богата,partial,,ADJ,Definite=Ind|Degree=Pos|Gender=Fem|Number=Sing
изминалата,измина,измина,,лата,измина лата,изминала та,wrong,adj_def_boundary,ADJ,Aspect=Perf|Definite=Def|Degree=Pos|Gender=Fem|Number=Sing|Tense=Past|VerbForm=Part|Voice=Act
дунавските,дунавски,дунавски,,те,дунавски те,дунавск ите,wrong,adj_def_boundary,ADJ,Definite=Def|Degree=Pos|Number=Plur
незапомнената,незапомнен,незапомнен,,ата,незапомнен ата,незапомнена та,wrong,adj_def_boundary,ADJ,Definite=Def|Degree=Pos|Gender=Fem|Number=Sing
неповторимата,неповторим,неповторим,,ата,неповторим ата,неповторима та,wrong,adj_def_boundary,ADJ,Definite=Def|Degree=Pos|Gender=Fem|Number=Sing
сивата,сив,сив,,ата,сив ата,сива та,wrong,adj_def_boundary,ADJ,Definite=Def|Degree=Pos|Gender=Fem|Number=Sing
дванайсетия,дванайсети,дванайсети,,я,дванайсети я,дванайсетия,correct,,NUM,Definite=Ind|Number=Plur|NumType=Card
собствена,собствен,собствен,,а,собствен а,собствена,correct,adj_gender,ADJ,Definite=Ind|Degree=Pos|Gender=Fem|Number=Sing
погасят,погася,погася,,т,погася т,погас ят,wrong,,VERB,Aspect=Perf|Mood=Ind|Number=Plur|Person=3|Tense=Pres|VerbForm=Fin|Voice=Act
вярваме,вярвам,вярвам,,е,вярвам е,вярва ме,wrong,plu1person_boundary,VERB,Aspect=Imp|Mood=Ind|Number=Plur|Person=1|Tense=Pres|VerbForm=Fin|Voice=Act
по-млада,млад,млад,по-,а,по- млад а,по- млада,partial,,ADJ,Definite=Ind|Degree=Pos|Gender=Fem|Number=Sing
проста,прост,прост,,а,прост а,проста,correct,adj_gender,ADJ,Definite=Ind|Degree=Pos|Gender=Fem|Number=Sing
украсят,украся,украся,,т,украся т,украс ят,wrong,,VERB,Aspect=Perf|Mood=Ind|Number=Plur|Person=3|Tense=Pres|VerbForm=Fin|Voice=Act
велики,велик,велик,,и,велик и,велики,correct,,ADJ,Definite=Ind|Degree=Pos|Number=Plur
нашенските,нашенски,нашенски,,те,нашенски те,нашенск ите,wrong,adj_def_boundary,ADJ,Definite=Def|Degree=Pos|Number=Plur
допустимо,допустим,допустим,,о,допустим о,допустимо,correct,adj_gender,ADV,Degree=Pos
многото,много,много,,то,много то,многото,correct,,ADV,Definite=Def|Degree=Pos|Number=Plur|NumType=Card
следродова,следродов,следродов,,а,следродов а,следродова,correct,adj_gender,ADJ,Definite=Ind|Degree=Pos|Gender=Fem|Number=Sing
бъбриво,бъбрив,бъбрив,,о,бъбрив о,бъбриво,correct,adj_gender,ADV,Degree=Pos
обичливо,обичлив,обичлив,,о,обичлив о,обичливо,correct,adj_gender,ADV,Degree=Pos
изиграят,изиграя,изиграя,,т,изиграя т,изигра ят,wrong,,VERB,Aspect=Perf|Mood=Ind|Number=Plur|Person=3|Tense=Pres|VerbForm=Fin|Voice=Act
красивото,красив,красив,,ото,красив ото,красиво то,wrong,adj_def_boundary,ADJ,Definite=Def|Degree=Pos|Gender=Neut|Number=Sing
най-старата,стар,стар,най-,ата,най- стар ата,най- стара та,partial,adj_def_boundary,ADJ,Definite=Def|Degree=Pos|Gender=Fem|Number=Sing
родопските,родопски,родопски,,те,родопски те,родопск ите,wrong,adj_def_boundary,ADJ,Definite=Def|Degree=Pos|Number=Plur
плевенските,плевенски,плевенски,,те,плевенски те,плевенск ите,wrong,adj_def_boundary,ADJ,Definite=Def|Degree=Pos|Number=Plur
ликвидираме,ликвидирам,ликвидирам,,е,ликвидирам е,ликвидира ме,wrong,plu1person_boundary,VERB,Aspect=Perf|Mood=Ind|Number=Plur|Person=1|Tense=Pres|VerbForm=Fin|Voice=Act
допусната,допусна,допусна,,та,допусна та,допусната,correct,,VERB,Aspect=Perf|Definite=Ind|Gender=Fem|Number=Sing|VerbForm=Part|Voice=Pass
независимата,независим,независим,,ата,независим ата,независима та,wrong,adj_def_boundary,ADJ,Definite=Def|Degree=Pos|Gender=Fem|Number=Sing
споменати,спомена,спомена,,ти,спомена ти,споменати,correct,,VERB,Aspect=Perf|Definite=Ind|Number=Plur|VerbForm=Part|Voice=Pass
свещена,свещен,свещен,,а,свещен а,свещена,correct,adj_gender,ADJ,Definite=Ind|Degree=Pos|Gender=Fem|Number=Sing
папа,пап,пап,,а,пап а,папа,correct,,NOUN,Definite=Ind|Gender=Masc|Number=Sing
най-голямо,голям,голям,най-,о,най- голям о,най- голямо,partial,,ADV,Degree=Sup
най-масовото,масов,масов,най-,ото,най- масов ото,най- масово то,partial,adj_def_boundary,ADJ,Definite=Def|Degree=Sup|Gender=Neut|Number=Sing
озаптят,озаптя,озаптя,,т,озаптя т,озапт ят,wrong,,VERB,Aspect=Perf|Mood=Ind|Number=Plur|Person=3|Tense=Pres|VerbForm=Fin|Voice=Act
следствено,следствен,следствен,,о,следствен о,следствено,correct,adj_gender,ADV,Degree=Pos
трупа,труп,труп,,а,труп а,трупа,correct,,NOUN,Definite=Ind|Gender=Fem|Number=Sing
богато,богат,богат,,о,богат о,богато,correct,adj_gender,ADV,Degree=Pos
огледа,оглед,оглед,,а,оглед а,огледа,correct,,VERB,Aspect=Perf|Mood=Ind|Number=Sing|Person=3|Tense=Past|VerbForm=Fin|Voice=Act
премерят,премеря,премеря,,т,премеря т,премер ят,wrong,,VERB,Aspect=Imp|Mood=Ind|Number=Plur|Person=3|Tense=Pres|VerbForm=Fin|Voice=Act
изброят,изброя,изброя,,т,изброя т,избро ят,wrong,,VERB,Aspect=Perf|Mood=Ind|Number=Plur|Person=3|Tense=Pres|VerbForm=Fin|Voice=Act
елементаризираме,елементаризирам,елементаризирам,,е,елементаризирам е,елементаризира ме,wrong,plu1person_boundary,VERB,Aspect=Imp|Mood=Ind|Number=Plur|Person=1|Tense=Pres|VerbForm=Fin|Voice=Act
заплашваме,заплашвам,заплашвам,,е,заплашвам е,заплашва ме,wrong,plu1person_boundary,VERB,Aspect=Imp|Mood=Ind|Number=Plur|Person=1|Tense=Pres|VerbForm=Fin|Voice=Act
лявото,ляв,ляв,,ото,ляв ото,ляво то,wrong,adj_def_boundary,ADJ,Definite=Def|Degree=Pos|Gender=Neut|Number=Sing
прескочат,прескоча,прескоча,,т,прескоча т,прескоч ат,wrong,,VERB,Aspect=Perf|Mood=Ind|Number=Plur|Person=3|Tense=Pres|VerbForm=Fin|Voice=Act
червена,червен,червен,,а,червен а,червена,correct,adj_gender,ADJ,Definite=Ind|Degree=Pos|Gender=Fem|Number=Sing
висят,вися,вися,,т,вися т,вис ят,wrong,,VERB,Aspect=Imp|Mood=Ind|Number=Plur|Person=3|Tense=Pres|VerbForm=Fin|Voice=Act
отгатнат,отгатна,отгатна,,т,отгатна т,отгатн ат,wrong,,VERB,Aspect=Perf|Mood=Ind|Number=Plur|Person=3|Tense=Pres|VerbForm=Fin|Voice=Act
жълта,жълт,жълт,,а,жълт а,жълта,correct,adj_gender,ADJ,Definite=Ind|Degree=Pos|Gender=Fem|Number=Sing
къса,къс,къс,,а,къс а,къса,correct,adj_gender,ADJ,Definite=Ind|Degree=Pos|Gender=Fem|Number=Sing
изминалия,измина,измина,,лия,измина лия,изминал ия,wrong,adj_def_boundary,ADJ,Aspect=Perf|Definite=Def|Degree=Pos|Gender=Masc|Number=Sing|Tense=Past|VerbForm=Part|Voice=Act
мироопазващите,мироопазващ,мироопазващ,,ите,мироопазващ ите,мироопазващи те,wrong,adj_def_boundary,ADJ,Aspect=Imp|Definite=Def|Degree=Pos|Number=Plur|Tense=Pres|VerbForm=Part|Voice=Act
американските,американски,американски,,те,американски те,американск ите,wrong,adj_def_boundary,ADJ,Definite=Def|Degree=Pos|Number=Plur
напуснат,напусна,напусна,,т,напусна т,напусн ат,wrong,,VERB,Aspect=Perf|Mood=Ind|Number=Plur|Person=3|Tense=Pres|VerbForm=Fin|Voice=Act
женствена,женствен,женствен,,а,женствен а,женствена,correct,adj_gender,ADJ,Definite=Ind|Degree=Pos|Gender=Fem|Number=Sing
изоставаме,изоставам,изоставам,,е,изоставам е,изостава ме,wrong,plu1person_boundary,VERB,Aspect=Imp|Mood=Ind|Number=Plur|Person=1|Tense=Pres|VerbForm=Fin|Voice=Act
масовото,масов,масов,,ото,масов ото,масово то,wrong,adj_def_boundary,ADJ,Definite=Def|Degree=Pos|Gender=Neut|Number=Sing
неразбрана,неразбран,неразбран,,а,неразбран а,неразбрана,correct,adj_gender,ADJ,Definite=Ind|Degree=Pos|Gender=Fem|Number=Sing
немотивираната,немотивиран,немотивиран,,ата,немотивиран ата,немотивирана та,wrong,adj_def_boundary,ADJ,Definite=Def|Degree=Pos|Gender=Fem|Number=Sing
разбулят,разбуля,разбуля,,т,разбуля т,разбул ят,wrong,,VERB,Aspect=Perf|Mood=Ind|Number=Plur|Person=3|Tense=Pres|VerbForm=Fin|Voice=Act
основан,основа,основа,,н,основа н,основан,correct,,VERB,Aspect=Perf|Definite=Ind|Gender=Masc|Number=Sing|VerbForm=Part|Voice=Pass
непростима,непростим,непростим,,а,непростим а,непростима,correct,adj_gender,ADJ,Definite=Ind|Degree=Pos|Gender=Fem|Number=Sing
пропуснат,пропусна,пропусна,,т,пропусна т,пропуснат,correct,,VERB,Aspect=Perf|Mood=Ind|Number=Sing|Person=3|VerbForm=Fin|Voice=Pass
тютюневата,тютюнев,тютюнев,,ата,тютюнев ата,тютюнева та,wrong,adj_def_boundary,ADJ,Definite=Def|Degree=Pos|Gender=Fem|Number=Sing
надвишат,надвиша,надвиша,,т,надвиша т,надвиш ат,wrong,,VERB,Aspect=Perf|Mood=Ind|Number=Plur|Person=3|Tense=Pres|VerbForm=Fin|Voice=Act
цифрова,цифров,цифров,,а,цифров а,цифрова,correct,adj_gender,ADJ,Definite=Ind|Degree=Pos|Gender=Fem|Number=Sing
коментираме,коментирам,коментирам,,е,коментирам е,коментира ме,wrong,plu1person_boundary,VERB,Aspect=Imp|Mood=Ind|Number=Plur|Person=1|Tense=Pres|VerbForm=Fin|Voice=Act
подсилят,подсиля,подсиля,,т,подсиля т,подсил ят,wrong,,VERB,Aspect=Perf|Mood=Ind|Number=Plur|Person=3|Tense=Pres|VerbForm=Fin|Voice=Act
разселят,разселя,разселя,,т,разселя т,разсел ят,wrong,,VERB,Aspect=Imp|Mood=Ind|Number=Plur|Person=3|Tense=Pres|VerbForm=Fin|Voice=Act
германските,германски,германски,,те,германски те,германск ите,wrong,adj_def_boundary,ADJ,Definite=Def|Degree=Pos|Number=Plur
еврейските,еврейски,еврейски,,те,еврейски те,еврейск ите,wrong,adj_def_boundary,ADJ,Definite=Def|Degree=Pos|Number=Plur
ангелските,ангелски,ангелски,,те,ангелски те,ангелск ите,wrong,adj_def_boundary,ADJ,Definite=Def|Degree=Pos|Number=Plur
нашумялата,нашумя,нашумя,,лата,нашумя лата,нашумяла та,wrong,adj_def_boundary,ADJ,Aspect=Perf|Definite=Def|Degree=Pos|Gender=Fem|Number=Sing|Tense=Past|VerbForm=Part|Voice=Act
танцово,танцов,танцов,,о,танцов о,танцово,correct,adj_gender,ADJ,Definite=Ind|Degree=Pos|Gender=Neut|Number=Sing
умрат,умра,умра,,т,умра т,умр ат,wrong,,VERB,Aspect=Perf|Mood=Ind|Number=Plur|Person=3|Tense=Pres|VerbForm=Fin|Voice=Act
навършат,навърша,навърша,,т,навърша т,навърш ат,wrong,,VERB,Aspect=Perf|Mood=Ind|Number=Plur|Person=3|Tense=Pres|VerbForm=Fin|Voice=Act
въведат,въведа,въведа,,т,въведа т,въвед ат,wrong,,VERB,Aspect=Perf|Mood=Ind|Number=Plur|Person=3|Tense=Pres|VerbForm=Fin|Voice=Act
фина,фин,фин,,а,фин а,фина,correct,adj_gender,ADJ,Definite=Ind|Degree=Pos|Gender=Fem|Number=Sing
потушат,потуша,потуша,,т,потуша т,потуш ат,wrong,,VERB,Aspect=Perf|Mood=Ind|Number=Plur|Person=3|Tense=Pres|VerbForm=Fin|Voice=Act
лошата,лош,лош,,ата,лош ата,лоша та,wrong,adj_def_boundary,ADJ,Definite=Def|Degree=Pos|Gender=Fem|Number=Sing
неразрешено,неразрешен,неразрешен,,о,неразрешен о,неразрешено,correct,adj_gender,ADV,Degree=Pos
мълчаливо,мълчалив,мълчалив,,о,мълчалив о,мълчаливо,correct,adj_gender,ADV,Degree=Pos
грубо,груб,груб,,о,груб о,грубо,correct,adj_gender,ADV,Degree=Pos
безстопанствено,безстопанствен,безстопанствен,,о,безстопанствен о,безстопанствено,correct,adj_gender,ADV,Degree=Pos
публикуваме,публикувам,публикувам,,е,публикувам е,публикува ме,wrong,plu1person_boundary,VERB,Aspect=Imp|Mood=Ind|Number=Plur|Person=1|Tense=Pres|VerbForm=Fin|Voice=Act
пропуснато,пропусна,пропусна,,то,пропусна то,пропуснато,correct,,VERB,Aspect=Perf|Definite=Ind|Gender=Neut|Number=Sing|VerbForm=Part|Voice=Pass
мият,мия,мия,,т,мия т,ми ят,wrong,,VERB,Aspect=Imp|Mood=Ind|Number=Plur|Person=3|Tense=Pres|VerbForm=Fin|Voice=Act
бомбената,бомбен,бомбен,,ата,бомбен ата,бомбена та,wrong,adj_def_boundary,ADJ,Definite=Def|Degree=Pos|Gender=Fem|Number=Sing
имена,име,име,,на,име на,имена,correct,,NOUN,Definite=Ind|Gender=Neut|Number=Plur
проверят,проверя,проверя,,т,проверя т,провер ят,wrong,,VERB,Aspect=Perf|Mood=Ind|Number=Plur|Person=3|Tense=Pres|VerbForm=Fin|Voice=Act
писмена,писмен,писмен,,а,писмен а,писмена,correct,adj_gender,ADJ,Definite=Ind|Degree=Pos|Gender=Fem|Number=Sing
подходяща,подходящ,подходящ,,а,подходящ а,подходяща,correct,adj_gender,ADJ,Definite=Ind|Degree=Pos|Gender=Fem|Number=Sing
красноречиво,красноречив,красноречив,,о,красноречив о,красноречиво,correct,adj_gender,ADV,Degree=Pos
олимпийските,олимпийски,олимпийски,,те,олимпийски те,олимпийск ите,wrong,adj_def_boundary,ADJ,Definite=Def|Degree=Pos|Number=Plur
продаваме,продавам,продавам,,е,продавам е,продава ме,wrong,plu1person_boundary,VERB,Aspect=Imp|Mood=Ind|Number=Plur|Person=1|Tense=Pres|VerbForm=Fin|Voice=Act
изпаднат,изпадна,изпадна,,т,изпадна т,изпадн ат,wrong,,VERB,Aspect=Perf|Mood=Ind|Number=Plur|Person=3|Tense=Pres|VerbForm=Fin|Voice=Act
претърпят,претърпя,претърпя,,т,претърпя т,претърп ят,wrong,,VERB,Aspect=Perf|Mood=Ind|Number=Plur|Person=3|Tense=Pres|VerbForm=Fin|Voice=Act
шенгенските,шенгенски,шенгенски,,те,шенгенски те,шенгенск ите,wrong,adj_def_boundary,ADJ,Definite=Def|Degree=Pos|Number=Plur
унгарските,унгарски,унгарски,,те,унгарски те,унгарск ите,wrong,adj_def_boundary,ADJ,Definite=Def|Degree=Pos|Number=Plur
бъбрят,бъбря,бъбря,,т,бъбря т,бъбр ят,wrong,,VERB,Aspect=Imp|Mood=Ind|Number=Plur|Person=3|Tense=Pres|VerbForm=Fin|Voice=Act
прикована,прикова,прикова,,на,прикова на,прикована,correct,,VERB,Aspect=Perf|Definite=Ind|Gender=Fem|Number=Sing|VerbForm=Part|Voice=Pass
мюсюлманските,мюсюлмански,мюсюлмански,,те,мюсюлмански те,мюсюлманск ите,wrong,adj_def_boundary,ADJ,Definite=Def|Degree=Pos|Number=Plur
хубавото,хубав,хубав,,ото,хубав ото,хубаво то,wrong,adj_def_boundary,ADJ,Definite=Def|Degree=Pos|Gender=Neut|Number=Sing
пенливата,пенлив,пенлив,,ата,пенлив ата,пенлива та,wrong,adj_def_boundary,ADJ,Definite=Def|Degree=Pos|Gender=Fem|Number=Sing
хайдутин,хайдут,хайдут,,ин,хайдут ин,хайдутин,correct,,NOUN,Definite=Ind|Gender=Masc|Number=Sing
спретнат,спретна,спретна,,т,спретна т,спретн ат,wrong,,VERB,Aspect=Perf|Mood=Ind|Number=Plur|Person=3|Tense=Pres|VerbForm=Fin|Voice=Act
модулируемо,модулируем,модулируем,,о,модулируем о,модулируемо,correct,,NOUN,Definite=Ind|Gender=Neut|Number=Sing
спазят,спазя,спазя,,т,спазя т,спаз ят,wrong,,VERB,Aspect=Perf|Mood=Ind|Number=Plur|Person=3|Tense=Pres|VerbForm=Fin|Voice=Act
попълнят,попълня,попълня,,т,попълня т,попълн ят,wrong,,VERB,Aspect=Perf|Mood=Ind|Number=Plur|Person=3|Tense=Pres|VerbForm=Fin|Voice=Act
числено,числен,числен,,о,числен о,числено,correct,adj_gender,ADV,Degree=Pos
по-горчива,горчив,горчив,по-,а,по- горчив а,по- горчива,partial,,ADJ,Definite=Ind|Degree=Pos|Gender=Fem|Number=Sing
хайдушките,хайдушки,хайдушки,,те,хайдушки те,хайдушк ите,wrong,adj_def_boundary,ADJ,Definite=Def|Degree=Pos|Number=Plur
най-новата,нов,нов,най-,ата,най- нов ата,най- нова та,partial,adj_def_boundary,ADJ,Definite=Def|Degree=Pos|Gender=Fem|Number=Sing
приемаме,приемам,приемам,,е,приемам е,приема ме,wrong,plu1person_boundary,VERB,Aspect=Imp|Mood=Ind|Number=Plur|Person=1|Tense=Pres|VerbForm=Fin|Voice=Act
озлобяваме,озлобявам,озлобявам,,е,озлобявам е,озлобява ме,wrong,plu1person_boundary,VERB,Aspect=Imp|Mood=Ind|Number=Plur|Person=1|Tense=Pres|VerbForm=Fin|Voice=Act
оцеляваме,оцелявам,оцелявам,,е,оцелявам е,оцелява ме,wrong,plu1person_boundary,VERB,Aspect=Imp|Mood=Ind|Number=Plur|Person=1|Tense=Pres|VerbForm=Fin|Voice=Act
рухналата,рухна,рухна,,лата,рухна лата,рухнала та,wrong,adj_def_boundary,ADJ,Aspect=Perf|Definite=Def|Degree=Pos|Gender=Fem|Number=Sing|Tense=Past|VerbForm=Part|Voice=Act
пренебрегнат,пренебрегна,пренебрегна,,т,пренебрегна т,пренебрегнат,correct,,VERB,Aspect=Perf|Definite=Ind|Gender=Masc|Number=Sing|VerbForm=Part|Voice=Pass
текат,тека,тека,,т,тека т,тек ат,wrong,,VERB,Aspect=Imp|Mood=Ind|Number=Plur|Person=3|Tense=Pres|VerbForm=Fin|Voice=Act
посегнат,посегна,посегна,,т,посегна т,посегн ат,wrong,,VERB,Aspect=Perf|Mood=Ind|Number=Plur|Person=3|Tense=Pres|VerbForm=Fin|Voice=Act
базовото,базов,базов,,ото,базов ото,базово то,wrong,adj_def_boundary,ADJ,Definite=Def|Degree=Pos|Gender=Neut|Number=Sing
премахнат,премахна,премахна,,т,премахна т,премахнат,correct,,VERB,Aspect=Perf|Mood=Ind|Number=Sing|Person=3|VerbForm=Fin|Voice=Act
селскостопанските,селскостопански,селскостопански,,те,селскостопански те,селскостопанск ите,wrong,adj_def_boundary,ADJ,Definite=Def|Degree=Pos|Number=Plur
призовата,призов,призов,,ата,призов ата,призова та,wrong,adj_def_boundary,ADJ,Definite=Def|Degree=Pos|Gender=Fem|Number=Sing
тровят,тровя,тровя,,т,тровя т,тров ят,wrong,,VERB,Aspect=Imp|Mood=Ind|Number=Plur|Person=3|Tense=Pres|VerbForm=Fin|Voice=Act
изминат,измина,измина,,т,измина т,измин ат,wrong,,VERB,Aspect=Imp|Mood=Ind|Number=Plur|Person=3|Tense=Pres|VerbForm=Fin|Voice=Act
щастлива,щастлив,щастлив,,а,щастлив а,щастлива,correct,adj_gender,ADJ,Definite=Ind|Degree=Pos|Gender=Fem|Number=Sing
щатските,щатски,щатски,,те,щатски те,щатск ите,wrong,adj_def_boundary,ADJ,Definite=Def|Degree=Pos|Number=Plur
фондова,фондов,фондов,,а,фондов а,фондова,correct,adj_gender,ADJ,Definite=Ind|Degree=Pos|Gender=Fem|Number=Sing
масираната,масиран,масиран,,ата,масиран ата,масирана та,wrong,adj_def_boundary,ADJ,Definite=Def|Degree=Pos|Gender=Fem|Number=Sing
тласнат,тласна,тласна,,т,тласна т,тласн ат,wrong,,VERB,Aspect=Perf|Mood=Ind|Number=Plur|Person=3|Tense=Pres|VerbForm=Fin|Voice=Act
контекста,контекст,контекст,,а,контекст а,контекста,correct,,NOUN,Definite=Ind|Gender=Masc|Number=Sing
невисока,невисок,невисок,,а,невисок а,невисока,correct,adj_gender,ADJ,Definite=Ind|Degree=Pos|Gender=Fem|Number=Sing
обяснимо,обясним,обясним,,о,обясним о,обяснимо,correct,adj_gender,ADV,Degree=Pos
звучат,звуча,звуча,,т,звуча т,звуч ат,wrong,,VERB,Aspect=Imp|Mood=Ind|Number=Plur|Person=3|Tense=Pres|VerbForm=Fin|Voice=Act
аржентинските,аржентински,аржентински,,те,аржентински те,аржентинск ите,wrong,adj_def_boundary,ADJ,Definite=Def|Degree=Pos|Number=Plur
хърватските,хърватски,хърватски,,те,хърватски те,хърватск ите,wrong,adj_def_boundary,ADJ,Definite=Def|Degree=Pos|Number=Plur
московските,московски,московски,,те,московски те,московск ите,wrong,adj_def_boundary,ADJ,Definite=Def|Degree=Pos|Number=Plur
млеко-,млеко,млеко,,-,млеко -,млеко,correct,,,
присъщо,присъщ,присъщ,,о,присъщ о,присъщо,correct,adj_gender,ADV,Degree=Pos
просто,прост,прост,,о,прост о,просто,correct,adj_gender,ADV,Degree=Pos
нефтена,нефтен,нефтен,,а,нефтен а,нефтена,correct,adj_gender,ADJ,Definite=Ind|Degree=Pos|Gender=Fem|Number=Sing
добива,добив,добив,,а,добив а,добива,correct,,VERB,Aspect=Imp|Mood=Ind|Number=Sing|Person=3|Tense=Pres|VerbForm=Fin|Voice=Act
смислено,смислен,смислен,,о,смислен о,смислено,correct,adj_gender,ADV,Degree=Pos
търпят,търпя,търпя,,т,търпя т,търп ят,wrong,,VERB,Aspect=Imp|Mood=Ind|Number=Plur|Person=3|Tense=Pres|VerbForm=Fin|Voice=Act
провали,провал,провал,,и,провал и,провали,correct,,VERB,Aspect=Perf|Mood=Ind|Number=Sing|Person=3|Tense=Past|VerbForm=Fin|Voice=Act
купуваме,купувам,купувам,,е,купувам е,купува ме,wrong,plu1person_boundary,VERB,Aspect=Imp|Mood=Ind|Number=Plur|Person=1|Tense=Pres|VerbForm=Fin|Voice=Act
приятелските,приятелски,приятелски,,те,приятелски те,приятелск ите,wrong,adj_def_boundary,ADJ,Definite=Def|Degree=Pos|Number=Plur
газовата,газов,газов,,ата,газов ата,газова та,wrong,adj_def_boundary,ADJ,Definite=Def|Degree=Pos|Gender=Fem|Number=Sing
графика,график,график,,а,график а,графика,correct,,NOUN,Definite=Ind|Gender=Fem|Number=Sing
спътниковата,спътников,спътников,,ата,спътников ата,спътникова та,wrong,adj_def_boundary,ADJ,Definite=Def|Degree=Pos|Gender=Fem|Number=Sing
среднопретеглената,среднопретеглен,среднопретеглен,,ата,среднопретеглен ата,среднопретеглена та,wrong,adj_def_boundary,ADJ,Definite=Def|Degree=Pos|Gender=Fem|Number=Sing
форсираме,форсирам,форсирам,,е,форсирам е,форсира ме,wrong,plu1person_boundary,VERB,Aspect=Imp|Mood=Ind|Number=Plur|Person=1|Tense=Pres|VerbForm=Fin|Voice=Act
неприемливо,неприемлив,неприемлив,,о,неприемлив о,неприемливо,correct,adj_gender,ADV,Degree=Pos
доведат,доведа,доведа,,т,доведа т,довед ат,wrong,,VERB,Aspect=Perf|Mood=Ind|Number=Plur|Person=3|Tense=Pres|VerbForm=Fin|Voice=Act
преценят,преценя,преценя,,т,преценя т,прецен ят,wrong,,VERB,Aspect=Perf|Mood=Ind|Number=Plur|Person=3|Tense=Pres|VerbForm=Fin|Voice=Act
вродено,вроден,вроден,,о,вроден о,вродено,correct,adj_gender,ADV,Degree=Pos
иска,иск,иск,,а,иск а,иска,correct,,VERB,Aspect=Imp|Mood=Ind|Number=Sing|Person=3|Tense=Pres|VerbForm=Fin|Voice=Act
следствена,следствен,следствен,,а,следствен а,следствена,correct,adj_gender,ADJ,Definite=Ind|Degree=Pos|Gender=Fem|Number=Sing
факса,факс,факс,,а,факс а,факса,correct,,NOUN,Definite=Ind|Gender=Fem|Number=Sing
призовани,призова,призова,,ни,призова ни,призовани,correct,,VERB,Aspect=Perf|Definite=Ind|Number=Plur|VerbForm=Part|Voice=Pass
призован,призова,призова,,н,призова н,призован,correct,,VERB,Aspect=Perf|Definite=Ind|Gender=Masc|Number=Sing|VerbForm=Part|Voice=Pass
по-широко,широк,широк,по-,о,по- широк о,по- широко,partial,,ADV,Degree=Sup
по-широка,широк,широк,по-,а,по- широк а,по- широка,partial,,ADJ,Definite=Ind|Degree=Pos|Gender=Fem|Number=Sing
бъдещото,бъдещ,бъдещ,,ото,бъдещ ото,бъдещо то,wrong,adj_def_boundary,ADJ,Definite=Def|Degree=Pos|Gender=Neut|Number=Sing
постигнато,постигна,постигна,,то,постигна то,постигнато,correct,,VERB,Aspect=Perf|Definite=Ind|Gender=Neut|Number=Sing|VerbForm=Part|Voice=Pass
изключваме,изключвам,изключвам,,е,изключвам е,изключва ме,wrong,plu1person_boundary,VERB,Aspect=Imp|Mood=Ind|Number=Plur|Person=1|Tense=Pres|VerbForm=Fin|Voice=Act
започналите,започна,започна,,лите,започна лите,започнали те,wrong,adj_def_boundary,ADJ,Aspect=Perf|Definite=Def|Degree=Pos|Number=Plur|Tense=Past|VerbForm=Part|Voice=Act
прибързана,прибързан,прибързан,,а,прибързан а,прибързана,correct,adj_gender,ADJ,Definite=Ind|Degree=Pos|Gender=Fem|Number=Sing
смятаме,смятам,смятам,,е,смятам е,смята ме,wrong,plu1person_boundary,VERB,Aspect=Imp|Mood=Ind|Number=Plur|Person=1|Tense=Pres|VerbForm=Fin|Voice=Act
одобряваме,одобрявам,одобрявам,,е,одобрявам е,одобрява ме,wrong,plu1person_boundary,VERB,Aspect=Imp|Mood=Ind|Number=Plur|Person=1|Tense=Pres|VerbForm=Fin|Voice=Act
легнат,легна,легна,,т,легна т,легн ат,wrong,,VERB,Aspect=Perf|Mood=Ind|Number=Plur|Person=3|Tense=Pres|VerbForm=Fin|Voice=Act
попречат,попреча,попреча,,т,попреча т,попреч ат,wrong,,VERB,Aspect=Perf|Mood=Ind|Number=Plur|Person=3|Tense=Pres|VerbForm=Fin|Voice=Act
преминат,премина,премина,,т,премина т,премин ат,wrong,,VERB,Aspect=Perf|Mood=Ind|Number=Plur|Person=3|Tense=Pres|VerbForm=Fin|Voice=Act
агитираме,агитирам,агитирам,,е,агитирам е,агитира ме,wrong,plu1person_boundary,VERB,Aspect=Imp|Mood=Ind|Number=Plur|Person=1|Tense=Pres|VerbForm=Fin|Voice=Act
споменатите,спомена,спомена,,тите,спомена тите,споменати те,wrong,adj_def_boundary,ADJ,Aspect=Perf|Definite=Def|Degree=Pos|Number=Plur|VerbForm=Part|Voice=Pass
газят,газя,газя,,т,газя т,газ ят,wrong,,VERB,Aspect=Imp|Mood=Ind|Number=Plur|Person=3|Tense=Pres|VerbForm=Fin|Voice=Act
рибарските,рибарски,рибарски,,те,рибарски те,рибарск ите,wrong,adj_def_boundary,ADJ,Definite=Def|Degree=Pos|Number=Plur
най-високо,висок,висок,най-,о,най- висок о,най- високо,partial,,ADV,Degree=Sup
бивша,бивш,бивш,,а,бивш а,бивша,correct,adj_gender,ADJ,Definite=Ind|Degree=Pos|Gender=Fem|Number=Sing
черногорските,черногорски,черногорски,,те,черногорски те,черногорск ите,wrong,adj_def_boundary,ADJ,Definite=Def|Degree=Pos|Number=Plur
човешките,човешки,човешки,,те,човешки те,човешк ите,wrong,adj_def_boundary,ADJ,Definite=Def|Degree=Pos|Number=Plur
немските,немски,немски,,те,немски те,немск ите,wrong,adj_def_boundary,ADJ,Definite=Def|Degree=Pos|Number=Plur
клонова,клонов,клонов,,а,клонов а,клонова,correct,adj_gender,ADJ,Definite=Ind|Degree=Pos|Gender=Fem|Number=Sing
присъща,присъщ,присъщ,,а,присъщ а,присъща,correct,adj_gender,ADJ,Definite=Ind|Degree=Pos|Gender=Fem|Number=Sing
времената,време,време,,ната,време ната,времена та,wrong,,NOUN,Definite=Def|Gender=Neut|Number=Plur
новосъздадената,новосъздаден,новосъздаден,,ата,новосъздаден ата,новосъздадена та,wrong,adj_def_boundary,ADJ,Aspect=Perf|Definite=Def|Degree=Pos|Gender=Fem|Number=Sing|VerbForm=Part|Voice=Pass
необикновеното,необикновен,необикновен,,ото,необикновен ото,необикновено то,wrong,adj_def_boundary,ADJ,Definite=Def|Degree=Pos|Gender=Neut|Number=Sing
майсторските,майсторски,майсторски,,те,майсторски те,майсторск ите,wrong,adj_def_boundary,ADJ,Definite=Def|Degree=Pos|Number=Plur
любящ,любя,любя,,щ,любя щ,любящ,correct,,ADJ,Aspect=Imp|Definite=Ind|Degree=Pos|Gender=Masc|Number=Sing|Tense=Pres|VerbForm=Part|Voice=Act
щастливото,щастлив,щастлив,,ото,щастлив ото,щастливо то,wrong,adj_def_boundary,ADJ,Definite=Def|Degree=Pos|Gender=Neut|Number=Sing
предполагаемото,предполагаем,предполагаем,,ото,предполагаем ото,предполагаемо то,wrong,adj_def_boundary,ADJ,Definite=Def|Degree=Pos|Gender=Neut|Number=Sing
пропуснати,пропусна,пропусна,,ти,пропусна ти,пропуснати,correct,,VERB,Aspect=Perf|Definite=Ind|Number=Plur|VerbForm=Part|Voice=Pass
почетат,почета,почета,,т,почета т,почет ат,wrong,,VERB,Aspect=Perf|Mood=Ind|Number=Plur|Person=3|Tense=Pres|VerbForm=Fin|Voice=Act
новооткритото,новооткрит,новооткрит,,ото,новооткрит ото,новооткрито то,wrong,adj_def_boundary,ADJ,Definite=Def|Degree=Pos|Gender=Neut|Number=Sing
пенса,пенс,пенс,,а,пенс а,пенса,correct,,NOUN,Definite=Ind|Gender=Masc|Number=Sing
закрият,закрия,закрия,,т,закрия т,закри ят,wrong,,VERB,Aspect=Perf|Mood=Ind|Number=Plur|Person=3|Tense=Pres|VerbForm=Fin|Voice=Act
лежалите,лежа,лежа,,лите,лежа лите,лежали те,wrong,adj_def_boundary,ADJ,Aspect=Imp|Definite=Def|Degree=Pos|Number=Plur|Tense=Past|VerbForm=Part|Voice=Act
отслужат,отслужа,отслужа,,т,отслужа т,отслуж ат,wrong,,VERB,Aspect=Perf|Mood=Ind|Number=Plur|Person=3|Tense=Pres|VerbForm=Fin|Voice=Act
банковата,банков,банков,,ата,банков ата,банкова та,wrong,adj_def_boundary,ADJ,Definite=Def|Degree=Pos|Gender=Fem|Number=Sing
настъпят,настъпя,настъпя,,т,настъпя т,настъп ят,wrong,,VERB,Aspect=Perf|Mood=Ind|Number=Plur|Person=3|Tense=Pres|VerbForm=Fin|Voice=Act
правителствената,правителствен,правителствен,,ата,правителствен ата,правителствена та,wrong,adj_def_boundary,ADJ,Definite=Def|Degree=Pos|Gender=Fem|Number=Sing
граничат,гранича,гранича,,т,гранича т,гранич ат,wrong,,VERB,Aspect=Imp|Mood=Ind|Number=Plur|Person=3|Tense=Pres|VerbForm=Fin|Voice=Act
преструктурираме,преструктурирам,преструктурирам,,е,преструктурирам е,преструктурира ме,wrong,plu1person_boundary,VERB,Aspect=Imp|Mood=Ind|Number=Plur|Person=1|Tense=Pres|VerbForm=Fin|Voice=Act
външноикономическите,външноикономически,външноикономически,,те,външноикономически те,външноикономическ ите,wrong,adj_def_boundary,ADJ,Definite=Def|Degree=Pos|Number=Plur
гъвкава,гъвкав,гъвкав,,а,гъвкав а,гъвкава,correct,adj_gender,ADJ,Definite=Ind|Degree=Pos|Gender=Fem|Number=Sing
достигнат,достигна,достигна,,т,достигна т,достигн ат,wrong,,VERB,Aspect=Perf|Mood=Ind|Number=Plur|Person=3|Tense=Pres|VerbForm=Fin|Voice=Act
маркетингово,маркетингов,маркетингов,,о,маркетингов о,маркетингово,correct,adj_gender,ADJ,Definite=Ind|Degree=Pos|Gender=Neut|Number=Sing
посочат,посоча,посоча,,т,посоча т,посоч ат,wrong,,VERB,Aspect=Perf|Mood=Ind|Number=Plur|Person=3|Tense=Pres|VerbForm=Fin|Voice=Act
християнските,християнски,християнски,,те,християнски те,християнск ите,wrong,adj_def_boundary,ADJ,Definite=Def|Degree=Pos|Number=Plur
дървената,дървен,дървен,,ата,дървен ата,дървена та,wrong,adj_def_boundary,ADJ,Definite=Def|Degree=Pos|Gender=Fem|Number=Sing
крайградските,крайградски,крайградски,,те,крайградски те,крайградск ите,wrong,adj_def_boundary,ADJ,Definite=Def|Degree=Pos|Number=Plur
пожалят,пожаля,пожаля,,т,пожаля т,пожал ят,wrong,,NOUN,Definite=Def|Gender=Masc|Number=Sing
секат,сека,сека,,т,сека т,сек ат,wrong,,VERB,Aspect=Imp|Mood=Ind|Number=Plur|Person=3|Tense=Pres|VerbForm=Fin|Voice=Act
крадат,крада,крада,,т,крада т,крад ат,wrong,,VERB,Aspect=Imp|Mood=Ind|Number=Plur|Person=3|Tense=Pres|VerbForm=Fin|Voice=Act
горските,горски,горски,,те,горски те,горск ите,wrong,,NOUN,Definite=Def|Gender=Masc|Number=Plur
твърда,твърд,твърд,,а,твърд а,твърда,correct,adj_gender,ADJ,Definite=Ind|Degree=Pos|Gender=Fem|Number=Sing
обори,обор,обор,,и,обор и,обори,correct,,NOUN,Definite=Ind|Gender=Masc|Number=Sing
страдаме,страдам,страдам,,е,страдам е,страда ме,wrong,plu1person_boundary,VERB,Aspect=Imp|Mood=Ind|Number=Plur|Person=1|Tense=Pres|VerbForm=Fin|Voice=Act
четиричасово,четиричасов,четиричасов,,о,четиричасов о,четиричасово,correct,adj_gender,ADV,Degree=Pos
подкрепяме,подкрепям,подкрепям,,е,подкрепям е,подкрепя ме,wrong,plu1person_boundary,VERB,Aspect=Imp|Mood=Ind|Number=Plur|Person=1|Tense=Pres|VerbForm=Fin|Voice=Act
атакуваме,атакувам,атакувам,,е,атакувам е,атакува ме,wrong,plu1person_boundary,VERB,Aspect=Imp|Mood=Ind|Number=Plur|Person=1|Tense=Pres|VerbForm=Fin|Voice=Act
работодателските,работодателски,работодателски,,те,работодателски те,работодателск ите,wrong,adj_def_boundary,ADJ,Definite=Def|Degree=Pos|Number=Plur
визовата,визов,визов,,ата,визов ата,визова та,wrong,adj_def_boundary,ADJ,Definite=Def|Degree=Pos|Gender=Fem|Number=Sing
бутиково,бутиков,бутиков,,о,бутиков о,бутиково,correct,adj_gender,ADV,Degree=Pos
наберат,набера,набера,,т,набера т,набер ат,wrong,,VERB,Aspect=Perf|Mood=Ind|Number=Plur|Person=3|Tense=Pres|VerbForm=Fin|Voice=Act
небивали,небивал,небивал,,и,небивал и,небива ли,wrong,,VERB,Aspect=Imp|Definite=Ind|Number=Plur|Tense=Past|VerbForm=Part|Voice=Act
заболеят,заболея,заболея,,т,заболея т,заболе ят,wrong,,VERB,Aspect=Imp|Mood=Ind|Number=Plur|Person=3|Tense=Pres|VerbForm=Fin|Voice=Act
по-мекото,мек,мек,по-,ото,по- мек ото,по- меко то,partial,adj_def_boundary,ADJ,Definite=Def|Degree=Pos|Gender=Neut|Number=Sing
тържествена,тържествен,тържествен,,а,тържествен а,тържествена,correct,adj_gender,ADJ,Definite=Ind|Degree=Pos|Gender=Fem|Number=Sing
напрегнатата,напрегнат,напрегнат,,ата,напрегнат ата,напрегната та,wrong,adj_def_boundary,ADJ,Aspect=Perf|Definite=Def|Degree=Pos|Gender=Fem|Number=Sing|VerbForm=Part|Voice=Pass
свикналите,свикна,свикна,,лите,свикна лите,свикнали те,wrong,adj_def_boundary,ADJ,Aspect=Perf|Definite=Def|Degree=Pos|Number=Plur|Tense=Past|VerbForm=Part|Voice=Act
косовските,косовски,косовски,,те,косовски те,косовск ите,wrong,adj_def_boundary,ADJ,Definite=Def|Degree=Pos|Number=Plur
независимо,независим,независим,,о,независим о,независимо,correct,adj_gender,ADV,Degree=Pos
най-висшата,висш,висш,най-,ата,най- висш ата,най- висша та,partial,adj_def_boundary,ADJ,Definite=Def|Degree=Pos|Gender=Fem|Number=Sing
евтино,евтин,евтин,,о,евтин о,евтино,correct,adj_gender,ADV,Degree=Pos
мечтаят,мечтая,мечтая,,т,мечтая т,мечта ят,wrong,,VERB,Aspect=Imp|Mood=Ind|Number=Plur|Person=3|Tense=Pres|VerbForm=Fin|Voice=Act
хубавата,хубав,хубав,,ата,хубав ата,хубава та,wrong,adj_def_boundary,ADJ,Definite=Def|Degree=Pos|Gender=Fem|Number=Sing
шепнат,шепна,шепна,,т,шепна т,шепн ат,wrong,,VERB,Aspect=Imp|Mood=Ind|Number=Plur|Person=3|Tense=Pres|VerbForm=Fin|Voice=Act
заковано,закова,закова,,но,закова но,заковано,correct,,VERB,Aspect=Perf|Definite=Ind|Gender=Neut|Number=Sing|VerbForm=Part|Voice=Pass
шумят,шумя,шумя,,т,шумя т,шум ят,wrong,,VERB,Aspect=Imp|Mood=Ind|Number=Plur|Person=3|Tense=Pres|VerbForm=Fin|Voice=Act
гаснат,гасна,гасна,,т,гасна т,гасн ат,wrong,,VERB,Aspect=Imp|Mood=Ind|Number=Plur|Person=3|Tense=Pres|VerbForm=Fin|Voice=Act
вагабонтин,вагабонт,вагабонт,,ин,вагабонт ин,вагабонтин,correct,,NOUN,Definite=Ind|Gender=Masc|Number=Sing
закован,закова,закова,,н,закова н,закован,correct,,VERB,Aspect=Perf|Definite=Ind|Gender=Masc|Number=Sing|VerbForm=Part|Voice=Pass
зиналите,зина,зина,,лите,зина лите,зинал ите,wrong,,VERB,Aspect=Perf|Definite=Def|Number=Plur|Tense=Past|VerbForm=Part|Voice=Act
доказваме,доказвам,доказвам,,е,доказвам е,доказва ме,wrong,plu1person_boundary,VERB,Aspect=Imp|Mood=Ind|Number=Plur|Person=1|Tense=Pres|VerbForm=Fin|Voice=Act
фирмено,фирмен,фирмен,,о,фирмен о,фирмено,correct,adj_gender,ADJ,Definite=Ind|Degree=Pos|Gender=Neut|Number=Sing
подлежащи,подлежа,подлежа,,щи,подлежа щи,подлежащи,correct,,ADJ,Aspect=Imp|Definite=Ind|Degree=Pos|Number=Plur|Tense=Pres|VerbForm=Part|Voice=Act
широката,широк,широк,,ата,широк ата,широка та,wrong,adj_def_boundary,ADJ,Definite=Def|Degree=Pos|Gender=Fem|Number=Sing
пожелаваме,пожелавам,пожелавам,,е,пожелавам е,пожелава ме,wrong,plu1person_boundary,VERB,Aspect=Imp|Mood=Ind|Number=Plur|Person=1|Tense=Pres|VerbForm=Fin|Voice=Act
висшето,висш,висш,,ето,висш ето,висше то,wrong,adj_def_boundary,ADJ,Definite=Def|Degree=Pos|Gender=Neut|Number=Sing
печелят,печеля,печеля,,т,печеля т,печел ят,wrong,,VERB,Aspect=Imp|Mood=Ind|Number=Plur|Person=3|Tense=Pres|VerbForm=Fin|Voice=Act
могъща,могъщ,могъщ,,а,могъщ а,могъща,correct,adj_gender,ADJ,Definite=Ind|Degree=Pos|Gender=Fem|Number=Sing
трудова,трудов,трудов,,а,трудов а,трудова,correct,adj_gender,ADJ,Definite=Ind|Degree=Pos|Gender=Fem|Number=Sing
слънчевата,слънчев,слънчев,,ата,слънчев ата,слънчева та,wrong,adj_def_boundary,ADJ,Definite=Def|Degree=Pos|Gender=Fem|Number=Sing
братята,брат,брат,,ята,брат ята,братя та,wrong,,NOUN,Definite=Def|Gender=Masc|Number=Plur
половинчата,половинчат,половинчат,,а,половинчат а,половинчата,correct,adj_gender,ADJ,Definite=Ind|Degree=Pos|Gender=Fem|Number=Sing
несправедлива,несправедлив,несправедлив,,а,несправедлив а,несправедлива,correct,adj_gender,ADJ,Definite=Ind|Degree=Pos|Gender=Fem|Number=Sing
протестираме,протестирам,протестирам,,е,протестирам е,протестира ме,wrong,plu1person_boundary,VERB,Aspect=Imp|Mood=Ind|Number=Plur|Person=1|Tense=Pres|VerbForm=Fin|Voice=Act
разпознаят,разпозная,разпозная,,т,разпозная т,разпозна ят,wrong,,VERB,Aspect=Perf|Mood=Ind|Number=Plur|Person=3|Tense=Pres|VerbForm=Fin|Voice=Act
знамена,знаме,знаме,,на,знаме на,знамена,correct,,NOUN,Definite=Ind|Gender=Neut|Number=Plur
най-уязвимата,уязвим,уязвим,най-,ата,най- уязвим ата,най- уязвима та,partial,adj_def_boundary,ADJ,Definite=Def|Degree=Pos|Gender=Fem|Number=Sing
приемлива,приемлив,приемлив,,а,приемлив а,приемлива,correct,adj_gender,ADJ,Definite=Ind|Degree=Pos|Gender=Fem|Number=Sing
избегнат,избегна,избегна,,т,избегна т,избегнат,correct,,VERB,Aspect=Perf|Definite=Ind|Gender=Masc|Number=Sing|VerbForm=Part|Voice=Pass
пресрещнат,пресрещна,пресрещна,,т,пресрещна т,пресрещн ат,wrong,,VERB,Aspect=Perf|Mood=Ind|Number=Plur|Person=3|Tense=Pres|VerbForm=Fin|Voice=Act
по-недъгаво,недъгав,недъгав,по-,о,по- недъгав о,по- недъгаво,partial,,ADV,Degree=Sup
леката,лек,лек,,ата,лек ата,лека та,wrong,adj_def_boundary,ADJ,Definite=Def|Degree=Pos|Gender=Fem|Number=Sing
животоподдържащото,животоподдържащ,животоподдържащ,,ото,животоподдържащ ото,животоподдържащо то,wrong,adj_def_boundary,ADJ,Definite=Def|Degree=Pos|Gender=Neut|Number=Sing
спомогнат,спомогна,спомогна,,т,спомогна т,спомогн ат,wrong,,VERB,Aspect=Perf|Mood=Ind|Number=Plur|Person=3|Tense=Pres|VerbForm=Fin|Voice=Act
хала,хал,хал,,а,хал а,хала,correct,,NOUN,Definite=Ind|Gender=Fem|Number=Sing
безвизовото,безвизов,безвизов,,ото,безвизов ото,безвизово то,wrong,adj_def_boundary,ADJ,Definite=Def|Degree=Pos|Gender=Neut|Number=Sing
почина,почин,почин,,а,почин а,почина,correct,,VERB,Aspect=Perf|Mood=Ind|Number=Sing|Person=3|Tense=Past|VerbForm=Fin|Voice=Act
пристигнат,пристигна,пристигна,,т,пристигна т,пристигн ат,wrong,,VERB,Aspect=Perf|Mood=Ind|Number=Plur|Person=3|Tense=Pres|VerbForm=Fin|Voice=Act
разорат,разора,разора,,т,разора т,разорат,correct,,NOUN,Definite=Ind|Gender=Masc|Number=Sing
животоспасяващото,животоспасяващ,животоспасяващ,,ото,животоспасяващ ото,животоспасяващо то,wrong,adj_def_boundary,ADJ,Definite=Def|Degree=Pos|Gender=Neut|Number=Sing
сама,сам,сам,,а,сам а,сама,correct,adj_gender,ADJ,Definite=Ind|Degree=Pos|Gender=Fem|Number=Sing
красят,крася,крася,,т,крася т,крас ят,wrong,,VERB,Aspect=Imp|Mood=Ind|Number=Plur|Person=3|Tense=Pres|VerbForm=Fin|Voice=Act
лекото,лек,лек,,ото,лек ото,леко то,wrong,adj_def_boundary,ADJ,Definite=Def|Degree=Pos|Gender=Neut|Number=Sing
ценови,ценов,ценов,,и,ценов и,ценови,correct,,ADJ,Definite=Ind|Degree=Pos|Gender=Masc|Number=Sing
просрочат,просроча,просроча,,т,просроча т,просрочат,correct,,NOUN,Definite=Def|Gender=Masc|Number=Sing
задънена,задънен,задънен,,а,задънен а,задънена,correct,adj_gender,VERB,Aspect=Perf|Definite=Ind|Gender=Fem|Number=Sing|VerbForm=Part|Voice=Pass
безнаказано,безнаказан,безнаказан,,о,безнаказан о,безнаказано,correct,adj_gender,ADV,Degree=Pos
зловещата,зловещ,зловещ,,ата,зловещ ата,зловеща та,wrong,adj_def_boundary,ADJ,Definite=Def|Degree=Pos|Gender=Fem|Number=Sing
патовата,патов,патов,,ата,патов ата,патова та,wrong,adj_def_boundary,ADJ,Definite=Def|Degree=Pos|Gender=Fem|Number=Sing
кълбят,кълбя,кълбя,,т,кълбя т,кълб ят,wrong,,VERB,Aspect=Imp|Mood=Ind|Number=Plur|Person=3|Tense=Pres|VerbForm=Fin|Voice=Act
свистят,свистя,свистя,,т,свистя т,свист ят,wrong,,VERB,Aspect=Imp|Mood=Ind|Number=Plur|Person=3|Tense=Pres|VerbForm=Fin|Voice=Act
сенчестата,сенчест,сенчест,,ата,сенчест ата,сенчеста та,wrong,adj_def_boundary,ADJ,Definite=Def|Degree=Pos|Gender=Fem|Number=Sing
разговаряме,разговарям,разговарям,,е,разговарям е,разговаря ме,wrong,plu1person_boundary,VERB,Aspect=Imp|Mood=Ind|Number=Plur|Person=1|Tense=Pres|VerbForm=Fin|Voice=Act
балканските,балкански,балкански,,те,балкански те,балканск ите,wrong,adj_def_boundary,ADJ,Definite=Def|Degree=Pos|Number=Plur
обикновено,обикновен,обикновен,,о,обикновен о,обикновено,correct,adj_gender,ADV,Degree=Pos
запалянковците,запалянко,запалянко,,вците,запалянко вците,запалянковци те,wrong,,NOUN,Definite=Def|Gender=Masc|Number=Plur
висша,висш,висш,,а,висш а,висша,correct,adj_gender,ADJ,Definite=Ind|Degree=Pos|Gender=Fem|Number=Sing
масовата,масов,масов,,ата,масов ата,масова та,wrong,adj_def_boundary,ADJ,Definite=Def|Degree=Pos|Gender=Fem|Number=Sing
рискована,рискован,рискован,,а,рискован а,рискована,correct,adj_gender,VERB,Aspect=Perf|Definite=Ind|Gender=Fem|Number=Sing|VerbForm=Part|Voice=Pass
познатата,познат,познат,,ата,познат ата,позната та,wrong,adj_def_boundary,ADJ,Definite=Def|Degree=Pos|Gender=Fem|Number=Sing
изминалото,измина,измина,,лото,измина лото,изминало то,wrong,adj_def_boundary,ADJ,Aspect=Perf|Definite=Def|Degree=Pos|Gender=Neut|Number=Sing|Tense=Past|VerbForm=Part|Voice=Act
баска,баск,баск,,а,баск а,баска,correct,adj_gender,ADJ,Definite=Ind|Degree=Pos|Gender=Fem|Number=Sing
вестникарските,вестникарски,вестникарски,,те,вестникарски те,вестникарск ите,wrong,adj_def_boundary,ADJ,Definite=Def|Degree=Pos|Number=Plur
смесена,смесен,смесен,,а,смесен а,смесена,correct,adj_gender,ADJ,Definite=Ind|Degree=Pos|Gender=Fem|Number=Sing
предстояща,предстоя,предстоя,,ща,предстоя ща,предстояща,correct,,ADJ,Aspect=Imp|Definite=Ind|Degree=Pos|Gender=Fem|Number=Sing|Tense=Pres|VerbForm=Part|Voice=Act
донякъде,някъде,някъде,до,,до някъде,донякъде,correct,,ADV,PronType=Ind
оценят,оценя,оценя,,т,оценя т,оцен ят,wrong,,VERB,Aspect=Perf|Mood=Ind|Number=Plur|Person=3|Tense=Pres|VerbForm=Fin|Voice=Act
бялото,бял,бял,,ото,бял ото,бяло то,wrong,adj_def_boundary,ADJ,Definite=Def|Degree=Pos|Gender=Neut|Number=Sing
уродлива,уродлив,уродлив,,а,уродлив а,уродлива,correct,adj_gender,ADJ,Definite=Ind|Degree=Pos|Gender=Fem|Number=Sing
възникнат,възникна,възникна,,т,възникна т,възникн ат,wrong,,VERB,Aspect=Perf|Mood=Ind|Number=Plur|Person=3|Tense=Pres|VerbForm=Fin|Voice=Act
недопустимо,недопустим,недопустим,,о,недопустим о,недопустимо,correct,adj_gender,ADV,Degree=Pos
съществена,съществен,съществен,,а,съществен а,съществена,correct,adj_gender,ADJ,Definite=Ind|Degree=Pos|Gender=Fem|Number=Sing
куха,кух,кух,,а,кух а,куха,correct,adj_gender,ADJ,Definite=Ind|Degree=Pos|Gender=Fem|Number=Sing
нюйоркските,нюйоркски,нюйоркски,,те,нюйоркски те,нюйоркск ите,wrong,adj_def_boundary,ADJ,Definite=Def|Degree=Pos|Number=Plur
останалата,остана,остана,,лата,остана лата,останала та,wrong,adj_def_boundary,ADJ,Aspect=Perf|Definite=Def|Degree=Pos|Gender=Fem|Number=Sing|Tense=Past|VerbForm=Part|Voice=Act
непробиваема,непробиваем,непробиваем,,а,непробиваем а,непробиваема,correct,adj_gender,ADJ,Definite=Ind|Degree=Pos|Gender=Fem|Number=Sing
дебела,дебел,дебел,,а,дебел а,дебела,correct,adj_gender,ADJ,Definite=Ind|Degree=Pos|Gender=Fem|Number=Sing
комитетските,комитетски,комитетски,,те,комитетски те,комитетск ите,wrong,adj_def_boundary,ADJ,Definite=Def|Degree=Pos|Number=Plur
неголямото,неголям,неголям,,ото,неголям ото,неголямо то,wrong,adj_def_boundary,ADJ,Definite=Def|Degree=Pos|Gender=Neut|Number=Sing
пратят,пратя,пратя,,т,пратя т,прат ят,wrong,,VERB,Aspect=Perf|Mood=Ind|Number=Plur|Person=3|Tense=Pres|VerbForm=Fin|Voice=Act
красива,красив,красив,,а,красив а,красива,correct,adj_gender,ADJ,Definite=Ind|Degree=Pos|Gender=Fem|Number=Sing
неограничено,неограничен,неограничен,,о,неограничен о,неограничено,correct,adj_gender,ADV,Degree=Pos
осъществима,осъществим,осъществим,,а,осъществим а,осъществима,correct,adj_gender,ADJ,Definite=Ind|Degree=Pos|Gender=Fem|Number=Sing
улеснят,улесня,улесня,,т,улесня т,улесн ят,wrong,,VERB,Aspect=Perf|Mood=Ind|Number=Plur|Person=3|Tense=Pres|VerbForm=Fin|Voice=Act
актуализирани,актуализира,актуализира,,ни,актуализира ни,актуализирани,correct,,VERB,Aspect=Perf|Definite=Ind|Number=Plur|VerbForm=Part|Voice=Pass
поземления,поземлен,поземлен,,ия,поземлен ия,поземления,correct,,NOUN,Definite=Ind|Gender=Neut|Number=Plur
бягаме,бягам,бягам,,е,бягам е,бяга ме,wrong,plu1person_boundary,VERB,Aspect=Imp|Mood=Ind|Number=Plur|Person=1|Tense=Pres|VerbForm=Fin|Voice=Act
незаменима,незаменим,незаменим,,а,незаменим а,незаменима,correct,adj_gender,ADJ,Definite=Ind|Degree=Pos|Gender=Fem|Number=Sing
произведат,произведа,произведа,,т,произведа т,произвед ат,wrong,,VERB,Aspect=Perf|Mood=Ind|Number=Plur|Person=3|Tense=Pres|VerbForm=Fin|Voice=Act
тъмночервено,тъмночервен,тъмночервен,,о,тъмночервен о,тъмночервено,correct,adj_gender,ADV,Degree=Pos
възвишеното,възвишен,възвишен,,ото,възвишен ото,възвишено то,wrong,adj_def_boundary,ADJ,Definite=Def|Degree=Pos|Gender=Neut|Number=Sing
защитаваме,защитавам,защитавам,,е,защитавам е,защитава ме,wrong,plu1person_boundary,VERB,Aspect=Imp|Mood=Ind|Number=Plur|Person=1|Tense=Pres|VerbForm=Fin|Voice=Act
проклета,проклет,проклет,,а,проклет а,проклета,correct,adj_gender,ADJ,Definite=Ind|Degree=Pos|Gender=Fem|Number=Sing
прочита,прочит,прочит,,а,прочит а,прочита,correct,,VERB,Aspect=Imp|Mood=Ind|Number=Sing|Person=3|Tense=Pres|VerbForm=Fin|Voice=Act
висше,висш,висш,,е,висш е,висше,correct,adj_gender,ADJ,Definite=Ind|Degree=Pos|Gender=Neut|Number=Sing
трудово,трудов,трудов,,о,трудов о,трудово,correct,adj_gender,ADJ,Definite=Ind|Degree=Pos|Gender=Neut|Number=Sing
докога,кога,кога,до,,до кога,докога,correct,,ADV,_
изчакаме,изчакам,изчакам,,е,изчакам е,изчака ме,wrong,plu1person_boundary,VERB,Aspect=Perf|Mood=Ind|Number=Plur|Person=1|Tense=Pres|VerbForm=Fin|Voice=Act
спестят,спестя,спестя,,т,спестя т,спест ят,wrong,,VERB,Aspect=Perf|Mood=Ind|Number=Plur|Person=3|Tense=Pres|VerbForm=Fin|Voice=Act
сгъваема,сгъваем,сгъваем,,а,сгъваем а,сгъваема,correct,adj_gender,ADJ,Definite=Ind|Degree=Pos|Gender=Fem|Number=Sing
предстоящи,предстоя,предстоя,,щи,предстоя щи,предстоящи,correct,,ADJ,Aspect=Imp|Definite=Ind|Degree=Pos|Number=Plur|Tense=Pres|VerbForm=Part|Voice=Act
рентгенова,рентгенов,рентгенов,,а,рентгенов а,рентгенова,correct,adj_gender,ADJ,Definite=Ind|Degree=Pos|Gender=Fem|Number=Sing
непреодолима,непреодолим,непреодолим,,а,непреодолим а,непреодолима,correct,adj_gender,ADJ,Definite=Ind|Degree=Pos|Gender=Fem|Number=Sing
откраднатото,открадна,открадна,,тото,открадна тото,откраднато то,wrong,adj_def_boundary,ADJ,Aspect=Perf|Definite=Def|Degree=Pos|Gender=Neut|Number=Sing|VerbForm=Part|Voice=Pass
новоселските,новоселски,новоселски,,те,новоселски те,новоселск ите,wrong,adj_def_boundary,ADJ,Definite=Def|Degree=Pos|Number=Plur
отседналите,отседна,отседна,,лите,отседна лите,отседнали те,wrong,adj_def_boundary,ADJ,Aspect=Perf|Definite=Def|Degree=Pos|Number=Plur|Tense=Past|VerbForm=Part|Voice=Act
изритаме,изритам,изритам,,е,изритам е,изрита ме,wrong,plu1person_boundary,VERB,Aspect=Perf|Mood=Ind|Number=Plur|Person=1|Tense=Pres|VerbForm=Fin|Voice=Act
изопачат,изопача,изопача,,т,изопача т,изопач ат,wrong,,VERB,Aspect=Imp|Mood=Ind|Number=Plur|Person=3|Tense=Pres|VerbForm=Fin|Voice=Act
неизлечима,неизлечим,неизлечим,,а,неизлечим а,неизлечима,correct,adj_gender,ADJ,Definite=Ind|Degree=Pos|Gender=Fem|Number=Sing
етническите,етнически,етнически,,те,етнически те,етническ ите,wrong,adj_def_boundary,ADJ,Definite=Def|Degree=Pos|Number=Plur
звънят,звъня,звъня,,т,звъня т,звън ят,wrong,,VERB,Aspect=Imp|Mood=Ind|Number=Plur|Person=3|Tense=Pres|VerbForm=Fin|Voice=Act
интегрираме,интегрирам,интегрирам,,е,интегрирам е,интегрира ме,wrong,plu1person_boundary,VERB,Aspect=Imp|Mood=Ind|Number=Plur|Person=1|Tense=Pres|VerbForm=Fin|Voice=Act
заявят,заявя,заявя,,т,заявя т,заяв ят,wrong,,VERB,Aspect=Perf|Mood=Ind|Number=Plur|Person=3|Tense=Pres|VerbForm=Fin|Voice=Act
попадаме,попадам,попадам,,е,попадам е,попада ме,wrong,plu1person_boundary,VERB,Aspect=Imp|Mood=Ind|Number=Plur|Person=1|Tense=Pres|VerbForm=Fin|Voice=Act
допуснат,допусна,допусна,,т,допусна т,допуснат,correct,,VERB,Aspect=Perf|Definite=Ind|Gender=Masc|Number=Sing|VerbForm=Part|Voice=Pass
номера,номер,номер,,а,номер а,номера,correct,,NOUN,Definite=Ind|Gender=Masc|Number=Plur
педагогическите,педагогически,педагогически,,те,педагогически те,педагогическ ите,wrong,adj_def_boundary,ADJ,Definite=Def|Degree=Pos|Number=Plur
свирят,свиря,свиря,,т,свиря т,свир ят,wrong,,VERB,Aspect=Imp|Mood=Ind|Number=Plur|Person=3|Tense=Pres|VerbForm=Fin|Voice=Act
напусналия,напусна,напусна,,лия,напусна лия,напуснали я,wrong,adj_def_boundary,ADJ,Aspect=Perf|Definite=Def|Degree=Pos|Gender=Masc|Number=Sing|Tense=Past|VerbForm=Part|Voice=Act
разглеждаме,разглеждам,разглеждам,,е,разглеждам е,разглежда ме,wrong,plu1person_boundary,VERB,Aspect=Imp|Mood=Ind|Number=Plur|Person=1|Tense=Pres|VerbForm=Fin|Voice=Act
преразгледаме,преразгледам,преразгледам,,е,преразгледам е,преразгледа ме,wrong,plu1person_boundary,VERB,Aspect=Perf|Mood=Ind|Number=Plur|Person=1|Tense=Pres|VerbForm=Fin|Voice=Act
окаяно,окаян,окаян,,о,окаян о,окаяно,correct,adj_gender,ADV,Degree=Pos
