wordform,lemma,stem,preceding_part,following_part,expected_morphtok,predicted_morphtok,morphscore_result,morphscore_detail,UPOS,feats
дискусията,дискусия,дискусия,,та,дискусия та,дискусия та,correct,,NOUN,Definite=Def|Gender=Fem|Number=Sing
въпроси,въпрос,въпрос,,и,въпрос и,въпрос и,correct,,NOUN,Definite=Ind|Gender=Masc|Number=Plur
цялата,цял,цял,,ата,цял ата,цяла та,wrong,adj_def_boundary,ADJ,Definite=Def|Degree=Pos|Gender=Fem|Number=Sing
стареца,старец,старец,,а,старец а,старец а,correct,,NOUN,Definite=Def|Gender=Masc|Number=Sing
града,град,град,,а,град а,град а,correct,,NOUN,Definite=Def|Gender=Masc|Number=Sing
управителя,управител,управител,,я,управител я,управител я,correct,,NOUN,Definite=Def|Gender=Masc|Number=Sing
часа,час,час,,а,час а,час а,correct,,NOUN,Definite=Def|Gender=Masc|Number=Sing
книжата,книжа,книжа,,та,книжа та,книжа та,correct,,NOUN,Definite=Def|Number=Ptan
готови,готов,готов,,и,готов и,готов и,correct,,ADJ,Definite=Ind|Degree=Pos|Number=Plur
откритието,откритие,откритие,,то,откритие то,откритие то,correct,,NOUN,Definite=Def|Gender=Neut|Number=Sing
възглавницата,възглавница,възглавница,,та,възглавница та,възглавница та,correct,,NOUN,Definite=Def|Gender=Fem|Number=Sing
отчаяни,отчаян,отчаян,,и,отчаян и,отчаян и,correct,,ADJ,Definite=Ind|Degree=Pos|Number=Plur
бележника,бележник,бележник,,а,бележник а,бележник а,correct,,NOUN,Definite=Def|Gender=Masc|Number=Sing
редове,ред,ред,,ове,ред ове,ред ове,correct,,NOUN,Definite=Ind|Gender=Masc|Number=Plur
гористия,горист,горист,,ия,горист ия,горист ия,correct,,ADJ,Definite=Def|Degree=Pos|Gender=Masc|Number=Sing
шумяха,шумя,шумя,,ха,шумя ха,шумя ха,correct,,VERB,Aspect=Imp|Mood=Ind|Number=Plur|Person=3|Tense=Imp|VerbForm=Fin|Voice=Act
пазара,пазар,пазар,,а,пазар а,пазар а,correct,,NOUN,Definite=Def|Gender=Masc|Number=Sing
трапезата,трапеза,трапеза,,та,трапеза та,трапеза та,correct,,NOUN,Definite=Def|Gender=Fem|Number=Sing
дръзнала,дръзна,дръзна,,ла,дръзна ла,дръзна ла,correct,,VERB,Aspect=Perf|Definite=Ind|Gender=Fem|Number=Sing|Tense=Past|VerbForm=Part|Voice=Act
българчета,българче,българче,,та,българче та,българче та,correct,,NOUN,Definite=Ind|Gender=Neut|Number=Plur
ралото,рало,рало,,то,рало то,рало то,correct,,NOUN,Definite=Def|Gender=Neut|Number=Sing
неволята,неволя,неволя,,та,неволя та,неволя та,correct,,NOUN,Definite=Def|Gender=Fem|Number=Sing
пътя,път,път,,я,път я,път я,correct,,NOUN,Definite=Def|Gender=Masc|Number=Sing
голяма,голям,голям,,а,голям а,голяма,correct,adj_gender,ADJ,Definite=Ind|Degree=Pos|Gender=Fem|Number=Sing
кръчмата,кръчма,кръчма,,та,кръчма та,кръчма та,correct,,NOUN,Definite=Def|Gender=Fem|Number=Sing
намерението,намерение,намерение,,то,намерение то,намерение то,correct,,NOUN,Definite=Def|Gender=Neut|Number=Sing
кънтят,кънтя,кънтя,,т,кънтя т,кънтя т,correct,,VERB,Aspect=Imp|Mood=Ind|Number=Plur|Person=3|Tense=Pres|VerbForm=Fin|Voice=Act
понякога,някога,някога,по,,по някога,понякога,correct,,ADV,PronType=Ind
селските,селски,селски,,те,селски те,селск ите,wrong,adj_def_boundary,ADJ,Definite=Def|Degree=Pos|Number=Plur
по-малко,малко,малко,по-,,по- малко,по- малко,correct,,ADV,Definite=Ind|Degree=Pos|Number=Plur|NumType=Card
небето,небе,небе,,то,небе то,небе то,correct,,NOUN,Definite=Def|Gender=Neut|Number=Sing
гористите,горист,горист,,ите,горист ите,горист ите,correct,,ADJ,Definite=Def|Degree=Pos|Number=Plur
слънцето,слънце,слънце,,то,слънце то,слънце то,correct,,NOUN,Definite=Def|Gender=Neut|Number=Sing
поляната,поляна,поляна,,та,поляна та,поляна та,correct,,NOUN,Definite=Def|Gender=Fem|Number=Sing
множеството,множество,множество,,то,множество то,множество то,correct,,NOUN,Definite=Def|Gender=Neut|Number=Sing
широкото,широк,широк,,ото,широк ото,широко то,wrong,adj_def_boundary,ADJ,Definite=Def|Degree=Pos|Gender=Neut|Number=Sing
голи,гол,гол,,и,гол и,гол и,correct,,ADJ,Definite=Ind|Degree=Pos|Number=Plur
хълмове,хълм,хълм,,ове,хълм ове,хълм ове,correct,,NOUN,Definite=Ind|Gender=Masc|Number=Plur
следяха,следя,следя,,ха,следя ха,следя ха,correct,,VERB,Aspect=Imp|Mood=Ind|Number=Plur|Person=3|Tense=Imp|VerbForm=Fin|Voice=Act
погледи,поглед,поглед,,и,поглед и,поглед и,correct,,NOUN,Definite=Ind|Gender=Masc|Number=Plur
лицето,лице,лице,,то,лице то,лице то,correct,,NOUN,Definite=Def|Gender=Neut|Number=Sing
шосето,шосе,шосе,,то,шосе то,шосе то,correct,,NOUN,Definite=Def|Gender=Neut|Number=Sing
каруцата,каруца,каруца,,та,каруца та,каруца та,correct,,NOUN,Definite=Def|Gender=Fem|Number=Sing
квартирата,квартира,квартира,,та,квартира та,квартира та,correct,,NOUN,Definite=Def|Gender=Fem|Number=Sing
клетата,клет,клет,,ата,клет ата,клета та,wrong,adj_def_boundary,ADJ,Definite=Def|Degree=Pos|Gender=Fem|Number=Sing
косата,коса,коса,,та,коса та,коса та,correct,,NOUN,Definite=Def|Gender=Fem|Number=Sing
работата,работа,работа,,та,работа та,работа та,correct,,NOUN,Definite=Def|Gender=Fem|Number=Sing
по-трудно,трудно,трудно,по-,,по- трудно,по- трудно,correct,,ADV,Degree=Cmp
замълчаха,замълча,замълча,,ха,замълча ха,замълча ха,correct,,VERB,Aspect=Perf|Mood=Ind|Number=Plur|Person=3|Tense=Past|VerbForm=Fin|Voice=Act
дишаме,дишам,дишам,,е,дишам е,диша ме,wrong,plu1person_boundary,VERB,Aspect=Imp|Mood=Ind|Number=Plur|Person=1|Tense=Pres|VerbForm=Fin|Voice=Act
бащини,бащин,бащин,,и,бащин и,бащин и,correct,,NOUN,Definite=Ind|Gender=Fem|Number=Plur
дългове,дълг,дълг,,ове,дълг ове,дълг ове,correct,,NOUN,Definite=Ind|Gender=Masc|Number=Plur
свещите,свещ,свещ,,ите,свещ ите,свещ ите,correct,,NOUN,Definite=Def|Gender=Fem|Number=Plur
ескадрони,ескадрон,ескадрон,,и,ескадрон и,ескадрон и,correct,,NOUN,Definite=Ind|Gender=Masc|Number=Plur
колата,кола,кола,,та,кола та,кола та,correct,,NOUN,Definite=Def|Gender=Fem|Number=Sing
чакали,чакал,чакал,,и,чакал и,чака ли,wrong,,VERB,Aspect=Imp|Definite=Ind|Number=Plur|Tense=Past|VerbForm=Part|Voice=Act
четиримата,четирима,четирима,,та,четирима та,четирима та,correct,,NUM,Definite=Def|Number=Plur|NumType=Card
телеграфистът,телеграфист,телеграфист,,ът,телеграфист ът,телеграфист ът,correct,,NOUN,Definite=Def|Gender=Masc|Number=Sing
речникът,речник,речник,,ът,речник ът,речник ът,correct,,NOUN,Definite=Def|Gender=Masc|Number=Sing
подлежат,подлежа,подлежа,,т,подлежа т,подлежа т,correct,,VERB,Aspect=Imp|Mood=Ind|Number=Plur|Person=3|Tense=Pres|VerbForm=Fin|Voice=Act
нови,нов,нов,,и,нов и,нов и,correct,,ADJ,Definite=Ind|Degree=Pos|Number=Plur
елементи,елемент,елемент,,и,елемент и,елемент и,correct,,NOUN,Definite=Ind|Gender=Masc|Number=Plur
духа,дух,дух,,а,дух а,духа,correct,,VERB,Aspect=Imp|Mood=Ind|Number=Sing|Person=3|Tense=Pres|VerbForm=Fin|Voice=Act
момчето,момче,момче,,то,момче то,момче то,correct,,NOUN,Definite=Def|Gender=Neut|Number=Sing
успеят,успея,успея,,т,успея т,успея т,correct,,VERB,Aspect=Perf|Mood=Ind|Number=Plur|Person=3|Tense=Pres|VerbForm=Fin|Voice=Act
корабът,кораб,кораб,,ът,кораб ът,кораб ът,correct,,NOUN,Definite=Def|Gender=Masc|Number=Sing
вратата,врата,врата,,та,врата та,врата та,correct,,NOUN,Definite=Def|Gender=Fem|Number=Sing
по-близко,близко,близко,по-,,по- близко,по- близко,correct,,ADV,Degree=Sup
библиотеката,библиотека,библиотека,,та,библиотека та,библиотека та,correct,,NOUN,Definite=Def|Gender=Fem|Number=Sing
канала,канал,канал,,а,канал а,канал а,correct,,NOUN,Definite=Def|Gender=Masc|Number=Sing
езерото,езеро,езеро,,то,езеро то,езеро то,correct,,NOUN,Definite=Def|Gender=Neut|Number=Sing
морето,море,море,,то,море то,море то,correct,,NOUN,Definite=Def|Gender=Neut|Number=Sing
речта,реч,реч,,та,реч та,реч та,correct,,NOUN,Definite=Def|Gender=Fem|Number=Sing
защитника,защитник,защитник,,а,защитник а,защитник а,correct,,NOUN,Definite=Def|Gender=Masc|Number=Sing
шушукането,шушукане,шушукане,,то,шушукане то,шушукане то,correct,,NOUN,Definite=Def|Gender=Neut|Number=Sing
суровите,суров,суров,,ите,суров ите,суров ите,correct,,ADJ,Definite=Def|Degree=Pos|Number=Plur
мъже,мъж,мъж,,е,мъж е,мъж е,correct,,NOUN,Definite=Ind|Gender=Masc|Number=Plur
селянката,селянка,селянка,,та,селянка та,селянка та,correct,,NOUN,Definite=Def|Gender=Fem|Number=Sing
мотори,мотор,мотор,,и,мотор и,мотор и,correct,,NOUN,Definite=Ind|Gender=Masc|Number=Plur
аванпостове,аванпост,аванпост,,ове,аванпост ове,аванпостове,correct,,NOUN,Definite=Ind|Gender=Masc|Number=Sing
родовито,родовит,родовит,,о,родовит о,родовито,correct,adj_gender,ADV,Degree=Pos
трескава,трескав,трескав,,а,трескав а,трескава,correct,adj_gender,ADJ,Definite=Ind|Degree=Pos|Gender=Fem|Number=Sing
стихове,стих,стих,,ове,стих ове,стих ове,correct,,NOUN,Definite=Ind|Gender=Masc|Number=Plur
истинския,истински,истински,,я,истински я,истински я,correct,,ADJ,Definite=Def|Degree=Pos|Gender=Masc|Number=Sing
батальони,батальон,батальон,,и,батальон и,батальон и,correct,,NOUN,Definite=Ind|Gender=Masc|Number=Plur
бъдат,бъда,бъда,,т,бъда т,бъда т,correct,,VERB,Aspect=Perf|Mood=Ind|Number=Plur|Person=3|Tense=Pres|VerbForm=Fin|Voice=Act
отреди,отред,отред,,и,отред и,отреди,correct,,VERB,Aspect=Perf|Mood=Ind|Number=Sing|Person=3|Tense=Past|VerbForm=Fin|Voice=Act
ролята,роля,роля,,та,роля та,роля та,correct,,NOUN,Definite=Def|Gender=Fem|Number=Sing
значението,значение,значение,,то,значение то,значение то,correct,,NOUN,Definite=Def|Gender=Neut|Number=Sing
художествената,художествен,художествен,,ата,художествен ата,художествена та,wrong,adj_def_boundary,ADJ,Definite=Def|Degree=Pos|Gender=Fem|Number=Sing
превземането,превземане,превземане,,то,превземане то,превземане то,correct,,NOUN,Definite=Def|Gender=Neut|Number=Sing
селото,село,село,,то,село то,село то,correct,,NOUN,Definite=Def|Gender=Neut|Number=Sing
по-светло,светло,светло,по-,,по- светло,по- светло,correct,,ADV,Degree=Sup
бурените,бурен,бурен,,ите,бурен ите,бурен ите,correct,,NOUN,Definite=Def|Gender=Fem|Number=Plur
поникналата,поникна,поникна,,лата,поникна лата,поникнала та,wrong,adj_def_boundary,ADJ,Aspect=Perf|Definite=Def|Degree=Pos|Gender=Fem|Number=Sing|Tense=Past|VerbForm=Part|Voice=Act
съда,съд,съд,,а,съд а,съд а,correct,,NOUN,Definite=Def|Gender=Masc|Number=Sing
рамото,рамо,рамо,,то,рамо то,рамо то,correct,,NOUN,Definite=Def|Gender=Neut|Number=Sing
вниманието,внимание,внимание,,то,внимание то,внимание то,correct,,NOUN,Definite=Def|Gender=Neut|Number=Sing
докторът,доктор,доктор,,ът,доктор ът,доктор ът,correct,,NOUN,Definite=Def|Gender=Masc|Number=Sing
вито,вит,вит,,о,вит о,вито,correct,,NOUN,Definite=Ind|Gender=Neut|Number=Sing
дървари,дървар,дървар,,и,дървар и,дървар и,correct,,NOUN,Definite=Ind|Gender=Masc|Number=Plur
жълтата,жълт,жълт,,ата,жълт ата,жълта та,wrong,adj_def_boundary,ADJ,Definite=Def|Degree=Pos|Gender=Fem|Number=Sing
по-внимателно,внимателно,внимателно,по-,,по- внимателно,по- внимателно,correct,,ADV,Degree=Sup
сутринта,сутрин,сутрин,,та,сутрин та,сутрин та,correct,,NOUN,Definite=Def|Gender=Fem|Number=Sing
живи,жив,жив,,и,жив и,жив и,correct,,ADJ,Definite=Ind|Degree=Pos|Number=Plur
младо,млад,млад,,о,млад о,младо,correct,adj_gender,ADJ,Definite=Ind|Degree=Pos|Gender=Neut|Number=Sing
столицата,столица,столица,,та,столица та,столица та,correct,,NOUN,Definite=Def|Gender=Fem|Number=Sing
притвора,притвор,притвор,,а,притвор а,притвор а,correct,,NOUN,Definite=Def|Gender=Masc|Number=Sing
княза,княз,княз,,а,княз а,княз а,correct,,NOUN,Definite=Def|Gender=Masc|Number=Sing
равнината,равнина,равнина,,та,равнина та,равнина та,correct,,NOUN,Definite=Def|Gender=Fem|Number=Sing
цъфтяха,цъфтя,цъфтя,,ха,цъфтя ха,цъфтя ха,correct,,VERB,Aspect=Imp|Mood=Ind|Number=Plur|Person=3|Tense=Imp|VerbForm=Fin|Voice=Act
пламнаха,пламна,пламна,,ха,пламна ха,пламна ха,correct,,VERB,Aspect=Perf|Mood=Ind|Number=Plur|Person=3|Tense=Past|VerbForm=Fin|Voice=Act
заканата,закана,закана,,та,закана та,закана та,correct,,NOUN,Definite=Def|Gender=Fem|Number=Sing
твърди,твърд,твърд,,и,твърд и,твърди,correct,,VERB,Aspect=Imp|Mood=Ind|Number=Sing|Person=3|Tense=Pres|VerbForm=Fin|Voice=Act
пъти,път,път,,и,път и,пъти,correct,,NOUN,Gender=Masc|Number=Count
христолюбивата,христолюбив,христолюбив,,ата,христолюбив ата,христолюбив ата,correct,,NOUN,Definite=Def|Gender=Fem|Number=Sing
светата,свет,свет,,ата,свет ата,света та,wrong,adj_def_boundary,ADJ,Definite=Def|Degree=Pos|Gender=Fem|Number=Sing
мъжът,мъж,мъж,,ът,мъж ът,мъж ът,correct,,NOUN,Definite=Def|Gender=Masc|Number=Sing
мили,мил,мил,,и,мил и,мили,correct,,ADJ,Definite=Ind|Degree=Pos|Number=Plur
друга,друг,друг,,а,друг а,друга,correct,adj_gender,ADJ,Definite=Ind|Degree=Pos|Gender=Fem|Number=Sing
общата,общ,общ,,ата,общ ата,обща та,wrong,adj_def_boundary,ADJ,Definite=Def|Degree=Pos|Gender=Fem|Number=Sing
центъра,център,център,,а,център а,център а,correct,,NOUN,Definite=Def|Gender=Masc|Number=Sing
трябвало,трябва,трябва,,ло,трябва ло,трябва ло,correct,,VERB,Aspect=Imp|Definite=Ind|Gender=Neut|Number=Sing|Tense=Past|VerbForm=Part|Voice=Act
брата,брат,брат,,а,брат а,брат а,correct,,NOUN,Definite=Def|Gender=Masc|Number=Sing
собствената,собствен,собствен,,ата,собствен ата,собствена та,wrong,adj_def_boundary,ADJ,Definite=Def|Degree=Pos|Gender=Fem|Number=Sing
новото,нов,нов,,ото,нов ото,ново то,wrong,adj_def_boundary,ADJ,Definite=Def|Degree=Pos|Gender=Neut|Number=Sing
започнаха,започна,започна,,ха,започна ха,започна ха,correct,,VERB,Aspect=Perf|Mood=Ind|Number=Plur|Person=3|Tense=Past|VerbForm=Fin|Voice=Act
студени,студен,студен,,и,студен и,студен и,correct,,ADJ,Definite=Ind|Degree=Pos|Number=Plur
завесата,завеса,завеса,,та,завеса та,завеса та,correct,,NOUN,Definite=Def|Gender=Fem|Number=Sing
нашето,наш,наш,,ето,наш ето,наше то,wrong,adj_def_boundary,DET,Definite=Def|Gender=Neut|Number=Sing|Person=1|Poss=Yes|PronType=Prs
говорят,говоря,говоря,,т,говоря т,говоря т,correct,,VERB,Aspect=Imp|Mood=Ind|Number=Plur|Person=3|Tense=Pres|VerbForm=Fin|Voice=Act
шията,шия,шия,,та,шия та,шия та,correct,,NOUN,Definite=Def|Gender=Fem|Number=Sing
мястото,място,място,,то,място то,място то,correct,,NOUN,Definite=Def|Gender=Neut|Number=Sing
живеят,живея,живея,,т,живея т,живея т,correct,,VERB,Aspect=Imp|Mood=Ind|Number=Plur|Person=3|Tense=Pres|VerbForm=Fin|Voice=Act
масата,маса,маса,,та,маса та,маса та,correct,,NOUN,Definite=Def|Gender=Fem|Number=Sing
цяла,цял,цял,,а,цял а,цяла,correct,adj_gender,ADJ,Definite=Ind|Degree=Pos|Gender=Fem|Number=Sing
здрави,здрав,здрав,,и,здрав и,здрав и,correct,,ADJ,Definite=Ind|Degree=Pos|Number=Plur
дотам,там,там,до,,до там,дотам,correct,,ADV,PronType=Dem
планината,планина,планина,,та,планина та,планина та,correct,,NOUN,Definite=Def|Gender=Fem|Number=Sing
крилото,крило,крило,,то,крило то,крило то,correct,,NOUN,Definite=Def|Gender=Neut|Number=Sing
главата,глава,глава,,та,глава та,глава та,correct,,NOUN,Definite=Def|Gender=Fem|Number=Sing
страхът,страх,страх,,ът,страх ът,страх ът,correct,,NOUN,Definite=Def|Gender=Masc|Number=Sing
безпокойството,безпокойство,безпокойство,,то,безпокойство то,безпокойство то,correct,,NOUN,Definite=Def|Gender=Neut|Number=Sing
пораснаха,порасна,порасна,,ха,порасна ха,порасна ха,correct,,VERB,Aspect=Perf|Mood=Ind|Number=Plur|Person=3|Tense=Past|VerbForm=Fin|Voice=Act
интереси,интерес,интерес,,и,интерес и,интерес и,correct,,NOUN,Definite=Ind|Gender=Masc|Number=Plur
заседанието,заседание,заседание,,то,заседание то,заседание то,correct,,NOUN,Definite=Def|Gender=Neut|Number=Sing
хубава,хубав,хубав,,а,хубав а,хубава,correct,adj_gender,ADJ,Definite=Ind|Degree=Pos|Gender=Fem|Number=Sing
харема,харем,харем,,а,харем а,харем а,correct,,NOUN,Definite=Def|Gender=Masc|Number=Sing
откъдето,където,където,от,,от където,откъдето,correct,,ADV,PronType=Rel
могат,мога,мога,,т,мога т,мога т,correct,,VERB,Aspect=Imp|Mood=Ind|Number=Plur|Person=3|Tense=Pres|VerbForm=Fin|Voice=Act
тръбичката,тръбичка,тръбичка,,та,тръбичка та,тръбичка та,correct,,NOUN,Definite=Def|Gender=Fem|Number=Sing
поръчката,поръчка,поръчка,,та,поръчка та,поръчка та,correct,,NOUN,Definite=Def|Gender=Fem|Number=Sing
станало,стана,стана,,ло,стана ло,стана ло,correct,,VERB,Aspect=Perf|Definite=Ind|Gender=Neut|Number=Sing|Tense=Past|VerbForm=Part|Voice=Act
нощта,нощ,нощ,,та,нощ та,нощ та,correct,,NOUN,Definite=Def|Gender=Fem|Number=Sing
денят,ден,ден,,ят,ден ят,ден ят,correct,,NOUN,Definite=Def|Gender=Masc|Number=Sing
трябваше,трябва,трябва,,ше,трябва ше,трябва ше,correct,,VERB,Aspect=Imp|Mood=Ind|Number=Sing|Person=3|Tense=Imp|VerbForm=Fin|Voice=Act
старото,стар,стар,,ото,стар ото,старо то,wrong,adj_def_boundary,ADJ,Definite=Def|Degree=Pos|Gender=Neut|Number=Sing
злото,зло,зло,,то,зло то,зло то,correct,,NOUN,Definite=Def|Gender=Neut|Number=Sing
доброто,добро,добро,,то,добро то,добро то,correct,,NOUN,Definite=Def|Gender=Neut|Number=Sing
колибата,колиба,колиба,,та,колиба та,колиба та,correct,,NOUN,Definite=Def|Gender=Fem|Number=Sing
жената,жена,жена,,та,жена та,жена та,correct,,NOUN,Definite=Def|Gender=Fem|Number=Sing
младите,млад,млад,,ите,млад ите,млад ите,correct,,ADJ,Definite=Def|Degree=Pos|Number=Plur
по-високо,високо,високо,по-,,по- високо,по- високо,correct,,ADV,Degree=Sup
чувството,чувство,чувство,,то,чувство то,чувство то,correct,,NOUN,Definite=Def|Gender=Neut|Number=Sing
хората,хора,хора,,та,хора та,хора та,correct,,NOUN,Definite=Def|Number=Ptan
волята,воля,воля,,та,воля та,воля та,correct,,NOUN,Definite=Def|Gender=Fem|Number=Sing
голата,гол,гол,,ата,гол ата,гола та,wrong,adj_def_boundary,ADJ,Definite=Def|Degree=Pos|Gender=Fem|Number=Sing
храната,храна,храна,,та,храна та,храна та,correct,,NOUN,Definite=Def|Gender=Fem|Number=Sing
безумието,безумие,безумие,,то,безумие то,безумие то,correct,,NOUN,Definite=Def|Gender=Neut|Number=Sing
светнали,светна,светна,,ли,светна ли,светна ли,correct,,VERB,Aspect=Perf|Definite=Ind|Number=Plur|Tense=Past|VerbForm=Part|Voice=Act
памука,памук,памук,,а,памук а,памук а,correct,,NOUN,Definite=Def|Gender=Masc|Number=Sing
водата,вода,вода,,та,вода та,вода та,correct,,NOUN,Definite=Def|Gender=Fem|Number=Sing
двора,двор,двор,,а,двор а,двор а,correct,,NOUN,Definite=Def|Gender=Masc|Number=Sing
патицата,патица,патица,,та,патица та,патица та,correct,,NOUN,Definite=Def|Gender=Fem|Number=Sing
кладенеца,кладенец,кладенец,,а,кладенец а,кладенец а,correct,,NOUN,Definite=Def|Gender=Masc|Number=Sing
станаха,стана,стана,,ха,стана ха,стана ха,correct,,VERB,Aspect=Perf|Mood=Ind|Number=Plur|Person=3|Tense=Past|VerbForm=Fin|Voice=Act
въздуха,въздух,въздух,,а,въздух а,въздух а,correct,,NOUN,Definite=Def|Gender=Masc|Number=Sing
романа,роман,роман,,а,роман а,роман а,correct,,NOUN,Definite=Def|Gender=Masc|Number=Sing
горският,горски,горски,,ят,горски ят,горски ят,correct,,NOUN,Definite=Def|Gender=Masc|Number=Sing
същия,същ,същ,,ия,същ ия,същ ия,correct,,ADJ,Definite=Def|Degree=Pos|Gender=Masc|Number=Sing
манастирския,манастирски,манастирски,,я,манастирски я,манастирски я,correct,,ADJ,Definite=Def|Degree=Pos|Gender=Masc|Number=Sing
хотела,хотел,хотел,,а,хотел а,хотел а,correct,,NOUN,Definite=Def|Gender=Masc|Number=Sing
вилата,вила,вила,,та,вила та,вила та,correct,,NOUN,Definite=Def|Gender=Fem|Number=Sing
чернокосата,чернокос,чернокос,,ата,чернокос ата,чернокос ата,correct,,NOUN,Definite=Def|Gender=Fem|Number=Sing
очарованието,очарование,очарование,,то,очарование то,очарование то,correct,,NOUN,Definite=Def|Gender=Neut|Number=Sing
посещаваме,посещавам,посещавам,,е,посещавам е,посещава ме,wrong,plu1person_boundary,VERB,Aspect=Imp|Mood=Ind|Number=Plur|Person=1|Tense=Pres|VerbForm=Fin|Voice=Act
царете,цар,цар,,ете,цар ете,цар ете,correct,,NOUN,Definite=Def|Gender=Masc|Number=Plur
светнаха,светна,светна,,ха,светна ха,светна ха,correct,,VERB,Aspect=Perf|Mood=Ind|Number=Plur|Person=3|Tense=Past|VerbForm=Fin|Voice=Act
чужди,чужд,чужд,,и,чужд и,чужд и,correct,,ADJ,Definite=Ind|Degree=Pos|Number=Plur
старият,стар,стар,,ият,стар ият,стар ият,correct,,ADJ,Definite=Def|Degree=Pos|Gender=Masc|Number=Sing
мълчал,мълча,мълча,,л,мълча л,мълча л,correct,,VERB,Aspect=Imp|Definite=Ind|Gender=Masc|Number=Sing|Tense=Past|VerbForm=Part|Voice=Act
най-хубавите,хубав,хубав,най-,ите,най- хубав ите,най- хубав ите,correct,,ADJ,Definite=Def|Degree=Sup|Number=Plur
часове,час,час,,ове,час ове,час ове,correct,,NOUN,Definite=Ind|Gender=Masc|Number=Plur
фронта,фронт,фронт,,а,фронт а,фронт а,correct,,NOUN,Definite=Def|Gender=Masc|Number=Sing
гърмят,гърмя,гърмя,,т,гърмя т,гърмя т,correct,,VERB,Aspect=Imp|Mood=Ind|Number=Plur|Person=3|Tense=Pres|VerbForm=Fin|Voice=Act
входа,вход,вход,,а,вход а,вход а,correct,,NOUN,Definite=Def|Gender=Masc|Number=Sing
моста,мост,мост,,а,мост а,мост а,correct,,NOUN,Definite=Def|Gender=Masc|Number=Sing
раната,рана,рана,,та,рана та,рана та,correct,,NOUN,Definite=Def|Gender=Fem|Number=Sing
окото,око,око,,то,око то,око то,correct,,NOUN,Definite=Def|Gender=Neut|Number=Sing
заминат,замина,замина,,т,замина т,замина т,correct,,VERB,Aspect=Perf|Mood=Ind|Number=Plur|Person=3|Tense=Pres|VerbForm=Fin|Voice=Act
дома,дом,дом,,а,дом а,дом а,correct,,NOUN,Definite=Def|Gender=Masc|Number=Sing
колоната,колона,колона,,та,колона та,колона та,correct,,NOUN,Definite=Def|Gender=Fem|Number=Sing
земята,земя,земя,,та,земя та,земя та,correct,,NOUN,Definite=Def|Gender=Fem|Number=Sing
температурата,температура,температура,,та,температура та,температура та,correct,,NOUN,Definite=Def|Gender=Fem|Number=Sing
парата,пара,пара,,та,пара та,пара та,correct,,NOUN,Definite=Def|Gender=Fem|Number=Sing
налягането,налягане,налягане,,то,налягане то,налягане то,correct,,NOUN,Definite=Def|Gender=Neut|Number=Sing
пристигнахме,пристигна,пристигна,,хме,пристигна хме,пристигна хме,correct,,VERB,Aspect=Perf|Mood=Ind|Number=Plur|Person=1|Tense=Past|VerbForm=Fin|Voice=Act
ботушите,ботуш,ботуш,,ите,ботуш ите,ботуш ите,correct,,NOUN,Definite=Def|Gender=Masc|Number=Plur
поручика,поручик,поручик,,а,поручик а,поручик а,correct,,NOUN,Definite=Def|Gender=Masc|Number=Sing
пещта,пещ,пещ,,та,пещ та,пещ та,correct,,NOUN,Definite=Def|Gender=Fem|Number=Sing
агнето,агне,агне,,то,агне то,агне то,correct,,NOUN,Definite=Def|Gender=Neut|Number=Sing
донесат,донеса,донеса,,т,донеса т,донеса т,correct,,VERB,Aspect=Perf|Mood=Ind|Number=Plur|Person=3|Tense=Pres|VerbForm=Fin|Voice=Act
по-много,много,много,по-,,по- много,по- много,correct,,ADV,Degree=Pos|Number=Plur
лежаха,лежа,лежа,,ха,лежа ха,лежа ха,correct,,VERB,Aspect=Imp|Mood=Ind|Number=Plur|Person=3|Tense=Imp|VerbForm=Fin|Voice=Act
останали,остана,остана,,ли,остана ли,остана ли,correct,,VERB,Aspect=Perf|Definite=Ind|Number=Plur|Tense=Past|VerbForm=Part|Voice=Act
събранието,събрание,събрание,,то,събрание то,събрание то,correct,,NOUN,Definite=Def|Gender=Neut|Number=Sing
студенти,студент,студент,,и,студент и,студент и,correct,,NOUN,Definite=Ind|Gender=Masc|Number=Plur
идат,ида,ида,,т,ида т,ида т,correct,,VERB,Aspect=Imp|Mood=Ind|Number=Plur|Person=3|Tense=Pres|VerbForm=Fin|Voice=Act
пушката,пушка,пушка,,та,пушка та,пушка та,correct,,NOUN,Definite=Def|Gender=Fem|Number=Sing
дълбока,дълбок,дълбок,,а,дълбок а,дълбока,correct,adj_gender,ADJ,Definite=Ind|Degree=Pos|Gender=Fem|Number=Sing
определението,определение,определение,,то,определение то,определение то,correct,,NOUN,Definite=Def|Gender=Neut|Number=Sing
най-простото,прост,прост,най-,ото,най- прост ото,най- просто то,partial,adj_def_boundary,ADJ,Definite=Def|Degree=Sup|Gender=Neut|Number=Sing
тържественото,тържествен,тържествен,,ото,тържествен ото,тържествено то,wrong,adj_def_boundary,ADJ,Definite=Def|Degree=Pos|Gender=Neut|Number=Sing
неподражаема,неподражаем,неподражаем,,а,неподражаем а,неподражаема,correct,adj_gender,ADJ,Definite=Ind|Degree=Pos|Gender=Fem|Number=Sing
хубостта,хубост,хубост,,та,хубост та,хубост та,correct,,NOUN,Definite=Def|Gender=Fem|Number=Sing
изпратят,изпратя,изпратя,,т,изпратя т,изпратя т,correct,,VERB,Aspect=Perf|Mood=Ind|Number=Plur|Person=3|Tense=Pres|VerbForm=Fin|Voice=Act
думата,дума,дума,,та,дума та,дума та,correct,,NOUN,Definite=Def|Gender=Fem|Number=Sing
вдъхнат,вдъхна,вдъхна,,т,вдъхна т,вдъхна т,correct,,VERB,Aspect=Perf|Mood=Ind|Number=Plur|Person=3|Tense=Pres|VerbForm=Fin|Voice=Act
плана,план,план,,а,план а,план а,correct,,NOUN,Definite=Def|Gender=Masc|Number=Sing
мигове,миг,миг,,ове,миг ове,миг ове,correct,,NOUN,Definite=Ind|Gender=Masc|Number=Plur
устата,уста,уста,,та,уста та,уста та,correct,,NOUN,Definite=Def|Gender=Fem|Number=Sing
синя,син,син,,я,син я,синя,correct,adj_gender,ADJ,Definite=Ind|Degree=Pos|Gender=Fem|Number=Sing
носът,нос,нос,,ът,нос ът,нос ът,correct,,NOUN,Definite=Def|Gender=Masc|Number=Sing
дървото,дърво,дърво,,то,дърво то,дърво то,correct,,NOUN,Definite=Def|Gender=Neut|Number=Sing
ножа,нож,нож,,а,нож а,нож а,correct,,NOUN,Definite=Def|Gender=Masc|Number=Sing
пръсти,пръст,пръст,,и,пръст и,пръст и,correct,,NOUN,Definite=Ind|Gender=Masc|Number=Plur
селището,селище,селище,,то,селище то,селище то,correct,,NOUN,Definite=Def|Gender=Neut|Number=Sing
гората,гора,гора,,та,гора та,гора та,correct,,NOUN,Definite=Def|Gender=Fem|Number=Sing
простори,простор,простор,,и,простор и,простор и,correct,,NOUN,Definite=Ind|Gender=Masc|Number=Plur
неумолима,неумолим,неумолим,,а,неумолим а,неумолима,correct,adj_gender,ADJ,Definite=Ind|Degree=Pos|Gender=Fem|Number=Sing
кривите,крив,крив,,ите,крив ите,крив ите,correct,,ADJ,Definite=Def|Degree=Pos|Number=Plur
народът,народ,народ,,ът,народ ът,народ ът,correct,,NOUN,Definite=Def|Gender=Masc|Number=Sing
бяла,бял,бял,,а,бял а,бяла,correct,adj_gender,ADJ,Definite=Ind|Degree=Pos|Gender=Fem|Number=Sing
очерка,очерк,очерк,,а,очерк а,очерк а,correct,,NOUN,Definite=Def|Gender=Masc|Number=Sing
късият,къс,къс,,ият,къс ият,къс ият,correct,,ADJ,Definite=Def|Degree=Pos|Gender=Masc|Number=Sing
плахи,плах,плах,,и,плах и,плах и,correct,,ADJ,Definite=Ind|Degree=Pos|Number=Plur
крадливи,крадлив,крадлив,,и,крадлив и,крадлив и,correct,,ADJ,Definite=Ind|Degree=Pos|Number=Plur
зреят,зрея,зрея,,т,зрея т,зрея т,correct,,VERB,Aspect=Imp|Mood=Ind|Number=Plur|Person=3|Tense=Pres|VerbForm=Fin|Voice=Act
заглъхналия,заглъхна,заглъхна,,лия,заглъхна лия,заглъхнали я,wrong,adj_def_boundary,ADJ,Aspect=Perf|Definite=Def|Degree=Pos|Gender=Masc|Number=Sing|Tense=Past|VerbForm=Part|Voice=Act
потъналата,потъна,потъна,,лата,потъна лата,потънала та,wrong,adj_def_boundary,ADJ,Aspect=Perf|Definite=Def|Degree=Pos|Gender=Fem|Number=Sing|Tense=Past|VerbForm=Part|Voice=Act
копаят,копая,копая,,т,копая т,копая т,correct,,VERB,Aspect=Imp|Mood=Ind|Number=Plur|Person=3|Tense=Pres|VerbForm=Fin|Voice=Act
окопите,окоп,окоп,,ите,окоп ите,окоп ите,correct,,NOUN,Definite=Def|Gender=Masc|Number=Plur
веща,вещ,вещ,,а,вещ а,веща,correct,adj_gender,ADJ,Definite=Ind|Degree=Pos|Gender=Fem|Number=Sing
по-смела,смел,смел,по-,а,по- смел а,по- смела,partial,,ADJ,Definite=Ind|Degree=Pos|Gender=Fem|Number=Sing
момъкът,момък,момък,,ът,момък ът,момък ът,correct,,NOUN,Definite=Def|Gender=Masc|Number=Sing
тъмнината,тъмнина,тъмнина,,та,тъмнина та,тъмнина та,correct,,NOUN,Definite=Def|Gender=Fem|Number=Sing
месецът,месец,месец,,ът,месец ът,месец ът,correct,,NOUN,Definite=Def|Gender=Masc|Number=Sing
кажат,кажа,кажа,,т,кажа т,кажа т,correct,,VERB,Aspect=Perf|Mood=Ind|Number=Plur|Person=3|Tense=Pres|VerbForm=Fin|Voice=Act
идеше,иде,иде,,ше,иде ше,иде ше,correct,,VERB,Aspect=Imp|Mood=Ind|Number=Sing|Person=3|Tense=Imp|VerbForm=Fin|Voice=Act
най-много,много,много,най-,,най- много,най- много,correct,,ADV,Definite=Ind|Degree=Pos|Number=Plur|NumType=Card
злобата,злоба,злоба,,та,злоба та,злоба та,correct,,NOUN,Definite=Def|Gender=Fem|Number=Sing
деня,ден,ден,,я,ден я,ден я,correct,,NOUN,Definite=Def|Gender=Masc|Number=Sing
сина,син,син,,а,син а,син а,correct,,NOUN,Definite=Def|Gender=Masc|Number=Sing
конфликтите,конфликт,конфликт,,ите,конфликт ите,конфликт ите,correct,,NOUN,Definite=Def|Gender=Masc|Number=Plur
слабата,слаб,слаб,,ата,слаб ата,слаба та,wrong,adj_def_boundary,ADJ,Definite=Def|Degree=Pos|Gender=Fem|Number=Sing
изпити,изпит,изпит,,и,изпит и,изпит и,correct,,NOUN,Definite=Ind|Gender=Masc|Number=Plur
най-веща,вещ,вещ,най-,а,най- вещ а,най- веща,partial,,ADV,Degree=Pos
сърдита,сърдит,сърдит,,а,сърдит а,сърдита,correct,adj_gender,ADJ,Definite=Ind|Degree=Pos|Gender=Fem|Number=Sing
гола,гол,гол,,а,гол а,гола,correct,,NOUN,Definite=Ind|Gender=Fem|Number=Sing
чужда,чужд,чужд,,а,чужд а,чужда,correct,adj_gender,ADJ,Definite=Ind|Degree=Pos|Gender=Fem|Number=Sing
жълто,жълт,жълт,,о,жълт о,жълто,correct,adj_gender,ADV,Degree=Pos
дружката,дружка,дружка,,та,дружка та,дружка та,correct,,NOUN,Definite=Def|Gender=Fem|Number=Sing
глупава,глупав,глупав,,а,глупав а,глупава,correct,adj_gender,ADJ,Definite=Ind|Degree=Pos|Gender=Fem|Number=Sing
несвързани,несвързан,несвързан,,и,несвързан и,несвързан и,correct,,ADJ,Definite=Ind|Degree=Pos|Number=Plur
неочаквано,неочакван,неочакван,,о,неочакван о,неочаквано,correct,adj_gender,ADV,Degree=Pos
патриоти,патриот,патриот,,и,патриот и,патриот и,correct,,NOUN,Definite=Ind|Gender=Masc|Number=Plur
векове,век,век,,ове,век ове,век ове,correct,,NOUN,Definite=Ind|Gender=Masc|Number=Plur
мързелива,мързелив,мързелив,,а,мързелив а,мързелива,correct,adj_gender,ADJ,Definite=Ind|Degree=Pos|Gender=Fem|Number=Sing
кредитите,кредит,кредит,,ите,кредит ите,кредит ите,correct,,NOUN,Definite=Def|Gender=Masc|Number=Plur
неограничени,неограничен,неограничен,,и,неограничен и,неограничен и,correct,,ADJ,Definite=Ind|Degree=Pos|Number=Plur
душата,душа,душа,,та,душа та,душа та,correct,,NOUN,Definite=Def|Gender=Fem|Number=Sing
напишат,напиша,напиша,,т,напиша т,напиша т,correct,,VERB,Aspect=Perf|Mood=Ind|Number=Plur|Person=3|Tense=Pres|VerbForm=Fin|Voice=Act
формата,форма,форма,,та,форма та,форма та,correct,,NOUN,Definite=Def|Gender=Fem|Number=Sing
коня,кон,кон,,я,кон я,кон я,correct,,NOUN,Definite=Def|Gender=Masc|Number=Sing
поздрави,поздрав,поздрав,,и,поздрав и,поздрав и,correct,,VERB,Aspect=Perf|Mood=Imp|Number=Sing|Person=2|Tense=Past|VerbForm=Fin
клони,клон,клон,,и,клон и,клон и,correct,,NOUN,Definite=Ind|Gender=Masc|Number=Plur
зелени,зелен,зелен,,и,зелен и,зелен и,correct,,ADJ,Definite=Ind|Degree=Pos|Number=Plur
градинката,градинка,градинка,,та,градинка та,градинка та,correct,,NOUN,Definite=Def|Gender=Fem|Number=Sing
блока,блок,блок,,а,блок а,блок а,correct,,NOUN,Definite=Def|Gender=Masc|Number=Sing
хубаво,хубав,хубав,,о,хубав о,хубаво,correct,adj_gender,ADV,Degree=Pos
по-богатите,богат,богат,по-,ите,по- богат ите,по- богат ите,correct,,ADJ,Definite=Def|Degree=Sup|Number=Plur
политическите,политически,политически,,те,политически те,политическ ите,wrong,adj_def_boundary,ADJ,Definite=Def|Degree=Pos|Number=Plur
оръжието,оръжие,оръжие,,то,оръжие то,оръжие то,correct,,NOUN,Definite=Def|Gender=Neut|Number=Sing
черната,чер,чер,,ната,чер ната,черна та,wrong,adj_def_boundary,ADJ,Definite=Def|Degree=Pos|Gender=Fem|Number=Sing
бурята,буря,буря,,та,буря та,буря та,correct,,NOUN,Definite=Def|Gender=Fem|Number=Sing
черните,чер,чер,,ните,чер ните,черн ите,wrong,,ADJ,Definite=Def|Degree=Pos|Number=Plur
червено,червен,червен,,о,червен о,червено,correct,adj_gender,ADV,Degree=Pos
звънецът,звънец,звънец,,ът,звънец ът,звънец ът,correct,,NOUN,Definite=Def|Gender=Masc|Number=Sing
нашите,наш,наш,,ите,наш ите,наш ите,correct,,DET,Definite=Def|Number=Plur|Person=1|Poss=Yes|PronType=Prs
полета,поле,поле,,та,поле та,поле та,correct,,NOUN,Definite=Ind|Gender=Neut|Number=Plur
парчета,парче,парче,,та,парче та,парче та,correct,,NOUN,Definite=Ind|Gender=Neut|Number=Plur
планинските,планински,планински,,те,планински те,планинск ите,wrong,adj_def_boundary,ADJ,Definite=Def|Degree=Pos|Number=Plur
нашата,наш,наш,,ата,наш ата,наш ата,correct,,DET,Definite=Def|Gender=Fem|Number=Sing|Person=1|Poss=Yes|PronType=Prs
света,свет,свет,,а,свет а,свет а,correct,,NOUN,Definite=Def|Gender=Masc|Number=Sing
отечеството,отечество,отечество,,то,отечество то,отечество то,correct,,NOUN,Definite=Def|Gender=Neut|Number=Sing
тримата,трима,трима,,та,трима та,трима та,correct,,NUM,Definite=Def|Number=Plur|NumType=Card
пристигането,пристигане,пристигане,,то,пристигане то,пристигане то,correct,,NOUN,Definite=Def|Gender=Neut|Number=Sing
стария,стар,стар,,ия,стар ия,стар ия,correct,,ADJ,Definite=Def|Degree=Pos|Gender=Masc|Number=Sing
старо,стар,стар,,о,стар о,старо,correct,adj_gender,ADJ,Definite=Ind|Degree=Pos|Gender=Neut|Number=Sing
гледаме,гледам,гледам,,е,гледам е,гледа ме,wrong,plu1person_boundary,VERB,Aspect=Imp|Mood=Ind|Number=Plur|Person=1|Tense=Pres|VerbForm=Fin|Voice=Act
свято,свят,свят,,о,свят о,свято,correct,adj_gender,ADV,Degree=Pos
мило,мил,мил,,о,мил о,мило,correct,adj_gender,ADV,Degree=Pos
идването,идване,идване,,то,идване то,идване то,correct,,NOUN,Definite=Def|Gender=Neut|Number=Sing
етажа,етаж,етаж,,а,етаж а,етаж а,correct,,NOUN,Definite=Def|Gender=Masc|Number=Sing
живота,живот,живот,,а,живот а,живот а,correct,,NOUN,Definite=Def|Gender=Masc|Number=Sing
акълът,акъл,акъл,,ът,акъл ът,акъл ът,correct,,NOUN,Definite=Def|Gender=Masc|Number=Sing
станал,стана,стана,,л,стана л,стана л,correct,,VERB,Aspect=Perf|Definite=Ind|Gender=Masc|Number=Sing|Tense=Past|VerbForm=Part|Voice=Act
късове,къс,къс,,ове,къс ове,къс ове,correct,,NOUN,Definite=Ind|Gender=Masc|Number=Plur
въжето,въже,въже,,то,въже то,въже то,correct,,NOUN,Definite=Def|Gender=Neut|Number=Sing
заптиета,заптие,заптие,,та,заптие та,заптие та,correct,,NOUN,Definite=Ind|Gender=Neut|Number=Plur
болестта,болест,болест,,та,болест та,болест та,correct,,NOUN,Definite=Def|Gender=Fem|Number=Sing
леглото,легло,легло,,то,легло то,легло то,correct,,NOUN,Definite=Def|Gender=Neut|Number=Sing
седях,седя,седя,,х,седя х,седя х,correct,,VERB,Aspect=Imp|Mood=Ind|Number=Sing|Person=1|Tense=Imp|VerbForm=Fin|Voice=Act
рева,рев,рев,,а,рев а,рева,correct,,NOUN,Definite=Ind|Gender=Fem|Number=Sing
широка,широк,широк,,а,широк а,широка,correct,adj_gender,ADJ,Definite=Ind|Degree=Pos|Gender=Fem|Number=Sing
обществена,обществен,обществен,,а,обществен а,обществена,correct,adj_gender,ADJ,Definite=Ind|Degree=Pos|Gender=Fem|Number=Sing
навалицата,навалица,навалица,,та,навалица та,навалица та,correct,,NOUN,Definite=Def|Gender=Fem|Number=Sing
щастливи,щастлив,щастлив,,и,щастлив и,щастлив и,correct,,ADJ,Definite=Ind|Degree=Pos|Number=Plur
сиви,сив,сив,,и,сив и,сив и,correct,,ADJ,Definite=Ind|Degree=Pos|Number=Plur
даскалът,даскал,даскал,,ът,даскал ът,даскал ът,correct,,NOUN,Definite=Def|Gender=Masc|Number=Sing
погледът,поглед,поглед,,ът,поглед ът,поглед ът,correct,,NOUN,Definite=Def|Gender=Masc|Number=Sing
тиха,тих,тих,,а,тих а,тиха,correct,adj_gender,ADJ,Definite=Ind|Degree=Pos|Gender=Fem|Number=Sing
посеви,посев,посев,,и,посев и,посев и,correct,,NOUN,Definite=Ind|Gender=Masc|Number=Plur
угари,угар,угар,,и,угар и,угар и,correct,,NOUN,Definite=Ind|Gender=Fem|Number=Plur
забележима,забележим,забележим,,а,забележим а,забележима,correct,adj_gender,ADJ,Definite=Ind|Degree=Pos|Gender=Fem|Number=Sing
бащините,бащин,бащин,,ите,бащин ите,бащин ите,correct,,ADJ,Definite=Def|Degree=Pos|Number=Plur
лакомията,лакомия,лакомия,,та,лакомия та,лакомия та,correct,,NOUN,Definite=Def|Gender=Fem|Number=Sing
ума,ум,ум,,а,ум а,ум а,correct,,NOUN,Definite=Def|Gender=Masc|Number=Sing
живо,жив,жив,,о,жив о,живо,correct,adj_gender,ADV,Degree=Pos
фенери,фенер,фенер,,и,фенер и,фенер и,correct,,NOUN,Definite=Ind|Gender=Masc|Number=Plur
шипове,шип,шип,,ове,шип ове,шип ове,correct,,NOUN,Definite=Ind|Gender=Masc|Number=Plur
автомобили,автомобил,автомобил,,и,автомобил и,автомобил и,correct,,NOUN,Definite=Ind|Gender=Masc|Number=Plur
картофи,картоф,картоф,,и,картоф и,картоф и,correct,,NOUN,Definite=Ind|Gender=Masc|Number=Plur
дълбочината,дълбочина,дълбочина,,та,дълбочина та,дълбочина та,correct,,NOUN,Definite=Def|Gender=Fem|Number=Sing
вековете,век,век,,овете,век овете,век овете,correct,,NOUN,Definite=Def|Gender=Masc|Number=Plur
историята,история,история,,та,история та,история та,correct,,NOUN,Definite=Def|Gender=Fem|Number=Sing
стола,стол,стол,,а,стол а,стол а,correct,,NOUN,Definite=Def|Gender=Masc|Number=Sing
труда,труд,труд,,а,труд а,труд а,correct,,NOUN,Definite=Def|Gender=Masc|Number=Sing
жаждата,жажда,жажда,,та,жажда та,жажда та,correct,,NOUN,Definite=Def|Gender=Fem|Number=Sing
самотата,самота,самота,,та,самота та,самота та,correct,,NOUN,Definite=Def|Gender=Fem|Number=Sing
хубавите,хубав,хубав,,ите,хубав ите,хубав ите,correct,,ADJ,Definite=Def|Degree=Pos|Number=Plur
влагата,влага,влага,,та,влага та,влага та,correct,,NOUN,Definite=Def|Gender=Fem|Number=Sing
студената,студен,студен,,ата,студен ата,студена та,wrong,adj_def_boundary,ADJ,Definite=Def|Degree=Pos|Gender=Fem|Number=Sing
потеглят,потегля,потегля,,т,потегля т,потегл ят,wrong,,VERB,Aspect=Imp|Mood=Ind|Number=Plur|Person=3|Tense=Pres|VerbForm=Fin|Voice=Act
стената,стена,стена,,та,стена та,стена та,correct,,NOUN,Definite=Def|Gender=Fem|Number=Sing
руси,рус,рус,,и,рус и,рус и,correct,,NOUN,Definite=Ind|Gender=Fem|Number=Plur
ревът,рев,рев,,ът,рев ът,рев ът,correct,,NOUN,Definite=Def|Gender=Masc|Number=Sing
доколкото,колкото,колкото,до,,до колкото,доколкото,correct,,ADV,NumType=Card|PronType=Rel
друго,друг,друг,,о,друг о,друго,correct,adj_gender,ADJ,Definite=Ind|Degree=Pos|Gender=Neut|Number=Sing
непознатият,непознат,непознат,,ият,непознат ият,непознат ият,correct,,NOUN,Definite=Def|Gender=Masc|Number=Sing
широки,широк,широк,,и,широк и,широк и,correct,,ADJ,Definite=Ind|Degree=Pos|Number=Plur
стояха,стоя,стоя,,ха,стоя ха,стоя ха,correct,,VERB,Aspect=Imp|Mood=Ind|Number=Plur|Person=3|Tense=Imp|VerbForm=Fin|Voice=Act
гъста,гъст,гъст,,а,гъст а,гъста,correct,adj_gender,ADJ,Definite=Ind|Degree=Pos|Gender=Fem|Number=Sing
хвойнови,хвойнов,хвойнов,,и,хвойнов и,хвойнов и,correct,,ADJ,Definite=Ind|Degree=Pos|Number=Plur
храсти,храст,храст,,и,храст и,храст и,correct,,NOUN,Definite=Ind|Gender=Masc|Number=Plur
зелена,зелен,зелен,,а,зелен а,зелена,correct,adj_gender,ADJ,Definite=Ind|Degree=Pos|Gender=Fem|Number=Sing
свежа,свеж,свеж,,а,свеж а,свежа,correct,adj_gender,ADJ,Definite=Ind|Degree=Pos|Gender=Fem|Number=Sing
черна,чер,чер,,на,чер на,черна,correct,,ADJ,Definite=Ind|Degree=Pos|Gender=Fem|Number=Sing
къси,къс,къс,,и,къс и,къс и,correct,,ADJ,Definite=Ind|Degree=Pos|Number=Plur
груби,груб,груб,,и,груб и,груб и,correct,,ADJ,Definite=Ind|Degree=Pos|Number=Plur
прага,праг,праг,,а,праг а,праг а,correct,,NOUN,Definite=Def|Gender=Masc|Number=Sing
лозето,лозе,лозе,,то,лозе то,лозе то,correct,,NOUN,Definite=Def|Gender=Neut|Number=Sing
изкуството,изкуство,изкуство,,то,изкуство то,изкуство то,correct,,NOUN,Definite=Def|Gender=Neut|Number=Sing
клоуните,клоун,клоун,,ите,клоун ите,клоун ите,correct,,NOUN,Definite=Def|Gender=Masc|Number=Plur
прадядото,прадядо,прадядо,,то,прадядо то,прадядо то,correct,,NOUN,Definite=Def|Gender=Masc|Number=Sing
майстори,майстор,майстор,,и,майстор и,майстор и,correct,,NOUN,Definite=Ind|Gender=Masc|Number=Plur
чукове,чук,чук,,ове,чук ове,чук ове,correct,,NOUN,Definite=Ind|Gender=Masc|Number=Plur
градежа,градеж,градеж,,а,градеж а,градеж а,correct,,NOUN,Definite=Def|Gender=Masc|Number=Sing
смълчаната,смълчан,смълчан,,ата,смълчан ата,смълчана та,wrong,adj_def_boundary,ADJ,Definite=Def|Degree=Pos|Gender=Fem|Number=Sing
виолетова,виолетов,виолетов,,а,виолетов а,виолетова,correct,adj_gender,ADJ,Definite=Ind|Degree=Pos|Gender=Fem|Number=Sing
въздухът,въздух,въздух,,ът,въздух ът,въздух ът,correct,,NOUN,Definite=Def|Gender=Masc|Number=Sing
кречеталото,кречетало,кречетало,,то,кречетало то,кречетало то,correct,,NOUN,Definite=Def|Gender=Neut|Number=Sing
мъжете,мъж,мъж,,ете,мъж ете,мъж ете,correct,,NOUN,Definite=Def|Gender=Masc|Number=Plur
особено,особен,особен,,о,особен о,особено,correct,adj_gender,ADV,Degree=Pos
софрата,софра,софра,,та,софра та,софра та,correct,,NOUN,Definite=Def|Gender=Fem|Number=Sing
гостите,гост,гост,,ите,гост ите,гост ите,correct,,NOUN,Definite=Def|Gender=Masc|Number=Plur
дланта,длан,длан,,та,длан та,длан та,correct,,NOUN,Definite=Def|Gender=Fem|Number=Sing
пръстите,пръст,пръст,,ите,пръст ите,пръст ите,correct,,NOUN,Definite=Def|Gender=Masc|Number=Plur
воденицата,воденица,воденица,,та,воденица та,воденица та,correct,,NOUN,Definite=Def|Gender=Fem|Number=Sing
агата,ага,ага,,та,ага та,ага та,correct,,NOUN,Definite=Def|Gender=Fem|Number=Sing
ледената,леден,леден,,ата,леден ата,ледена та,wrong,adj_def_boundary,ADJ,Definite=Def|Degree=Pos|Gender=Fem|Number=Sing
пости,пост,пост,,и,пост и,пост и,correct,,NOUN,Definite=Ind|Gender=Masc|Number=Plur
бога,бог,бог,,а,бог а,бог а,correct,,NOUN,Definite=Def|Gender=Masc|Number=Sing
вълчицата,вълчица,вълчица,,та,вълчица та,вълчица та,correct,,NOUN,Definite=Def|Gender=Fem|Number=Sing
оттам,там,там,от,,от там,оттам,correct,,ADV,PronType=Dem
писмото,писмо,писмо,,то,писмо то,писмо то,correct,,NOUN,Definite=Def|Gender=Neut|Number=Sing
месеца,месец,месец,,а,месец а,месец а,correct,,NOUN,Definite=Def|Gender=Masc|Number=Sing
двамата,двама,двама,,та,двама та,двама та,correct,,NUM,Definite=Def|Number=Plur|NumType=Card
гостенина,гостенин,гостенин,,а,гостенин а,гостенин а,correct,,NOUN,Definite=Def|Gender=Masc|Number=Sing
мисълта,мисъл,мисъл,,та,мисъл та,мисъл та,correct,,NOUN,Definite=Def|Gender=Fem|Number=Sing
учителят,учител,учител,,ят,учител ят,учител ят,correct,,NOUN,Definite=Def|Gender=Masc|Number=Sing
по-добре,добре,добре,по-,,по- добре,по- добре,correct,,ADV,Degree=Cmp
портата,порта,порта,,та,порта та,порта та,correct,,NOUN,Definite=Def|Gender=Fem|Number=Sing
сватовете,сват,сват,,овете,сват овете,сват овете,correct,,NOUN,Definite=Def|Gender=Masc|Number=Plur
камъчетата,камъче,камъче,,тата,камъче тата,камъче тата,correct,,NOUN,Definite=Def|Gender=Neut|Number=Plur
дъното,дъно,дъно,,то,дъно то,дъно то,correct,,NOUN,Definite=Def|Gender=Neut|Number=Sing
прегазят,прегазя,прегазя,,т,прегазя т,прегазя т,correct,,VERB,Aspect=Perf|Mood=Ind|Number=Plur|Person=3|Tense=Pres|VerbForm=Fin|Voice=Act
конете,кон,кон,,ете,кон ете,кон ете,correct,,NOUN,Definite=Def|Gender=Masc|Number=Plur
езика,език,език,,а,език а,език а,correct,,NOUN,Definite=Def|Gender=Masc|Number=Sing
огледалото,огледало,огледало,,то,огледало то,огледало то,correct,,NOUN,Definite=Def|Gender=Neut|Number=Sing
похарчат,похарча,похарча,,т,похарча т,похарча т,correct,,VERB,Aspect=Perf|Mood=Ind|Number=Plur|Person=3|Tense=Pres|VerbForm=Fin|Voice=Act
къщата,къща,къща,,та,къща та,къща та,correct,,NOUN,Definite=Def|Gender=Fem|Number=Sing
властите,власт,власт,,ите,власт ите,власт ите,correct,,NOUN,Definite=Def|Gender=Fem|Number=Plur
приготовлението,приготовление,приготовление,,то,приготовление то,приготовление то,correct,,NOUN,Definite=Def|Gender=Neut|Number=Sing
въстанието,въстание,въстание,,то,въстание то,въстание то,correct,,NOUN,Definite=Def|Gender=Neut|Number=Sing
стълбата,стълба,стълба,,та,стълба та,стълба та,correct,,NOUN,Definite=Def|Gender=Fem|Number=Sing
бряста,бряст,бряст,,а,бряст а,бряст а,correct,,NOUN,Definite=Def|Gender=Masc|Number=Sing
нивата,нива,нива,,та,нива та,ниват а,wrong,,NOUN,Definite=Def|Gender=Neut|Number=Plur
слога,слог,слог,,а,слог а,слог а,correct,,NOUN,Definite=Def|Gender=Masc|Number=Sing
отникъде,никъде,никъде,от,,от никъде,отникъде,correct,,ADV,PronType=Neg
високото,висок,висок,,ото,висок ото,високо то,wrong,adj_def_boundary,ADJ,Definite=Def|Degree=Pos|Gender=Neut|Number=Sing
вятърът,вятър,вятър,,ът,вятър ът,вятър ът,correct,,NOUN,Definite=Def|Gender=Masc|Number=Sing
тревата,трева,трева,,та,трева та,трева та,correct,,NOUN,Definite=Def|Gender=Fem|Number=Sing
синьо,син,син,,ьо,син ьо,синьо,correct,,ADV,Degree=Pos
книгата,книга,книга,,та,книга та,книга та,correct,,NOUN,Definite=Def|Gender=Fem|Number=Sing
новината,новина,новина,,та,новина та,новина та,correct,,NOUN,Definite=Def|Gender=Fem|Number=Sing
лева,лев,лев,,а,лев а,лев а,correct,,NOUN,Definite=Def|Gender=Masc|Number=Sing
позната,познат,познат,,а,познат а,позната,correct,adj_gender,ADJ,Definite=Ind|Degree=Pos|Gender=Fem|Number=Sing
директора,директор,директор,,а,директор а,директор а,correct,,NOUN,Definite=Def|Gender=Masc|Number=Sing
експедицията,експедиция,експедиция,,та,експедиция та,експедиция та,correct,,NOUN,Definite=Def|Gender=Fem|Number=Sing
заминала,замина,замина,,ла,замина ла,замина ла,correct,,VERB,Aspect=Perf|Definite=Ind|Gender=Fem|Number=Sing|Tense=Past|VerbForm=Part|Voice=Act
погледите,поглед,поглед,,ите,поглед ите,поглед ите,correct,,NOUN,Definite=Def|Gender=Masc|Number=Plur
въпросът,въпрос,въпрос,,ът,въпрос ът,въпрос ът,correct,,NOUN,Definite=Def|Gender=Masc|Number=Sing
другите,друг,друг,,ите,друг ите,друг ите,correct,,ADJ,Definite=Def|Degree=Pos|Number=Plur
застанал,застана,застана,,л,застана л,застана л,correct,,VERB,Aspect=Perf|Definite=Ind|Gender=Masc|Number=Sing|Tense=Past|VerbForm=Part|Voice=Act
магазина,магазин,магазин,,а,магазин а,магазин а,correct,,NOUN,Definite=Def|Gender=Masc|Number=Sing
детето,дете,дете,,то,дете то,дете то,correct,,NOUN,Definite=Def|Gender=Neut|Number=Sing
любовта,любов,любов,,та,любов та,любов та,correct,,NOUN,Definite=Def|Gender=Fem|Number=Sing
студентът,студент,студент,,ът,студент ът,студент ът,correct,,NOUN,Definite=Def|Gender=Masc|Number=Sing
студента,студент,студент,,а,студент а,студент а,correct,,NOUN,Definite=Def|Gender=Masc|Number=Sing
рецензента,рецензент,рецензент,,а,рецензент а,рецензент а,correct,,NOUN,Definite=Def|Gender=Masc|Number=Sing
магарето,магаре,магаре,,то,магаре то,магаре то,correct,,NOUN,Definite=Def|Gender=Neut|Number=Sing
човекът,човек,човек,,ът,човек ът,човек ът,correct,,NOUN,Definite=Def|Gender=Masc|Number=Sing
българския,български,български,,я,български я,български я,correct,,ADJ,Definite=Def|Degree=Pos|Gender=Masc|Number=Sing
сватбари,сватбар,сватбар,,и,сватбар и,сватбар и,correct,,NOUN,Definite=Ind|Gender=Masc|Number=Plur
улицата,улица,улица,,та,улица та,улица та,correct,,NOUN,Definite=Def|Gender=Fem|Number=Sing
вестника,вестник,вестник,,а,вестник а,вестник а,correct,,NOUN,Definite=Def|Gender=Masc|Number=Sing
дъжда,дъжд,дъжд,,а,дъжд а,дъжд а,correct,,NOUN,Definite=Def|Gender=Masc|Number=Sing
гнездото,гнездо,гнездо,,то,гнездо то,гнездо то,correct,,NOUN,Definite=Def|Gender=Neut|Number=Sing
щъркелите,щъркел,щъркел,,ите,щъркел ите,щъркел ите,correct,,NOUN,Definite=Def|Gender=Masc|Number=Plur
лошо,лош,лош,,о,лош о,лошо,correct,adj_gender,ADV,Degree=Pos
необходимо,необходим,необходим,,о,необходим о,необходимо,correct,adj_gender,ADV,Degree=Pos
необходима,необходим,необходим,,а,необходим а,необходима,correct,adj_gender,ADJ,Definite=Ind|Degree=Pos|Gender=Fem|Number=Sing
отколкото,колкото,колкото,от,,от колкото,отколкото,correct,,ADV,NumType=Card|PronType=Rel
весела,весел,весел,,а,весел а,весела,correct,adj_gender,ADJ,Definite=Ind|Degree=Pos|Gender=Fem|Number=Sing
мила,мил,мил,,а,мил а,мила,correct,adj_gender,ADJ,Definite=Ind|Degree=Pos|Gender=Fem|Number=Sing
готова,готов,готов,,а,готов а,готова,correct,adj_gender,ADJ,Definite=Ind|Degree=Pos|Gender=Fem|Number=Sing
групата,група,група,,та,група та,група та,correct,,NOUN,Definite=Def|Gender=Fem|Number=Sing
играчката,играчка,играчка,,та,играчка та,играчка та,correct,,NOUN,Definite=Def|Gender=Fem|Number=Sing
разкази,разказ,разказ,,и,разказ и,разказ и,correct,,NOUN,Definite=Ind|Gender=Masc|Number=Plur
неговите,негов,негов,,ите,негов ите,негов ите,correct,,DET,Definite=Def|Number=Plur|Person=3|Poss=Yes|PronType=Prs
завръщането,завръщане,завръщане,,то,завръщане то,завръщане то,correct,,NOUN,Definite=Def|Gender=Neut|Number=Sing
хазайката,хазайка,хазайка,,та,хазайка та,хазайка та,correct,,NOUN,Definite=Def|Gender=Fem|Number=Sing
помогнаха,помогна,помогна,,ха,помогна ха,помогна ха,correct,,VERB,Aspect=Perf|Mood=Ind|Number=Plur|Person=3|Tense=Past|VerbForm=Fin|Voice=Act
заминал,замина,замина,,л,замина л,замина л,correct,,VERB,Aspect=Perf|Definite=Ind|Gender=Masc|Number=Sing|Tense=Past|VerbForm=Part|Voice=Act
съобщението,съобщение,съобщение,,то,съобщение то,съобщение то,correct,,NOUN,Definite=Def|Gender=Neut|Number=Sing
оградата,ограда,ограда,,та,ограда та,ограда та,correct,,NOUN,Definite=Def|Gender=Fem|Number=Sing
житието,житие,житие,,то,житие то,житие то,correct,,NOUN,Definite=Def|Gender=Neut|Number=Sing
убеждението,убеждение,убеждение,,то,убеждение то,убеждение то,correct,,NOUN,Definite=Def|Gender=Neut|Number=Sing
разговори,разговор,разговор,,и,разговор и,разговор и,correct,,NOUN,Definite=Ind|Gender=Masc|Number=Plur
усещането,усещане,усещане,,то,усещане то,усещане то,correct,,NOUN,Definite=Def|Gender=Neut|Number=Sing
вагона,вагон,вагон,,а,вагон а,вагон а,correct,,NOUN,Definite=Def|Gender=Masc|Number=Sing
бюфета,бюфет,бюфет,,а,бюфет а,бюфет а,correct,,NOUN,Definite=Def|Gender=Masc|Number=Sing
ново,нов,нов,,о,нов о,ново,correct,adj_gender,ADV,Degree=Pos
мига,миг,миг,,а,миг а,миг а,correct,,NOUN,Definite=Def|Gender=Masc|Number=Sing
изпита,изпит,изпит,,а,изпит а,изпит а,correct,,NOUN,Definite=Def|Gender=Masc|Number=Sing
заминаха,замина,замина,,ха,замина ха,замина ха,correct,,VERB,Aspect=Perf|Mood=Ind|Number=Plur|Person=3|Tense=Past|VerbForm=Fin|Voice=Act
чакаме,чакам,чакам,,е,чакам е,чака ме,wrong,plu1person_boundary,VERB,Aspect=Imp|Mood=Ind|Number=Plur|Person=1|Tense=Pres|VerbForm=Fin|Voice=Act
вървях,вървя,вървя,,х,вървя х,вървя х,correct,,VERB,Aspect=Imp|Mood=Ind|Number=Sing|Person=1|Tense=Imp|VerbForm=Fin|Voice=Act
документите,документ,документ,,ите,документ ите,документ ите,correct,,NOUN,Definite=Def|Gender=Masc|Number=Plur
язовеца,язовец,язовец,,а,язовец а,язовец а,correct,,NOUN,Definite=Def|Gender=Masc|Number=Sing
позицията,позиция,позиция,,та,позиция та,позиция та,correct,,NOUN,Definite=Def|Gender=Fem|Number=Sing
очилата,очила,очила,,та,очила та,очила та,correct,,NOUN,Definite=Def|Number=Ptan
надписа,надпис,надпис,,а,надпис а,надпис а,correct,,NOUN,Definite=Def|Gender=Masc|Number=Sing
посрещнат,посрещна,посрещна,,т,посрещна т,посрещна т,correct,,VERB,Aspect=Perf|Mood=Ind|Number=Plur|Person=3|Tense=Pres|VerbForm=Fin|Voice=Act
по-рано,рано,рано,по-,,по- рано,по- рано,correct,,ADV,Degree=Cmp
моливи,молив,молив,,и,молив и,молив и,correct,,NOUN,Definite=Ind|Gender=Masc|Number=Plur
журналистите,журналист,журналист,,ите,журналист ите,журналист ите,correct,,NOUN,Definite=Def|Gender=Masc|Number=Plur
сградата,сграда,сграда,,та,сграда та,сграда та,correct,,NOUN,Definite=Def|Gender=Fem|Number=Sing
статията,статия,статия,,та,статия та,статия та,correct,,NOUN,Definite=Def|Gender=Fem|Number=Sing
книжарницата,книжарница,книжарница,,та,книжарница та,книжарница та,correct,,NOUN,Definite=Def|Gender=Fem|Number=Sing
търсят,търся,търся,,т,търся т,търся т,correct,,VERB,Aspect=Imp|Mood=Ind|Number=Plur|Person=3|Tense=Pres|VerbForm=Fin|Voice=Act
назначат,назнача,назнача,,т,назнача т,назнача т,correct,,VERB,Aspect=Perf|Mood=Ind|Number=Plur|Person=3|Tense=Pres|VerbForm=Fin|Voice=Act
читалнята,читалня,читалня,,та,читалня та,читалня та,correct,,NOUN,Definite=Def|Gender=Fem|Number=Sing
вицове,виц,виц,,ове,виц ове,виц ове,correct,,NOUN,Definite=Ind|Gender=Masc|Number=Plur
съседите,съсед,съсед,,ите,съсед ите,съсед ите,correct,,NOUN,Definite=Def|Gender=Masc|Number=Plur
изчезнало,изчезна,изчезна,,ло,изчезна ло,изчезна ло,correct,,VERB,Aspect=Perf|Definite=Ind|Gender=Neut|Number=Sing|Tense=Past|VerbForm=Part|Voice=Act
студентите,студент,студент,,ите,студент ите,студент ите,correct,,NOUN,Definite=Def|Gender=Masc|Number=Plur
стражата,стража,стража,,та,стража та,стража та,correct,,NOUN,Definite=Def|Gender=Fem|Number=Sing
русалката,русалка,русалка,,та,русалка та,русалка та,correct,,NOUN,Definite=Def|Gender=Fem|Number=Sing
лятото,лято,лято,,то,лято то,лято то,correct,,NOUN,Definite=Def|Gender=Neut|Number=Sing
горещо,горещ,горещ,,о,горещ о,горещо,correct,adj_gender,ADV,Degree=Pos
старите,стар,стар,,ите,стар ите,стар ите,correct,,ADJ,Definite=Def|Degree=Pos|Number=Plur
хубави,хубав,хубав,,и,хубав и,хубав и,correct,,ADJ,Definite=Ind|Degree=Pos|Number=Plur
изгоряха,изгоря,изгоря,,ха,изгоря ха,изгоря ха,correct,,VERB,Aspect=Perf|Mood=Ind|Number=Plur|Person=3|Tense=Past|VerbForm=Fin|Voice=Act
останах,остана,остана,,х,остана х,остана х,correct,,VERB,Aspect=Perf|Mood=Ind|Number=Sing|Person=1|Tense=Past|VerbForm=Fin|Voice=Act
снимката,снимка,снимка,,та,снимка та,снимка та,correct,,NOUN,Definite=Def|Gender=Fem|Number=Sing
орехи,орех,орех,,и,орех и,орех и,correct,,NOUN,Definite=Ind|Gender=Masc|Number=Plur
прозореца,прозорец,прозорец,,а,прозорец а,прозорец а,correct,,NOUN,Definite=Def|Gender=Masc|Number=Sing
председателите,председател,председател,,ите,председател ите,председател ите,correct,,NOUN,Definite=Def|Gender=Masc|Number=Plur
парламентите,парламент,парламент,,ите,парламент ите,парламент ите,correct,,NOUN,Definite=Def|Gender=Masc|Number=Plur
областта,област,област,,та,област та,област та,correct,,NOUN,Definite=Def|Gender=Fem|Number=Sing
стабилността,стабилност,стабилност,,та,стабилност та,стабилност та,correct,,NOUN,Definite=Def|Gender=Fem|Number=Sing
демокрацията,демокрация,демокрация,,та,демокрация та,демокрация та,correct,,NOUN,Definite=Def|Gender=Fem|Number=Sing
страната,страна,страна,,та,страна та,страна та,correct,,NOUN,Definite=Def|Gender=Fem|Number=Sing
ведростта,ведрост,ведрост,,та,ведрост та,ведрост та,correct,,NOUN,Definite=Def|Gender=Fem|Number=Sing
проблемите,проблем,проблем,,ите,проблем ите,проблем ите,correct,,NOUN,Definite=Def|Gender=Masc|Number=Plur
непосредственото,непосредствен,непосредствен,,ото,непосредствен ото,непосредствено то,wrong,adj_def_boundary,ADJ,Definite=Def|Degree=Pos|Gender=Neut|Number=Sing
обстановката,обстановка,обстановка,,та,обстановка та,обстановка та,correct,,NOUN,Definite=Def|Gender=Fem|Number=Sing
потайностите,потайност,потайност,,ите,потайност ите,потайност ите,correct,,NOUN,Definite=Def|Gender=Fem|Number=Plur
новият,нов,нов,,ият,нов ият,нов ият,correct,,ADJ,Definite=Def|Degree=Pos|Gender=Masc|Number=Sing
по-често,често,често,по-,,по- често,по- често,correct,,ADV,Degree=Sup
офиси,офис,офис,,и,офис и,офис и,correct,,NOUN,Definite=Ind|Gender=Masc|Number=Plur
представители,представител,представител,,и,представител и,представител и,correct,,NOUN,Definite=Ind|Gender=Masc|Number=Plur
обществеността,общественост,общественост,,та,общественост та,общественост та,correct,,NOUN,Definite=Def|Gender=Fem|Number=Sing
воините,воин,воин,,ите,воин ите,воин ите,correct,,NOUN,Definite=Def|Gender=Masc|Number=Plur
най-печелившите,печеливш,печеливш,най-,ите,най- печеливш ите,най- печеливш ите,correct,,ADJ,Definite=Def|Degree=Sup|Number=Plur
модели,модел,модел,,и,модел и,модел и,correct,,NOUN,Definite=Ind|Gender=Masc|Number=Plur
най-добър,добър,добър,най-,,най- добър,най- добър,correct,,ADJ,Definite=Ind|Degree=Pos|Gender=Masc|Number=Sing
желанието,желание,желание,,то,желание то,желание то,correct,,NOUN,Definite=Def|Gender=Neut|Number=Sing
преразпределянето,преразпределяне,преразпределяне,,то,преразпределяне то,преразпределяне то,correct,,NOUN,Definite=Def|Gender=Neut|Number=Sing
рогата,рог,рог,,ата,рог ата,рог ата,correct,,NOUN,Definite=Def|Gender=Masc|Number=Plur
китката,китка,китка,,та,китка та,китка та,correct,,NOUN,Definite=Def|Gender=Fem|Number=Sing
дръжката,дръжка,дръжка,,та,дръжка та,дръжка та,correct,,NOUN,Definite=Def|Gender=Fem|Number=Sing
заминаването,заминаване,заминаване,,то,заминаване то,заминаване то,correct,,NOUN,Definite=Def|Gender=Neut|Number=Sing
автобуса,автобус,автобус,,а,автобус а,автобус а,correct,,NOUN,Definite=Def|Gender=Masc|Number=Sing
летището,летище,летище,,то,летище то,летище то,correct,,NOUN,Definite=Def|Gender=Neut|Number=Sing
семена,семе,семе,,на,семе на,семена,correct,,NOUN,Definite=Ind|Gender=Neut|Number=Plur
конкуренцията,конкуренция,конкуренция,,та,конкуренция та,конкуренция та,correct,,NOUN,Definite=Def|Gender=Fem|Number=Sing
употребата,употреба,употреба,,та,употреба та,употреба та,correct,,NOUN,Definite=Def|Gender=Fem|Number=Sing
млади,млад,млад,,и,млад и,млад и,correct,,ADJ,Definite=Ind|Degree=Pos|Number=Plur
пожелаят,пожелая,пожелая,,т,пожелая т,пожелая т,correct,,VERB,Aspect=Perf|Mood=Ind|Number=Plur|Person=3|Tense=Pres|VerbForm=Fin|Voice=Act
аспектите,аспект,аспект,,ите,аспект ите,аспект ите,correct,,NOUN,Definite=Def|Gender=Masc|Number=Plur
тезата,теза,теза,,та,теза та,теза та,correct,,NOUN,Definite=Def|Gender=Fem|Number=Sing
продукти,продукт,продукт,,и,продукт и,продукт и,correct,,NOUN,Definite=Ind|Gender=Masc|Number=Plur
грубото,груб,груб,,ото,груб ото,грубо то,wrong,adj_def_boundary,ADJ,Definite=Def|Degree=Pos|Gender=Neut|Number=Sing
грубият,груб,груб,,ият,груб ият,груб ият,correct,,ADJ,Definite=Def|Degree=Pos|Gender=Masc|Number=Sing
мъжествени,мъжествен,мъжествен,,и,мъжествен и,мъжествен и,correct,,ADJ,Definite=Ind|Degree=Pos|Number=Plur
консенсуса,консенсус,консенсус,,а,консенсус а,консенсус а,correct,,NOUN,Definite=Def|Gender=Masc|Number=Sing
интеграцията,интеграция,интеграция,,та,интеграция та,интеграция та,correct,,NOUN,Definite=Def|Gender=Fem|Number=Sing
европейските,европейски,европейски,,те,европейски те,европейск ите,wrong,adj_def_boundary,ADJ,Definite=Def|Degree=Pos|Number=Plur
лъскава,лъскав,лъскав,,а,лъскав а,лъскава,correct,adj_gender,ADJ,Definite=Ind|Degree=Pos|Gender=Fem|Number=Sing
разказа,разказ,разказ,,а,разказ а,разказа,correct,,VERB,Aspect=Perf|Mood=Ind|Number=Sing|Person=3|Tense=Past|VerbForm=Fin|Voice=Act
образованието,образование,образование,,то,образование то,образование то,correct,,NOUN,Definite=Def|Gender=Neut|Number=Sing
змийските,змийски,змийски,,те,змийски те,змийск ите,wrong,adj_def_boundary,ADJ,Definite=Def|Degree=Pos|Number=Plur
тялото,тяло,тяло,,то,тяло то,тяло то,correct,,NOUN,Definite=Def|Gender=Neut|Number=Sing
ръката,ръка,ръка,,та,ръка та,ръка та,correct,,NOUN,Definite=Def|Gender=Fem|Number=Sing
пазвата,пазва,пазва,,та,пазва та,пазва та,correct,,NOUN,Definite=Def|Gender=Fem|Number=Sing
чуждоземката,чуждоземка,чуждоземка,,та,чуждоземка та,чуждоземка та,correct,,NOUN,Definite=Def|Gender=Fem|Number=Sing
хитона,хитон,хитон,,а,хитон а,хитон а,correct,,NOUN,Definite=Def|Gender=Masc|Number=Sing
бившата,бивш,бивш,,ата,бивш ата,бивша та,wrong,adj_def_boundary,ADJ,Definite=Def|Degree=Pos|Gender=Fem|Number=Sing
използването,използване,използване,,то,използване то,използване то,correct,,NOUN,Definite=Def|Gender=Neut|Number=Sing
терористи,терорист,терорист,,и,терорист и,терорист и,correct,,NOUN,Definite=Ind|Gender=Masc|Number=Plur
краката,крак,крак,,ата,крак ата,крак ата,correct,,NOUN,Definite=Def|Gender=Masc|Number=Plur
скъпа,скъп,скъп,,а,скъп а,скъпа,correct,adj_gender,ADJ,Definite=Ind|Degree=Pos|Gender=Fem|Number=Sing
поземлена,поземлен,поземлен,,а,поземлен а,поземлена,correct,adj_gender,ADJ,Definite=Ind|Degree=Pos|Gender=Fem|Number=Sing
резултатите,резултат,резултат,,ите,резултат ите,резултат ите,correct,,NOUN,Definite=Def|Gender=Masc|Number=Plur
земеделието,земеделие,земеделие,,то,земеделие то,земеделие то,correct,,NOUN,Definite=Def|Gender=Neut|Number=Sing
времена,време,време,,на,време на,времена,correct,,NOUN,Definite=Ind|Gender=Neut|Number=Plur
цяло,цял,цял,,о,цял о,цяло,correct,adj_gender,ADV,Degree=Pos
искаме,искам,искам,,е,искам е,иска ме,wrong,plu1person_boundary,VERB,Aspect=Imp|Mood=Ind|Number=Plur|Person=1|Tense=Pres|VerbForm=Fin|Voice=Act
станат,стана,стана,,т,стана т,стана т,correct,,VERB,Aspect=Perf|Mood=Ind|Number=Plur|Person=3|Tense=Pres|VerbForm=Fin|Voice=Act
темпото,темпо,темпо,,то,темпо то,темпо то,correct,,NOUN,Definite=Def|Gender=Neut|Number=Sing
резултати,резултат,резултат,,и,резултат и,резултат и,correct,,NOUN,Definite=Ind|Gender=Masc|Number=Plur
перспективността,перспективност,перспективност,,та,перспективност та,перспективност та,correct,,NOUN,Definite=Def|Gender=Fem|Number=Sing
дължимия,дължим,дължим,,ия,дължим ия,дължим ия,correct,,ADJ,Definite=Def|Degree=Pos|Gender=Masc|Number=Sing
купувачът,купувач,купувач,,ът,купувач ът,купувач ът,correct,,NOUN,Definite=Def|Gender=Masc|Number=Sing
сделката,сделка,сделка,,та,сделка та,сделка та,correct,,NOUN,Definite=Def|Gender=Fem|Number=Sing
момента,момент,момент,,а,момент а,момент а,correct,,NOUN,Definite=Def|Gender=Masc|Number=Sing
липсата,липса,липса,,та,липса та,липса та,correct,,NOUN,Definite=Def|Gender=Fem|Number=Sing
най-често,често,често,най-,,най- често,най- често,correct,,ADV,Degree=Sup
нова,нов,нов,,а,нов а,нова,correct,adj_gender,ADJ,Definite=Ind|Degree=Pos|Gender=Fem|Number=Sing
режими,режим,режим,,и,режим и,режим и,correct,,NOUN,Definite=Ind|Gender=Masc|Number=Plur
уязвими,уязвим,уязвим,,и,уязвим и,уязвим и,correct,,ADJ,Definite=Ind|Degree=Pos|Number=Plur
корупцията,корупция,корупция,,та,корупция та,корупция та,correct,,NOUN,Definite=Def|Gender=Fem|Number=Sing
по-напреднали,напредна,напредна,по-,ли,по- напредна ли,по- напредна ли,correct,,VERB,Aspect=Perf|Definite=Ind|Number=Plur|Tense=Past|VerbForm=Part|Voice=Act
най-високите,висок,висок,най-,ите,най- висок ите,най- висок ите,correct,,ADJ,Definite=Def|Degree=Sup|Number=Plur
стандарти,стандарт,стандарт,,и,стандарт и,стандарт и,correct,,NOUN,Definite=Ind|Gender=Masc|Number=Plur
авиацията,авиация,авиация,,та,авиация та,авиация та,correct,,NOUN,Definite=Def|Gender=Fem|Number=Sing
ръкавите,ръкав,ръкав,,ите,ръкав ите,ръкав ите,correct,,NOUN,Definite=Def|Gender=Masc|Number=Plur
широкия,широк,широк,,ия,широк ия,широк ия,correct,,ADJ,Definite=Def|Degree=Pos|Gender=Masc|Number=Sing
девствената,девствен,девствен,,ата,девствен ата,девствена та,wrong,adj_def_boundary,ADJ,Definite=Def|Degree=Pos|Gender=Fem|Number=Sing
суверенитета,суверенитет,суверенитет,,а,суверенитет а,суверенитет а,correct,,NOUN,Definite=Def|Gender=Masc|Number=Sing
трагедията,трагедия,трагедия,,та,трагедия та,трагедия та,correct,,NOUN,Definite=Def|Gender=Fem|Number=Sing
опасността,опасност,опасност,,та,опасност та,опасност та,correct,,NOUN,Definite=Def|Gender=Fem|Number=Sing
удари,удар,удар,,и,удар и,удар и,correct,,VERB,Aspect=Perf|Mood=Ind|Number=Sing|Person=3|Tense=Past|VerbForm=Fin|Voice=Act
хукнал,хукна,хукна,,л,хукна л,хукна л,correct,,VERB,Aspect=Perf|Definite=Ind|Gender=Masc|Number=Sing|Tense=Past|VerbForm=Part|Voice=Act
секцията,секция,секция,,та,секция та,секция та,correct,,NOUN,Definite=Def|Gender=Fem|Number=Sing
най-неочаквано,неочаквано,неочаквано,най-,,най- неочаквано,най- неочаквано,correct,,ADV,Degree=Sup
стаята,стая,стая,,та,стая та,стая та,correct,,NOUN,Definite=Def|Gender=Fem|Number=Sing
хвърчаха,хвърча,хвърча,,ха,хвърча ха,хвърча ха,correct,,VERB,Aspect=Imp|Mood=Ind|Number=Plur|Person=3|Tense=Imp|VerbForm=Fin|Voice=Act
пода,под,под,,а,под а,под а,correct,,NOUN,Definite=Def|Gender=Masc|Number=Sing
зърнена,зърнен,зърнен,,а,зърнен а,зърнена,correct,adj_gender,ADJ,Definite=Ind|Degree=Pos|Gender=Fem|Number=Sing
брашненият,брашнен,брашнен,,ият,брашнен ият,брашнен ият,correct,,ADJ,Definite=Def|Degree=Pos|Gender=Masc|Number=Sing
по-щастливи,щастлив,щастлив,по-,и,по- щастлив и,по- щастлив и,correct,,ADJ,Definite=Ind|Degree=Pos|Number=Plur
машината,машина,машина,,та,машина та,машина та,correct,,NOUN,Definite=Def|Gender=Fem|Number=Sing
програмата,програма,програма,,та,програма та,програма та,correct,,NOUN,Definite=Def|Gender=Fem|Number=Sing
пусията,пусия,пусия,,та,пусия та,пусия та,correct,,NOUN,Definite=Def|Gender=Fem|Number=Sing
позата,поза,поза,,та,поза та,поза та,correct,,NOUN,Definite=Def|Gender=Fem|Number=Sing
чуждия,чужд,чужд,,ия,чужд ия,чужд ия,correct,,ADJ,Definite=Def|Degree=Pos|Gender=Masc|Number=Sing
изпаднах,изпадна,изпадна,,х,изпадна х,изпадна х,correct,,VERB,Aspect=Perf|Mood=Ind|Number=Sing|Person=1|Tense=Past|VerbForm=Fin|Voice=Act
погледнах,погледна,погледна,,х,погледна х,погледна х,correct,,VERB,Aspect=Perf|Mood=Ind|Number=Sing|Person=1|Tense=Past|VerbForm=Fin|Voice=Act
цървулите,цървул,цървул,,ите,цървул ите,цървул ите,correct,,NOUN,Definite=Def|Gender=Masc|Number=Plur
заекът,заек,заек,,ът,заек ът,заек ът,correct,,NOUN,Definite=Def|Gender=Masc|Number=Sing
проекти,проект,проект,,и,проект и,проект и,correct,,NOUN,Definite=Ind|Gender=Masc|Number=Plur
намалят,намаля,намаля,,т,намаля т,намаля т,correct,,VERB,Aspect=Perf|Mood=Ind|Number=Plur|Person=3|Tense=Pres|VerbForm=Fin|Voice=Act
тежестта,тежест,тежест,,та,тежест та,тежест та,correct,,NOUN,Definite=Def|Gender=Fem|Number=Sing
реформата,реформа,реформа,,та,реформа та,реформа та,correct,,NOUN,Definite=Def|Gender=Fem|Number=Sing
проектът,проект,проект,,ът,проект ът,проект ът,correct,,NOUN,Definite=Def|Gender=Masc|Number=Sing
основата,основа,основа,,та,основа та,основа та,correct,,NOUN,Definite=Def|Gender=Fem|Number=Sing
трите,три,три,,те,три те,три те,correct,,NUM,Definite=Def|Number=Plur|NumType=Card
опита,опит,опит,,а,опит а,опита,correct,,VERB,Aspect=Perf|Mood=Ind|Number=Sing|Person=3|Tense=Past|VerbForm=Fin|Voice=Act
стоят,стоя,стоя,,т,стоя т,стоя т,correct,,VERB,Aspect=Imp|Mood=Ind|Number=Plur|Person=3|Tense=Pres|VerbForm=Fin|Voice=Act
най-трудно,трудно,трудно,най-,,най- трудно,най- трудно,correct,,ADV,Degree=Sup
командирите,командир,командир,,ите,командир ите,командир ите,correct,,NOUN,Definite=Def|Gender=Masc|Number=Plur
вземането,вземане,вземане,,то,вземане то,вземане то,correct,,NOUN,Definite=Def|Gender=Neut|Number=Sing
най-напред,напред,напред,най-,,най- напред,най- напред,correct,,ADV,Degree=Pos
профилите,профил,профил,,ите,профил ите,профил ите,correct,,NOUN,Definite=Def|Gender=Masc|Number=Plur
момичета,момиче,момиче,,та,момиче та,момиче та,correct,,NOUN,Definite=Ind|Gender=Neut|Number=Plur
вземат,взема,взема,,т,взема т,взема т,correct,,VERB,Aspect=Imp|Mood=Ind|Number=Plur|Person=3|Tense=Pres|VerbForm=Fin|Voice=Act
името,име,име,,то,име то,име то,correct,,NOUN,Definite=Def|Gender=Neut|Number=Sing
съчувствието,съчувствие,съчувствие,,то,съчувствие то,съчувствие то,correct,,NOUN,Definite=Def|Gender=Neut|Number=Sing
закриването,закриване,закриване,,то,закриване то,закриване то,correct,,NOUN,Definite=Def|Gender=Neut|Number=Sing
страницата,страница,страница,,та,страница та,страница та,correct,,NOUN,Definite=Def|Gender=Fem|Number=Sing
повечето,повече,повече,,то,повече то,повечето,correct,,ADV,Definite=Def|Degree=Pos|Number=Plur|NumType=Card
бирени,бирен,бирен,,и,бирен и,бирен и,correct,,ADJ,Definite=Ind|Degree=Pos|Number=Plur
срещата,среща,среща,,та,среща та,среща та,correct,,NOUN,Definite=Def|Gender=Fem|Number=Sing
журналисти,журналист,журналист,,и,журналист и,журналист и,correct,,NOUN,Definite=Ind|Gender=Masc|Number=Plur
председатели,председател,председател,,и,председател и,председател и,correct,,NOUN,Definite=Ind|Gender=Masc|Number=Plur
потенциала,потенциал,потенциал,,а,потенциал а,потенциал а,correct,,NOUN,Definite=Def|Gender=Masc|Number=Sing
възстановяването,възстановяване,възстановяване,,то,възстановяване то,възстановяване то,correct,,NOUN,Definite=Def|Gender=Neut|Number=Sing
времето,време,време,,то,време то,време то,correct,,NOUN,Definite=Def|Gender=Neut|Number=Sing
по-напред,напред,напред,по-,,по- напред,по- напред,correct,,ADV,Degree=Pos
тайнствени,тайнствен,тайнствен,,и,тайнствен и,тайнствен и,correct,,ADJ,Definite=Ind|Degree=Pos|Number=Plur
обитатели,обитател,обитател,,и,обитател и,обитател и,correct,,NOUN,Definite=Ind|Gender=Masc|Number=Plur
астероида,астероид,астероид,,а,астероид а,астероид а,correct,,NOUN,Definite=Def|Gender=Masc|Number=Sing
документа,документ,документ,,а,документ а,документ а,correct,,NOUN,Definite=Def|Gender=Masc|Number=Sing
най-лошият,лош,лош,най-,ият,най- лош ият,най- лош ият,correct,,ADJ,Definite=Def|Degree=Sup|Gender=Masc|Number=Sing
правителството,правителство,правителство,,то,правителство то,правителство то,correct,,NOUN,Definite=Def|Gender=Neut|Number=Sing
преговорите,преговор,преговор,,ите,преговор ите,преговор ите,correct,,NOUN,Definite=Def|Gender=Masc|Number=Plur
приемането,приемане,приемане,,то,приемане то,приемане то,correct,,NOUN,Definite=Def|Gender=Neut|Number=Sing
други,друг,друг,,и,друг и,друг и,correct,,ADJ,Definite=Ind|Degree=Pos|Number=Plur
кадровите,кадрови,кадрови,,те,кадрови те,кадров ите,wrong,adj_def_boundary,ADJ,Definite=Def|Degree=Pos|Number=Plur
военнослужещи,военнослужещ,военнослужещ,,и,военнослужещ и,военнослужещ и,correct,,NOUN,Definite=Ind|Gender=Masc|Number=Plur
развитието,развитие,развитие,,то,развитие то,развитие то,correct,,NOUN,Definite=Def|Gender=Neut|Number=Sing
войнишкия,войнишки,войнишки,,я,войнишки я,войнишки я,correct,,ADJ,Definite=Def|Degree=Pos|Gender=Masc|Number=Sing
най-висок,висок,висок,най-,,най- висок,най- висок,correct,,ADJ,Definite=Ind|Degree=Pos|Gender=Masc|Number=Sing
панталона,панталон,панталон,,а,панталон а,панталон а,correct,,NOUN,Definite=Def|Gender=Masc|Number=Sing
началникът,началник,началник,,ът,началник ът,началник ът,correct,,NOUN,Definite=Def|Gender=Masc|Number=Sing
военнослужещите,военнослужещ,военнослужещ,,ите,военнослужещ ите,военнослужещ ите,correct,,NOUN,Definite=Def|Gender=Masc|Number=Plur
другия,друг,друг,,ия,друг ия,друг ия,correct,,ADJ,Definite=Def|Degree=Pos|Gender=Masc|Number=Sing
казармата,казарма,казарма,,та,казарма та,казарма та,correct,,NOUN,Definite=Def|Gender=Fem|Number=Sing
сигурността,сигурност,сигурност,,та,сигурност та,сигурност та,correct,,NOUN,Definite=Def|Gender=Fem|Number=Sing
войнствената,войнствен,войнствен,,ата,войнствен ата,войнствена та,wrong,adj_def_boundary,ADJ,Definite=Def|Degree=Pos|Gender=Fem|Number=Sing
парламентът,парламент,парламент,,ът,парламент ът,парламент ът,correct,,NOUN,Definite=Def|Gender=Masc|Number=Sing
борбата,борба,борба,,та,борба та,борба та,correct,,NOUN,Definite=Def|Gender=Fem|Number=Sing
материалите,материал,материал,,ите,материал ите,материал ите,correct,,NOUN,Definite=Def|Gender=Masc|Number=Plur
възможностите,възможност,възможност,,ите,възможност ите,възможност ите,correct,,NOUN,Definite=Def|Gender=Fem|Number=Plur
рискове,риск,риск,,ове,риск ове,риск ове,correct,,NOUN,Definite=Ind|Gender=Masc|Number=Plur
по-подробно,подробно,подробно,по-,,по- подробно,по- подробно,correct,,ADV,Degree=Sup
положението,положение,положение,,то,положение то,положение то,correct,,NOUN,Definite=Def|Gender=Neut|Number=Sing
инженерът,инженер,инженер,,ът,инженер ът,инженер ът,correct,,NOUN,Definite=Def|Gender=Masc|Number=Sing
излизането,излизане,излизане,,то,излизане то,излизане то,correct,,NOUN,Definite=Def|Gender=Neut|Number=Sing
визовия,визов,визов,,ия,визов ия,визов ия,correct,,ADJ,Definite=Def|Degree=Pos|Gender=Masc|Number=Sing
шлема,шлем,шлем,,а,шлем а,шлем а,correct,,NOUN,Definite=Def|Gender=Masc|Number=Sing
детинските,детински,детински,,те,детински те,детинск ите,wrong,adj_def_boundary,ADJ,Definite=Def|Degree=Pos|Number=Plur
ситуацията,ситуация,ситуация,,та,ситуация та,ситуация та,correct,,NOUN,Definite=Def|Gender=Fem|Number=Sing
идилията,идилия,идилия,,та,идилия та,идилия та,correct,,NOUN,Definite=Def|Gender=Fem|Number=Sing
най-старшият,старши,старши,най-,ят,най- старши ят,най- старши ят,correct,,ADJ,Definite=Def|Degree=Sup|Gender=Masc|Number=Sing
базата,база,база,,та,база та,база та,correct,,NOUN,Definite=Def|Gender=Fem|Number=Sing
по-голямо,голям,голям,по-,о,по- голям о,по- голямо,partial,,ADJ,Definite=Ind|Degree=Pos|Gender=Neut|Number=Sing
естеството,естество,естество,,то,естество то,естество то,correct,,NOUN,Definite=Def|Gender=Neut|Number=Sing
бъдещите,бъдещ,бъдещ,,ите,бъдещ ите,бъдещ ите,correct,,ADJ,Definite=Def|Degree=Pos|Number=Plur
очакваме,очаквам,очаквам,,е,очаквам е,очаква ме,wrong,plu1person_boundary,VERB,Aspect=Imp|Mood=Ind|Number=Plur|Person=1|Tense=Pres|VerbForm=Fin|Voice=Act
по-голям,голям,голям,по-,,по- голям,по- голям,correct,,ADJ,Definite=Ind|Degree=Pos|Gender=Masc|Number=Sing
икономиката,икономика,икономика,,та,икономика та,икономика та,correct,,NOUN,Definite=Def|Gender=Fem|Number=Sing
раздялата,раздяла,раздяла,,та,раздяла та,раздяла та,correct,,NOUN,Definite=Def|Gender=Fem|Number=Sing
овчари,овчар,овчар,,и,овчар и,овчар и,correct,,NOUN,Definite=Ind|Gender=Masc|Number=Plur
по-късно,късно,късно,по-,,по- късно,по- късно,correct,,ADV,Degree=Cmp
полето,поле,поле,,то,поле то,поле то,correct,,NOUN,Definite=Def|Gender=Neut|Number=Sing
мрежата,мрежа,мрежа,,та,мрежа та,мрежа та,correct,,NOUN,Definite=Def|Gender=Fem|Number=Sing
пресата,преса,преса,,та,преса та,преса та,correct,,NOUN,Definite=Def|Gender=Fem|Number=Sing
факти,факт,факт,,и,факт и,факт и,correct,,NOUN,Definite=Ind|Gender=Masc|Number=Plur
смъртта,смърт,смърт,,та,смърт та,смърт та,correct,,NOUN,Definite=Def|Gender=Fem|Number=Sing
изненадата,изненада,изненада,,та,изненада та,изненада та,correct,,NOUN,Definite=Def|Gender=Fem|Number=Sing
споменато,спомена,спомена,,то,спомена то,споменато,correct,,VERB,Aspect=Perf|Definite=Ind|Gender=Neut|Number=Sing|VerbForm=Part|Voice=Pass
съветите,съвет,съвет,,ите,съвет ите,съвет ите,correct,,NOUN,Definite=Def|Gender=Masc|Number=Plur
коридори,коридор,коридор,,и,коридор и,коридор и,correct,,NOUN,Definite=Ind|Gender=Masc|Number=Plur
пръчката,пръчка,пръчка,,та,пръчка та,пръчка та,correct,,NOUN,Definite=Def|Gender=Fem|Number=Sing
председателят,председател,председател,,ят,председател ят,председател ят,correct,,NOUN,Definite=Def|Gender=Masc|Number=Sing
изказването,изказване,изказване,,то,изказване то,изказване то,correct,,NOUN,Definite=Def|Gender=Neut|Number=Sing
нивото,ниво,ниво,,то,ниво то,ниво то,correct,,NOUN,Definite=Def|Gender=Neut|Number=Sing
семинари,семинар,семинар,,и,семинар и,семинар и,correct,,NOUN,Definite=Ind|Gender=Masc|Number=Plur
цаката,цака,цака,,та,цака та,цака та,correct,,NOUN,Definite=Def|Gender=Fem|Number=Sing
джобовете,джоб,джоб,,овете,джоб овете,джоб овете,correct,,NOUN,Definite=Def|Gender=Masc|Number=Plur
аптекарите,аптекар,аптекар,,ите,аптекар ите,аптекар ите,correct,,NOUN,Definite=Def|Gender=Masc|Number=Plur
коремът,корем,корем,,ът,корем ът,корем ът,correct,,NOUN,Definite=Def|Gender=Masc|Number=Sing
проекторешението,проекторешение,проекторешение,,то,проекторешение то,проекторешение то,correct,,NOUN,Definite=Def|Gender=Neut|Number=Sing
нависнали,нависна,нависна,,ли,нависна ли,нависна ли,correct,,VERB,Aspect=Perf|Definite=Ind|Number=Plur|Tense=Past|VerbForm=Part|Voice=Act
пипкава,пипкав,пипкав,,а,пипкав а,пипкава,correct,adj_gender,ADJ,Definite=Ind|Degree=Pos|Gender=Fem|Number=Sing
сътрудничеството,сътрудничество,сътрудничество,,то,сътрудничество то,сътрудничество то,correct,,NOUN,Definite=Def|Gender=Neut|Number=Sing
безработицата,безработица,безработица,,та,безработица та,безработица та,correct,,NOUN,Definite=Def|Gender=Fem|Number=Sing
бедността,бедност,бедност,,та,бедност та,бедност та,correct,,NOUN,Definite=Def|Gender=Fem|Number=Sing
фондове,фонд,фонд,,ове,фонд ове,фонд ове,correct,,NOUN,Definite=Ind|Gender=Masc|Number=Plur
проблеми,проблем,проблем,,и,проблем и,проблем и,correct,,NOUN,Definite=Ind|Gender=Masc|Number=Plur
парламента,парламент,парламент,,а,парламент а,парламент а,correct,,NOUN,Definite=Def|Gender=Masc|Number=Sing
армията,армия,армия,,та,армия та,армия та,correct,,NOUN,Definite=Def|Gender=Fem|Number=Sing
изводи,извод,извод,,и,извод и,извод и,correct,,NOUN,Definite=Ind|Gender=Masc|Number=Plur
дисциплината,дисциплина,дисциплина,,та,дисциплина та,дисциплина та,correct,,NOUN,Definite=Def|Gender=Fem|Number=Sing
склона,склон,склон,,а,склон а,склон а,correct,,NOUN,Definite=Def|Gender=Masc|Number=Sing
светлината,светлина,светлина,,та,светлина та,светлина та,correct,,NOUN,Definite=Def|Gender=Fem|Number=Sing
фаровете,фар,фар,,овете,фар овете,фар овете,correct,,NOUN,Definite=Def|Gender=Masc|Number=Plur
заставата,застава,застава,,та,застава та,застава та,correct,,NOUN,Definite=Def|Gender=Fem|Number=Sing
охраната,охрана,охрана,,та,охрана та,охрана та,correct,,NOUN,Definite=Def|Gender=Fem|Number=Sing
спалнята,спалня,спалня,,та,спалня та,спалня та,correct,,NOUN,Definite=Def|Gender=Fem|Number=Sing
атмосферата,атмосфера,атмосфера,,та,атмосфера та,атмосфера та,correct,,NOUN,Definite=Def|Gender=Fem|Number=Sing
приватизацията,приватизация,приватизация,,та,приватизация та,приватизация та,correct,,NOUN,Definite=Def|Gender=Fem|Number=Sing
масова,масов,масов,,а,масов а,масова,correct,adj_gender,ADJ,Definite=Ind|Degree=Pos|Gender=Fem|Number=Sing
отрасловите,отраслов,отраслов,,ите,отраслов ите,отраслов ите,correct,,ADJ,Definite=Def|Degree=Pos|Number=Plur
трудности,трудност,трудност,,и,трудност и,трудност и,correct,,NOUN,Definite=Ind|Gender=Fem|Number=Plur
възможности,възможност,възможност,,и,възможност и,възможност и,correct,,NOUN,Definite=Ind|Gender=Fem|Number=Plur
бизнесмените,бизнесмен,бизнесмен,,ите,бизнесмен ите,бизнесмен ите,correct,,NOUN,Definite=Def|Gender=Masc|Number=Plur
недвусмислена,недвусмислен,недвусмислен,,а,недвусмислен а,недвусмислена,correct,adj_gender,ADJ,Definite=Ind|Degree=Pos|Gender=Fem|Number=Sing
участието,участие,участие,,то,участие то,участие то,correct,,NOUN,Definite=Def|Gender=Neut|Number=Sing
проектите,проект,проект,,ите,проект ите,проект ите,correct,,NOUN,Definite=Def|Gender=Masc|Number=Plur
връзката,връзка,връзка,,та,връзка та,връзка та,correct,,NOUN,Definite=Def|Gender=Fem|Number=Sing
отбраната,отбрана,отбрана,,та,отбрана та,отбрана та,correct,,NOUN,Definite=Def|Gender=Fem|Number=Sing
обществото,общество,общество,,то,общество то,общество то,correct,,NOUN,Definite=Def|Gender=Neut|Number=Sing
обикновеният,обикновен,обикновен,,ият,обикновен ият,обикновен ият,correct,,ADJ,Definite=Def|Degree=Pos|Gender=Masc|Number=Sing
гражданския,граждански,граждански,,я,граждански я,граждански я,correct,,ADJ,Definite=Def|Degree=Pos|Gender=Masc|Number=Sing
авторите,автор,автор,,ите,автор ите,автор ите,correct,,NOUN,Definite=Def|Gender=Masc|Number=Plur
тежат,тежа,тежа,,т,тежа т,тежа т,correct,,VERB,Aspect=Imp|Mood=Ind|Number=Plur|Person=3|Tense=Pres|VerbForm=Fin|Voice=Act
популяризирането,популяризиране,популяризиране,,то,популяризиране то,популяризиране то,correct,,NOUN,Definite=Def|Gender=Neut|Number=Sing
информирането,информиране,информиране,,то,информиране то,информиране то,correct,,NOUN,Definite=Def|Gender=Neut|Number=Sing
кандидатите,кандидат,кандидат,,ите,кандидат ите,кандидат ите,correct,,NOUN,Definite=Def|Gender=Masc|Number=Plur
службата,служба,служба,,та,служба та,служба та,correct,,NOUN,Definite=Def|Gender=Fem|Number=Sing
потенциалът,потенциал,потенциал,,ът,потенциал ът,потенциал ът,correct,,NOUN,Definite=Def|Gender=Masc|Number=Sing
нашия,наш,наш,,ия,наш ия,наш ия,correct,,DET,Definite=Def|Gender=Masc|Number=Sing|Person=1|Poss=Yes|PronType=Prs
началото,начало,начало,,то,начало то,начало то,correct,,NOUN,Definite=Def|Gender=Neut|Number=Sing
потребности,потребност,потребност,,и,потребност и,потребност и,correct,,NOUN,Definite=Ind|Gender=Fem|Number=Plur
системата,система,система,,та,система та,система та,correct,,NOUN,Definite=Def|Gender=Fem|Number=Sing
удовлетворяването,удовлетворяване,удовлетворяване,,то,удовлетворяване то,удовлетворяване то,correct,,NOUN,Definite=Def|Gender=Neut|Number=Sing
изразходването,изразходване,изразходване,,то,изразходване то,изразходване то,correct,,NOUN,Definite=Def|Gender=Neut|Number=Sing
ресурси,ресурс,ресурс,,и,ресурс и,ресурс и,correct,,NOUN,Definite=Ind|Gender=Masc|Number=Plur
цикъла,цикъл,цикъл,,а,цикъл а,цикъл а,correct,,NOUN,Definite=Def|Gender=Masc|Number=Sing
управлението,управление,управление,,то,управление то,управление то,correct,,NOUN,Definite=Def|Gender=Neut|Number=Sing
протоколът,протокол,протокол,,ът,протокол ът,протокол ът,correct,,NOUN,Definite=Def|Gender=Masc|Number=Sing
двата,два,два,,та,два та,два та,correct,,NUM,Definite=Def|Gender=Masc|Number=Plur|NumType=Card
работят,работя,работя,,т,работя т,работя т,correct,,VERB,Aspect=Imp|Mood=Ind|Number=Plur|Person=3|Tense=Pres|VerbForm=Fin|Voice=Act
мира,мир,мир,,а,мир а,мира,correct,,NOUN,Definite=Ind|Gender=Fem|Number=Sing
региона,регион,регион,,а,регион а,регион а,correct,,NOUN,Definite=Def|Gender=Masc|Number=Sing
бъдещето,бъдеще,бъдеще,,то,бъдеще то,бъдеще то,correct,,NOUN,Definite=Def|Gender=Neut|Number=Sing
семейството,семейство,семейство,,то,семейство то,семейство то,correct,,NOUN,Definite=Def|Gender=Neut|Number=Sing
бяло,бял,бял,,о,бял о,бяло,correct,adj_gender,ADV,Degree=Pos
семинара,семинар,семинар,,а,семинар а,семинар а,correct,,NOUN,Definite=Def|Gender=Masc|Number=Sing
футболисти,футболист,футболист,,и,футболист и,футболист и,correct,,NOUN,Definite=Ind|Gender=Masc|Number=Plur
шефът,шеф,шеф,,ът,шеф ът,шеф ът,correct,,NOUN,Definite=Def|Gender=Masc|Number=Sing
бюрото,бюро,бюро,,то,бюро то,бюро то,correct,,NOUN,Definite=Def|Gender=Neut|Number=Sing
саксията,саксия,саксия,,та,саксия та,саксия та,correct,,NOUN,Definite=Def|Gender=Fem|Number=Sing
фикуса,фикус,фикус,,а,фикус а,фикус а,correct,,NOUN,Definite=Def|Gender=Masc|Number=Sing
заема,заем,заем,,а,заем а,заема,correct,,VERB,Aspect=Imp|Mood=Ind|Number=Sing|Person=3|Tense=Pres|VerbForm=Fin|Voice=Act
водят,водя,водя,,т,водя т,водя т,correct,,VERB,Aspect=Imp|Mood=Ind|Number=Plur|Person=3|Tense=Pres|VerbForm=Fin|Voice=Act
благоустройството,благоустройство,благоустройство,,то,благоустройство то,благоустройство то,correct,,NOUN,Definite=Def|Gender=Neut|Number=Sing
министъра,министър,министър,,а,министър а,министър а,correct,,NOUN,Definite=Def|Gender=Masc|Number=Sing
финансите,финанси,финанси,,те,финанси те,финанси те,correct,,NOUN,Definite=Def|Number=Ptan
договорът,договор,договор,,ът,договор ът,договор ът,correct,,NOUN,Definite=Def|Gender=Masc|Number=Sing
затварянето,затваряне,затваряне,,то,затваряне то,затваряне то,correct,,NOUN,Definite=Def|Gender=Neut|Number=Sing
ядрена,ядрен,ядрен,,а,ядрен а,ядрена,correct,adj_gender,ADJ,Definite=Ind|Degree=Pos|Gender=Fem|Number=Sing
кметът,кмет,кмет,,ът,кмет ът,кмет ът,correct,,NOUN,Definite=Def|Gender=Masc|Number=Sing
единственото,единствен,единствен,,ото,единствен ото,единствено то,wrong,adj_def_boundary,ADJ,Definite=Def|Degree=Pos|Gender=Neut|Number=Sing
въпроса,въпрос,въпрос,,а,въпрос а,въпрос а,correct,,NOUN,Definite=Def|Gender=Masc|Number=Sing
провалянето,проваляне,проваляне,,то,проваляне то,проваляне то,correct,,NOUN,Definite=Def|Gender=Neut|Number=Sing
дебатите,дебат,дебат,,ите,дебат ите,дебат ите,correct,,NOUN,Definite=Def|Gender=Masc|Number=Plur
кабинета,кабинет,кабинет,,а,кабинет а,кабинет а,correct,,NOUN,Definite=Def|Gender=Masc|Number=Sing
кошмарите,кошмар,кошмар,,ите,кошмар ите,кошмар ите,correct,,NOUN,Definite=Def|Gender=Fem|Number=Plur
вероятността,вероятност,вероятност,,та,вероятност та,вероятност та,correct,,NOUN,Definite=Def|Gender=Fem|Number=Sing
правенето,правене,правене,,то,правене то,правене то,correct,,NOUN,Definite=Def|Gender=Neut|Number=Sing
седнал,седна,седна,,л,седна л,седна л,correct,,VERB,Aspect=Perf|Definite=Ind|Gender=Masc|Number=Sing|Tense=Past|VerbForm=Part|Voice=Act
полегнал,полегна,полегна,,л,полегна л,полегна л,correct,,VERB,Aspect=Perf|Definite=Ind|Gender=Masc|Number=Sing|Tense=Past|VerbForm=Part|Voice=Act
бюджета,бюджет,бюджет,,а,бюджет а,бюджет а,correct,,NOUN,Definite=Def|Gender=Masc|Number=Sing
поддържането,поддържане,поддържане,,то,поддържане то,поддържане то,correct,,NOUN,Definite=Def|Gender=Neut|Number=Sing
войника,войник,войник,,а,войник а,войник а,correct,,NOUN,Definite=Def|Gender=Masc|Number=Sing
скока,скок,скок,,а,скок а,скок а,correct,,NOUN,Definite=Def|Gender=Masc|Number=Sing
дюлята,дюля,дюля,,та,дюля та,дюля та,correct,,NOUN,Definite=Def|Gender=Fem|Number=Sing
комина,комин,комин,,а,комин а,комин а,correct,,NOUN,Definite=Def|Gender=Masc|Number=Sing
съпротивата,съпротива,съпротива,,та,съпротива та,съпротива та,correct,,NOUN,Definite=Def|Gender=Fem|Number=Sing
обстрела,обстрел,обстрел,,а,обстрел а,обстрел а,correct,,NOUN,Definite=Def|Gender=Masc|Number=Sing
дузината,дузина,дузина,,та,дузина та,дузина та,correct,,NOUN,Definite=Def|Gender=Fem|Number=Sing
чифта,чифт,чифт,,а,чифт а,чифта,correct,,NOUN,Gender=Masc|Number=Sing
защитата,защита,защита,,та,защита та,защита та,correct,,NOUN,Definite=Def|Gender=Fem|Number=Sing
ангажирането,ангажиране,ангажиране,,то,ангажиране то,ангажиране то,correct,,NOUN,Definite=Def|Gender=Neut|Number=Sing
генералите,генерал,генерал,,ите,генерал ите,генерал ите,correct,,NOUN,Definite=Def|Gender=Masc|Number=Plur
офицерите,офицер,офицер,,ите,офицер ите,офицер ите,correct,,NOUN,Definite=Def|Gender=Masc|Number=Plur
ключови,ключов,ключов,,и,ключов и,ключов и,correct,,ADJ,Definite=Ind|Degree=Pos|Number=Plur
длъжности,длъжност,длъжност,,и,длъжност и,длъжност и,correct,,NOUN,Definite=Ind|Gender=Fem|Number=Plur
подготовката,подготовка,подготовка,,та,подготовка та,подготовка та,correct,,NOUN,Definite=Def|Gender=Fem|Number=Sing
изграждането,изграждане,изграждане,,то,изграждане то,изграждане то,correct,,NOUN,Definite=Def|Gender=Neut|Number=Sing
инфраструктурата,инфраструктура,инфраструктура,,та,инфраструктура та,инфраструктура та,correct,,NOUN,Definite=Def|Gender=Fem|Number=Sing
създаването,създаване,създаване,,то,създаване то,създаване то,correct,,NOUN,Definite=Def|Gender=Neut|Number=Sing
януарските,януарски,януарски,,те,януарски те,януарск ите,wrong,adj_def_boundary,ADJ,Definite=Def|Degree=Pos|Number=Plur
резервати,резерват,резерват,,и,резерват и,резерват и,correct,,NOUN,Definite=Ind|Gender=Masc|Number=Plur
подковата,подкова,подкова,,та,подкова та,подкова та,correct,,NOUN,Definite=Def|Gender=Fem|Number=Sing
щастието,щастие,щастие,,то,щастие то,щастие то,correct,,NOUN,Definite=Def|Gender=Neut|Number=Sing
шегата,шега,шега,,та,шега та,шега та,correct,,NOUN,Definite=Def|Gender=Fem|Number=Sing
държането,държане,държане,,то,държане то,държане то,correct,,NOUN,Definite=Def|Gender=Neut|Number=Sing
прокуратурата,прокуратура,прокуратура,,та,прокуратура та,прокуратура та,correct,,NOUN,Definite=Def|Gender=Fem|Number=Sing
останат,остана,остана,,т,остана т,остана т,correct,,VERB,Aspect=Perf|Mood=Ind|Number=Plur|Person=3|Tense=Pres|VerbForm=Fin|Voice=Act
ненаказани,ненаказан,ненаказан,,и,ненаказан и,ненаказан и,correct,,ADJ,Definite=Ind|Degree=Pos|Number=Plur
опитът,опит,опит,,ът,опит ът,опит ът,correct,,NOUN,Definite=Def|Gender=Masc|Number=Sing
медицинските,медицински,медицински,,те,медицински те,медицинск ите,wrong,adj_def_boundary,ADJ,Definite=Def|Degree=Pos|Number=Plur
органи,орган,орган,,и,орган и,орган и,correct,,NOUN,Definite=Ind|Gender=Masc|Number=Plur
подбора,подбор,подбор,,а,подбор а,подбор а,correct,,NOUN,Definite=Def|Gender=Masc|Number=Sing
фонда,фонд,фонд,,а,фонд а,фонд а,correct,,NOUN,Definite=Def|Gender=Masc|Number=Sing
финансови,финансов,финансов,,и,финансов и,финансов и,correct,,ADJ,Definite=Ind|Degree=Pos|Number=Plur
експерти,експерт,експерт,,и,експерт и,експерт и,correct,,NOUN,Definite=Ind|Gender=Masc|Number=Plur
конституцията,конституция,конституция,,та,конституция та,конституция та,correct,,NOUN,Definite=Def|Gender=Fem|Number=Sing
служат,служа,служа,,т,служа т,служа т,correct,,VERB,Aspect=Imp|Mood=Ind|Number=Plur|Person=3|Tense=Pres|VerbForm=Fin|Voice=Act
войната,война,война,,та,война та,война та,correct,,NOUN,Definite=Def|Gender=Fem|Number=Sing
аргументи,аргумент,аргумент,,и,аргумент и,аргумент и,correct,,NOUN,Definite=Ind|Gender=Masc|Number=Plur
необходимата,необходим,необходим,,ата,необходим ата,необходима та,wrong,adj_def_boundary,ADJ,Definite=Def|Degree=Pos|Gender=Fem|Number=Sing
концепцията,концепция,концепция,,та,концепция та,концепция та,correct,,NOUN,Definite=Def|Gender=Fem|Number=Sing
принципите,принцип,принцип,,ите,принцип ите,принцип ите,correct,,NOUN,Definite=Def|Gender=Masc|Number=Plur
методите,метод,метод,,ите,метод ите,метод ите,correct,,NOUN,Definite=Def|Gender=Masc|Number=Plur
организацията,организация,организация,,та,организация та,организация та,correct,,NOUN,Definite=Def|Gender=Fem|Number=Sing
процеса,процес,процес,,а,процес а,процес а,correct,,NOUN,Definite=Def|Gender=Masc|Number=Sing
разработването,разработване,разработване,,то,разработване то,разработване то,correct,,NOUN,Definite=Def|Gender=Neut|Number=Sing
плановете,план,план,,овете,план овете,план овете,correct,,NOUN,Definite=Def|Gender=Masc|Number=Plur
здрава,здрав,здрав,,а,здрав а,здрава,correct,adj_gender,ADJ,Definite=Ind|Degree=Pos|Gender=Fem|Number=Sing
единствената,единствен,единствен,,ата,единствен ата,единствена та,wrong,adj_def_boundary,ADJ,Definite=Def|Degree=Pos|Gender=Fem|Number=Sing
кокалчетата,кокалче,кокалче,,тата,кокалче тата,кокалче тата,correct,,NOUN,Definite=Def|Gender=Neut|Number=Plur
лявата,ляв,ляв,,ата,ляв ата,лява та,wrong,adj_def_boundary,ADJ,Definite=Def|Degree=Pos|Gender=Fem|Number=Sing
нормата,норма,норма,,та,норма та,норма та,correct,,NOUN,Definite=Def|Gender=Fem|Number=Sing
правителствените,правителствен,правителствен,,ите,правителствен ите,правителствен ите,correct,,ADJ,Definite=Def|Degree=Pos|Number=Plur
ръководители,ръководител,ръководител,,и,ръководител и,ръководител и,correct,,NOUN,Definite=Ind|Gender=Masc|Number=Plur
съюза,съюз,съюз,,а,съюз а,съюз а,correct,,NOUN,Definite=Def|Gender=Masc|Number=Sing
обсъдят,обсъдя,обсъдя,,т,обсъдя т,обсъдя т,correct,,VERB,Aspect=Perf|Mood=Ind|Number=Plur|Person=3|Tense=Pres|VerbForm=Fin|Voice=Act
ескалацията,ескалация,ескалация,,та,ескалация та,ескалация та,correct,,NOUN,Definite=Def|Gender=Fem|Number=Sing
насилието,насилие,насилие,,то,насилие то,насилие то,correct,,NOUN,Definite=Def|Gender=Neut|Number=Sing
предприемачите,предприемач,предприемач,,ите,предприемач ите,предприемач ите,correct,,NOUN,Definite=Def|Gender=Masc|Number=Plur
преустройството,преустройство,преустройство,,то,преустройство то,преустройство то,correct,,NOUN,Definite=Def|Gender=Neut|Number=Sing
обекти,обект,обект,,и,обект и,обект и,correct,,NOUN,Definite=Ind|Gender=Masc|Number=Plur
общинските,общински,общински,,те,общински те,общинск ите,wrong,adj_def_boundary,ADJ,Definite=Def|Degree=Pos|Number=Plur
размера,размер,размер,,а,размер а,размер а,correct,,NOUN,Definite=Def|Gender=Masc|Number=Sing
финансовото,финансов,финансов,,ото,финансов ото,финансово то,wrong,adj_def_boundary,ADJ,Definite=Def|Degree=Pos|Gender=Neut|Number=Sing
безразличието,безразличие,безразличие,,то,безразличие то,безразличие то,correct,,NOUN,Definite=Def|Gender=Neut|Number=Sing
равнодушието,равнодушие,равнодушие,,то,равнодушие то,равнодушие то,correct,,NOUN,Definite=Def|Gender=Neut|Number=Sing
джипа,джип,джип,,а,джип а,джип а,correct,,NOUN,Definite=Def|Gender=Masc|Number=Sing
транзистора,транзистор,транзистор,,а,транзистор а,транзистор а,correct,,NOUN,Definite=Def|Gender=Masc|Number=Sing
бързо,бърз,бърз,,о,бърз о,бързо,correct,adj_gender,ADV,Degree=Pos
мироопазващи,мироопазващ,мироопазващ,,и,мироопазващ и,мироопазващи,correct,,ADJ,Aspect=Imp|Definite=Ind|Degree=Pos|Number=Plur|Tense=Pres|VerbForm=Part|Voice=Act
процесът,процес,процес,,ът,процес ът,процес ът,correct,,NOUN,Definite=Def|Gender=Masc|Number=Sing
прилагането,прилагане,прилагане,,то,прилагане то,прилагане то,correct,,NOUN,Definite=Def|Gender=Neut|Number=Sing
търговията,търговия,търговия,,та,търговия та,търговия та,correct,,NOUN,Definite=Def|Gender=Fem|Number=Sing
потребителите,потребител,потребител,,ите,потребител ите,потребител ите,correct,,NOUN,Definite=Def|Gender=Masc|Number=Plur
органите,орган,орган,,ите,орган ите,орган ите,correct,,NOUN,Definite=Def|Gender=Masc|Number=Plur
реда,ред,ред,,а,ред а,ред а,correct,,NOUN,Definite=Def|Gender=Masc|Number=Sing
коженото,кожен,кожен,,ото,кожен ото,кожено то,wrong,adj_def_boundary,ADJ,Definite=Def|Degree=Pos|Gender=Neut|Number=Sing
тавана,таван,таван,,а,таван а,таван а,correct,,NOUN,Definite=Def|Gender=Masc|Number=Sing
операцията,операция,операция,,та,операция та,операция та,correct,,NOUN,Definite=Def|Gender=Fem|Number=Sing
сполучлива,сполучлив,сполучлив,,а,сполучлив а,сполучлива,correct,adj_gender,ADJ,Definite=Ind|Degree=Pos|Gender=Fem|Number=Sing
боеготовността,боеготовност,боеготовност,,та,боеготовност та,боеготовност та,correct,,NOUN,Definite=Def|Gender=Fem|Number=Sing
боеспособността,боеспособност,боеспособност,,та,боеспособност та,боеспособност та,correct,,NOUN,Definite=Def|Gender=Fem|Number=Sing
гъвкави,гъвкав,гъвкав,,и,гъвкав и,гъвкав и,correct,,ADJ,Definite=Ind|Degree=Pos|Number=Plur
подходи,подход,подход,,и,подход и,подход и,correct,,NOUN,Definite=Ind|Gender=Masc|Number=Plur
дейностите,дейност,дейност,,ите,дейност ите,дейност ите,correct,,NOUN,Definite=Def|Gender=Fem|Number=Plur
целите,цел,цел,,ите,цел ите,цел ите,correct,,NOUN,Definite=Def|Gender=Fem|Number=Plur
приоритетите,приоритет,приоритет,,ите,приоритет ите,приоритет ите,correct,,NOUN,Definite=Def|Gender=Masc|Number=Plur
изпълнението,изпълнение,изпълнение,,то,изпълнение то,изпълнение то,correct,,NOUN,Definite=Def|Gender=Neut|Number=Sing
практическите,практически,практически,,те,практически те,практическ ите,wrong,adj_def_boundary,ADJ,Definite=Def|Degree=Pos|Number=Plur
достигнал,достигна,достигна,,л,достигна л,достигна л,correct,,VERB,Aspect=Perf|Definite=Ind|Gender=Masc|Number=Sing|Tense=Past|VerbForm=Part|Voice=Act
изминал,измина,измина,,л,измина л,измина л,correct,,VERB,Aspect=Perf|Definite=Ind|Gender=Masc|Number=Sing|Tense=Past|VerbForm=Part|Voice=Act
законите,закон,закон,,ите,закон ите,закон ите,correct,,NOUN,Definite=Def|Gender=Masc|Number=Plur
шансовете,шанс,шанс,,овете,шанс овете,шанс овете,correct,,NOUN,Definite=Def|Gender=Masc|Number=Plur
твърдата,твърд,твърд,,ата,твърд ата,твърда та,wrong,adj_def_boundary,ADJ,Definite=Def|Degree=Pos|Gender=Fem|Number=Sing
необходими,необходим,необходим,,и,необходим и,необходим и,correct,,ADJ,Definite=Ind|Degree=Pos|Number=Plur
населението,население,население,,то,население то,население то,correct,,NOUN,Definite=Def|Gender=Neut|Number=Sing
специалисти,специалист,специалист,,и,специалист и,специалист и,correct,,NOUN,Definite=Ind|Gender=Masc|Number=Plur
вечеринката,вечеринка,вечеринка,,та,вечеринка та,вечеринка та,correct,,NOUN,Definite=Def|Gender=Fem|Number=Sing
непознато,непознат,непознат,,о,непознат о,непознато,correct,adj_gender,ADV,Degree=Pos
заека,заек,заек,,а,заек а,заек а,correct,,NOUN,Definite=Def|Gender=Masc|Number=Sing
народи,народ,народ,,и,народ и,народ и,correct,,NOUN,Definite=Ind|Gender=Masc|Number=Plur
кръгът,кръг,кръг,,ът,кръг ът,кръг ът,correct,,NOUN,Definite=Def|Gender=Masc|Number=Sing
актове,акт,акт,,ове,акт ове,акт ове,correct,,NOUN,Definite=Ind|Gender=Masc|Number=Plur
възможността,възможност,възможност,,та,възможност та,възможност та,correct,,NOUN,Definite=Def|Gender=Fem|Number=Sing
разговорите,разговор,разговор,,ите,разговор ите,разговор ите,correct,,NOUN,Definite=Def|Gender=Masc|Number=Plur
познати,познат,познат,,и,познат и,познат и,correct,,ADJ,Definite=Ind|Degree=Pos|Number=Plur
непознати,непознат,непознат,,и,непознат и,непознат и,correct,,ADJ,Definite=Ind|Degree=Pos|Number=Plur
обща,общ,общ,,а,общ а,обща,correct,adj_gender,ADJ,Definite=Ind|Degree=Pos|Gender=Fem|Number=Sing
общината,община,община,,та,община та,община та,correct,,NOUN,Definite=Def|Gender=Fem|Number=Sing
пеперудата,пеперуда,пеперуда,,та,пеперуда та,пеперуда та,correct,,NOUN,Definite=Def|Gender=Fem|Number=Sing
отлетях,отлетя,отлетя,,х,отлетя х,отлетя х,correct,,VERB,Aspect=Perf|Mood=Ind|Number=Sing|Person=1|Tense=Past|VerbForm=Fin|Voice=Act
врявата,врява,врява,,та,врява та,врява та,correct,,NOUN,Definite=Def|Gender=Fem|Number=Sing
началника,началник,началник,,а,началник а,началник а,correct,,NOUN,Definite=Def|Gender=Masc|Number=Sing
високи,висок,висок,,и,висок и,висок и,correct,,ADJ,Definite=Ind|Degree=Pos|Number=Plur
постове,пост,пост,,ове,пост ове,пост ове,correct,,NOUN,Definite=Ind|Gender=Masc|Number=Plur
решението,решение,решение,,то,решение то,решение то,correct,,NOUN,Definite=Def|Gender=Neut|Number=Sing
безвизово,безвизов,безвизов,,о,безвизов о,безвизово,correct,adj_gender,ADV,Degree=Pos
българските,български,български,,те,български те,българск ите,wrong,adj_def_boundary,ADJ,Definite=Def|Degree=Pos|Number=Plur
външнополитическите,външнополитически,външнополитически,,те,външнополитически те,външнополитическ ите,wrong,adj_def_boundary,ADJ,Definite=Def|Degree=Pos|Number=Plur
приоритети,приоритет,приоритет,,и,приоритет и,приоритет и,correct,,NOUN,Definite=Ind|Gender=Masc|Number=Plur
инвеститори,инвеститор,инвеститор,,и,инвеститор и,инвеститор и,correct,,NOUN,Definite=Ind|Gender=Masc|Number=Plur
статистиката,статистика,статистика,,та,статистика та,статистика та,correct,,NOUN,Definite=Def|Gender=Fem|Number=Sing
тромава,тромав,тромав,,а,тромав а,тромава,correct,adj_gender,ADJ,Definite=Ind|Degree=Pos|Gender=Fem|Number=Sing
съгласието,съгласие,съгласие,,то,съгласие то,съгласие то,correct,,NOUN,Definite=Def|Gender=Neut|Number=Sing
началството,началство,началство,,то,началство то,началство то,correct,,NOUN,Definite=Def|Gender=Neut|Number=Sing
проекта,проект,проект,,а,проект а,проект а,correct,,NOUN,Definite=Def|Gender=Masc|Number=Sing
техниката,техника,техника,,та,техника та,техника та,correct,,NOUN,Definite=Def|Gender=Fem|Number=Sing
реформирането,реформиране,реформиране,,то,реформиране то,реформиране то,correct,,NOUN,Definite=Def|Gender=Neut|Number=Sing
поделението,поделение,поделение,,то,поделение то,поделение то,correct,,NOUN,Definite=Def|Gender=Neut|Number=Sing
примера,пример,пример,,а,пример а,пример а,correct,,NOUN,Definite=Def|Gender=Masc|Number=Sing
общественото,обществен,обществен,,ото,обществен ото,обществено то,wrong,adj_def_boundary,ADJ,Definite=Def|Degree=Pos|Gender=Neut|Number=Sing
по-голямата,голям,голям,по-,ата,по- голям ата,по- голяма та,partial,adj_def_boundary,ADJ,Definite=Def|Degree=Pos|Gender=Fem|Number=Sing
трудностите,трудност,трудност,,ите,трудност ите,трудност ите,correct,,NOUN,Definite=Def|Gender=Fem|Number=Plur
кадровия,кадрови,кадрови,,я,кадрови я,кадрови я,correct,,ADJ,Definite=Def|Degree=Pos|Gender=Masc|Number=Sing
състоянието,състояние,състояние,,то,състояние то,състояние то,correct,,NOUN,Definite=Def|Gender=Neut|Number=Sing
войсковия,войскови,войскови,,я,войскови я,войскови я,correct,,ADJ,Definite=Def|Degree=Pos|Gender=Masc|Number=Sing
цялото,цял,цял,,ото,цял ото,цяло то,wrong,adj_def_boundary,ADJ,Definite=Def|Degree=Pos|Gender=Neut|Number=Sing
режимът,режим,режим,,ът,режим ът,режим ът,correct,,NOUN,Definite=Def|Gender=Masc|Number=Sing
конфликти,конфликт,конфликт,,и,конфликт и,конфликт и,correct,,NOUN,Definite=Ind|Gender=Masc|Number=Plur
тарикати,тарикат,тарикат,,и,тарикат и,тарикат и,correct,,NOUN,Definite=Ind|Gender=Masc|Number=Plur
по-бързо,бързо,бързо,по-,,по- бързо,по- бързо,correct,,ADV,Degree=Cmp
инцидента,инцидент,инцидент,,а,инцидент а,инцидент а,correct,,NOUN,Definite=Def|Gender=Masc|Number=Sing
неописуема,неописуем,неописуем,,а,неописуем а,неописуема,correct,adj_gender,ADJ,Definite=Ind|Degree=Pos|Gender=Fem|Number=Sing
българският,български,български,,ят,български ят,български ят,correct,,ADJ,Definite=Def|Degree=Pos|Gender=Masc|Number=Sing
мъката,мъка,мъка,,та,мъка та,мъка та,correct,,NOUN,Definite=Def|Gender=Fem|Number=Sing
загиналите,загина,загина,,лите,загина лите,загинали те,wrong,adj_def_boundary,ADJ,Aspect=Perf|Definite=Def|Degree=Pos|Number=Plur|Tense=Past|VerbForm=Part|Voice=Act
телеграмата,телеграма,телеграма,,та,телеграма та,телеграма та,correct,,NOUN,Definite=Def|Gender=Fem|Number=Sing
бъдещия,бъдещ,бъдещ,,ия,бъдещ ия,бъдещ ия,correct,,ADJ,Definite=Def|Degree=Pos|Gender=Masc|Number=Sing
райони,район,район,,и,район и,район и,correct,,NOUN,Definite=Ind|Gender=Masc|Number=Plur
битката,битка,битка,,та,битка та,битка та,correct,,NOUN,Definite=Def|Gender=Fem|Number=Sing
стихията,стихия,стихия,,та,стихия та,стихия та,correct,,NOUN,Definite=Def|Gender=Fem|Number=Sing
останал,остана,остана,,л,остана л,остана л,correct,,VERB,Aspect=Perf|Definite=Ind|Gender=Masc|Number=Sing|Tense=Past|VerbForm=Part|Voice=Act
пантомимата,пантомима,пантомима,,та,пантомима та,пантомима та,correct,,NOUN,Definite=Def|Gender=Fem|Number=Sing
бежанския,бежански,бежански,,я,бежански я,бежански я,correct,,ADJ,Definite=Def|Degree=Pos|Gender=Masc|Number=Sing
етническия,етнически,етнически,,я,етнически я,етнически я,correct,,ADJ,Definite=Def|Degree=Pos|Gender=Masc|Number=Sing
призиви,призив,призив,,и,призив и,призив и,correct,,NOUN,Definite=Ind|Gender=Masc|Number=Plur
по-голяма,голям,голям,по-,а,по- голям а,по- голяма,partial,,ADJ,Definite=Ind|Degree=Pos|Gender=Fem|Number=Sing
жива,жив,жив,,а,жив а,жива,correct,adj_gender,ADJ,Definite=Ind|Degree=Pos|Gender=Fem|Number=Sing
картата,карта,карта,,та,карта та,карта та,correct,,NOUN,Definite=Def|Gender=Fem|Number=Sing
ваша,ваш,ваш,,а,ваш а,ваша,correct,adj_gender,DET,Definite=Ind|Gender=Fem|Number=Sing|Person=2|Poss=Yes|PronType=Prs
навечерието,навечерие,навечерие,,то,навечерие то,навечерие то,correct,,NOUN,Definite=Def|Gender=Neut|Number=Sing
идеята,идея,идея,,та,идея та,идея та,correct,,NOUN,Definite=Def|Gender=Fem|Number=Sing
хода,ход,ход,,а,ход а,ход а,correct,,NOUN,Definite=Def|Gender=Masc|Number=Sing
посещаемостта,посещаемост,посещаемост,,та,посещаемост та,посещаемост та,correct,,NOUN,Definite=Def|Gender=Fem|Number=Sing
оценката,оценка,оценка,,та,оценка та,оценка та,correct,,NOUN,Definite=Def|Gender=Fem|Number=Sing
инженера,инженер,инженер,,а,инженер а,инженер а,correct,,NOUN,Definite=Def|Gender=Masc|Number=Sing
най-евтиния,евтин,евтин,най-,ия,най- евтин ия,най- евтин ия,correct,,ADJ,Definite=Def|Degree=Sup|Gender=Masc|Number=Sing
най-голямата,голям,голям,най-,ата,най- голям ата,най- голяма та,partial,adj_def_boundary,ADJ,Definite=Def|Degree=Sup|Gender=Fem|Number=Sing
красивите,красив,красив,,ите,красив ите,красив ите,correct,,ADJ,Definite=Def|Degree=Pos|Number=Plur
по-силно,силно,силно,по-,,по- силно,по- силно,correct,,ADV,Degree=Cmp
разкаяно,разкаян,разкаян,,о,разкаян о,разкаяно,correct,adj_gender,ADV,Degree=Pos
вашия,ваш,ваш,,ия,ваш ия,ваш ия,correct,,DET,Definite=Def|Gender=Masc|Number=Sing|Person=2|Poss=Yes|PronType=Prs
годината,година,година,,та,година та,година та,correct,,NOUN,Definite=Def|Gender=Fem|Number=Sing
най-прост,прост,прост,най-,,най- прост,най- прост,correct,,ADJ,Definite=Ind|Degree=Pos|Gender=Masc|Number=Sing
качамачената,качамачен,качамачен,,ата,качамачен ата,качамачена та,wrong,adj_def_boundary,ADJ,Aspect=Perf|Definite=Def|Degree=Pos|Gender=Fem|Number=Sing|VerbForm=Part|Voice=Pass
аргументите,аргумент,аргумент,,ите,аргумент ите,аргумент ите,correct,,NOUN,Definite=Def|Gender=Masc|Number=Plur
парцали,парцал,парцал,,и,парцал и,парцал и,correct,,NOUN,Definite=Ind|Gender=Masc|Number=Plur
третия,трети,трети,,я,трети я,трети я,correct,,ADJ,Definite=Def|Degree=Pos|Gender=Masc|Number=Sing|NumType=Ord
разходите,разход,разход,,ите,разход ите,разход ите,correct,,NOUN,Definite=Def|Gender=Masc|Number=Plur
жизнеспособността,жизнеспособност,жизнеспособност,,та,жизнеспособност та,жизнеспособност та,correct,,NOUN,Definite=Def|Gender=Fem|Number=Sing
оттогава,тогава,тогава,от,,от тогава,оттогава,correct,,ADV,PronType=Dem
избори,избор,избор,,и,избор и,избор и,correct,,NOUN,Definite=Ind|Gender=Masc|Number=Plur
правото,право,право,,то,право то,право то,correct,,NOUN,Definite=Def|Gender=Neut|Number=Sing
телевизори,телевизор,телевизор,,и,телевизор и,телевизор и,correct,,NOUN,Definite=Ind|Gender=Masc|Number=Plur
жестоката,жесток,жесток,,ата,жесток ата,жестока та,wrong,adj_def_boundary,ADJ,Definite=Def|Degree=Pos|Gender=Fem|Number=Sing
градината,градина,градина,,та,градина та,градина та,correct,,NOUN,Definite=Def|Gender=Fem|Number=Sing
другата,друг,друг,,ата,друг ата,друга та,wrong,adj_def_boundary,ADJ,Definite=Def|Degree=Pos|Gender=Fem|Number=Sing
бившите,бивш,бивш,,ите,бивш ите,бивш ите,correct,,ADJ,Definite=Def|Degree=Pos|Number=Plur
комунистическите,комунистически,комунистически,,те,комунистически те,комунистическ ите,wrong,adj_def_boundary,ADJ,Definite=Def|Degree=Pos|Number=Plur
власти,власт,власт,,и,власт и,власт и,correct,,NOUN,Definite=Ind|Gender=Fem|Number=Plur
по-гъвкави,гъвкав,гъвкав,по-,и,по- гъвкав и,по- гъвкав и,correct,,ADJ,Definite=Ind|Degree=Pos|Number=Plur
собствените,собствен,собствен,,ите,собствен ите,собствен ите,correct,,ADJ,Definite=Def|Degree=Pos|Number=Plur
същото,същ,същ,,ото,същ ото,също то,wrong,adj_def_boundary,ADJ,Definite=Def|Degree=Pos|Gender=Neut|Number=Sing
имаме,имам,имам,,е,имам е,има ме,wrong,plu1person_boundary,VERB,Aspect=Imp|Mood=Ind|Number=Plur|Person=1|Tense=Pres|VerbForm=Fin|Voice=Act
определянето,определяне,определяне,,то,определяне то,определяне то,correct,,NOUN,Definite=Def|Gender=Neut|Number=Sing
качеството,качество,качество,,то,качество то,качество то,correct,,NOUN,Definite=Def|Gender=Neut|Number=Sing
въоръжението,въоръжение,въоръжение,,то,въоръжение то,въоръжение то,correct,,NOUN,Definite=Def|Gender=Neut|Number=Sing
бъдещи,бъдещ,бъдещ,,и,бъдещ и,бъдещ и,correct,,ADJ,Definite=Ind|Degree=Pos|Number=Plur
фактът,факт,факт,,ът,факт ът,факт ът,correct,,NOUN,Definite=Def|Gender=Masc|Number=Sing
ресурсите,ресурс,ресурс,,ите,ресурс ите,ресурс ите,correct,,NOUN,Definite=Def|Gender=Masc|Number=Plur
целта,цел,цел,,та,цел та,цел та,correct,,NOUN,Definite=Def|Gender=Fem|Number=Sing
въпросите,въпрос,въпрос,,ите,въпрос ите,въпрос ите,correct,,NOUN,Definite=Def|Gender=Masc|Number=Plur
изработването,изработване,изработване,,то,изработване то,изработване то,correct,,NOUN,Definite=Def|Gender=Neut|Number=Sing
общи,общ,общ,,и,общ и,общ и,correct,,ADJ,Definite=Ind|Degree=Pos|Number=Plur
осигурят,осигуря,осигуря,,т,осигуря т,осигуря т,correct,,VERB,Aspect=Perf|Mood=Ind|Number=Plur|Person=3|Tense=Pres|VerbForm=Fin|Voice=Act
офицерския,офицерски,офицерски,,я,офицерски я,офицерски я,correct,,ADJ,Definite=Def|Degree=Pos|Gender=Masc|Number=Sing
факта,факт,факт,,а,факт а,факт а,correct,,NOUN,Definite=Def|Gender=Masc|Number=Sing
министърът,министър,министър,,ът,министър ът,министър ът,correct,,NOUN,Definite=Def|Gender=Masc|Number=Sing
новите,нов,нов,,ите,нов ите,нов ите,correct,,ADJ,Definite=Def|Degree=Pos|Number=Plur
законът,закон,закон,,ът,закон ът,закон ът,correct,,NOUN,Definite=Def|Gender=Masc|Number=Sing
текстове,текст,текст,,ове,текст ове,текст ове,correct,,NOUN,Definite=Ind|Gender=Masc|Number=Plur
фона,фон,фон,,а,фон а,фон а,correct,,NOUN,Definite=Def|Gender=Masc|Number=Sing
неизяснена,неизяснен,неизяснен,,а,неизяснен а,неизяснена,correct,adj_gender,ADJ,Definite=Ind|Degree=Pos|Gender=Fem|Number=Sing
способи,способ,способ,,и,способ и,способ и,correct,,NOUN,Definite=Ind|Gender=Masc|Number=Plur
наши,наш,наш,,и,наш и,наши,correct,,DET,Definite=Ind|Number=Plur|Person=1|Poss=Yes|PronType=Prs
открита,открит,открит,,а,открит а,открита,correct,adj_gender,VERB,Aspect=Perf|Definite=Ind|Gender=Fem|Number=Sing|VerbForm=Part|Voice=Pass
начини,начин,начин,,и,начин и,начин и,correct,,NOUN,Definite=Ind|Gender=Masc|Number=Plur
политиката,политика,политика,,та,политика та,политика та,correct,,NOUN,Definite=Def|Gender=Fem|Number=Sing
необходимите,необходим,необходим,,ите,необходим ите,необходим ите,correct,,ADJ,Definite=Def|Degree=Pos|Number=Plur
анализи,анализ,анализ,,и,анализ и,анализ и,correct,,NOUN,Definite=Ind|Gender=Masc|Number=Plur
погледнаха,погледна,погледна,,ха,погледна ха,погледна ха,correct,,VERB,Aspect=Perf|Mood=Ind|Number=Plur|Person=3|Tense=Past|VerbForm=Fin|Voice=Act
формирането,формиране,формиране,,то,формиране то,формиране то,correct,,NOUN,Definite=Def|Gender=Neut|Number=Sing
чантата,чанта,чанта,,та,чанта та,чанта та,correct,,NOUN,Definite=Def|Gender=Fem|Number=Sing
изчезнала,изчезна,изчезна,,ла,изчезна ла,изчезна ла,correct,,VERB,Aspect=Perf|Definite=Ind|Gender=Fem|Number=Sing|Tense=Past|VerbForm=Part|Voice=Act
паметта,памет,памет,,та,памет та,памет та,correct,,NOUN,Definite=Def|Gender=Fem|Number=Sing
студентката,студентка,студентка,,та,студентка та,студентка та,correct,,NOUN,Definite=Def|Gender=Fem|Number=Sing
цената,цена,цена,,та,цена та,цена та,correct,,NOUN,Definite=Def|Gender=Fem|Number=Sing
компромиса,компромис,компромис,,а,компромис а,компромис а,correct,,NOUN,Definite=Def|Gender=Masc|Number=Sing
лекомислени,лекомислен,лекомислен,,и,лекомислен и,лекомислен и,correct,,ADJ,Definite=Ind|Degree=Pos|Number=Plur
драги,драг,драг,,и,драг и,драги,correct,,ADJ,Case=Voc|Degree=Pos|Gender=Masc|Number=Sing
господине,господин,господин,,е,господин е,господине,correct,,NOUN,Gender=Masc|Number=Sing
градът,град,град,,ът,град ът,град ът,correct,,NOUN,Definite=Def|Gender=Masc|Number=Sing
далечината,далечина,далечина,,та,далечина та,далечина та,correct,,NOUN,Definite=Def|Gender=Fem|Number=Sing
бягството,бягство,бягство,,то,бягство то,бягство то,correct,,NOUN,Definite=Def|Gender=Neut|Number=Sing
части,част,част,,и,част и,част и,correct,,NOUN,Definite=Ind|Gender=Fem|Number=Plur
отвъдокеанските,отвъдокеански,отвъдокеански,,те,отвъдокеански те,отвъдокеанск ите,wrong,adj_def_boundary,ADJ,Definite=Def|Degree=Pos|Number=Plur
партньори,партньор,партньор,,и,партньор и,партньор и,correct,,NOUN,Definite=Ind|Gender=Masc|Number=Plur
силата,сила,сила,,та,сила та,сила та,correct,,NOUN,Definite=Def|Gender=Fem|Number=Sing
предстоящите,предстоя,предстоя,,щите,предстоя щите,предстоящи те,wrong,adj_def_boundary,ADJ,Aspect=Imp|Definite=Def|Degree=Pos|Number=Plur|Tense=Pres|VerbForm=Part|Voice=Act
доверието,доверие,доверие,,то,доверие то,доверие то,correct,,NOUN,Definite=Def|Gender=Neut|Number=Sing
предстоят,предстоя,предстоя,,т,предстоя т,предстоя т,correct,,VERB,Aspect=Imp|Mood=Ind|Number=Plur|Person=3|Tense=Pres|VerbForm=Fin|Voice=Act
постигнат,постигна,постигна,,т,постигна т,постигнат,correct,,VERB,Aspect=Perf|Mood=Ind|Number=Sing|Person=3|VerbForm=Fin|Voice=Pass
сръбския,сръбски,сръбски,,я,сръбски я,сръбски я,correct,,ADJ,Definite=Def|Degree=Pos|Gender=Masc|Number=Sing
обществения,обществен,обществен,,ия,обществен ия,обществен ия,correct,,ADJ,Definite=Def|Degree=Pos|Gender=Masc|Number=Sing
ведомствения,ведомствен,ведомствен,,ия,ведомствен ия,ведомствен ия,correct,,ADJ,Definite=Def|Degree=Pos|Gender=Masc|Number=Sing
публикуването,публикуване,публикуване,,то,публикуване то,публикуване то,correct,,NOUN,Definite=Def|Gender=Neut|Number=Sing
съкращаването,съкращаване,съкращаване,,то,съкращаване то,съкращаване то,correct,,NOUN,Definite=Def|Gender=Neut|Number=Sing
срокове,срок,срок,,ове,срок ове,срок ове,correct,,NOUN,Definite=Ind|Gender=Masc|Number=Plur
макроикономическите,макроикономически,макроикономически,,те,макроикономически те,макроикономическ ите,wrong,adj_def_boundary,ADJ,Definite=Def|Degree=Pos|Number=Plur
реализацията,реализация,реализация,,та,реализация та,реализация та,correct,,NOUN,Definite=Def|Gender=Fem|Number=Sing
енергетиката,енергетика,енергетика,,та,енергетика та,енергетика та,correct,,NOUN,Definite=Def|Gender=Fem|Number=Sing
обичаме,обичам,обичам,,е,обичам е,обича ме,wrong,plu1person_boundary,VERB,Aspect=Imp|Mood=Ind|Number=Plur|Person=1|Tense=Pres|VerbForm=Fin|Voice=Act
изкарваме,изкарвам,изкарвам,,е,изкарвам е,изкарва ме,wrong,plu1person_boundary,VERB,Aspect=Imp|Mood=Ind|Number=Plur|Person=1|Tense=Pres|VerbForm=Fin|Voice=Act
хляба,хляб,хляб,,а,хляб а,хляб а,correct,,NOUN,Definite=Def|Gender=Masc|Number=Sing
човечеството,човечество,човечество,,то,човечество то,човечество то,correct,,NOUN,Definite=Def|Gender=Neut|Number=Sing
личността,личност,личност,,та,личност та,личност та,correct,,NOUN,Definite=Def|Gender=Fem|Number=Sing
отговорности,отговорност,отговорност,,и,отговорност и,отговорност и,correct,,NOUN,Definite=Ind|Gender=Fem|Number=Plur
възкачваме,възкачвам,възкачвам,,е,възкачвам е,възкачва ме,wrong,plu1person_boundary,VERB,Aspect=Imp|Mood=Ind|Number=Plur|Person=1|Tense=Pres|VerbForm=Fin|Voice=Act
стойности,стойност,стойност,,и,стойност и,стойност и,correct,,NOUN,Definite=Ind|Gender=Fem|Number=Plur
докторе,доктор,доктор,,е,доктор е,докторе,correct,,NOUN,Gender=Masc|Number=Sing
уважаеми,уважаем,уважаем,,и,уважаем и,уважаем и,correct,,ADJ,Definite=Ind|Degree=Pos|Number=Plur
председателю,председател,председател,,ю,председател ю,председателю,correct,,NOUN,Definite=Ind|Gender=Masc|Number=Sing
шинела,шинел,шинел,,а,шинел а,шинел а,correct,,NOUN,Definite=Def|Gender=Masc|Number=Sing
фуражката,фуражка,фуражка,,та,фуражка та,фуражка та,correct,,NOUN,Definite=Def|Gender=Fem|Number=Sing
караулът,караул,караул,,ът,караул ът,караул ът,correct,,NOUN,Definite=Def|Gender=Masc|Number=Sing
мухата,муха,муха,,та,муха та,муха та,correct,,NOUN,Definite=Def|Gender=Fem|Number=Sing
кръста,кръст,кръст,,а,кръст а,кръст а,correct,,NOUN,Definite=Def|Gender=Masc|Number=Sing
акредитацията,акредитация,акредитация,,та,акредитация та,акредитация та,correct,,NOUN,Definite=Def|Gender=Fem|Number=Sing
академията,академия,академия,,та,академия та,академия та,correct,,NOUN,Definite=Def|Gender=Fem|Number=Sing
рекат,река,река,,т,река т,река т,correct,,VERB,Aspect=Perf|Mood=Ind|Number=Plur|Person=3|Tense=Pres|VerbForm=Fin|Voice=Act
сезона,сезон,сезон,,а,сезон а,сезон а,correct,,NOUN,Definite=Def|Gender=Masc|Number=Sing
казачокът,казачок,казачок,,ът,казачок ът,казачок ът,correct,,NOUN,Definite=Def|Gender=Masc|Number=Sing
девизът,девиз,девиз,,ът,девиз ът,девиз ът,correct,,NOUN,Definite=Def|Gender=Masc|Number=Sing
новия,нов,нов,,ия,нов ия,нов ия,correct,,ADJ,Definite=Def|Degree=Pos|Gender=Masc|Number=Sing
контактите,контакт,контакт,,ите,контакт ите,контакт ите,correct,,NOUN,Definite=Def|Gender=Masc|Number=Plur
готовността,готовност,готовност,,та,готовност та,готовност та,correct,,NOUN,Definite=Def|Gender=Fem|Number=Sing
самото,сам,сам,,ото,сам ото,само то,wrong,adj_def_boundary,ADJ,Definite=Def|Degree=Pos|Gender=Neut|Number=Sing
вносителя,вносител,вносител,,я,вносител я,вносител я,correct,,NOUN,Definite=Def|Gender=Masc|Number=Sing
документи,документ,документ,,и,документ и,документ и,correct,,NOUN,Definite=Ind|Gender=Masc|Number=Plur
загрижеността,загриженост,загриженост,,та,загриженост та,загриженост та,correct,,NOUN,Definite=Def|Gender=Fem|Number=Sing
успеха,успех,успех,,а,успех а,успех а,correct,,NOUN,Definite=Def|Gender=Masc|Number=Sing
госпожата,госпожа,госпожа,,та,госпожа та,госпожа та,correct,,NOUN,Definite=Def|Gender=Fem|Number=Sing
тротоара,тротоар,тротоар,,а,тротоар а,тротоар а,correct,,NOUN,Definite=Def|Gender=Masc|Number=Sing
отговорността,отговорност,отговорност,,та,отговорност та,отговорност та,correct,,NOUN,Definite=Def|Gender=Fem|Number=Sing
таванът,таван,таван,,ът,таван ът,таван ът,correct,,NOUN,Definite=Def|Gender=Masc|Number=Sing
режисурата,режисура,режисура,,та,режисура та,режисура та,correct,,NOUN,Definite=Def|Gender=Fem|Number=Sing
мулета,муле,муле,,та,муле та,муле та,correct,,NOUN,Definite=Ind|Gender=Neut|Number=Plur
рисковете,риск,риск,,овете,риск овете,риск овете,correct,,NOUN,Definite=Def|Gender=Masc|Number=Plur
баницата,баница,баница,,та,баница та,баница та,correct,,NOUN,Definite=Def|Gender=Fem|Number=Sing
клона,клон,клон,,а,клон а,клон а,correct,,NOUN,Definite=Def|Gender=Masc|Number=Sing
бизнеса,бизнес,бизнес,,а,бизнес а,бизнес а,correct,,NOUN,Definite=Def|Gender=Masc|Number=Sing
ръководството,ръководство,ръководство,,то,ръководство то,ръководство то,correct,,NOUN,Definite=Def|Gender=Neut|Number=Sing
учението,учение,учение,,то,учение то,учение то,correct,,NOUN,Definite=Def|Gender=Neut|Number=Sing
явлението,явление,явление,,то,явление то,явление то,correct,,NOUN,Definite=Def|Gender=Neut|Number=Sing
бармана,барман,барман,,а,барман а,барман а,correct,,NOUN,Definite=Def|Gender=Masc|Number=Sing
рестото,ресто,ресто,,то,ресто то,ресто то,correct,,NOUN,Definite=Def|Gender=Neut|Number=Sing
сержантския,сержантски,сержантски,,я,сержантски я,сержантски я,correct,,ADJ,Definite=Def|Degree=Pos|Gender=Masc|Number=Sing
добруването,добруване,добруване,,то,добруване то,добруване то,correct,,NOUN,Definite=Def|Gender=Neut|Number=Sing
просперитета,просперитет,просперитет,,а,просперитет а,просперитет а,correct,,NOUN,Definite=Def|Gender=Masc|Number=Sing
нацията,нация,нация,,та,нация та,нация та,correct,,NOUN,Definite=Def|Gender=Fem|Number=Sing
прегръдката,прегръдка,прегръдка,,та,прегръдка та,прегръдка та,correct,,NOUN,Definite=Def|Gender=Fem|Number=Sing
бригадата,бригада,бригада,,та,бригада та,бригада та,correct,,NOUN,Definite=Def|Gender=Fem|Number=Sing
предстоящата,предстоя,предстоя,,щата,предстоя щата,предстояща та,wrong,adj_def_boundary,ADJ,Aspect=Imp|Definite=Def|Degree=Pos|Gender=Fem|Number=Sing|Tense=Pres|VerbForm=Part|Voice=Act
падането,падане,падане,,то,падане то,падане то,correct,,NOUN,Definite=Def|Gender=Neut|Number=Sing
читателите,читател,читател,,ите,читател ите,читател ите,correct,,NOUN,Definite=Def|Gender=Masc|Number=Plur
голямо,голям,голям,,о,голям о,голямо,correct,adj_gender,ADJ,Definite=Ind|Degree=Pos|Gender=Neut|Number=Sing
предложението,предложение,предложение,,то,предложение то,предложение то,correct,,NOUN,Definite=Def|Gender=Neut|Number=Sing
яденето,ядене,ядене,,то,ядене то,ядене то,correct,,NOUN,Definite=Def|Gender=Neut|Number=Sing
кочината,кочина,кочина,,та,кочина та,кочина та,correct,,NOUN,Definite=Def|Gender=Fem|Number=Sing
дейности,дейност,дейност,,и,дейност и,дейност и,correct,,NOUN,Definite=Ind|Gender=Fem|Number=Plur
гласуването,гласуване,гласуване,,то,гласуване то,гласуване то,correct,,NOUN,Definite=Def|Gender=Neut|Number=Sing
дейността,дейност,дейност,,та,дейност та,дейност та,correct,,NOUN,Definite=Def|Gender=Fem|Number=Sing
вашето,ваш,ваш,,ето,ваш ето,ваше то,wrong,adj_def_boundary,DET,Definite=Def|Gender=Neut|Number=Sing|Person=2|Poss=Yes|PronType=Prs
прегледът,преглед,преглед,,ът,преглед ът,преглед ът,correct,,NOUN,Definite=Def|Gender=Masc|Number=Sing
обучението,обучение,обучение,,то,обучение то,обучение то,correct,,NOUN,Definite=Def|Gender=Neut|Number=Sing
начините,начин,начин,,ите,начин ите,начин ите,correct,,NOUN,Definite=Def|Gender=Masc|Number=Plur
преминаваме,преминавам,преминавам,,е,преминавам е,преминава ме,wrong,plu1person_boundary,VERB,Aspect=Imp|Mood=Ind|Number=Plur|Person=1|Tense=Pres|VerbForm=Fin|Voice=Act
измерението,измерение,измерение,,то,измерение то,измерение то,correct,,NOUN,Definite=Def|Gender=Neut|Number=Sing
търпеливата,търпелив,търпелив,,ата,търпелив ата,търпелива та,wrong,adj_def_boundary,ADJ,Definite=Def|Degree=Pos|Gender=Fem|Number=Sing
необходимостта,необходимост,необходимост,,та,необходимост та,необходимост та,correct,,NOUN,Definite=Def|Gender=Fem|Number=Sing
наредбата,наредба,наредба,,та,наредба та,наредба та,correct,,NOUN,Definite=Def|Gender=Fem|Number=Sing
превъоръжаването,превъоръжаване,превъоръжаване,,то,превъоръжаване то,превъоръжаване то,correct,,NOUN,Definite=Def|Gender=Neut|Number=Sing
причината,причина,причина,,та,причина та,причина та,correct,,NOUN,Definite=Def|Gender=Fem|Number=Sing
класовете,клас,клас,,овете,клас овете,клас овете,correct,,NOUN,Definite=Def|Gender=Masc|Number=Plur
станали,стана,стана,,ли,стана ли,стана ли,correct,,VERB,Aspect=Perf|Definite=Ind|Number=Plur|Tense=Past|VerbForm=Part|Voice=Act
вносителите,вносител,вносител,,ите,вносител ите,вносител ите,correct,,NOUN,Definite=Def|Gender=Masc|Number=Plur
същата,същ,същ,,ата,същ ата,съща та,wrong,adj_def_boundary,ADJ,Definite=Def|Degree=Pos|Gender=Fem|Number=Sing
разговора,разговор,разговор,,а,разговор а,разговор а,correct,,NOUN,Definite=Def|Gender=Masc|Number=Sing
контролата,контрола,контрола,,та,контрола та,контрола та,correct,,NOUN,Definite=Def|Gender=Fem|Number=Sing
истината,истина,истина,,та,истина та,истина та,correct,,NOUN,Definite=Def|Gender=Fem|Number=Sing
пагони,пагон,пагон,,и,пагон и,пагон и,correct,,NOUN,Definite=Ind|Gender=Masc|Number=Plur
женствеността,женственост,женственост,,та,женственост та,женственост та,correct,,NOUN,Definite=Def|Gender=Fem|Number=Sing
интелекта,интелект,интелект,,а,интелект а,интелект а,correct,,NOUN,Definite=Def|Gender=Masc|Number=Sing
българката,българка,българка,,та,българка та,българка та,correct,,NOUN,Definite=Def|Gender=Fem|Number=Sing
висшисти,висшист,висшист,,и,висшист и,висшист и,correct,,NOUN,Definite=Ind|Gender=Masc|Number=Plur
слушалката,слушалка,слушалка,,та,слушалка та,слушалка та,correct,,NOUN,Definite=Def|Gender=Fem|Number=Sing
телефона,телефон,телефон,,а,телефон а,телефон а,correct,,NOUN,Definite=Def|Gender=Masc|Number=Sing
дена,ден,ден,,а,ден а,ден а,correct,,NOUN,Definite=Def|Gender=Masc|Number=Sing
копринения,копринен,копринен,,ия,копринен ия,копринен ия,correct,,ADJ,Definite=Def|Degree=Pos|Gender=Masc|Number=Sing
противодействието,противодействие,противодействие,,то,противодействие то,противодействие то,correct,,NOUN,Definite=Def|Gender=Neut|Number=Sing
самообладанието,самообладание,самообладание,,то,самообладание то,самообладание то,correct,,NOUN,Definite=Def|Gender=Neut|Number=Sing
усмивката,усмивка,усмивка,,та,усмивка та,усмивка та,correct,,NOUN,Definite=Def|Gender=Fem|Number=Sing
злорада,злорад,злорад,,а,злорад а,злорада,correct,,NOUN,Definite=Ind|Gender=Fem|Number=Sing
жестока,жесток,жесток,,а,жесток а,жестока,correct,adj_gender,ADJ,Definite=Ind|Degree=Pos|Gender=Fem|Number=Sing
люка,люк,люк,,а,люк а,люк а,correct,,NOUN,Definite=Def|Gender=Masc|Number=Sing
весело,весел,весел,,о,весел о,весело,correct,adj_gender,ADV,Degree=Pos
културата,култура,култура,,та,култура та,култура та,correct,,NOUN,Definite=Def|Gender=Fem|Number=Sing
смисълът,смисъл,смисъл,,ът,смисъл ът,смисъл ът,correct,,NOUN,Definite=Def|Gender=Masc|Number=Sing
простото,прост,прост,,ото,прост ото,просто то,wrong,adj_def_boundary,ADJ,Definite=Def|Degree=Pos|Gender=Neut|Number=Sing
френските,френски,френски,,те,френски те,френск ите,wrong,adj_def_boundary,ADJ,Definite=Def|Degree=Pos|Number=Plur
сиренета,сирене,сирене,,та,сирене та,сирене та,correct,,NOUN,Definite=Ind|Gender=Neut|Number=Plur
характеристиката,характеристика,характеристика,,та,характеристика та,характеристика та,correct,,NOUN,Definite=Def|Gender=Fem|Number=Sing
модела,модел,модел,,а,модел а,модел а,correct,,NOUN,Definite=Def|Gender=Masc|Number=Sing
методологията,методология,методология,,та,методология та,методология та,correct,,NOUN,Definite=Def|Gender=Fem|Number=Sing
вуза,вуз,вуз,,а,вуз а,вуз а,correct,,NOUN,Definite=Def|Gender=Masc|Number=Sing
преподаването,преподаване,преподаване,,то,преподаване то,преподаване то,correct,,NOUN,Definite=Def|Gender=Neut|Number=Sing
войсковите,войскови,войскови,,те,войскови те,войсков ите,wrong,adj_def_boundary,ADJ,Definite=Def|Degree=Pos|Number=Plur
командири,командир,командир,,и,командир и,командир и,correct,,NOUN,Definite=Ind|Gender=Masc|Number=Plur
зареждането,зареждане,зареждане,,то,зареждане то,зареждане то,correct,,NOUN,Definite=Def|Gender=Neut|Number=Sing
пристигнаха,пристигна,пристигна,,ха,пристигна ха,пристигна ха,correct,,VERB,Aspect=Perf|Mood=Ind|Number=Plur|Person=3|Tense=Past|VerbForm=Fin|Voice=Act
училището,училище,училище,,то,училище то,училище то,correct,,NOUN,Definite=Def|Gender=Neut|Number=Sing
базова,базов,базов,,а,базов а,базова,correct,adj_gender,ADJ,Definite=Ind|Degree=Pos|Gender=Fem|Number=Sing
успехи,успех,успех,,и,успех и,успех и,correct,,NOUN,Definite=Ind|Gender=Masc|Number=Plur
датата,дата,дата,,та,дата та,дата та,correct,,NOUN,Definite=Def|Gender=Fem|Number=Sing
сключването,сключване,сключване,,то,сключване то,сключване то,correct,,NOUN,Definite=Def|Gender=Neut|Number=Sing
прасето,прасе,прасе,,то,прасе то,прасе то,correct,,NOUN,Definite=Def|Gender=Neut|Number=Sing
щепсела,щепсел,щепсел,,а,щепсел а,щепсел а,correct,,NOUN,Definite=Def|Gender=Masc|Number=Sing
носа,нос,нос,,а,нос а,нос а,correct,,NOUN,Definite=Def|Gender=Masc|Number=Sing
кърпичката,кърпичка,кърпичка,,та,кърпичка та,кърпичка та,correct,,NOUN,Definite=Def|Gender=Fem|Number=Sing
товарят,товаря,товаря,,т,товаря т,товаря т,correct,,VERB,Aspect=Imp|Mood=Ind|Number=Plur|Person=3|Tense=Pres|VerbForm=Fin|Voice=Act
поведението,поведение,поведение,,то,поведение то,поведение то,correct,,NOUN,Definite=Def|Gender=Neut|Number=Sing
старшите,старши,старши,,те,старши те,старш ите,wrong,,NOUN,Definite=Def|Gender=Masc|Number=Plur
заглъхнаха,заглъхна,заглъхна,,ха,заглъхна ха,заглъхна ха,correct,,VERB,Aspect=Perf|Mood=Ind|Number=Plur|Person=3|Tense=Past|VerbForm=Fin|Voice=Act
гласовете,глас,глас,,овете,глас овете,глас овете,correct,,NOUN,Definite=Def|Gender=Masc|Number=Plur
процедурата,процедура,процедура,,та,процедура та,процедура та,correct,,NOUN,Definite=Def|Gender=Fem|Number=Sing
глътнал,глътна,глътна,,л,глътна л,глътна л,correct,,VERB,Aspect=Perf|Definite=Ind|Gender=Masc|Number=Sing|Tense=Past|VerbForm=Part|Voice=Act
вносители,вносител,вносител,,и,вносител и,вносител и,correct,,NOUN,Definite=Ind|Gender=Masc|Number=Plur
станала,стана,стана,,ла,стана ла,стана ла,correct,,VERB,Aspect=Perf|Definite=Ind|Gender=Fem|Number=Sing|Tense=Past|VerbForm=Part|Voice=Act
синът,син,син,,ът,син ът,син ът,correct,,NOUN,Definite=Def|Gender=Masc|Number=Sing
вървят,вървя,вървя,,т,вървя т,вървя т,correct,,VERB,Aspect=Imp|Mood=Ind|Number=Plur|Person=3|Tense=Pres|VerbForm=Fin|Voice=Act
булеварда,булевард,булевард,,а,булевард а,булевард а,correct,,NOUN,Definite=Def|Gender=Masc|Number=Sing
гарата,гара,гара,,та,гара та,гара та,correct,,NOUN,Definite=Def|Gender=Fem|Number=Sing
офицери,офицер,офицер,,и,офицер и,офицер и,correct,,NOUN,Definite=Ind|Gender=Masc|Number=Plur
самите,сам,сам,,ите,сам ите,сам ите,correct,,ADJ,Definite=Def|Degree=Pos|Number=Plur
младежи,младеж,младеж,,и,младеж и,младеж и,correct,,NOUN,Definite=Ind|Gender=Masc|Number=Plur
непоносимо,непоносим,непоносим,,о,непоносим о,непоносимо,correct,adj_gender,ADV,Degree=Pos
момичето,момиче,момиче,,то,момиче то,момиче то,correct,,NOUN,Definite=Def|Gender=Neut|Number=Sing
влязат,вляза,вляза,,т,вляза т,вляза т,correct,,VERB,Aspect=Perf|Mood=Ind|Number=Plur|Person=3|Tense=Pres|VerbForm=Fin|Voice=Act
темата,тема,тема,,та,тема та,тема та,correct,,NOUN,Definite=Def|Gender=Fem|Number=Sing
братчето,братче,братче,,то,братче то,братче то,correct,,NOUN,Definite=Def|Gender=Neut|Number=Sing
сестричето,сестриче,сестриче,,то,сестриче то,сестриче то,correct,,NOUN,Definite=Def|Gender=Neut|Number=Sing
обсъждането,обсъждане,обсъждане,,то,обсъждане то,обсъждане то,correct,,NOUN,Definite=Def|Gender=Neut|Number=Sing
законопроекта,законопроект,законопроект,,а,законопроект а,законопроект а,correct,,NOUN,Definite=Def|Gender=Masc|Number=Sing
устройството,устройство,устройство,,то,устройство то,устройство то,correct,,NOUN,Definite=Def|Gender=Neut|Number=Sing
територията,територия,територия,,та,територия та,територия та,correct,,NOUN,Definite=Def|Gender=Fem|Number=Sing
фотьойла,фотьойл,фотьойл,,а,фотьойл а,фотьойл а,correct,,NOUN,Definite=Def|Gender=Masc|Number=Sing
утвърждаването,утвърждаване,утвърждаване,,то,утвърждаване то,утвърждаване то,correct,,NOUN,Definite=Def|Gender=Neut|Number=Sing
влизането,влизане,влизане,,то,влизане то,влизане то,correct,,NOUN,Definite=Def|Gender=Neut|Number=Sing
посланическите,посланически,посланически,,те,посланически те,посланическ ите,wrong,adj_def_boundary,ADJ,Definite=Def|Degree=Pos|Number=Plur
литературата,литература,литература,,та,литература та,литература та,correct,,NOUN,Definite=Def|Gender=Fem|Number=Sing
гърмежи,гърмеж,гърмеж,,и,гърмеж и,гърмеж и,correct,,NOUN,Definite=Ind|Gender=Masc|Number=Plur
гърмяха,гърмя,гърмя,,ха,гърмя ха,гърмя ха,correct,,VERB,Aspect=Imp|Mood=Ind|Number=Plur|Person=3|Tense=Imp|VerbForm=Fin|Voice=Act
суматохата,суматоха,суматоха,,та,суматоха та,суматоха та,correct,,NOUN,Definite=Def|Gender=Fem|Number=Sing
визовият,визов,визов,,ият,визов ият,визов ият,correct,,ADJ,Definite=Def|Degree=Pos|Gender=Masc|Number=Sing
червиви,червив,червив,,и,червив и,червив и,correct,,ADJ,Definite=Ind|Degree=Pos|Number=Plur
правилника,правилник,правилник,,а,правилник а,правилник а,correct,,NOUN,Definite=Def|Gender=Masc|Number=Sing
министерството,министерство,министерство,,то,министерство то,министерство то,correct,,NOUN,Definite=Def|Gender=Neut|Number=Sing
изплащането,изплащане,изплащане,,то,изплащане то,изплащане то,correct,,NOUN,Definite=Def|Gender=Neut|Number=Sing
общия,общ,общ,,ия,общ ия,общ ия,correct,,ADJ,Definite=Def|Degree=Pos|Gender=Masc|Number=Sing
словенските,словенски,словенски,,те,словенски те,словенск ите,wrong,adj_def_boundary,ADJ,Definite=Def|Degree=Pos|Number=Plur
ваши,ваш,ваш,,и,ваш и,ваши,correct,,DET,Definite=Ind|Number=Plur|Person=2|Poss=Yes|PronType=Prs
касапинът,касапин,касапин,,ът,касапин ът,касапин ът,correct,,NOUN,Definite=Def|Gender=Masc|Number=Sing
свирепа,свиреп,свиреп,,а,свиреп а,свирепа,correct,adj_gender,ADJ,Definite=Ind|Degree=Pos|Gender=Fem|Number=Sing
кучето,куче,куче,,то,куче то,куче то,correct,,NOUN,Definite=Def|Gender=Neut|Number=Sing
съдържанието,съдържание,съдържание,,то,съдържание то,съдържание то,correct,,NOUN,Definite=Def|Gender=Neut|Number=Sing
необходимото,необходим,необходим,,ото,необходим ото,необходимо то,wrong,adj_def_boundary,ADJ,Definite=Def|Degree=Pos|Gender=Neut|Number=Sing
залата,зала,зала,,та,зала та,зала та,correct,,NOUN,Definite=Def|Gender=Fem|Number=Sing
борда,борд,борд,,а,борд а,борд а,correct,,NOUN,Definite=Def|Gender=Masc|Number=Sing
ухилените,ухилен,ухилен,,ите,ухилен ите,ухилен ите,correct,,ADJ,Definite=Def|Degree=Pos|Number=Plur
останалите,остана,остана,,лите,остана лите,останали те,wrong,adj_def_boundary,ADJ,Aspect=Perf|Definite=Def|Degree=Pos|Number=Plur|Tense=Past|VerbForm=Part|Voice=Act
курсанти,курсант,курсант,,и,курсант и,курсант и,correct,,NOUN,Definite=Ind|Gender=Masc|Number=Plur
професора,професор,професор,,а,професор а,професор а,correct,,NOUN,Definite=Def|Gender=Masc|Number=Sing
проблема,проблем,проблем,,а,проблем а,проблем а,correct,,NOUN,Definite=Def|Gender=Masc|Number=Sing
отражението,отражение,отражение,,то,отражение то,отражение то,correct,,NOUN,Definite=Def|Gender=Neut|Number=Sing
лекарите,лекар,лекар,,ите,лекар ите,лекар ите,correct,,NOUN,Definite=Def|Gender=Masc|Number=Plur
полицейския,полицейски,полицейски,,я,полицейски я,полицейски я,correct,,ADJ,Definite=Def|Degree=Pos|Gender=Masc|Number=Sing
висока,висок,висок,,а,висок а,висока,correct,adj_gender,ADJ,Definite=Ind|Degree=Pos|Gender=Fem|Number=Sing
екипи,екип,екип,,и,екип и,екип и,correct,,NOUN,Definite=Ind|Gender=Masc|Number=Plur
медицината,медицина,медицина,,та,медицина та,медицина та,correct,,NOUN,Definite=Def|Gender=Fem|Number=Sing
науката,наука,наука,,та,наука та,наука та,correct,,NOUN,Definite=Def|Gender=Fem|Number=Sing
спорта,спорт,спорт,,а,спорт а,спорт а,correct,,NOUN,Definite=Def|Gender=Masc|Number=Sing
припаси,припас,припас,,и,припас и,припаси,correct,,NOUN,Definite=Ind|Number=Ptan
допуснали,допусна,допусна,,ли,допусна ли,допусна ли,correct,,VERB,Aspect=Perf|Definite=Ind|Number=Plur|Tense=Past|VerbForm=Part|Voice=Act
ангажименти,ангажимент,ангажимент,,и,ангажимент и,ангажимент и,correct,,NOUN,Definite=Ind|Gender=Masc|Number=Plur
берат,бера,бера,,т,бера т,бера т,correct,,VERB,Aspect=Imp|Mood=Ind|Number=Plur|Person=3|Tense=Pres|VerbForm=Fin|Voice=Act
плодовете,плод,плод,,овете,плод овете,плод овете,correct,,NOUN,Definite=Def|Gender=Masc|Number=Plur
съставът,състав,състав,,ът,състав ът,състав ът,correct,,NOUN,Definite=Def|Gender=Masc|Number=Sing
щаба,щаб,щаб,,а,щаб а,щаб а,correct,,NOUN,Definite=Def|Gender=Masc|Number=Sing
новата,нов,нов,,ата,нов ата,нова та,wrong,adj_def_boundary,ADJ,Definite=Def|Degree=Pos|Gender=Fem|Number=Sing
нравствени,нравствен,нравствен,,и,нравствен и,нравствен и,correct,,ADJ,Definite=Ind|Degree=Pos|Number=Plur
пряката,пряк,пряк,,ата,пряк ата,пряка та,wrong,adj_def_boundary,ADJ,Definite=Def|Degree=Pos|Gender=Fem|Number=Sing
докторантите,докторант,докторант,,ите,докторант ите,докторант ите,correct,,NOUN,Definite=Def|Gender=Masc|Number=Plur
законови,законов,законов,,и,законов и,законов и,correct,,ADJ,Definite=Ind|Degree=Pos|Number=Plur
висшистите,висшист,висшист,,ите,висшист ите,висшист ите,correct,,NOUN,Definite=Def|Gender=Masc|Number=Plur
осезаеми,осезаем,осезаем,,и,осезаем и,осезаем и,correct,,ADJ,Definite=Ind|Degree=Pos|Number=Plur
престъпността,престъпност,престъпност,,та,престъпност та,престъпност та,correct,,NOUN,Definite=Def|Gender=Fem|Number=Sing
английският,английски,английски,,ят,английски ят,английски ят,correct,,ADJ,Definite=Def|Degree=Pos|Gender=Masc|Number=Sing
майчиният,майчин,майчин,,ият,майчин ият,майчин ият,correct,,ADJ,Definite=Def|Degree=Pos|Gender=Masc|Number=Sing
постъпването,постъпване,постъпване,,то,постъпване то,постъпване то,correct,,NOUN,Definite=Def|Gender=Neut|Number=Sing
декларацията,декларация,декларация,,та,декларация та,декларация та,correct,,NOUN,Definite=Def|Gender=Fem|Number=Sing
ключовото,ключов,ключов,,ото,ключов ото,ключово то,wrong,adj_def_boundary,ADJ,Definite=Def|Degree=Pos|Gender=Neut|Number=Sing
излязат,изляза,изляза,,т,изляза т,изляза т,correct,,VERB,Aspect=Perf|Mood=Ind|Number=Plur|Person=3|Tense=Pres|VerbForm=Fin|Voice=Act
финалът,финал,финал,,ът,финал ът,финал ът,correct,,NOUN,Definite=Def|Gender=Masc|Number=Sing
сомът,сом,сом,,ът,сом ът,сом ът,correct,,NOUN,Definite=Def|Gender=Masc|Number=Sing
рибата,риба,риба,,та,риба та,риба та,correct,,NOUN,Definite=Def|Gender=Fem|Number=Sing
вира,вир,вир,,а,вир а,вир а,correct,,NOUN,Definite=Def|Gender=Fem|Number=Sing
отговорът,отговор,отговор,,ът,отговор ът,отговор ът,correct,,NOUN,Definite=Def|Gender=Masc|Number=Sing
държавата,държава,държава,,та,държава та,държава та,correct,,NOUN,Definite=Def|Gender=Fem|Number=Sing
растежа,растеж,растеж,,а,растеж а,растеж а,correct,,NOUN,Definite=Def|Gender=Masc|Number=Sing
собствено,собствен,собствен,,о,собствен о,собствено,correct,adj_gender,ADV,Degree=Pos
задържането,задържане,задържане,,то,задържане то,задържане то,correct,,NOUN,Definite=Def|Gender=Neut|Number=Sing
флота,флот,флот,,а,флот а,флота,correct,,NOUN,Definite=Ind|Gender=Fem|Number=Sing
нишата,ниша,ниша,,та,ниша та,ниша та,correct,,NOUN,Definite=Def|Gender=Fem|Number=Sing
фигурата,фигура,фигура,,та,фигура та,фигура та,correct,,NOUN,Definite=Def|Gender=Fem|Number=Sing
боксьора,боксьор,боксьор,,а,боксьор а,боксьор а,correct,,NOUN,Definite=Def|Gender=Masc|Number=Sing
вдъхновението,вдъхновение,вдъхновение,,то,вдъхновение то,вдъхновение то,correct,,NOUN,Definite=Def|Gender=Neut|Number=Sing
по-добър,добър,добър,по-,,по- добър,по- добър,correct,,ADJ,Definite=Ind|Degree=Pos|Gender=Masc|Number=Sing
модата,мода,мода,,та,мода та,мода та,correct,,NOUN,Definite=Def|Gender=Fem|Number=Sing
космическите,космически,космически,,те,космически те,космическ ите,wrong,adj_def_boundary,ADJ,Definite=Def|Degree=Pos|Number=Plur
градове,град,град,,ове,град ове,град ове,correct,,NOUN,Definite=Ind|Gender=Masc|Number=Plur
голямата,голям,голям,,ата,голям ата,голяма та,wrong,adj_def_boundary,ADJ,Definite=Def|Degree=Pos|Gender=Fem|Number=Sing
ранглистата,ранглиста,ранглиста,,та,ранглиста та,ранглиста та,correct,,NOUN,Definite=Def|Gender=Fem|Number=Sing
отбори,отбор,отбор,,и,отбор и,отбор и,correct,,NOUN,Definite=Ind|Gender=Masc|Number=Plur
лигата,лига,лига,,та,лига та,лига та,correct,,NOUN,Definite=Def|Gender=Fem|Number=Sing
по-устойчиво,устойчив,устойчив,по-,о,по- устойчив о,по- устойчиво,partial,,ADV,Degree=Sup
независима,независим,независим,,а,независим а,независима,correct,adj_gender,ADJ,Definite=Ind|Degree=Pos|Gender=Fem|Number=Sing
устойчива,устойчив,устойчив,,а,устойчив а,устойчива,correct,adj_gender,ADJ,Definite=Ind|Degree=Pos|Gender=Fem|Number=Sing
същността,същност,същност,,та,същност та,същност та,correct,,NOUN,Definite=Def|Gender=Fem|Number=Sing
човека,човек,човек,,а,човек а,човек а,correct,,NOUN,Definite=Def|Gender=Masc|Number=Sing
другото,друг,друг,,ото,друг ото,друго то,wrong,adj_def_boundary,ADJ,Definite=Def|Degree=Pos|Gender=Neut|Number=Sing
съществено,съществен,съществен,,о,съществен о,съществено,correct,adj_gender,ADV,Degree=Pos
призива,призив,призив,,а,призив а,призив а,correct,,NOUN,Definite=Def|Gender=Masc|Number=Sing
кризата,криза,криза,,та,криза та,криза та,correct,,NOUN,Definite=Def|Gender=Fem|Number=Sing
лидери,лидер,лидер,,и,лидер и,лидер и,correct,,NOUN,Definite=Ind|Gender=Masc|Number=Plur
банката,банка,банка,,та,банка та,банка та,correct,,NOUN,Definite=Def|Gender=Fem|Number=Sing
депутати,депутат,депутат,,и,депутат и,депутат и,correct,,NOUN,Definite=Ind|Gender=Masc|Number=Plur
пилоти,пилот,пилот,,и,пилот и,пилот и,correct,,NOUN,Definite=Ind|Gender=Masc|Number=Plur
наблюдатели,наблюдател,наблюдател,,и,наблюдател и,наблюдател и,correct,,NOUN,Definite=Ind|Gender=Masc|Number=Plur
района,район,район,,а,район а,район а,correct,,NOUN,Definite=Def|Gender=Masc|Number=Sing
самолетите,самолет,самолет,,ите,самолет ите,самолет ите,correct,,NOUN,Definite=Def|Gender=Masc|Number=Plur
компенсираме,компенсирам,компенсирам,,е,компенсирам е,компенсира ме,wrong,plu1person_boundary,VERB,Aspect=Perf|Mood=Ind|Number=Plur|Person=1|Tense=Pres|VerbForm=Fin|Voice=Act
фактора,фактор,фактор,,а,фактор а,фактор а,correct,,NOUN,Definite=Def|Gender=Masc|Number=Sing
инвеститорите,инвеститор,инвеститор,,ите,инвеститор ите,инвеститор ите,correct,,NOUN,Definite=Def|Gender=Masc|Number=Plur
шефа,шеф,шеф,,а,шеф а,шеф а,correct,,NOUN,Definite=Def|Gender=Masc|Number=Sing
мнението,мнение,мнение,,то,мнение то,мнение то,correct,,NOUN,Definite=Def|Gender=Neut|Number=Sing
реализирането,реализиране,реализиране,,то,реализиране то,реализиране то,correct,,NOUN,Definite=Def|Gender=Neut|Number=Sing
интелектът,интелект,интелект,,ът,интелект ът,интелект ът,correct,,NOUN,Definite=Def|Gender=Masc|Number=Sing
богати,богат,богат,,и,богат и,богат и,correct,,ADJ,Definite=Ind|Degree=Pos|Number=Plur
богата,богат,богат,,а,богат а,богата,correct,adj_gender,ADJ,Definite=Ind|Degree=Pos|Gender=Fem|Number=Sing
кражбата,кражба,кражба,,та,кражба та,кражба та,correct,,NOUN,Definite=Def|Gender=Fem|Number=Sing
самата,сам,сам,,ата,сам ата,сама та,wrong,adj_def_boundary,ADJ,Definite=Def|Degree=Pos|Gender=Fem|Number=Sing
картината,картина,картина,,та,картина та,картина та,correct,,NOUN,Definite=Def|Gender=Fem|Number=Sing
шишето,шише,шише,,то,шише то,шише то,correct,,NOUN,Definite=Def|Gender=Neut|Number=Sing
ляво,ляв,ляв,,о,ляв о,ляво,correct,adj_gender,ADV,Degree=Pos
бързината,бързина,бързина,,та,бързина та,бързина та,correct,,NOUN,Definite=Def|Gender=Fem|Number=Sing
черепа,череп,череп,,а,череп а,череп а,correct,,NOUN,Definite=Def|Gender=Masc|Number=Sing
обединението,обединение,обединение,,то,обединение то,обединение то,correct,,NOUN,Definite=Def|Gender=Neut|Number=Sing
самочувствието,самочувствие,самочувствие,,то,самочувствие то,самочувствие то,correct,,NOUN,Definite=Def|Gender=Neut|Number=Sing
най-после,после,после,най-,,най- после,най- после,correct,,ADV,Degree=Pos
простата,прост,прост,,ата,прост ата,проста та,wrong,adj_def_boundary,ADJ,Definite=Def|Degree=Pos|Gender=Fem|Number=Sing
стихотворението,стихотворение,стихотворение,,то,стихотворение то,стихотворение то,correct,,NOUN,Definite=Def|Gender=Neut|Number=Sing
кръвта,кръв,кръв,,та,кръв та,кръв та,correct,,NOUN,Definite=Def|Gender=Fem|Number=Sing
скокът,скок,скок,,ът,скок ът,скок ът,correct,,NOUN,Definite=Def|Gender=Masc|Number=Sing
увеличението,увеличение,увеличение,,то,увеличение то,увеличение то,correct,,NOUN,Definite=Def|Gender=Neut|Number=Sing
широките,широк,широк,,ите,широк ите,широк ите,correct,,ADJ,Definite=Def|Degree=Pos|Number=Plur
по-голямото,голям,голям,по-,ото,по- голям ото,по- голямо то,partial,adj_def_boundary,ADJ,Definite=Def|Degree=Sup|Gender=Neut|Number=Sing
благодарствено,благодарствен,благодарствен,,о,благодарствен о,благодарствено,correct,adj_gender,ADV,Degree=Pos
пистата,писта,писта,,та,писта та,писта та,correct,,NOUN,Definite=Def|Gender=Fem|Number=Sing
люкът,люк,люк,,ът,люк ът,люк ът,correct,,NOUN,Definite=Def|Gender=Masc|Number=Sing
кабината,кабина,кабина,,та,кабина та,кабина та,correct,,NOUN,Definite=Def|Gender=Fem|Number=Sing
корпуса,корпус,корпус,,а,корпус а,корпус а,correct,,NOUN,Definite=Def|Gender=Masc|Number=Sing
превръщането,превръщане,превръщане,,то,превръщане то,превръщане то,correct,,NOUN,Definite=Def|Gender=Neut|Number=Sing
икономическия,икономически,икономически,,я,икономически я,икономически я,correct,,ADJ,Definite=Def|Degree=Pos|Gender=Masc|Number=Sing
обществените,обществен,обществен,,ите,обществен ите,обществен ите,correct,,ADJ,Definite=Def|Degree=Pos|Number=Plur
областите,област,област,,ите,област ите,област ите,correct,,NOUN,Definite=Def|Gender=Fem|Number=Plur
здравето,здраве,здраве,,то,здраве то,здраве то,correct,,NOUN,Definite=Def|Gender=Neut|Number=Sing
обществената,обществен,обществен,,ата,обществен ата,обществена та,wrong,adj_def_boundary,ADJ,Definite=Def|Degree=Pos|Gender=Fem|Number=Sing
осиновяването,осиновяване,осиновяване,,то,осиновяване то,осиновяване то,correct,,NOUN,Definite=Def|Gender=Neut|Number=Sing
осиновителите,осиновител,осиновител,,ите,осиновител ите,осиновител ите,correct,,NOUN,Definite=Def|Gender=Masc|Number=Plur
съдът,съд,съд,,ът,съд ът,съд ът,correct,,NOUN,Definite=Def|Gender=Masc|Number=Sing
родителите,родител,родител,,ите,родител ите,родител ите,correct,,NOUN,Definite=Def|Gender=Masc|Number=Plur
ремонтите,ремонт,ремонт,,ите,ремонт ите,ремонт ите,correct,,NOUN,Definite=Def|Gender=Masc|Number=Plur
бъдещо,бъдещ,бъдещ,,о,бъдещ о,бъдещо,correct,adj_gender,ADJ,Definite=Ind|Degree=Pos|Gender=Neut|Number=Sing
директорите,директор,директор,,ите,директор ите,директор ите,correct,,NOUN,Definite=Def|Gender=Masc|Number=Plur
мениджъри,мениджър,мениджър,,и,мениджър и,мениджър и,correct,,NOUN,Definite=Ind|Gender=Masc|Number=Plur
гъвкаво,гъвкав,гъвкав,,о,гъвкав о,гъвкаво,correct,adj_gender,ADV,Degree=Pos
тъгата,тъга,тъга,,та,тъга та,тъга та,correct,,NOUN,Definite=Def|Gender=Fem|Number=Sing
копнежът,копнеж,копнеж,,ът,копнеж ът,копнеж ът,correct,,NOUN,Definite=Def|Gender=Masc|Number=Sing
нещастието,нещастие,нещастие,,то,нещастие то,нещастие то,correct,,NOUN,Definite=Def|Gender=Neut|Number=Sing
гъбаря,гъбар,гъбар,,я,гъбар я,гъбаря,correct,,NOUN,Definite=Ind|Gender=Fem|Number=Sing
утолят,утоля,утоля,,т,утоля т,утоля т,correct,,VERB,Aspect=Perf|Mood=Ind|Number=Plur|Person=3|Tense=Pres|VerbForm=Fin|Voice=Act
сметката,сметка,сметка,,та,сметка та,сметка та,correct,,NOUN,Definite=Def|Gender=Fem|Number=Sing
водача,водач,водач,,а,водач а,водач а,correct,,NOUN,Definite=Def|Gender=Masc|Number=Sing
накъде,къде,къде,на,,на къде,накъде,correct,,ADV,PronType=Int
часовника,часовник,часовник,,а,часовник а,часовник а,correct,,NOUN,Definite=Def|Gender=Masc|Number=Sing
възникналия,възникна,възникна,,лия,възникна лия,възникнали я,wrong,adj_def_boundary,ADJ,Aspect=Perf|Definite=Def|Degree=Pos|Gender=Masc|Number=Sing|Tense=Past|VerbForm=Part|Voice=Act
постигането,постигане,постигане,,то,постигане то,постигане то,correct,,NOUN,Definite=Def|Gender=Neut|Number=Sing
срока,срок,срок,,а,срок а,срок а,correct,,NOUN,Definite=Def|Gender=Masc|Number=Sing
кредита,кредит,кредит,,а,кредит а,кредит а,correct,,NOUN,Definite=Def|Gender=Masc|Number=Sing
общинския,общински,общински,,я,общински я,общински я,correct,,ADJ,Definite=Def|Degree=Pos|Gender=Masc|Number=Sing
начина,начин,начин,,а,начин а,начин а,correct,,NOUN,Definite=Def|Gender=Masc|Number=Sing
интересите,интерес,интерес,,ите,интерес ите,интерес ите,correct,,NOUN,Definite=Def|Gender=Masc|Number=Plur
зачитането,зачитане,зачитане,,то,зачитане то,зачитане то,correct,,NOUN,Definite=Def|Gender=Neut|Number=Sing
върховенството,върховенство,върховенство,,то,върховенство то,върховенство то,correct,,NOUN,Definite=Def|Gender=Neut|Number=Sing
членовете,член,член,,овете,член овете,член овете,correct,,NOUN,Definite=Def|Gender=Masc|Number=Plur
инспектората,инспекторат,инспекторат,,а,инспекторат а,инспекторат а,correct,,NOUN,Definite=Def|Gender=Masc|Number=Sing
руменото,румен,румен,,ото,румен ото,румено то,wrong,adj_def_boundary,ADJ,Definite=Def|Degree=Pos|Gender=Neut|Number=Sing
банята,баня,баня,,та,баня та,баня та,correct,,NOUN,Definite=Def|Gender=Fem|Number=Sing
реверите,ревер,ревер,,ите,ревер ите,ревер ите,correct,,NOUN,Definite=Def|Gender=Masc|Number=Plur
халата,халат,халат,,а,халат а,хала та,wrong,,NOUN,Definite=Def|Gender=Fem|Number=Sing
парадокса,парадокс,парадокс,,а,парадокс а,парадокс а,correct,,NOUN,Definite=Def|Gender=Masc|Number=Sing
джоба,джоб,джоб,,а,джоб а,джоб а,correct,,NOUN,Definite=Def|Gender=Masc|Number=Sing
плика,плик,плик,,а,плик а,плик а,correct,,NOUN,Definite=Def|Gender=Masc|Number=Sing
бикините,бикини,бикини,,те,бикини те,бикини те,correct,,NOUN,Definite=Def|Number=Ptan
способността,способност,способност,,та,способност та,способност та,correct,,NOUN,Definite=Def|Gender=Fem|Number=Sing
привеждането,привеждане,привеждане,,то,привеждане то,привеждане то,correct,,NOUN,Definite=Def|Gender=Neut|Number=Sing
информацията,информация,информация,,та,информация та,информация та,correct,,NOUN,Definite=Def|Gender=Fem|Number=Sing
постигнатия,постигна,постигна,,тия,постигна тия,постигнати я,wrong,adj_def_boundary,ADJ,Aspect=Perf|Definite=Def|Degree=Pos|Gender=Masc|Number=Sing|VerbForm=Part|Voice=Pass
стомаха,стомах,стомах,,а,стомах а,стомах а,correct,,NOUN,Definite=Def|Gender=Masc|Number=Sing
фантаста,фантаст,фантаст,,а,фантаст а,фантаст а,correct,,NOUN,Definite=Def|Gender=Masc|Number=Sing
миналото,минало,минало,,то,минало то,минало то,correct,,NOUN,Definite=Def|Gender=Neut|Number=Sing
гушата,гуша,гуша,,та,гуша та,гуша та,correct,,NOUN,Definite=Def|Gender=Fem|Number=Sing
телефонът,телефон,телефон,,ът,телефон ът,телефон ът,correct,,NOUN,Definite=Def|Gender=Masc|Number=Sing
съзнанието,съзнание,съзнание,,то,съзнание то,съзнание то,correct,,NOUN,Definite=Def|Gender=Neut|Number=Sing
текущата,текущ,текущ,,ата,текущ ата,текуща та,wrong,adj_def_boundary,ADJ,Definite=Def|Degree=Pos|Gender=Fem|Number=Sing
дегенератите,дегенерат,дегенерат,,ите,дегенерат ите,дегенерат ите,correct,,NOUN,Definite=Def|Gender=Masc|Number=Plur
стадионите,стадион,стадион,,ите,стадион ите,стадион ите,correct,,NOUN,Definite=Def|Gender=Masc|Number=Plur
игрището,игрище,игрище,,то,игрище то,игрище то,correct,,NOUN,Definite=Def|Gender=Neut|Number=Sing
котето,коте,коте,,то,коте то,коте то,correct,,NOUN,Definite=Def|Gender=Neut|Number=Sing
кълбото,кълбо,кълбо,,то,кълбо то,кълбо то,correct,,NOUN,Definite=Def|Gender=Neut|Number=Sing
полата,пола,пола,,та,пола та,пола та,correct,,NOUN,Definite=Def|Gender=Fem|Number=Sing
насмешливо,насмешлив,насмешлив,,о,насмешлив о,насмешливо,correct,adj_gender,ADV,Degree=Pos
командирския,командирски,командирски,,я,командирски я,командирски я,correct,,ADJ,Definite=Def|Degree=Pos|Gender=Masc|Number=Sing
имало,има,има,,ло,има ло,има ло,correct,,VERB,Aspect=Imp|Definite=Ind|Gender=Neut|Number=Sing|Tense=Past|VerbForm=Part|Voice=Act
изчезнали,изчезна,изчезна,,ли,изчезна ли,изчезна ли,correct,,VERB,Aspect=Perf|Definite=Ind|Number=Plur|Tense=Past|VerbForm=Part|Voice=Act
мандата,мандат,мандат,,а,мандат а,мандат а,correct,,NOUN,Definite=Def|Gender=Masc|Number=Sing
обикновените,обикновен,обикновен,,ите,обикновен ите,обикновен ите,correct,,ADJ,Definite=Def|Degree=Pos|Number=Plur
налудничаво,налудничав,налудничав,,о,налудничав о,налудничаво,correct,adj_gender,ADV,Degree=Pos
каталога,каталог,каталог,,а,каталог а,каталог а,correct,,NOUN,Definite=Def|Gender=Masc|Number=Sing
тезгяха,тезгях,тезгях,,а,тезгях а,тезгях а,correct,,NOUN,Definite=Def|Gender=Masc|Number=Sing
сетрето,сетре,сетре,,то,сетре то,сетре то,correct,,NOUN,Definite=Def|Gender=Neut|Number=Sing
площада,площад,площад,,а,площад а,площад а,correct,,NOUN,Definite=Def|Gender=Masc|Number=Sing
становището,становище,становище,,то,становище то,становище то,correct,,NOUN,Definite=Def|Gender=Neut|Number=Sing
кумата,кума,кума,,та,кума та,кума та,correct,,NOUN,Definite=Def|Gender=Fem|Number=Sing
мотивацията,мотивация,мотивация,,та,мотивация та,мотивация та,correct,,NOUN,Definite=Def|Gender=Fem|Number=Sing
авторитета,авторитет,авторитет,,а,авторитет а,авторитет а,correct,,NOUN,Definite=Def|Gender=Masc|Number=Sing
примери,пример,пример,,и,пример и,пример и,correct,,NOUN,Definite=Ind|Gender=Masc|Number=Plur
вашите,ваш,ваш,,ите,ваш ите,ваш ите,correct,,DET,Definite=Def|Number=Plur|Person=2|Poss=Yes|PronType=Prs
хлябът,хляб,хляб,,ът,хляб ът,хляб ът,correct,,NOUN,Definite=Def|Gender=Masc|Number=Sing
деноминацията,деноминация,деноминация,,та,деноминация та,деноминация та,correct,,NOUN,Definite=Def|Gender=Fem|Number=Sing
стари,стар,стар,,и,стар и,стар и,correct,,ADJ,Definite=Ind|Degree=Pos|Number=Plur
левове,лев,лев,,ове,лев ове,лев ове,correct,,NOUN,Definite=Ind|Gender=Masc|Number=Plur
свикнат,свикна,свикна,,т,свикна т,свикна т,correct,,VERB,Aspect=Perf|Mood=Ind|Number=Plur|Person=3|Tense=Pres|VerbForm=Fin|Voice=Act
седмия,седми,седми,,я,седми я,седми я,correct,,ADJ,Definite=Def|Degree=Pos|Gender=Masc|Number=Sing|NumType=Ord
старата,стар,стар,,ата,стар ата,стара та,wrong,adj_def_boundary,ADJ,Definite=Def|Degree=Pos|Gender=Fem|Number=Sing
лампата,лампа,лампа,,та,лампа та,лампа та,correct,,NOUN,Definite=Def|Gender=Fem|Number=Sing
курсовете,курс,курс,,овете,курс овете,курс овете,correct,,NOUN,Definite=Def|Gender=Masc|Number=Plur
значимостта,значимост,значимост,,та,значимост та,значимост та,correct,,NOUN,Definite=Def|Gender=Fem|Number=Sing
строителството,строителство,строителство,,то,строителство то,строителство то,correct,,NOUN,Definite=Def|Gender=Neut|Number=Sing
кариерата,кариера,кариера,,та,кариера та,кариера та,correct,,NOUN,Definite=Def|Gender=Fem|Number=Sing
стигнахте,стигна,стигна,,хте,стигна хте,стигна хте,correct,,VERB,Aspect=Perf|Mood=Ind|Number=Plur|Person=2|Tense=Past|VerbForm=Fin|Voice=Act
ранга,ранг,ранг,,а,ранг а,ранг а,correct,,NOUN,Definite=Def|Gender=Masc|Number=Sing
полувремето,полувреме,полувреме,,то,полувреме то,полувреме то,correct,,NOUN,Definite=Def|Gender=Neut|Number=Sing
балкона,балкон,балкон,,а,балкон а,балкон а,correct,,NOUN,Definite=Def|Gender=Masc|Number=Sing
скалата,скала,скала,,та,скала та,скала та,correct,,NOUN,Definite=Def|Gender=Fem|Number=Sing
обсъждаме,обсъждам,обсъждам,,е,обсъждам е,обсъжда ме,wrong,plu1person_boundary,VERB,Aspect=Imp|Mood=Ind|Number=Plur|Person=1|Tense=Pres|VerbForm=Fin|Voice=Act
гърлото,гърло,гърло,,то,гърло то,гърло то,correct,,NOUN,Definite=Def|Gender=Neut|Number=Sing
осигуряването,осигуряване,осигуряване,,то,осигуряване то,осигуряване то,correct,,NOUN,Definite=Def|Gender=Neut|Number=Sing
гражданските,граждански,граждански,,те,граждански те,гражданск ите,wrong,adj_def_boundary,ADJ,Definite=Def|Degree=Pos|Number=Plur
локуми,локум,локум,,и,локум и,локум и,correct,,NOUN,Definite=Ind|Gender=Masc|Number=Plur
коша,кош,кош,,а,кош а,кош а,correct,,NOUN,Definite=Def|Gender=Masc|Number=Sing
стигнаха,стигна,стигна,,ха,стигна ха,стигна ха,correct,,VERB,Aspect=Perf|Mood=Ind|Number=Plur|Person=3|Tense=Past|VerbForm=Fin|Voice=Act
ъгловите,ъглов,ъглов,,ите,ъглов ите,ъглов ите,correct,,ADJ,Definite=Def|Degree=Pos|Number=Plur
немислима,немислим,немислим,,а,немислим а,немислима,correct,adj_gender,ADJ,Definite=Ind|Degree=Pos|Gender=Fem|Number=Sing
единството,единство,единство,,то,единство то,единство то,correct,,NOUN,Definite=Def|Gender=Neut|Number=Sing
неделимостта,неделимост,неделимост,,та,неделимост та,неделимост та,correct,,NOUN,Definite=Def|Gender=Fem|Number=Sing
настоящата,настоящ,настоящ,,ата,настоящ ата,настояща та,wrong,adj_def_boundary,ADJ,Definite=Def|Degree=Pos|Gender=Fem|Number=Sing
скиорите,скиор,скиор,,ите,скиор ите,скиор ите,correct,,NOUN,Definite=Def|Gender=Masc|Number=Plur
обектите,обект,обект,,ите,обект ите,обект ите,correct,,NOUN,Definite=Def|Gender=Masc|Number=Plur
волности,волност,волност,,и,волност и,волност и,correct,,NOUN,Definite=Ind|Gender=Fem|Number=Plur
пътищата,път,път,,ищата,път ищата,пътищ ата,wrong,,NOUN,Definite=Def|Gender=Masc|Number=Plur
правителственото,правителствен,правителствен,,ото,правителствен ото,правителствено то,wrong,adj_def_boundary,ADJ,Definite=Def|Degree=Pos|Gender=Neut|Number=Sing
потърсят,потърся,потърся,,т,потърся т,потърся т,correct,,VERB,Aspect=Perf|Mood=Ind|Number=Plur|Person=3|Tense=Pres|VerbForm=Fin|Voice=Act
прогнозираме,прогнозирам,прогнозирам,,е,прогнозирам е,прогнозира ме,wrong,plu1person_boundary,VERB,Aspect=Imp|Mood=Ind|Number=Plur|Person=1|Tense=Pres|VerbForm=Fin|Voice=Act
бюджетът,бюджет,бюджет,,ът,бюджет ът,бюджет ът,correct,,NOUN,Definite=Def|Gender=Masc|Number=Sing
равнището,равнище,равнище,,то,равнище то,равнище то,correct,,NOUN,Definite=Def|Gender=Neut|Number=Sing
държавността,държавност,държавност,,та,държавност та,държавност та,correct,,NOUN,Definite=Def|Gender=Fem|Number=Sing
гастроли,гастрол,гастрол,,и,гастрол и,гастрол и,correct,,NOUN,Definite=Ind|Gender=Masc|Number=Plur
трупата,трупа,трупа,,та,трупа та,трупа та,correct,,NOUN,Definite=Def|Gender=Fem|Number=Sing
гарнизоните,гарнизон,гарнизон,,ите,гарнизон ите,гарнизон ите,correct,,NOUN,Definite=Def|Gender=Masc|Number=Plur
отнякъде,някъде,някъде,от,,от някъде,отнякъде,correct,,ADV,PronType=Ind
следят,следя,следя,,т,следя т,следя т,correct,,VERB,Aspect=Imp|Mood=Ind|Number=Plur|Person=3|Tense=Pres|VerbForm=Fin|Voice=Act
визовите,визов,визов,,ите,визов ите,визов ите,correct,,ADJ,Definite=Def|Degree=Pos|Number=Plur
заплащането,заплащане,заплащане,,то,заплащане то,заплащане то,correct,,NOUN,Definite=Def|Gender=Neut|Number=Sing
нарядите,наряд,наряд,,ите,наряд ите,наряд ите,correct,,NOUN,Definite=Def|Gender=Masc|Number=Plur
мнозинството,мнозинство,мнозинство,,то,мнозинство то,мнозинство то,correct,,NOUN,Definite=Def|Gender=Neut|Number=Sing
вашата,ваш,ваш,,ата,ваш ата,ваш ата,correct,,DET,Definite=Def|Gender=Fem|Number=Sing|Person=2|Poss=Yes|PronType=Prs
процеси,процес,процес,,и,процес и,процес и,correct,,NOUN,Definite=Ind|Gender=Masc|Number=Plur
срокът,срок,срок,,ът,срок ът,срок ът,correct,,NOUN,Definite=Def|Gender=Masc|Number=Sing
отстояването,отстояване,отстояване,,то,отстояване то,отстояване то,correct,,NOUN,Definite=Def|Gender=Neut|Number=Sing
фондовите,фондов,фондов,,ите,фондов ите,фондов ите,correct,,ADJ,Definite=Def|Degree=Pos|Number=Plur
посредника,посредник,посредник,,а,посредник а,посредник а,correct,,NOUN,Definite=Def|Gender=Masc|Number=Sing
изпаднали,изпадна,изпадна,,ли,изпадна ли,изпадна ли,correct,,VERB,Aspect=Perf|Definite=Ind|Number=Plur|Tense=Past|VerbForm=Part|Voice=Act
договора,договор,договор,,а,договор а,договор а,correct,,NOUN,Definite=Def|Gender=Masc|Number=Sing
средата,среда,среда,,та,среда та,среда та,correct,,NOUN,Definite=Def|Gender=Fem|Number=Sing
пушилката,пушилка,пушилка,,та,пушилка та,пушилка та,correct,,NOUN,Definite=Def|Gender=Fem|Number=Sing
реката,река,река,,та,река та,река та,correct,,NOUN,Definite=Def|Gender=Fem|Number=Sing
силовите,силов,силов,,ите,силов ите,силов ите,correct,,ADJ,Definite=Def|Degree=Pos|Number=Plur
пиенето,пиене,пиене,,то,пиене то,пиене то,correct,,NOUN,Definite=Def|Gender=Neut|Number=Sing
униформените,униформен,униформен,,ите,униформен ите,униформен ите,correct,,ADJ,Definite=Def|Degree=Pos|Number=Plur
клепнало,клепна,клепна,,ло,клепна ло,клепна ло,correct,,VERB,Aspect=Perf|Definite=Ind|Gender=Neut|Number=Sing|Tense=Past|VerbForm=Part|Voice=Act
студена,студен,студен,,а,студен а,студена,correct,adj_gender,ADJ,Definite=Ind|Degree=Pos|Gender=Fem|Number=Sing
президента,президент,президент,,а,президент а,президент а,correct,,NOUN,Definite=Def|Gender=Masc|Number=Sing
следенето,следене,следене,,то,следене то,следене то,correct,,NOUN,Definite=Def|Gender=Neut|Number=Sing
закони,закон,закон,,и,закон и,закон и,correct,,NOUN,Definite=Ind|Gender=Masc|Number=Plur
униформени,униформен,униформен,,и,униформен и,униформен и,correct,,ADJ,Definite=Ind|Degree=Pos|Number=Plur
шефове,шеф,шеф,,ове,шеф ове,шеф ове,correct,,NOUN,Definite=Ind|Gender=Masc|Number=Plur
бъдеща,бъдещ,бъдещ,,а,бъдещ а,бъдеща,correct,adj_gender,ADJ,Definite=Ind|Degree=Pos|Gender=Fem|Number=Sing
бивши,бивш,бивш,,и,бивш и,бивш и,correct,,ADJ,Definite=Ind|Degree=Pos|Number=Plur
етноси,етнос,етнос,,и,етнос и,етнос и,correct,,NOUN,Definite=Ind|Gender=Masc|Number=Plur
спирането,спиране,спиране,,то,спиране то,спиране то,correct,,NOUN,Definite=Def|Gender=Neut|Number=Sing
ударите,удар,удар,,ите,удар ите,удар ите,correct,,NOUN,Definite=Def|Gender=Masc|Number=Plur
най-сетне,сетне,сетне,най-,,най- сетне,най- сетне,correct,,ADV,Degree=Pos
предлагаме,предлагам,предлагам,,е,предлагам е,предлага ме,wrong,plu1person_boundary,VERB,Aspect=Imp|Mood=Ind|Number=Plur|Person=1|Tense=Pres|VerbForm=Fin|Voice=Act
формираме,формирам,формирам,,е,формирам е,формира ме,wrong,plu1person_boundary,VERB,Aspect=Imp|Mood=Ind|Number=Plur|Person=1|Tense=Pres|VerbForm=Fin|Voice=Act
основана,основа,основа,,на,основа на,основана,correct,,VERB,Aspect=Perf|Definite=Ind|Gender=Fem|Number=Sing|VerbForm=Part|Voice=Pass
планове,план,план,,ове,план ове,план ове,correct,,NOUN,Definite=Ind|Gender=Masc|Number=Plur
задължението,задължение,задължение,,то,задължение то,задължение то,correct,,NOUN,Definite=Def|Gender=Neut|Number=Sing
клепачи,клепач,клепач,,и,клепач и,клепач и,correct,,NOUN,Definite=Ind|Gender=Masc|Number=Plur
ботуши,ботуш,ботуш,,и,ботуш и,ботуш и,correct,,NOUN,Definite=Ind|Gender=Masc|Number=Plur
високата,висок,висок,,ата,висок ата,висока та,wrong,adj_def_boundary,ADJ,Definite=Def|Degree=Pos|Gender=Fem|Number=Sing
пилотския,пилотски,пилотски,,я,пилотски я,пилотски я,correct,,ADJ,Definite=Def|Degree=Pos|Gender=Masc|Number=Sing
пъпа,пъп,пъп,,а,пъп а,пъп а,correct,,NOUN,Definite=Def|Gender=Masc|Number=Sing
леко,лек,лек,,о,лек о,леко,correct,adj_gender,ADV,Degree=Pos
мъжа,мъж,мъж,,а,мъж а,мъж а,correct,,NOUN,Definite=Def|Gender=Masc|Number=Sing
двайсетия,двайсети,двайсети,,я,двайсети я,двайсети я,correct,,ADJ,Definite=Def|Degree=Pos|Gender=Masc|Number=Sing|NumType=Ord
смущението,смущение,смущение,,то,смущение то,смущение то,correct,,NOUN,Definite=Def|Gender=Neut|Number=Sing
господарят,господар,господар,,ят,господар ят,господар ят,correct,,NOUN,Definite=Def|Gender=Masc|Number=Sing
блестяща,блестя,блестя,,ща,блестя ща,блестяща,correct,,ADJ,Aspect=Imp|Definite=Ind|Degree=Pos|Gender=Fem|Number=Sing|Tense=Pres|VerbForm=Part|Voice=Act
успехите,успех,успех,,ите,успех ите,успех ите,correct,,NOUN,Definite=Def|Gender=Masc|Number=Plur
значими,значим,значим,,и,значим и,значим и,correct,,ADJ,Definite=Ind|Degree=Pos|Number=Plur
посетят,посетя,посетя,,т,посетя т,посетя т,correct,,VERB,Aspect=Perf|Mood=Ind|Number=Plur|Person=3|Tense=Pres|VerbForm=Fin|Voice=Act
насилственият,насилствен,насилствен,,ият,насилствен ият,насилствен ият,correct,,ADJ,Definite=Def|Degree=Pos|Gender=Masc|Number=Sing
топлофикацията,топлофикация,топлофикация,,та,топлофикация та,топлофикация та,correct,,NOUN,Definite=Def|Gender=Fem|Number=Sing
собствеността,собственост,собственост,,та,собственост та,собственост та,correct,,NOUN,Definite=Def|Gender=Fem|Number=Sing
жилището,жилище,жилище,,то,жилище то,жилище то,correct,,NOUN,Definite=Def|Gender=Neut|Number=Sing
кварталът,квартал,квартал,,ът,квартал ът,квартал ът,correct,,NOUN,Definite=Def|Gender=Masc|Number=Sing
важността,важност,важност,,та,важност та,важност та,correct,,NOUN,Definite=Def|Gender=Fem|Number=Sing
законовите,законов,законов,,ите,законов ите,законов ите,correct,,ADJ,Definite=Def|Degree=Pos|Number=Plur
границата,граница,граница,,та,граница та,граница та,correct,,NOUN,Definite=Def|Gender=Fem|Number=Sing
закона,закон,закон,,а,закон а,закон а,correct,,NOUN,Definite=Def|Gender=Masc|Number=Sing
същите,същ,същ,,ите,същ ите,същ ите,correct,,ADJ,Definite=Def|Degree=Pos|Number=Plur
нанякъде,някъде,някъде,на,,на някъде,нанякъде,correct,,ADV,PronType=Ind
кабелите,кабел,кабел,,ите,кабел ите,кабел ите,correct,,NOUN,Definite=Def|Gender=Masc|Number=Plur
треперят,треперя,треперя,,т,треперя т,треперя т,correct,,VERB,Aspect=Imp|Mood=Ind|Number=Plur|Person=3|Tense=Pres|VerbForm=Fin|Voice=Act
радио-,радио,радио,,-,радио -,радио,correct,,,
планетата,планета,планета,,та,планета та,планета та,correct,,NOUN,Definite=Def|Gender=Fem|Number=Sing
смахнати,смахнат,смахнат,,и,смахнат и,смахнат и,correct,,ADJ,Definite=Ind|Degree=Pos|Number=Plur
доктори,доктор,доктор,,и,доктор и,доктор и,correct,,NOUN,Definite=Ind|Gender=Masc|Number=Plur
периода,период,период,,а,период а,период а,correct,,NOUN,Definite=Def|Gender=Masc|Number=Sing
функцията,функция,функция,,та,функция та,функция та,correct,,NOUN,Definite=Def|Gender=Fem|Number=Sing
слабости,слабост,слабост,,и,слабост и,слабост и,correct,,NOUN,Definite=Ind|Gender=Fem|Number=Plur
писарят,писар,писар,,ят,писар ят,писар ят,correct,,NOUN,Definite=Def|Gender=Masc|Number=Sing
наша,наш,наш,,а,наш а,наша,correct,adj_gender,DET,Definite=Ind|Gender=Fem|Number=Sing|Person=1|Poss=Yes|PronType=Prs
шапката,шапка,шапка,,та,шапка та,шапка та,correct,,NOUN,Definite=Def|Gender=Fem|Number=Sing
реалности,реалност,реалност,,и,реалност и,реалност и,correct,,NOUN,Definite=Ind|Gender=Fem|Number=Plur
отряди,отряд,отряд,,и,отряд и,отряд и,correct,,NOUN,Definite=Ind|Gender=Masc|Number=Plur
използваме,използвам,използвам,,е,използвам е,използва ме,wrong,plu1person_boundary,VERB,Aspect=Imp|Mood=Ind|Number=Plur|Person=1|Tense=Pres|VerbForm=Fin|Voice=Act
възлагането,възлагане,възлагане,,то,възлагане то,възлагане то,correct,,NOUN,Definite=Def|Gender=Neut|Number=Sing
общото,общ,общ,,ото,общ ото,общо то,wrong,adj_def_boundary,ADJ,Definite=Def|Degree=Pos|Gender=Neut|Number=Sing
смесения,смесен,смесен,,ия,смесен ия,смесен ия,correct,,ADJ,Definite=Def|Degree=Pos|Gender=Masc|Number=Sing
грабнал,грабна,грабна,,л,грабна л,грабна л,correct,,VERB,Aspect=Perf|Definite=Ind|Gender=Masc|Number=Sing|Tense=Past|VerbForm=Part|Voice=Act
покрива,покрив,покрив,,а,покрив а,покрив а,correct,,NOUN,Definite=Def|Gender=Masc|Number=Sing
застанат,застана,застана,,т,застана т,застана т,correct,,VERB,Aspect=Perf|Mood=Ind|Number=Plur|Person=3|Tense=Pres|VerbForm=Fin|Voice=Act
компонентите,компонент,компонент,,ите,компонент ите,компонент ите,correct,,NOUN,Definite=Def|Gender=Masc|Number=Plur
младата,млад,млад,,ата,млад ата,млада та,wrong,adj_def_boundary,ADJ,Definite=Def|Degree=Pos|Gender=Fem|Number=Sing
дроба,дроб,дроб,,а,дроб а,дроб а,correct,,NOUN,Definite=Def|Gender=Masc|Number=Sing
реактори,реактор,реактор,,и,реактор и,реактор и,correct,,NOUN,Definite=Ind|Gender=Masc|Number=Plur
продължат,продължа,продължа,,т,продължа т,продължа т,correct,,VERB,Aspect=Perf|Mood=Ind|Number=Plur|Person=3|Tense=Pres|VerbForm=Fin|Voice=Act
докогато,когато,когато,до,,до когато,докогато,correct,,ADV,PronType=Rel
играчи,играч,играч,,и,играч и,играч и,correct,,NOUN,Definite=Ind|Gender=Masc|Number=Plur
треперлива,треперлив,треперлив,,а,треперлив а,треперлива,correct,adj_gender,ADJ,Definite=Ind|Degree=Pos|Gender=Fem|Number=Sing
слънчева,слънчев,слънчев,,а,слънчев а,слънчева,correct,adj_gender,ADJ,Definite=Ind|Degree=Pos|Gender=Fem|Number=Sing
най-ясно,ясно,ясно,най-,,най- ясно,най- ясно,correct,,ADV,Degree=Sup
адмиралите,адмирал,адмирал,,ите,адмирал ите,адмирал ите,correct,,NOUN,Definite=Def|Gender=Masc|Number=Plur
прихлупената,прихлупен,прихлупен,,ата,прихлупен ата,прихлупена та,wrong,adj_def_boundary,ADJ,Definite=Def|Degree=Pos|Gender=Fem|Number=Sing
газена,газен,газен,,а,газен а,газена,correct,adj_gender,ADJ,Definite=Ind|Degree=Pos|Gender=Fem|Number=Sing
фактори,фактор,фактор,,и,фактор и,фактор и,correct,,NOUN,Definite=Ind|Gender=Masc|Number=Plur
по-лесно,лесно,лесно,по-,,по- лесно,по- лесно,correct,,ADV,Degree=Cmp
прераснат,прерасна,прерасна,,т,прерасна т,прерасна т,correct,,VERB,Aspect=Perf|Mood=Ind|Number=Plur|Person=3|Tense=Pres|VerbForm=Fin|Voice=Act
пряка,пряк,пряк,,а,пряк а,пряка,correct,adj_gender,ADJ,Definite=Ind|Degree=Pos|Gender=Fem|Number=Sing
пресичането,пресичане,пресичане,,то,пресичане то,пресичане то,correct,,NOUN,Definite=Def|Gender=Neut|Number=Sing
канали,канал,канал,,и,канал и,канал и,correct,,NOUN,Definite=Ind|Gender=Masc|Number=Plur
препоръката,препоръка,препоръка,,та,препоръка та,препоръка та,correct,,NOUN,Definite=Def|Gender=Fem|Number=Sing
потънала,потъна,потъна,,ла,потъна ла,потъна ла,correct,,VERB,Aspect=Perf|Definite=Ind|Gender=Fem|Number=Sing|Tense=Past|VerbForm=Part|Voice=Act
мрака,мрак,мрак,,а,мрак а,мрак а,correct,,NOUN,Definite=Def|Gender=Masc|Number=Sing
пожарите,пожар,пожар,,ите,пожар ите,пожар ите,correct,,NOUN,Definite=Def|Gender=Masc|Number=Plur
сътрудничат,сътруднича,сътруднича,,т,сътруднича т,сътруднича т,correct,,VERB,Aspect=Imp|Mood=Ind|Number=Plur|Person=3|Tense=Pres|VerbForm=Fin|Voice=Act
периферията,периферия,периферия,,та,периферия та,периферия та,correct,,NOUN,Definite=Def|Gender=Fem|Number=Sing
половината,половина,половина,,та,половина та,половина та,correct,,NOUN,Definite=Def|Gender=Fem|Number=Sing
дирекцията,дирекция,дирекция,,та,дирекция та,дирекция та,correct,,NOUN,Definite=Def|Gender=Fem|Number=Sing
полицията,полиция,полиция,,та,полиция та,полиция та,correct,,NOUN,Definite=Def|Gender=Fem|Number=Sing
чужденецът,чужденец,чужденец,,ът,чужденец ът,чужденец ът,correct,,NOUN,Definite=Def|Gender=Masc|Number=Sing
вървяла,вървя,вървя,,ла,вървя ла,вървя ла,correct,,VERB,Aspect=Imp|Definite=Ind|Gender=Fem|Number=Sing|Tense=Past|VerbForm=Part|Voice=Act
моторът,мотор,мотор,,ът,мотор ът,мотор ът,correct,,NOUN,Definite=Def|Gender=Masc|Number=Sing
мостове,мост,мост,,ове,мост ове,мост ове,correct,,NOUN,Definite=Ind|Gender=Masc|Number=Plur
мотора,мотор,мотор,,а,мотор а,мотор а,correct,,NOUN,Definite=Def|Gender=Masc|Number=Sing
персоналът,персонал,персонал,,ът,персонал ът,персонал ът,correct,,NOUN,Definite=Def|Gender=Masc|Number=Sing
фирмата,фирма,фирма,,та,фирма та,фирма та,correct,,NOUN,Definite=Def|Gender=Fem|Number=Sing
офиса,офис,офис,,а,офис а,офис а,correct,,NOUN,Definite=Def|Gender=Masc|Number=Sing
макарата,макара,макара,,та,макара та,макара та,correct,,NOUN,Definite=Def|Gender=Fem|Number=Sing
аванса,аванс,аванс,,а,аванс а,аванс а,correct,,NOUN,Definite=Def|Gender=Masc|Number=Sing
руските,руски,руски,,те,руски те,руск ите,wrong,adj_def_boundary,ADJ,Definite=Def|Degree=Pos|Number=Plur
мафиоти,мафиот,мафиот,,и,мафиот и,мафиот и,correct,,NOUN,Definite=Ind|Gender=Masc|Number=Plur
красивата,красив,красив,,ата,красив ата,красива та,wrong,adj_def_boundary,ADJ,Definite=Def|Degree=Pos|Gender=Fem|Number=Sing
най-лесно,лесно,лесно,най-,,най- лесно,най- лесно,correct,,ADV,Degree=Sup
хорове,хор,хор,,ове,хор ове,хор ове,correct,,NOUN,Definite=Ind|Gender=Masc|Number=Plur
вечерта,вечер,вечер,,та,вечер та,вечер та,correct,,NOUN,Definite=Def|Gender=Fem|Number=Sing
укрепването,укрепване,укрепване,,то,укрепване то,укрепване то,correct,,NOUN,Definite=Def|Gender=Neut|Number=Sing
единия,един,един,,ия,един ия,единия,correct,,PRON,Gender=Masc|Number=Sing|PronType=Ind
паралели,паралел,паралел,,и,паралел и,паралел и,correct,,NOUN,Definite=Ind|Gender=Masc|Number=Plur
плътността,плътност,плътност,,та,плътност та,плътност та,correct,,NOUN,Definite=Def|Gender=Fem|Number=Sing
региони,регион,регион,,и,регион и,регион и,correct,,NOUN,Definite=Ind|Gender=Masc|Number=Plur
слухове,слух,слух,,ове,слух ове,слух ове,correct,,NOUN,Definite=Ind|Gender=Masc|Number=Plur
мяха,мях,мях,,а,мях а,мяха,correct,,NOUN,Definite=Ind|Gender=Masc|Number=Sing
ярета,яре,яре,,та,яре та,яре та,correct,,NOUN,Definite=Ind|Gender=Neut|Number=Plur
братя,брат,брат,,я,брат я,братя,correct,,NOUN,Definite=Ind|Gender=Masc|Number=Plur
житото,жито,жито,,то,жито то,жито то,correct,,NOUN,Definite=Def|Gender=Neut|Number=Sing
ръжта,ръж,ръж,,та,ръж та,ръж та,correct,,NOUN,Definite=Def|Gender=Fem|Number=Sing
ечемика,ечемик,ечемик,,а,ечемик а,ечемик а,correct,,NOUN,Definite=Def|Gender=Masc|Number=Sing
розовото,розов,розов,,ото,розов ото,розово то,wrong,adj_def_boundary,ADJ,Definite=Def|Degree=Pos|Gender=Neut|Number=Sing
лайкучката,лайкучка,лайкучка,,та,лайкучка та,лайкучка та,correct,,NOUN,Definite=Def|Gender=Fem|Number=Sing
ментата,мента,мента,,та,мента та,мента та,correct,,NOUN,Definite=Def|Gender=Fem|Number=Sing
депутатите,депутат,депутат,,ите,депутат ите,депутат ите,correct,,NOUN,Definite=Def|Gender=Masc|Number=Plur
по-конкретно,конкретно,конкретно,по-,,по- конкретно,по- конкретно,correct,,ADV,Degree=Sup
по-реално,реално,реално,по-,,по- реално,по- реално,correct,,ADV,Degree=Sup
правотата,правота,правота,,та,правота та,правота та,correct,,NOUN,Definite=Def|Gender=Fem|Number=Sing
генералските,генералски,генералски,,те,генералски те,генералск ите,wrong,adj_def_boundary,ADJ,Definite=Def|Degree=Pos|Number=Plur
разбирателството,разбирателство,разбирателство,,то,разбирателство то,разбирателство то,correct,,NOUN,Definite=Def|Gender=Neut|Number=Sing
компютъра,компютър,компютър,,а,компютър а,компютър а,correct,,NOUN,Definite=Def|Gender=Masc|Number=Sing
страховити,страховит,страховит,,и,страховит и,страховит и,correct,,ADJ,Definite=Ind|Degree=Pos|Number=Plur
експерименти,експеримент,експеримент,,и,експеримент и,експеримент и,correct,,NOUN,Definite=Ind|Gender=Masc|Number=Plur
правия,прав,прав,,ия,прав ия,прав ия,correct,,NOUN,Definite=Def|Gender=Masc|Number=Sing
преценката,преценка,преценка,,та,преценка та,преценка та,correct,,NOUN,Definite=Def|Gender=Fem|Number=Sing
годността,годност,годност,,та,годност та,годност та,correct,,NOUN,Definite=Def|Gender=Fem|Number=Sing
вината,вина,вина,,та,вина та,вина та,correct,,NOUN,Definite=Def|Gender=Fem|Number=Sing
споразумението,споразумение,споразумение,,то,споразумение то,споразумение то,correct,,NOUN,Definite=Def|Gender=Neut|Number=Sing
сръбските,сръбски,сръбски,,те,сръбски те,сръбск ите,wrong,adj_def_boundary,ADJ,Definite=Def|Degree=Pos|Number=Plur
прости,прост,прост,,и,прост и,прост и,correct,,VERB,Aspect=Perf|Mood=Ind|Number=Sing|Person=3|Tense=Past|VerbForm=Fin|Voice=Act
тестото,тесто,тесто,,то,тесто то,тесто то,correct,,NOUN,Definite=Def|Gender=Neut|Number=Sing
етикецията,етикеция,етикеция,,та,етикеция та,етикеция та,correct,,NOUN,Definite=Def|Gender=Fem|Number=Sing
домакините,домакин,домакин,,ите,домакин ите,домакин ите,correct,,NOUN,Definite=Def|Gender=Masc|Number=Plur
скандали,скандал,скандал,,и,скандал и,скандал и,correct,,NOUN,Definite=Ind|Gender=Masc|Number=Plur
държавникът,държавник,държавник,,ът,държавник ът,държавник ът,correct,,NOUN,Definite=Def|Gender=Masc|Number=Sing
директори,директор,директор,,и,директор и,директор и,correct,,NOUN,Definite=Ind|Gender=Masc|Number=Plur
заводи,завод,завод,,и,завод и,завод и,correct,,NOUN,Definite=Ind|Gender=Masc|Number=Plur
завода,завод,завод,,а,завод а,завод а,correct,,NOUN,Definite=Def|Gender=Masc|Number=Sing
откраднал,открадна,открадна,,л,открадна л,открадна л,correct,,VERB,Aspect=Perf|Definite=Ind|Gender=Masc|Number=Sing|Tense=Past|VerbForm=Part|Voice=Act
правосъдието,правосъдие,правосъдие,,то,правосъдие то,правосъдие то,correct,,NOUN,Definite=Def|Gender=Neut|Number=Sing
внучета,внуче,внуче,,та,внуче та,внуче та,correct,,NOUN,Definite=Ind|Gender=Neut|Number=Plur
сламената,сламен,сламен,,ата,сламен ата,сламена та,wrong,adj_def_boundary,ADJ,Definite=Def|Degree=Pos|Gender=Fem|Number=Sing
затихнало,затихна,затихна,,ло,затихна ло,затихна ло,correct,,VERB,Aspect=Perf|Definite=Ind|Gender=Neut|Number=Sing|Tense=Past|VerbForm=Part|Voice=Act
събратя,събрат,събрат,,я,събрат я,събратя,correct,,NOUN,Definite=Ind|Gender=Masc|Number=Plur
сърцето,сърце,сърце,,то,сърце то,сърце то,correct,,NOUN,Definite=Def|Gender=Neut|Number=Sing
тоалета,тоалет,тоалет,,а,тоалет а,тоалет а,correct,,NOUN,Definite=Def|Gender=Masc|Number=Sing
преследвачите,преследвач,преследвач,,ите,преследвач ите,преследвач ите,correct,,NOUN,Definite=Def|Gender=Masc|Number=Plur
погнат,погна,погна,,т,погна т,погна т,correct,,VERB,Aspect=Perf|Mood=Ind|Number=Plur|Person=3|Tense=Pres|VerbForm=Fin|Voice=Act
отсъствието,отсъствие,отсъствие,,то,отсъствие то,отсъствие то,correct,,NOUN,Definite=Def|Gender=Neut|Number=Sing
зъбите,зъб,зъб,,ите,зъб ите,зъб ите,correct,,NOUN,Definite=Def|Gender=Masc|Number=Plur
ориза,ориз,ориз,,а,ориз а,ориз а,correct,,NOUN,Definite=Def|Gender=Masc|Number=Sing
договарянето,договаряне,договаряне,,то,договаряне то,договаряне то,correct,,NOUN,Definite=Def|Gender=Neut|Number=Sing
периоди,период,период,,и,период и,период и,correct,,NOUN,Definite=Ind|Gender=Masc|Number=Plur
решаването,решаване,решаване,,то,решаване то,решаване то,correct,,NOUN,Definite=Def|Gender=Neut|Number=Sing
грубияна,грубиян,грубиян,,а,грубиян а,грубиян а,correct,,NOUN,Definite=Def|Gender=Masc|Number=Sing
простака,простак,простак,,а,простак а,простак а,correct,,NOUN,Definite=Def|Gender=Masc|Number=Sing
сезони,сезон,сезон,,и,сезон и,сезон и,correct,,NOUN,Definite=Ind|Gender=Masc|Number=Plur
шареният,шарен,шарен,,ият,шарен ият,шарен ият,correct,,ADJ,Definite=Def|Degree=Pos|Gender=Masc|Number=Sing
терасата,тераса,тераса,,та,тераса та,тераса та,correct,,NOUN,Definite=Def|Gender=Fem|Number=Sing
крака,крак,крак,,а,крак а,крака,correct,,NOUN,Definite=Ind|Gender=Masc|Number=Plur
задухата,задуха,задуха,,та,задуха та,задуха та,correct,,NOUN,Definite=Def|Gender=Fem|Number=Sing
бара,бар,бар,,а,бар а,бар а,correct,,NOUN,Definite=Def|Gender=Masc|Number=Sing
биваше,бива,бива,,ше,бива ше,бива ше,correct,,VERB,Aspect=Imp|Mood=Ind|Number=Sing|Person=3|Tense=Imp|VerbForm=Fin|Voice=Act
висшия,висш,висш,,ия,висш ия,висш ия,correct,,ADJ,Definite=Def|Degree=Pos|Gender=Masc|Number=Sing
по-висока,висок,висок,по-,а,по- висок а,по- висока,partial,,ADJ,Definite=Ind|Degree=Pos|Gender=Fem|Number=Sing
хазартът,хазарт,хазарт,,ът,хазарт ът,хазарт ът,correct,,NOUN,Definite=Def|Gender=Masc|Number=Sing
изобилието,изобилие,изобилие,,то,изобилие то,изобилие то,correct,,NOUN,Definite=Def|Gender=Neut|Number=Sing
съдбата,съдба,съдба,,та,съдба та,съдба та,correct,,NOUN,Definite=Def|Gender=Fem|Number=Sing
богатите,богат,богат,,ите,богат ите,богат ите,correct,,ADJ,Definite=Def|Degree=Pos|Number=Plur
общинският,общински,общински,,ят,общински ят,общински ят,correct,,ADJ,Definite=Def|Degree=Pos|Gender=Masc|Number=Sing
заминало,замина,замина,,ло,замина ло,замина ло,correct,,VERB,Aspect=Perf|Definite=Ind|Gender=Neut|Number=Sing|Tense=Past|VerbForm=Part|Voice=Act
европейския,европейски,европейски,,я,европейски я,европейски я,correct,,ADJ,Definite=Def|Degree=Pos|Gender=Masc|Number=Sing
икономическите,икономически,икономически,,те,икономически те,икономическ ите,wrong,adj_def_boundary,ADJ,Definite=Def|Degree=Pos|Number=Plur
сочат,соча,соча,,т,соча т,соча т,correct,,VERB,Aspect=Imp|Mood=Ind|Number=Plur|Person=3|Tense=Pres|VerbForm=Fin|Voice=Act
целеви,целев,целев,,и,целев и,целев и,correct,,ADJ,Definite=Ind|Degree=Pos|Number=Plur
дебитите,дебит,дебит,,ите,дебит ите,дебит ите,correct,,NOUN,Definite=Def|Gender=Masc|Number=Plur
постановлението,постановление,постановление,,то,постановление то,постановление то,correct,,NOUN,Definite=Def|Gender=Neut|Number=Sing
мощности,мощност,мощност,,и,мощност и,мощност и,correct,,NOUN,Definite=Ind|Gender=Fem|Number=Plur
запаси,запас,запас,,и,запас и,запас и,correct,,NOUN,Definite=Ind|Gender=Masc|Number=Plur
трудови,трудов,трудов,,и,трудов и,трудов и,correct,,ADJ,Definite=Ind|Degree=Pos|Number=Plur
постъпят,постъпя,постъпя,,т,постъпя т,постъпя т,correct,,VERB,Aspect=Perf|Mood=Ind|Number=Plur|Person=3|Tense=Pres|VerbForm=Fin|Voice=Act
млъкнаха,млъкна,млъкна,,ха,млъкна ха,млъкна ха,correct,,VERB,Aspect=Perf|Mood=Ind|Number=Plur|Person=3|Tense=Past|VerbForm=Fin|Voice=Act
глупаво,глупав,глупав,,о,глупав о,глупаво,correct,adj_gender,ADV,Degree=Pos
мозъкът,мозък,мозък,,ът,мозък ът,мозък ът,correct,,NOUN,Definite=Def|Gender=Masc|Number=Sing
романистът,романист,романист,,ът,романист ът,романист ът,correct,,NOUN,Definite=Def|Gender=Masc|Number=Sing
естествено,естествен,естествен,,о,естествен о,естествено,correct,adj_gender,ADV,Degree=Pos
гости,гост,гост,,и,гост и,гост и,correct,,NOUN,Definite=Ind|Gender=Masc|Number=Plur
клуба,клуб,клуб,,а,клуб а,клуб а,correct,,NOUN,Definite=Def|Gender=Masc|Number=Sing
нашият,наш,наш,,ият,наш ият,наш ият,correct,,DET,Definite=Def|Gender=Masc|Number=Sing|Person=1|Poss=Yes|PronType=Prs
сбирката,сбирка,сбирка,,та,сбирка та,сбирка та,correct,,NOUN,Definite=Def|Gender=Fem|Number=Sing
пропуснала,пропусна,пропусна,,ла,пропусна ла,пропусна ла,correct,,VERB,Aspect=Perf|Definite=Ind|Gender=Fem|Number=Sing|Tense=Past|VerbForm=Part|Voice=Act
компютърът,компютър,компютър,,ът,компютър ът,компютър ът,correct,,NOUN,Definite=Def|Gender=Masc|Number=Sing
кухнята,кухня,кухня,,та,кухня та,кухня та,correct,,NOUN,Definite=Def|Gender=Fem|Number=Sing
уреди,уред,уред,,и,уред и,уред и,correct,,NOUN,Definite=Ind|Gender=Masc|Number=Plur
режима,режим,режим,,а,режим а,режим а,correct,,NOUN,Definite=Def|Gender=Masc|Number=Sing
хапката,хапка,хапка,,та,хапка та,хапка та,correct,,NOUN,Definite=Def|Gender=Fem|Number=Sing
отминалите,отмина,отмина,,лите,отмина лите,отминали те,wrong,adj_def_boundary,ADJ,Aspect=Perf|Definite=Def|Degree=Pos|Number=Plur|Tense=Past|VerbForm=Part|Voice=Act
начинаеща,начинаещ,начинаещ,,а,начинаещ а,начинаеща,correct,adj_gender,ADJ,Definite=Ind|Degree=Pos|Gender=Fem|Number=Sing
договори,договор,договор,,и,договор и,договор и,correct,,NOUN,Definite=Ind|Gender=Masc|Number=Plur
преподавателския,преподавателски,преподавателски,,я,преподавателски я,преподавателски я,correct,,ADJ,Definite=Def|Degree=Pos|Gender=Masc|Number=Sing
свалят,сваля,сваля,,т,сваля т,сваля т,correct,,VERB,Aspect=Imp|Mood=Ind|Number=Plur|Person=3|Tense=Pres|VerbForm=Fin|Voice=Act
пагоните,пагон,пагон,,ите,пагон ите,пагон ите,correct,,NOUN,Definite=Def|Gender=Masc|Number=Plur
потребителя,потребител,потребител,,я,потребител я,потребител я,correct,,NOUN,Definite=Def|Gender=Masc|Number=Sing
суха,сух,сух,,а,сух а,суха,correct,adj_gender,ADJ,Definite=Ind|Degree=Pos|Gender=Fem|Number=Sing
бърсалката,бърсалка,бърсалка,,та,бърсалка та,бърсалка та,correct,,NOUN,Definite=Def|Gender=Fem|Number=Sing
формулата,формула,формула,,та,формула та,формула та,correct,,NOUN,Definite=Def|Gender=Fem|Number=Sing
спортистите,спортист,спортист,,ите,спортист ите,спортист ите,correct,,NOUN,Definite=Def|Gender=Masc|Number=Plur
устойчиво,устойчив,устойчив,,о,устойчив о,устойчиво,correct,adj_gender,ADV,Degree=Pos
шестте,шест,шест,,те,шест те,шест те,correct,,NUM,Definite=Def|Number=Plur|NumType=Card
съвета,съвет,съвет,,а,съвет а,съвет а,correct,,NOUN,Definite=Def|Gender=Masc|Number=Sing
успехът,успех,успех,,ът,успех ът,успех ът,correct,,NOUN,Definite=Def|Gender=Masc|Number=Sing
преминал,премина,премина,,л,премина л,премина л,correct,,VERB,Aspect=Perf|Definite=Ind|Gender=Masc|Number=Sing|Tense=Past|VerbForm=Part|Voice=Act
постигнатото,постигна,постигна,,тото,постигна тото,постигнато то,wrong,adj_def_boundary,ADJ,Aspect=Perf|Definite=Def|Degree=Pos|Gender=Neut|Number=Sing|VerbForm=Part|Voice=Pass
ментени,ментен,ментен,,и,ментен и,ментен и,correct,,ADJ,Definite=Ind|Degree=Pos|Number=Plur
бонбони,бонбон,бонбон,,и,бонбон и,бонбон и,correct,,NOUN,Definite=Ind|Gender=Masc|Number=Plur
качествения,качествен,качествен,,ия,качествен ия,качествен ия,correct,,ADJ,Definite=Def|Degree=Pos|Gender=Masc|Number=Sing
скъпи,скъп,скъп,,и,скъп и,скъп и,correct,,ADJ,Definite=Ind|Degree=Pos|Number=Plur
парламентаристи,парламентарист,парламентарист,,и,парламентарист и,парламентарист и,correct,,NOUN,Definite=Ind|Gender=Masc|Number=Plur
приятели,приятел,приятел,,и,приятел и,приятел и,correct,,NOUN,Definite=Ind|Gender=Masc|Number=Plur
справедливо,справедлив,справедлив,,о,справедлив о,справедливо,correct,adj_gender,ADV,Degree=Pos
попе,поп,поп,,е,поп е,попе,correct,,NOUN,Definite=Ind|Gender=Masc|Number=Sing
съществото,същество,същество,,то,същество то,същество то,correct,,NOUN,Definite=Def|Gender=Neut|Number=Sing
подправката,подправка,подправка,,та,подправка та,подправка та,correct,,NOUN,Definite=Def|Gender=Fem|Number=Sing
манджата,манджа,манджа,,та,манджа та,манджа та,correct,,NOUN,Definite=Def|Gender=Fem|Number=Sing
разходи,разход,разход,,и,разход и,разход и,correct,,NOUN,Definite=Ind|Gender=Masc|Number=Plur
постигаме,постигам,постигам,,е,постигам е,постига ме,wrong,plu1person_boundary,VERB,Aspect=Imp|Mood=Ind|Number=Plur|Person=1|Tense=Pres|VerbForm=Fin|Voice=Act
темповете,темп,темп,,овете,темп овете,темп овете,correct,,NOUN,Definite=Def|Gender=Masc|Number=Plur
форуми,форум,форум,,и,форум и,форум и,correct,,NOUN,Definite=Ind|Gender=Masc|Number=Plur
диктата,диктат,диктат,,а,диктат а,диктат а,correct,,NOUN,Definite=Def|Gender=Masc|Number=Sing
юношеските,юношески,юношески,,те,юношески те,юношеск ите,wrong,adj_def_boundary,ADJ,Definite=Def|Degree=Pos|Number=Plur
титлата,титла,титла,,та,титла та,титла та,correct,,NOUN,Definite=Def|Gender=Fem|Number=Sing
властта,власт,власт,,та,власт та,власт та,correct,,NOUN,Definite=Def|Gender=Fem|Number=Sing
достъпът,достъп,достъп,,ът,достъп ът,достъп ът,correct,,NOUN,Definite=Def|Gender=Masc|Number=Sing
области,област,област,,и,област и,област и,correct,,NOUN,Definite=Ind|Gender=Fem|Number=Plur
разрешат,разреша,разреша,,т,разреша т,разреша т,correct,,VERB,Aspect=Perf|Mood=Ind|Number=Plur|Person=3|Tense=Pres|VerbForm=Fin|Voice=Act
изследването,изследване,изследване,,то,изследване то,изследване то,correct,,NOUN,Definite=Def|Gender=Neut|Number=Sing
ректорския,ректорски,ректорски,,я,ректорски я,ректорски я,correct,,ADJ,Definite=Def|Degree=Pos|Gender=Masc|Number=Sing
университета,университет,университет,,а,университет а,университет а,correct,,NOUN,Definite=Def|Gender=Masc|Number=Sing
ректорският,ректорски,ректорски,,ят,ректорски ят,ректорски ят,correct,,ADJ,Definite=Def|Degree=Pos|Gender=Masc|Number=Sing
поддържаме,поддържам,поддържам,,е,поддържам е,поддържа ме,wrong,plu1person_boundary,VERB,Aspect=Imp|Mood=Ind|Number=Plur|Person=1|Tense=Pres|VerbForm=Fin|Voice=Act
високия,висок,висок,,ия,висок ия,висок ия,correct,,ADJ,Definite=Def|Degree=Pos|Gender=Masc|Number=Sing
взводове,взвод,взвод,,ове,взвод ове,взвод ове,correct,,NOUN,Definite=Ind|Gender=Masc|Number=Plur
генералът,генерал,генерал,,ът,генерал ът,генерал ът,correct,,NOUN,Definite=Def|Gender=Masc|Number=Sing
стигнало,стигна,стигна,,ло,стигна ло,стигна ло,correct,,VERB,Aspect=Perf|Definite=Ind|Gender=Neut|Number=Sing|Tense=Past|VerbForm=Part|Voice=Act
авторските,авторски,авторски,,те,авторски те,авторск ите,wrong,adj_def_boundary,ADJ,Definite=Def|Degree=Pos|Number=Plur
панталони,панталон,панталон,,и,панталон и,панталон и,correct,,NOUN,Definite=Ind|Gender=Masc|Number=Plur
уточнят,уточня,уточня,,т,уточня т,уточня т,correct,,VERB,Aspect=Perf|Mood=Ind|Number=Plur|Person=3|Tense=Pres|VerbForm=Fin|Voice=Act
обхватът,обхват,обхват,,ът,обхват ът,обхват ът,correct,,NOUN,Definite=Def|Gender=Masc|Number=Sing
заплахата,заплаха,заплаха,,та,заплаха та,заплаха та,correct,,NOUN,Definite=Def|Gender=Fem|Number=Sing
дължат,дължа,дължа,,т,дължа т,дължа т,correct,,VERB,Aspect=Imp|Mood=Ind|Number=Plur|Person=3|Tense=Pres|VerbForm=Fin|Voice=Act
разликата,разлика,разлика,,та,разлика та,разлика та,correct,,NOUN,Definite=Def|Gender=Fem|Number=Sing
изпълнители,изпълнител,изпълнител,,и,изпълнител и,изпълнител и,correct,,NOUN,Definite=Ind|Gender=Masc|Number=Plur
доходи,доход,доход,,и,доход и,доход и,correct,,NOUN,Definite=Ind|Gender=Masc|Number=Plur
съвместими,съвместим,съвместим,,и,съвместим и,съвместим и,correct,,ADJ,Definite=Ind|Degree=Pos|Number=Plur
огънят,огън,огън,,ят,огън ят,огън ят,correct,,NOUN,Definite=Def|Gender=Masc|Number=Sing
складовете,склад,склад,,овете,склад овете,склад овете,correct,,NOUN,Definite=Def|Gender=Masc|Number=Plur
истинските,истински,истински,,те,истински те,истинск ите,wrong,adj_def_boundary,ADJ,Definite=Def|Degree=Pos|Number=Plur
хазната,хазна,хазна,,та,хазна та,хазна та,correct,,NOUN,Definite=Def|Gender=Fem|Number=Sing
производители,производител,производител,,и,производител и,производител и,correct,,NOUN,Definite=Ind|Gender=Masc|Number=Plur
производителят,производител,производител,,ят,производител ят,производител ят,correct,,NOUN,Definite=Def|Gender=Masc|Number=Sing
будката,будка,будка,,та,будка та,будка та,correct,,NOUN,Definite=Def|Gender=Fem|Number=Sing
присъединяването,присъединяване,присъединяване,,то,присъединяване то,присъединяване то,correct,,NOUN,Definite=Def|Gender=Neut|Number=Sing
уязвимостта,уязвимост,уязвимост,,та,уязвимост та,уязвимост та,correct,,NOUN,Definite=Def|Gender=Fem|Number=Sing
дадена,даден,даден,,а,даден а,дадена,correct,adj_gender,ADJ,Definite=Ind|Degree=Pos|Gender=Fem|Number=Sing
пактът,пакт,пакт,,ът,пакт ът,пакт ът,correct,,NOUN,Definite=Def|Gender=Masc|Number=Sing
фазата,фаза,фаза,,та,фаза та,фаза та,correct,,NOUN,Definite=Def|Gender=Fem|Number=Sing
политическия,политически,политически,,я,политически я,политически я,correct,,ADJ,Definite=Def|Degree=Pos|Gender=Masc|Number=Sing
представлението,представление,представление,,то,представление то,представление то,correct,,NOUN,Definite=Def|Gender=Neut|Number=Sing
комплектуването,комплектуване,комплектуване,,то,комплектуване то,комплектуване то,correct,,NOUN,Definite=Def|Gender=Neut|Number=Sing
пирамидата,пирамида,пирамида,,та,пирамида та,пирамида та,correct,,NOUN,Definite=Def|Gender=Fem|Number=Sing
лова,лов,лов,,а,лов а,лов а,correct,,NOUN,Definite=Def|Gender=Masc|Number=Sing
опазването,опазване,опазване,,то,опазване то,опазване то,correct,,NOUN,Definite=Def|Gender=Neut|Number=Sing
дивеча,дивеч,дивеч,,а,дивеч а,дивеч а,correct,,NOUN,Definite=Def|Gender=Masc|Number=Sing
стълбището,стълбище,стълбище,,то,стълбище то,стълбище то,correct,,NOUN,Definite=Def|Gender=Neut|Number=Sing
фунията,фуния,фуния,,та,фуния та,фуния та,correct,,NOUN,Definite=Def|Gender=Fem|Number=Sing
чиста,чист,чист,,а,чист а,чиста,correct,adj_gender,ADJ,Definite=Ind|Degree=Pos|Gender=Fem|Number=Sing
радостта,радост,радост,,та,радост та,радост та,correct,,NOUN,Definite=Def|Gender=Fem|Number=Sing
потвърждението,потвърждение,потвърждение,,то,потвърждение то,потвърждение то,correct,,NOUN,Definite=Def|Gender=Neut|Number=Sing
простодушието,простодушие,простодушие,,то,простодушие то,простодушие то,correct,,NOUN,Definite=Def|Gender=Neut|Number=Sing
планирането,планиране,планиране,,то,планиране то,планиране то,correct,,NOUN,Definite=Def|Gender=Neut|Number=Sing
разпределението,разпределение,разпределение,,то,разпределение то,разпределение то,correct,,NOUN,Definite=Def|Gender=Neut|Number=Sing
контрола,контрол,контрол,,а,контрол а,контрола,correct,,NOUN,Definite=Ind|Gender=Fem|Number=Sing
потребностите,потребност,потребност,,ите,потребност ите,потребност ите,correct,,NOUN,Definite=Def|Gender=Fem|Number=Plur
единственият,единствен,единствен,,ият,единствен ият,единствен ият,correct,,ADJ,Definite=Def|Degree=Pos|Gender=Masc|Number=Sing
усвоят,усвоя,усвоя,,т,усвоя т,усвоя т,correct,,VERB,Aspect=Perf|Mood=Ind|Number=Plur|Person=3|Tense=Pres|VerbForm=Fin|Voice=Act
анализите,анализ,анализ,,ите,анализ ите,анализ ите,correct,,NOUN,Definite=Def|Gender=Masc|Number=Plur
пактовете,пакт,пакт,,овете,пакт овете,пакт овете,correct,,NOUN,Definite=Def|Gender=Masc|Number=Plur
отстояваме,отстоявам,отстоявам,,е,отстоявам е,отстоява ме,wrong,plu1person_boundary,VERB,Aspect=Imp|Mood=Ind|Number=Plur|Person=1|Tense=Pres|VerbForm=Fin|Voice=Act
ухото,ухо,ухо,,то,ухо то,ухо то,correct,,NOUN,Definite=Def|Gender=Neut|Number=Sing
чучула,чучул,чучул,,а,чучул а,чучула,correct,,NOUN,Definite=Ind|Gender=Masc|Number=Sing
отвсякъде,всякъде,всякъде,от,,от всякъде,отвсякъде,correct,,ADV,PronType=Tot
моделът,модел,модел,,ът,модел ът,модел ът,correct,,NOUN,Definite=Def|Gender=Masc|Number=Sing
творческия,творчески,творчески,,я,творчески я,творчески я,correct,,ADJ,Definite=Def|Degree=Pos|Gender=Masc|Number=Sing
теловете,тел,тел,,овете,тел овете,тел овете,correct,,NOUN,Definite=Def|Gender=Masc|Number=Plur
скулпторът,скулптор,скулптор,,ът,скулптор ът,скулптор ът,correct,,NOUN,Definite=Def|Gender=Masc|Number=Sing
глината,глина,глина,,та,глина та,глина та,correct,,NOUN,Definite=Def|Gender=Fem|Number=Sing
видението,видение,видение,,то,видение то,видение то,correct,,NOUN,Definite=Def|Gender=Neut|Number=Sing
станалото,стана,стана,,лото,стана лото,станало то,wrong,adj_def_boundary,ADJ,Aspect=Perf|Definite=Def|Degree=Pos|Gender=Neut|Number=Sing|Tense=Past|VerbForm=Part|Voice=Act
поезията,поезия,поезия,,та,поезия та,поезия та,correct,,NOUN,Definite=Def|Gender=Fem|Number=Sing
обстоятелството,обстоятелство,обстоятелство,,то,обстоятелство то,обстоятелство то,correct,,NOUN,Definite=Def|Gender=Neut|Number=Sing
бореца,борец,борец,,а,борец а,борец а,correct,,NOUN,Definite=Def|Gender=Masc|Number=Sing
часът,час,час,,ът,час ът,час ът,correct,,NOUN,Definite=Def|Gender=Masc|Number=Sing
победата,победа,победа,,та,победа та,победа та,correct,,NOUN,Definite=Def|Gender=Fem|Number=Sing
стълбове,стълб,стълб,,ове,стълб ове,стълб ове,correct,,NOUN,Definite=Ind|Gender=Masc|Number=Plur
развратът,разврат,разврат,,ът,разврат ът,разврат ът,correct,,NOUN,Definite=Def|Gender=Masc|Number=Sing
писатели,писател,писател,,и,писател и,писател и,correct,,NOUN,Definite=Ind|Gender=Masc|Number=Plur
авторът,автор,автор,,ът,автор ът,автор ът,correct,,NOUN,Definite=Def|Gender=Masc|Number=Sing
инструментите,инструмент,инструмент,,ите,инструмент ите,инструмент ите,correct,,NOUN,Definite=Def|Gender=Masc|Number=Plur
музиката,музика,музика,,та,музика та,музика та,correct,,NOUN,Definite=Def|Gender=Fem|Number=Sing
характера,характер,характер,,а,характер а,характер а,correct,,NOUN,Definite=Def|Gender=Masc|Number=Sing
отворения,отворен,отворен,,ия,отворен ия,отворен ия,correct,,ADJ,Definite=Def|Degree=Pos|Gender=Masc|Number=Sing
луната,луна,луна,,та,луна та,луна та,correct,,NOUN,Definite=Def|Gender=Fem|Number=Sing
плаха,плах,плах,,а,плах а,плаха,correct,adj_gender,ADJ,Definite=Ind|Degree=Pos|Gender=Fem|Number=Sing
чуждото,чужд,чужд,,ото,чужд ото,чуждо то,wrong,adj_def_boundary,ADJ,Definite=Def|Degree=Pos|Gender=Neut|Number=Sing
вдълбочат,вдълбоча,вдълбоча,,т,вдълбоча т,вдълбочат,correct,,NOUN,Definite=Def|Gender=Masc|Number=Sing
остроумничат,остроумнича,остроумнича,,т,остроумнича т,остроумнича т,correct,,VERB,Aspect=Imp|Mood=Ind|Number=Plur|Person=3|Tense=Pres|VerbForm=Fin|Voice=Act
веселата,весел,весел,,ата,весел ата,весела та,wrong,adj_def_boundary,ADJ,Definite=Def|Degree=Pos|Gender=Fem|Number=Sing
поета,поет,поет,,а,поет а,поет а,correct,,NOUN,Definite=Def|Gender=Masc|Number=Sing
художествено,художествен,художествен,,о,художествен о,художествено,correct,adj_gender,ADV,Degree=Pos
особена,особен,особен,,а,особен а,особена,correct,adj_gender,ADJ,Definite=Ind|Degree=Pos|Gender=Fem|Number=Sing
сенокосът,сенокос,сенокос,,ът,сенокос ът,сенокос ът,correct,,NOUN,Definite=Def|Gender=Masc|Number=Sing
копчета,копче,копче,,та,копче та,копче та,correct,,NOUN,Definite=Ind|Gender=Neut|Number=Plur
жълтозелената,жълтозелен,жълтозелен,,ата,жълтозелен ата,жълтозелена та,wrong,adj_def_boundary,ADJ,Definite=Def|Degree=Pos|Gender=Fem|Number=Sing
ливадата,ливада,ливада,,та,ливада та,ливада та,correct,,NOUN,Definite=Def|Gender=Fem|Number=Sing
вярата,вяра,вяра,,та,вяра та,вяра та,correct,,NOUN,Definite=Def|Gender=Fem|Number=Sing
пътуването,пътуване,пътуване,,то,пътуване то,пътуване то,correct,,NOUN,Definite=Def|Gender=Neut|Number=Sing
искреността,искреност,искреност,,та,искреност та,искреност та,correct,,NOUN,Definite=Def|Gender=Fem|Number=Sing
най-самотен,самотен,самотен,най-,,най- самотен,най- самотен,correct,,ADJ,Definite=Ind|Degree=Pos|Gender=Masc|Number=Sing
приятелите,приятел,приятел,,ите,приятел ите,приятел ите,correct,,NOUN,Definite=Def|Gender=Masc|Number=Plur
повехналият,повехна,повехна,,лият,повехна лият,повехнал ият,wrong,adj_def_boundary,ADJ,Aspect=Perf|Definite=Def|Degree=Pos|Gender=Masc|Number=Sing|Tense=Past|VerbForm=Part|Voice=Act
сянката,сянка,сянка,,та,сянка та,сянка та,correct,,NOUN,Definite=Def|Gender=Fem|Number=Sing
листът,лист,лист,,ът,лист ът,лист ът,correct,,NOUN,Definite=Def|Gender=Masc|Number=Sing
съвършени,съвършен,съвършен,,и,съвършен и,съвършен и,correct,,ADJ,Definite=Ind|Degree=Pos|Number=Plur
фенера,фенер,фенер,,а,фенер а,фенер а,correct,,NOUN,Definite=Def|Gender=Masc|Number=Sing
естествеността,естественост,естественост,,та,естественост та,естественост та,correct,,NOUN,Definite=Def|Gender=Fem|Number=Sing
потомството,потомство,потомство,,то,потомство то,потомство то,correct,,NOUN,Definite=Def|Gender=Neut|Number=Sing
славата,слава,слава,,та,слава та,слава та,correct,,NOUN,Definite=Def|Gender=Fem|Number=Sing
завистта,завист,завист,,та,завист та,завист та,correct,,NOUN,Definite=Def|Gender=Fem|Number=Sing
растат,раста,раста,,т,раста т,раста т,correct,,VERB,Aspect=Imp|Mood=Ind|Number=Plur|Person=3|Tense=Pres|VerbForm=Fin|Voice=Act
парфюма,парфюм,парфюм,,а,парфюм а,парфюм а,correct,,NOUN,Definite=Def|Gender=Masc|Number=Sing
гласа,глас,глас,,а,глас а,глас а,correct,,NOUN,Definite=Def|Gender=Masc|Number=Sing
брауновото,браунов,браунов,,ото,браунов ото,брауново то,wrong,adj_def_boundary,ADJ,Definite=Def|Degree=Pos|Gender=Neut|Number=Sing
ритъма,ритъм,ритъм,,а,ритъм а,ритъм а,correct,,NOUN,Definite=Def|Gender=Masc|Number=Sing
усмихнатите,усмихнат,усмихнат,,ите,усмихнат ите,усмихнат ите,correct,,ADJ,Definite=Def|Degree=Pos|Number=Plur
размаха,размах,размах,,а,размах а,разма ха,wrong,,VERB,Aspect=Perf|Mood=Ind|Number=Sing|Person=3|Tense=Past|VerbForm=Fin|Voice=Act
мириса,мирис,мирис,,а,мирис а,мирис а,correct,,NOUN,Definite=Def|Gender=Masc|Number=Sing
потръпването,потръпване,потръпване,,то,потръпване то,потръпване то,correct,,NOUN,Definite=Def|Gender=Neut|Number=Sing
нервите,нерви,нерви,,те,нерви те,нерви те,correct,,NOUN,Definite=Def|Number=Ptan
непредсказуемите,непредсказуем,непредсказуем,,ите,непредсказуем ите,непредсказуем ите,correct,,ADJ,Definite=Def|Degree=Pos|Number=Plur
предсказуемите,предсказуем,предсказуем,,ите,предсказуем ите,предсказуем ите,correct,,ADJ,Definite=Def|Degree=Pos|Number=Plur
перваза,перваз,перваз,,а,перваз а,перваз а,correct,,NOUN,Definite=Def|Gender=Masc|Number=Sing
чашата,чаша,чаша,,та,чаша та,чаша та,correct,,NOUN,Definite=Def|Gender=Fem|Number=Sing
печката,печка,печка,,та,печка та,печка та,correct,,NOUN,Definite=Def|Gender=Fem|Number=Sing
блестящото,блестя,блестя,,щото,блестя щото,блестящо то,wrong,adj_def_boundary,ADJ,Aspect=Imp|Definite=Def|Degree=Pos|Gender=Neut|Number=Sing|Tense=Pres|VerbForm=Part|Voice=Act
болнава,болнав,болнав,,а,болнав а,болнава,correct,adj_gender,ADJ,Definite=Ind|Degree=Pos|Gender=Fem|Number=Sing
зелените,зелен,зелен,,ите,зелен ите,зелен ите,correct,,ADJ,Definite=Def|Degree=Pos|Number=Plur
бадемови,бадемов,бадемов,,и,бадемов и,бадемов и,correct,,ADJ,Definite=Ind|Degree=Pos|Number=Plur
присъдата,присъда,присъда,,та,присъда та,присъда та,correct,,NOUN,Definite=Def|Gender=Fem|Number=Sing
тишината,тишина,тишина,,та,тишина та,тишина та,correct,,NOUN,Definite=Def|Gender=Fem|Number=Sing
снизхождението,снизхождение,снизхождение,,то,снизхождение то,снизхождение то,correct,,NOUN,Definite=Def|Gender=Neut|Number=Sing
пресъхнало,пресъхна,пресъхна,,ло,пресъхна ло,пресъхна ло,correct,,VERB,Aspect=Perf|Definite=Ind|Gender=Neut|Number=Sing|Tense=Past|VerbForm=Part|Voice=Act
отворена,отворен,отворен,,а,отворен а,отворена,correct,adj_gender,VERB,Aspect=Perf|Definite=Ind|Gender=Fem|Number=Sing|VerbForm=Part|Voice=Pass
болката,болка,болка,,та,болка та,болка та,correct,,NOUN,Definite=Def|Gender=Fem|Number=Sing
ризата,риза,риза,,та,риза та,риза та,correct,,NOUN,Definite=Def|Gender=Fem|Number=Sing
страха,страх,страх,,а,страх а,страх а,correct,,NOUN,Definite=Def|Gender=Masc|Number=Sing
солта,сол,сол,,та,сол та,сол та,correct,,NOUN,Definite=Def|Gender=Fem|Number=Sing
отпразнуваме,отпразнувам,отпразнувам,,е,отпразнувам е,отпразнува ме,wrong,plu1person_boundary,VERB,Aspect=Perf|Mood=Ind|Number=Plur|Person=1|Tense=Pres|VerbForm=Fin|Voice=Act
подробностите,подробност,подробност,,ите,подробност ите,подробност ите,correct,,NOUN,Definite=Def|Gender=Fem|Number=Plur
погледа,поглед,поглед,,а,поглед а,поглед а,correct,,NOUN,Definite=Def|Gender=Masc|Number=Sing
откъде,къде,къде,от,,от къде,откъде,correct,,ADV,PronType=Int
пламналият,пламна,пламна,,лият,пламна лият,пламнал ият,wrong,adj_def_boundary,ADJ,Aspect=Perf|Definite=Def|Degree=Pos|Gender=Masc|Number=Sing|Tense=Past|VerbForm=Part|Voice=Act
подкрепата,подкрепа,подкрепа,,та,подкрепа та,подкрепа та,correct,,NOUN,Definite=Def|Gender=Fem|Number=Sing
отричането,отричане,отричане,,то,отричане то,отричане то,correct,,NOUN,Definite=Def|Gender=Neut|Number=Sing
вълнението,вълнение,вълнение,,то,вълнение то,вълнение то,correct,,NOUN,Definite=Def|Gender=Neut|Number=Sing
излъчването,излъчване,излъчване,,то,излъчване то,излъчване то,correct,,NOUN,Definite=Def|Gender=Neut|Number=Sing
горещи,горещ,горещ,,и,горещ и,горещ и,correct,,ADJ,Definite=Ind|Degree=Pos|Number=Plur
страсти,страст,страст,,и,страст и,страст и,correct,,NOUN,Definite=Ind|Gender=Fem|Number=Plur
дъщерята,дъщеря,дъщеря,,та,дъщеря та,дъщеря та,correct,,NOUN,Definite=Def|Gender=Fem|Number=Sing
майката,майка,майка,,та,майка та,майка та,correct,,NOUN,Definite=Def|Gender=Fem|Number=Sing
помещението,помещение,помещение,,то,помещение то,помещение то,correct,,NOUN,Definite=Def|Gender=Neut|Number=Sing
захлопването,захлопване,захлопване,,то,захлопване то,захлопване то,correct,,NOUN,Definite=Def|Gender=Neut|Number=Sing
най-бързо,бързо,бързо,най-,,най- бързо,най- бързо,correct,,ADV,Degree=Sup
най-бавно,бавно,бавно,най-,,най- бавно,най- бавно,correct,,ADV,Degree=Sup
доколко,колко,колко,до,,до колко,доколко,correct,,ADV,PronType=Int
слънчогледи,слънчоглед,слънчоглед,,и,слънчоглед и,слънчоглед и,correct,,NOUN,Definite=Ind|Gender=Masc|Number=Plur
младото,млад,млад,,ото,млад ото,младо то,wrong,adj_def_boundary,ADJ,Definite=Def|Degree=Pos|Gender=Neut|Number=Sing
свежи,свеж,свеж,,и,свеж и,свеж и,correct,,ADJ,Definite=Ind|Degree=Pos|Number=Plur
букети,букет,букет,,и,букет и,букет и,correct,,NOUN,Definite=Ind|Gender=Masc|Number=Plur
изникнаха,изникна,изникна,,ха,изникна ха,изникна ха,correct,,VERB,Aspect=Perf|Mood=Ind|Number=Plur|Person=3|Tense=Past|VerbForm=Fin|Voice=Act
свободата,свобода,свобода,,та,свобода та,свобода та,correct,,NOUN,Definite=Def|Gender=Fem|Number=Sing
разцвета,разцвет,разцвет,,а,разцвет а,разцвет а,correct,,NOUN,Definite=Def|Gender=Masc|Number=Sing
враговете,враг,враг,,овете,враг овете,враг овете,correct,,NOUN,Definite=Def|Gender=Masc|Number=Plur
дързостта,дързост,дързост,,та,дързост та,дързост та,correct,,NOUN,Definite=Def|Gender=Fem|Number=Sing
розови,розов,розов,,и,розов и,розов и,correct,,ADJ,Definite=Ind|Degree=Pos|Number=Plur
сивите,сив,сив,,ите,сив ите,сив ите,correct,,ADJ,Definite=Def|Degree=Pos|Number=Plur
мизерията,мизерия,мизерия,,та,мизерия та,мизерия та,correct,,NOUN,Definite=Def|Gender=Fem|Number=Sing
сухи,сух,сух,,и,сух и,сух и,correct,,ADJ,Definite=Ind|Degree=Pos|Number=Plur
викове,вик,вик,,ове,вик ове,вик ове,correct,,NOUN,Definite=Ind|Gender=Masc|Number=Plur
ехото,ехо,ехо,,то,ехо то,ехо то,correct,,NOUN,Definite=Def|Gender=Neut|Number=Sing
силуети,силует,силует,,и,силует и,силует и,correct,,NOUN,Definite=Ind|Gender=Masc|Number=Plur
по-ясно,ясно,ясно,по-,,по- ясно,по- ясно,correct,,ADV,Degree=Sup
дрипавата,дрипав,дрипав,,ата,дрипав ата,дрипав ата,correct,,NOUN,Definite=Def|Gender=Fem|Number=Sing
босоного,босоног,босоног,,о,босоног о,босоного,correct,,NOUN,Definite=Ind|Gender=Masc|Number=Sing
сини,син,син,,и,син и,син и,correct,,ADJ,Definite=Ind|Degree=Pos|Number=Plur
дрипльовци,дрипльо,дрипльо,,вци,дрипльо вци,дрипльовци,correct,,NOUN,Definite=Ind|Gender=Masc|Number=Plur
момъка,момък,момък,,а,момък а,момък а,correct,,NOUN,Definite=Def|Gender=Masc|Number=Sing
принцове,принц,принц,,ове,принц ове,принц ове,correct,,NOUN,Definite=Ind|Gender=Masc|Number=Plur
князе,княз,княз,,е,княз е,княз е,correct,,NOUN,Definite=Ind|Gender=Masc|Number=Plur
слуха,слух,слух,,а,слух а,слух а,correct,,NOUN,Definite=Def|Gender=Masc|Number=Sing
косматата,космат,космат,,ата,космат ата,космата та,wrong,adj_def_boundary,ADJ,Definite=Def|Degree=Pos|Gender=Fem|Number=Sing
стенат,стена,стена,,т,стена т,стена т,correct,,VERB,Aspect=Imp|Mood=Ind|Number=Plur|Person=3|Tense=Pres|VerbForm=Fin|Voice=Act
по-хубави,хубав,хубав,по-,и,по- хубав и,по- хубав и,correct,,ADJ,Definite=Ind|Degree=Pos|Number=Plur
голите,гол,гол,,ите,гол ите,гол ите,correct,,ADJ,Definite=Def|Degree=Pos|Number=Plur
кървави,кървав,кървав,,и,кървав и,кървав и,correct,,ADJ,Definite=Ind|Degree=Pos|Number=Plur
облекат,облека,облека,,т,облека т,облека т,correct,,VERB,Aspect=Perf|Mood=Ind|Number=Plur|Person=3|Tense=Pres|VerbForm=Fin|Voice=Act
алени,ален,ален,,и,ален и,ален и,correct,,ADJ,Definite=Ind|Degree=Pos|Number=Plur
тлъсти,тлъст,тлъст,,и,тлъст и,тлъст и,correct,,ADJ,Definite=Ind|Degree=Pos|Number=Plur
жестоко,жесток,жесток,,о,жесток о,жестоко,correct,adj_gender,ADV,Degree=Pos
най-щастливият,щастлив,щастлив,най-,ият,най- щастлив ият,най- щастлив ият,correct,,ADJ,Definite=Def|Degree=Sup|Gender=Masc|Number=Sing
най-горе,горе,горе,най-,,най- горе,най- горе,correct,,ADV,Degree=Pos
заблестяха,заблестя,заблестя,,ха,заблестя ха,заблестя ха,correct,,VERB,Aspect=Perf|Mood=Ind|Number=Plur|Person=3|Tense=Past|VerbForm=Fin|Voice=Act
боговете,бог,бог,,овете,бог овете,бог овете,correct,,NOUN,Definite=Def|Gender=Masc|Number=Plur
закрилата,закрила,закрила,,та,закрила та,закрила та,correct,,NOUN,Definite=Def|Gender=Fem|Number=Sing
изобретателя,изобретател,изобретател,,я,изобретател я,изобретател я,correct,,NOUN,Definite=Def|Gender=Masc|Number=Sing
съизобретателите,съизобретател,съизобретател,,ите,съизобретател ите,съизобретател ите,correct,,NOUN,Definite=Def|Gender=Masc|Number=Plur
заявката,заявка,заявка,,та,заявка та,заявка та,correct,,NOUN,Definite=Def|Gender=Fem|Number=Sing
патента,патент,патент,,а,патент а,патент а,correct,,NOUN,Definite=Def|Gender=Masc|Number=Sing
изобретението,изобретение,изобретение,,то,изобретение то,изобретение то,correct,,NOUN,Definite=Def|Gender=Neut|Number=Sing
патентопритежателят,патентопритежател,патентопритежател,,ят,патентопритежател ят,патентопритежател ят,correct,,NOUN,Definite=Def|Gender=Masc|Number=Sing
спорове,спор,спор,,ове,спор ове,спор ове,correct,,NOUN,Definite=Ind|Gender=Masc|Number=Plur
основани,основа,основа,,ни,основа ни,основани,correct,,VERB,Aspect=Perf|Definite=Ind|Number=Plur|VerbForm=Part|Voice=Pass
дължимата,дължим,дължим,,ата,дължим ата,дължима та,wrong,adj_def_boundary,ADJ,Definite=Def|Degree=Pos|Gender=Fem|Number=Sing
приложими,приложим,приложим,,и,приложим и,приложим и,correct,,ADJ,Definite=Ind|Degree=Pos|Number=Plur
промишлена,промишлен,промишлен,,а,промишлен а,промишлена,correct,adj_gender,ADJ,Definite=Ind|Degree=Pos|Gender=Fem|Number=Sing
промишлената,промишлен,промишлен,,ата,промишлен ата,промишлена та,wrong,adj_def_boundary,ADJ,Definite=Def|Degree=Pos|Gender=Fem|Number=Sing
народа,народ,народ,,а,народ а,народ а,correct,,NOUN,Definite=Def|Gender=Masc|Number=Sing
осъществяването,осъществяване,осъществяване,,то,осъществяване то,осъществяване то,correct,,NOUN,Definite=Def|Gender=Neut|Number=Sing
републиката,република,република,,та,република та,република та,correct,,NOUN,Definite=Def|Gender=Fem|Number=Sing
правова,правов,правов,,а,правов а,правова,correct,adj_gender,ADJ,Definite=Ind|Degree=Pos|Gender=Fem|Number=Sing
достойнството,достойнство,достойнство,,то,достойнство то,достойнство то,correct,,NOUN,Definite=Def|Gender=Neut|Number=Sing
непосредствено,непосредствен,непосредствен,,о,непосредствен о,непосредствено,correct,adj_gender,ADV,Degree=Pos
обществено,обществен,обществен,,о,обществен о,обществено,correct,adj_gender,ADJ,Definite=Ind|Degree=Pos|Gender=Neut|Number=Sing
имуществено,имуществен,имуществен,,о,имуществен о,имуществено,correct,adj_gender,ADJ,Definite=Ind|Degree=Pos|Gender=Neut|Number=Sing
независимостта,независимост,независимост,,та,независимост та,независимост та,correct,,NOUN,Definite=Def|Gender=Fem|Number=Sing
референдуми,референдум,референдум,,и,референдум и,референдум и,correct,,NOUN,Definite=Ind|Gender=Masc|Number=Plur
общо,общ,общ,,о,общ о,общо,correct,adj_gender,ADV,Degree=Pos
пряко,пряк,пряк,,о,пряк о,пряко,correct,adj_gender,ADV,Degree=Pos
принципа,принцип,принцип,,а,принцип а,принцип а,correct,,NOUN,Definite=Def|Gender=Masc|Number=Sing
общности,общност,общност,,и,общност и,общност и,correct,,NOUN,Definite=Ind|Gender=Fem|Number=Plur
верските,верски,верски,,те,верски те,верск ите,wrong,adj_def_boundary,ADJ,Definite=Def|Degree=Pos|Number=Plur
майчинството,майчинство,майчинство,,то,майчинство то,майчинство то,correct,,NOUN,Definite=Def|Gender=Neut|Number=Sing
възпроизводството,възпроизводство,възпроизводство,,то,възпроизводство то,възпроизводство то,correct,,NOUN,Definite=Def|Gender=Neut|Number=Sing
разнообразието,разнообразие,разнообразие,,то,разнообразие то,разнообразие то,correct,,NOUN,Definite=Def|Gender=Neut|Number=Sing
живата,жив,жив,,ата,жив ата,жива та,wrong,adj_def_boundary,ADJ,Definite=Def|Degree=Pos|Gender=Fem|Number=Sing
републиканските,републикански,републикански,,те,републикански те,републиканск ите,wrong,adj_def_boundary,ADJ,Definite=Def|Degree=Pos|Number=Plur
пътища,път,път,,ища,път ища,пътища,correct,,NOUN,Definite=Ind|Gender=Masc|Number=Plur
парковете,парк,парк,,овете,парк овете,парк овете,correct,,NOUN,Definite=Def|Gender=Masc|Number=Plur
археологическите,археологически,археологически,,те,археологически те,археологическ ите,wrong,adj_def_boundary,ADJ,Definite=Def|Degree=Pos|Number=Plur
производството,производство,производство,,то,производство то,производство то,correct,,NOUN,Definite=Def|Gender=Neut|Number=Sing
имоти,имот,имот,,и,имот и,имот и,correct,,NOUN,Definite=Ind|Gender=Masc|Number=Plur
юридическите,юридически,юридически,,те,юридически те,юридическ ите,wrong,adj_def_boundary,ADJ,Definite=Def|Degree=Pos|Number=Plur
финансовата,финансов,финансов,,ата,финансов ата,финансова та,wrong,adj_def_boundary,ADJ,Definite=Def|Degree=Pos|Gender=Fem|Number=Sing
благоденствието,благоденствие,благоденствие,,то,благоденствие то,благоденствие то,correct,,NOUN,Definite=Def|Gender=Neut|Number=Sing
съдействието,съдействие,съдействие,,то,съдействие то,съдействие то,correct,,NOUN,Definite=Def|Gender=Neut|Number=Sing
единият,един,един,,ият,един ият,един ият,correct,,PRON,Case=Nom|Definite=Def|Gender=Masc|Number=Sing|PronType=Ind
редът,ред,ред,,ът,ред ът,ред ът,correct,,NOUN,Definite=Def|Gender=Masc|Number=Sing
опити,опит,опит,,и,опит и,опит и,correct,,NOUN,Definite=Ind|Gender=Masc|Number=Plur
писмено,писмен,писмен,,о,писмен о,писмено,correct,adj_gender,ADV,Degree=Pos
органът,орган,орган,,ът,орган ът,орган ът,correct,,NOUN,Definite=Def|Gender=Masc|Number=Sing
привличането,привличане,привличане,,то,привличане то,привличане то,correct,,NOUN,Definite=Def|Gender=Neut|Number=Sing
неприкосновена,неприкосновен,неприкосновен,,а,неприкосновен а,неприкосновена,correct,adj_gender,ADJ,Definite=Ind|Degree=Pos|Gender=Fem|Number=Sing
действието,действие,действие,,то,действие то,действие то,correct,,NOUN,Definite=Def|Gender=Neut|Number=Sing
неприкосновено,неприкосновен,неприкосновен,,о,неприкосновен о,неприкосновено,correct,adj_gender,ADV,Degree=Pos
обитателя,обитател,обитател,,я,обитател я,обитател я,correct,,NOUN,Definite=Def|Gender=Masc|Number=Sing
тайната,тайна,тайна,,та,тайна та,тайна та,correct,,NOUN,Definite=Def|Gender=Fem|Number=Sing
кореспонденцията,кореспонденция,кореспонденция,,та,кореспонденция та,кореспонденция та,correct,,NOUN,Definite=Def|Gender=Fem|Number=Sing
неприкосновени,неприкосновен,неприкосновен,,и,неприкосновен и,неприкосновен и,correct,,ADJ,Definite=Ind|Degree=Pos|Number=Plur
ползването,ползване,ползване,,то,ползване то,ползване то,correct,,NOUN,Definite=Def|Gender=Neut|Number=Sing
съвестта,съвест,съвест,,та,съвест та,съвест та,correct,,NOUN,Definite=Def|Gender=Fem|Number=Sing
изборът,избор,избор,,ът,избор ът,избор ът,correct,,NOUN,Definite=Def|Gender=Masc|Number=Sing
възгледи,възглед,възглед,,и,възглед и,възглед и,correct,,NOUN,Definite=Ind|Gender=Masc|Number=Plur
ненакърними,ненакърним,ненакърним,,и,ненакърним и,ненакърним и,correct,,ADJ,Definite=Ind|Degree=Pos|Number=Plur
конфискацията,конфискация,конфискация,,та,конфискация та,конфискация та,correct,,NOUN,Definite=Def|Gender=Fem|Number=Sing
нрави,нрав,нрав,,и,нрав и,нрав и,correct,,NOUN,Definite=Ind|Gender=Masc|Number=Plur
насилствена,насилствен,насилствен,,а,насилствен а,насилствена,correct,adj_gender,ADJ,Definite=Ind|Degree=Pos|Gender=Fem|Number=Sing
расова,расов,расов,,а,расов а,расова,correct,adj_gender,ADJ,Definite=Ind|Degree=Pos|Gender=Fem|Number=Sing
гражданският,граждански,граждански,,ят,граждански ят,граждански ят,correct,,ADJ,Definite=Def|Degree=Pos|Gender=Masc|Number=Sing
брака,брак,брак,,а,брак а,брак а,correct,,NOUN,Definite=Def|Gender=Masc|Number=Sing
имуществените,имуществен,имуществен,,ите,имуществен ите,имуществен ите,correct,,ADJ,Definite=Def|Degree=Pos|Number=Plur
грижата,грижа,грижа,,та,грижа та,грижа та,correct,,NOUN,Definite=Def|Gender=Fem|Number=Sing
особената,особен,особен,,ата,особен ата,особена та,wrong,adj_def_boundary,ADJ,Definite=Def|Degree=Pos|Gender=Fem|Number=Sing
родителските,родителски,родителски,,те,родителски те,родителск ите,wrong,adj_def_boundary,ADJ,Definite=Def|Degree=Pos|Number=Plur
регистрацията,регистрация,регистрация,,та,регистрация та,регистрация та,correct,,NOUN,Definite=Def|Gender=Fem|Number=Sing
несъвместима,несъвместим,несъвместим,,а,несъвместим а,несъвместима,correct,adj_gender,ADJ,Definite=Ind|Degree=Pos|Gender=Fem|Number=Sing
президентът,президент,президент,,ът,президент ът,президент ът,correct,,NOUN,Definite=Def|Gender=Masc|Number=Sing
председателя,председател,председател,,я,председател я,председател я,correct,,NOUN,Definite=Def|Gender=Masc|Number=Sing
извършат,извърша,извърша,,т,извърша т,извърша т,correct,,VERB,Aspect=Perf|Mood=Ind|Number=Plur|Person=3|Tense=Pres|VerbForm=Fin|Voice=Act
оставката,оставка,оставка,,та,оставка та,оставка та,correct,,NOUN,Definite=Def|Gender=Fem|Number=Sing
питането,питане,питане,,то,питане то,питане то,correct,,NOUN,Definite=Def|Gender=Neut|Number=Sing
получаването,получаване,получаване,,то,получаване то,получаване то,correct,,NOUN,Definite=Def|Gender=Neut|Number=Sing
укази,указ,указ,,и,указ и,указ и,correct,,NOUN,Definite=Ind|Gender=Masc|Number=Plur
обвинението,обвинение,обвинение,,то,обвинение то,обвинение то,correct,,NOUN,Definite=Def|Gender=Neut|Number=Sing
вицепрезидента,вицепрезидент,вицепрезидент,,а,вицепрезидент а,вицепрезидент а,correct,,NOUN,Definite=Def|Gender=Masc|Number=Sing
внасянето,внасяне,внасяне,,то,внасяне то,внасяне то,correct,,NOUN,Definite=Def|Gender=Neut|Number=Sing
вицепрезидентът,вицепрезидент,вицепрезидент,,ът,вицепрезидент ът,вицепрезидент ът,correct,,NOUN,Definite=Def|Gender=Masc|Number=Sing
стопанисването,стопанисване,стопанисване,,то,стопанисване то,стопанисване то,correct,,NOUN,Definite=Def|Gender=Neut|Number=Sing
клетвата,клетва,клетва,,та,клетва та,клетва та,correct,,NOUN,Definite=Def|Gender=Fem|Number=Sing
новоизбраното,новоизбран,новоизбран,,ото,новоизбран ото,новоизбрано то,wrong,adj_def_boundary,ADJ,Definite=Def|Degree=Pos|Gender=Neut|Number=Sing
избирането,избиране,избиране,,то,избиране то,избиране то,correct,,NOUN,Definite=Def|Gender=Neut|Number=Sing
несъвместими,несъвместим,несъвместим,,и,несъвместим и,несъвместим и,correct,,ADJ,Definite=Ind|Degree=Pos|Number=Plur
служители,служител,служител,,и,служител и,служител и,correct,,NOUN,Definite=Ind|Gender=Masc|Number=Plur
четвърти,четвърт,четвърт,,и,четвърт и,четвърти,correct,,ADJ,Definite=Ind|Degree=Pos|Gender=Masc|Number=Sing|NumType=Ord
произвеждането,произвеждане,произвеждане,,то,произвеждане то,произвеждане то,correct,,NOUN,Definite=Def|Gender=Neut|Number=Sing
гербът,герб,герб,,ът,герб ът,герб ът,correct,,NOUN,Definite=Def|Gender=Masc|Number=Sing
песента,песен,песен,,та,песен та,песен та,correct,,NOUN,Definite=Def|Gender=Fem|Number=Sing
реалистите,реалист,реалист,,ите,реалист ите,реалист ите,correct,,NOUN,Definite=Def|Gender=Masc|Number=Plur
българинът,българин,българин,,ът,българин ът,българин ът,correct,,NOUN,Definite=Def|Gender=Masc|Number=Sing
самия,сам,сам,,ия,сам ия,сам ия,correct,,ADJ,Definite=Def|Degree=Pos|Gender=Masc|Number=Sing
помнят,помня,помня,,т,помня т,помня т,correct,,VERB,Aspect=Imp|Mood=Ind|Number=Plur|Person=3|Tense=Pres|VerbForm=Fin|Voice=Act
помощи,помощ,помощ,,и,помощ и,помощ и,correct,,NOUN,Definite=Ind|Gender=Fem|Number=Plur
самобитността,самобитност,самобитност,,та,самобитност та,самобитност та,correct,,NOUN,Definite=Def|Gender=Fem|Number=Sing
столетието,столетие,столетие,,то,столетие то,столетие то,correct,,NOUN,Definite=Def|Gender=Neut|Number=Sing
приключат,приключа,приключа,,т,приключа т,приключа т,correct,,VERB,Aspect=Perf|Mood=Ind|Number=Plur|Person=3|Tense=Pres|VerbForm=Fin|Voice=Act
бъдещият,бъдещ,бъдещ,,ият,бъдещ ият,бъдещ ият,correct,,ADJ,Definite=Def|Degree=Pos|Gender=Masc|Number=Sing
десницата,десница,десница,,та,десница та,десница та,correct,,NOUN,Definite=Def|Gender=Fem|Number=Sing
левицата,левица,левица,,та,левица та,левица та,correct,,NOUN,Definite=Def|Gender=Fem|Number=Sing
арбитража,арбитраж,арбитраж,,а,арбитраж а,арбитраж а,correct,,NOUN,Definite=Def|Gender=Masc|Number=Sing
разделението,разделение,разделение,,то,разделение то,разделение то,correct,,NOUN,Definite=Def|Gender=Neut|Number=Sing
съотношението,съотношение,съотношение,,то,съотношение то,съотношение то,correct,,NOUN,Definite=Def|Gender=Neut|Number=Sing
най-вече,вече,вече,най-,,най- вече,най- вече,correct,,ADV,Degree=Pos
комфорта,комфорт,комфорт,,а,комфорт а,комфорт а,correct,,NOUN,Definite=Def|Gender=Masc|Number=Sing
имиграцията,имиграция,имиграция,,та,имиграция та,имиграция та,correct,,NOUN,Definite=Def|Gender=Fem|Number=Sing
останаха,остана,остана,,ха,остана ха,остана ха,correct,,VERB,Aspect=Perf|Mood=Ind|Number=Plur|Person=3|Tense=Past|VerbForm=Fin|Voice=Act
обхвата,обхват,обхват,,а,обхват а,обхват а,correct,,NOUN,Definite=Def|Gender=Masc|Number=Sing
единодушието,единодушие,единодушие,,то,единодушие то,единодушие то,correct,,NOUN,Definite=Def|Gender=Neut|Number=Sing
зъби,зъб,зъб,,и,зъб и,зъб и,correct,,NOUN,Definite=Ind|Gender=Masc|Number=Plur
ветото,вето,вето,,то,вето то,вето то,correct,,NOUN,Definite=Def|Gender=Neut|Number=Sing
приема,прием,прием,,а,прием а,приема,correct,,VERB,Aspect=Imp|Mood=Ind|Number=Sing|Person=3|Tense=Pres|VerbForm=Fin|Voice=Act
четирите,четири,четири,,те,четири те,четири те,correct,,NUM,Definite=Def|Number=Plur|NumType=Card
гласове,глас,глас,,ове,глас ове,глас ове,correct,,NOUN,Definite=Ind|Gender=Masc|Number=Plur
втория,втори,втори,,я,втори я,втори я,correct,,ADJ,Definite=Def|Degree=Pos|Gender=Masc|Number=Sing|NumType=Ord
членове,член,член,,ове,член ове,член ове,correct,,NOUN,Definite=Ind|Gender=Masc|Number=Plur
по-малък,малък,малък,по-,,по- малък,по- малък,correct,,ADJ,Definite=Ind|Degree=Pos|Gender=Masc|Number=Sing
увеличаването,увеличаване,увеличаване,,то,увеличаване то,увеличаване то,correct,,NOUN,Definite=Def|Gender=Neut|Number=Sing
комисията,комисия,комисия,,та,комисия та,комисия та,correct,,NOUN,Definite=Def|Gender=Fem|Number=Sing
комисари,комисар,комисар,,и,комисар и,комисар и,correct,,NOUN,Definite=Ind|Gender=Masc|Number=Plur
братството,братство,братство,,то,братство то,братство то,correct,,NOUN,Definite=Def|Gender=Neut|Number=Sing
милиона,милион,милион,,а,милион а,милион а,correct,,NOUN,Definite=Def|Gender=Masc|Number=Sing
жители,жител,жител,,и,жител и,жител и,correct,,NOUN,Definite=Ind|Gender=Masc|Number=Plur
тактическите,тактически,тактически,,те,тактически те,тактическ ите,wrong,adj_def_boundary,ADJ,Definite=Def|Degree=Pos|Number=Plur
колоса,колос,колос,,а,колос а,колос а,correct,,NOUN,Definite=Def|Gender=Masc|Number=Sing
барикадата,барикада,барикада,,та,барикада та,барикада та,correct,,NOUN,Definite=Def|Gender=Fem|Number=Sing
британският,британски,британски,,ят,британски ят,британски ят,correct,,ADJ,Definite=Def|Degree=Pos|Gender=Masc|Number=Sing
приоритета,приоритет,приоритет,,а,приоритет а,приоритет а,correct,,NOUN,Definite=Def|Gender=Masc|Number=Sing
разширяването,разширяване,разширяване,,то,разширяване то,разширяване то,correct,,NOUN,Definite=Def|Gender=Neut|Number=Sing
стара,стар,стар,,а,стар а,стара,correct,adj_gender,ADJ,Definite=Ind|Degree=Pos|Gender=Fem|Number=Sing
събарянето,събаряне,събаряне,,то,събаряне то,събаряне то,correct,,NOUN,Definite=Def|Gender=Neut|Number=Sing
социалистическия,социалистически,социалистически,,я,социалистически я,социалистически я,correct,,ADJ,Definite=Def|Degree=Pos|Gender=Masc|Number=Sing
най-щекотливата,щекотлив,щекотлив,най-,ата,най- щекотлив ата,най- щекотлива та,partial,adj_def_boundary,ADJ,Definite=Def|Degree=Pos|Gender=Fem|Number=Sing
настръхнали,настръхна,настръхна,,ли,настръхна ли,настръхна ли,correct,,VERB,Aspect=Perf|Definite=Ind|Number=Plur|Tense=Past|VerbForm=Part|Voice=Act
трезвата,трезв,трезв,,ата,трезв ата,трезва та,wrong,adj_def_boundary,ADJ,Definite=Def|Degree=Pos|Gender=Fem|Number=Sing
северногерманските,северногермански,северногермански,,те,северногермански те,северногерманск ите,wrong,adj_def_boundary,ADJ,Definite=Def|Degree=Pos|Number=Plur
дотогава,тогава,тогава,до,,до тогава,дотогава,correct,,ADV,PronType=Dem
пустотата,пустота,пустота,,та,пустота та,пустота та,correct,,NOUN,Definite=Def|Gender=Fem|Number=Sing
въображението,въображение,въображение,,то,въображение то,въображение то,correct,,NOUN,Definite=Def|Gender=Neut|Number=Sing
реалностите,реалност,реалност,,ите,реалност ите,реалност ите,correct,,NOUN,Definite=Def|Gender=Fem|Number=Plur
задачата,задача,задача,,та,задача та,задача та,correct,,NOUN,Definite=Def|Gender=Fem|Number=Sing
календари,календар,календар,,и,календар и,календар и,correct,,NOUN,Definite=Ind|Gender=Masc|Number=Plur
мозъка,мозък,мозък,,а,мозък а,мозък а,correct,,NOUN,Definite=Def|Gender=Masc|Number=Sing
безмълвието,безмълвие,безмълвие,,то,безмълвие то,безмълвие то,correct,,NOUN,Definite=Def|Gender=Neut|Number=Sing
милиони,милион,милион,,и,милион и,милион и,correct,,NOUN,Definite=Ind|Gender=Masc|Number=Plur
варианти,вариант,вариант,,и,вариант и,вариант и,correct,,NOUN,Definite=Ind|Gender=Masc|Number=Plur
ефекти,ефект,ефект,,и,ефект и,ефект и,correct,,NOUN,Definite=Ind|Gender=Masc|Number=Plur
велика,велик,велик,,а,велик а,велика,correct,adj_gender,ADJ,Definite=Ind|Degree=Pos|Gender=Fem|Number=Sing
въплътима,въплътим,въплътим,,а,въплътим а,въплътима,correct,adj_gender,ADJ,Definite=Ind|Degree=Pos|Gender=Fem|Number=Sing
играта,игра,игра,,та,игра та,игра та,correct,,NOUN,Definite=Def|Gender=Fem|Number=Sing
безчислени,безчислен,безчислен,,и,безчислен и,безчислен и,correct,,ADJ,Definite=Ind|Degree=Pos|Number=Plur
фантазията,фантазия,фантазия,,та,фантазия та,фантазия та,correct,,NOUN,Definite=Def|Gender=Fem|Number=Sing
гимназията,гимназия,гимназия,,та,гимназия та,гимназия та,correct,,NOUN,Definite=Def|Gender=Fem|Number=Sing
сънища,сън,сън,,ища,сън ища,сънища,correct,,NOUN,Definite=Ind|Gender=Masc|Number=Plur
съвети,съвет,съвет,,и,съвет и,съвет и,correct,,NOUN,Definite=Ind|Gender=Masc|Number=Plur
най-добре,добре,добре,най-,,най- добре,най- добре,correct,,ADV,Degree=Sup
пощата,поща,поща,,та,поща та,поща та,correct,,NOUN,Definite=Def|Gender=Fem|Number=Sing
дървени,дървен,дървен,,и,дървен и,дървен и,correct,,ADJ,Definite=Ind|Degree=Pos|Number=Plur
полуразпадането,полуразпадане,полуразпадане,,то,полуразпадане то,полуразпадане то,correct,,NOUN,Definite=Def|Gender=Masc|Number=Sing
радиоизотопа,радиоизотоп,радиоизотоп,,а,радиоизотоп а,радиоизотоп а,correct,,NOUN,Definite=Def|Gender=Masc|Number=Sing
необразовани,необразован,необразован,,и,необразован и,необразован и,correct,,ADJ,Definite=Ind|Degree=Pos|Number=Plur
съпругът,съпруг,съпруг,,ът,съпруг ът,съпруг ът,correct,,NOUN,Definite=Def|Gender=Masc|Number=Sing
плодова,плодов,плодов,,а,плодов а,плодова,correct,adj_gender,ADJ,Definite=Ind|Degree=Pos|Gender=Fem|Number=Sing
хора,хор,хор,,а,хор а,хора,correct,,NOUN,Definite=Ind|Number=Ptan
маркетинговите,маркетингов,маркетингов,,ите,маркетингов ите,маркетингов ите,correct,,ADJ,Definite=Def|Degree=Pos|Number=Plur
по-нагоре,нагоре,нагоре,по-,,по- нагоре,по- нагоре,correct,,ADV,Degree=Pos
задника,задник,задник,,а,задник а,задник а,correct,,NOUN,Definite=Def|Gender=Masc|Number=Sing
колежа,колеж,колеж,,а,колеж а,колеж а,correct,,NOUN,Definite=Def|Gender=Masc|Number=Sing
най-малко,малко,малко,най-,,най- малко,най- малко,correct,,ADV,Definite=Ind|Degree=Pos|Number=Plur|NumType=Card
предмети,предмет,предмет,,и,предмет и,предмет и,correct,,NOUN,Definite=Ind|Gender=Masc|Number=Plur
моменти,момент,момент,,и,момент и,момент и,correct,,NOUN,Definite=Ind|Gender=Masc|Number=Plur
речника,речник,речник,,а,речник а,речник а,correct,,NOUN,Definite=Def|Gender=Masc|Number=Sing
спрежението,спрежение,спрежение,,то,спрежение то,спрежение то,correct,,NOUN,Definite=Def|Gender=Neut|Number=Sing
тестът,тест,тест,,ът,тест ът,тест ът,correct,,NOUN,Definite=Def|Gender=Masc|Number=Sing
тестове,тест,тест,,ове,тест ове,тест ове,correct,,NOUN,Definite=Ind|Gender=Masc|Number=Plur
материала,материал,материал,,а,материал а,материал а,correct,,NOUN,Definite=Def|Gender=Masc|Number=Sing
изпитът,изпит,изпит,,ът,изпит ът,изпит ът,correct,,NOUN,Definite=Def|Gender=Masc|Number=Sing
теста,тест,тест,,а,тест а,тест а,correct,,NOUN,Definite=Def|Gender=Masc|Number=Sing
есето,есе,есе,,то,есе то,есе то,correct,,NOUN,Definite=Def|Gender=Neut|Number=Sing
измамата,измама,измама,,та,измама та,измама та,correct,,NOUN,Definite=Def|Gender=Fem|Number=Sing
плагиатството,плагиатство,плагиатство,,то,плагиатство то,плагиатство то,correct,,NOUN,Definite=Def|Gender=Neut|Number=Sing
учители,учител,учител,,и,учител и,учител и,correct,,NOUN,Definite=Ind|Gender=Masc|Number=Plur
пишат,пиша,пиша,,т,пиша т,пиша т,correct,,VERB,Aspect=Imp|Mood=Ind|Number=Plur|Person=3|Tense=Pres|VerbForm=Fin|Voice=Act
изключат,изключа,изключа,,т,изключа т,изключа т,correct,,VERB,Aspect=Perf|Mood=Ind|Number=Plur|Person=3|Tense=Pres|VerbForm=Fin|Voice=Act
накажат,накажа,накажа,,т,накажа т,накажа т,correct,,VERB,Aspect=Perf|Mood=Ind|Number=Plur|Person=3|Tense=Pres|VerbForm=Fin|Voice=Act
учителя,учител,учител,,я,учител я,учител я,correct,,NOUN,Definite=Def|Gender=Masc|Number=Sing
навсякъде,всякъде,всякъде,на,,на всякъде,навсякъде,correct,,ADV,PronType=Tot
най-удобно,удобно,удобно,най-,,най- удобно,най- удобно,correct,,ADV,Degree=Sup
отпочинала,отпочина,отпочина,,ла,отпочина ла,отпочина ла,correct,,VERB,Aspect=Perf|Definite=Ind|Gender=Fem|Number=Sing|Tense=Past|VerbForm=Part|Voice=Act
увода,увод,увод,,а,увод а,увод а,correct,,NOUN,Definite=Def|Gender=Masc|Number=Sing
започнато,започна,започна,,то,започна то,започнато,correct,,VERB,Aspect=Perf|Definite=Ind|Gender=Neut|Number=Sing|VerbForm=Part|Voice=Pass
нагласата,нагласа,нагласа,,та,нагласа та,нагласа та,correct,,NOUN,Definite=Def|Gender=Fem|Number=Sing
хапчета,хапче,хапче,,та,хапче та,хапче та,correct,,NOUN,Definite=Ind|Gender=Neut|Number=Plur
ваканцията,ваканция,ваканция,,та,ваканция та,ваканция та,correct,,NOUN,Definite=Def|Gender=Fem|Number=Sing
математиката,математика,математика,,та,математика та,математика та,correct,,NOUN,Definite=Def|Gender=Fem|Number=Sing
отбележат,отбележа,отбележа,,т,отбележа т,отбележа т,correct,,VERB,Aspect=Perf|Mood=Ind|Number=Plur|Person=3|Tense=Pres|VerbForm=Fin|Voice=Act
напредъка,напредък,напредък,,а,напредък а,напредък а,correct,,NOUN,Definite=Def|Gender=Masc|Number=Sing
помогнат,помогна,помогна,,т,помогна т,помогна т,correct,,VERB,Aspect=Perf|Mood=Ind|Number=Plur|Person=3|Tense=Pres|VerbForm=Fin|Voice=Act
момичетата,момиче,момиче,,тата,момиче тата,момиче тата,correct,,NOUN,Definite=Def|Gender=Neut|Number=Plur
момчетата,момче,момче,,тата,момче тата,момче тата,correct,,NOUN,Definite=Def|Gender=Neut|Number=Plur
тъпи,тъп,тъп,,и,тъп и,тъп и,correct,,ADJ,Definite=Ind|Degree=Pos|Number=Plur
топката,топка,топка,,та,топка та,топка та,correct,,NOUN,Definite=Def|Gender=Fem|Number=Sing
леснотата,леснота,леснота,,та,леснота та,леснота та,correct,,NOUN,Definite=Def|Gender=Fem|Number=Sing
непреодолимата,непреодолим,непреодолим,,ата,непреодолим ата,непреодолима та,wrong,adj_def_boundary,ADJ,Definite=Def|Degree=Pos|Gender=Fem|Number=Sing
проблемът,проблем,проблем,,ът,проблем ът,проблем ът,correct,,NOUN,Definite=Def|Gender=Masc|Number=Sing
произвола,произвол,произвол,,а,произвол а,произвола,correct,,NOUN,Definite=Ind|Gender=Masc|Number=Sing
свети,свет,свет,,и,свет и,свети,correct,,PROPN,Definite=Ind|Gender=Masc|Number=Sing
християнството,християнство,християнство,,то,християнство то,християнство то,correct,,NOUN,Definite=Def|Gender=Neut|Number=Sing
творчеството,творчество,творчество,,то,творчество то,творчество то,correct,,NOUN,Definite=Def|Gender=Neut|Number=Sing
наличието,наличие,наличие,,то,наличие то,наличие то,correct,,NOUN,Definite=Def|Gender=Neut|Number=Sing
най-кървавото,кървав,кървав,най-,ото,най- кървав ото,най- кърваво то,partial,adj_def_boundary,ADJ,Definite=Def|Degree=Pos|Gender=Neut|Number=Sing
отделянето,отделяне,отделяне,,то,отделяне то,отделяне то,correct,,NOUN,Definite=Def|Gender=Neut|Number=Sing
обединяването,обединяване,обединяване,,то,обединяване то,обединяване то,correct,,NOUN,Definite=Def|Gender=Neut|Number=Sing
разложението,разложение,разложение,,то,разложение то,разложение то,correct,,NOUN,Definite=Def|Gender=Neut|Number=Sing
доблестта,доблест,доблест,,та,доблест та,доблест та,correct,,NOUN,Definite=Def|Gender=Fem|Number=Sing
костите,кост,кост,,ите,кост ите,кост ите,correct,,NOUN,Definite=Def|Gender=Fem|Number=Plur
писателя,писател,писател,,я,писател я,писател я,correct,,NOUN,Definite=Def|Gender=Masc|Number=Sing
творбата,творба,творба,,та,творба та,творба та,correct,,NOUN,Definite=Def|Gender=Fem|Number=Sing
фотографията,фотография,фотография,,та,фотография та,фотография та,correct,,NOUN,Definite=Def|Gender=Fem|Number=Sing
писателите,писател,писател,,ите,писател ите,писател ите,correct,,NOUN,Definite=Def|Gender=Masc|Number=Plur
ценностите,ценност,ценност,,ите,ценност ите,ценност ите,correct,,NOUN,Definite=Def|Gender=Fem|Number=Plur
разказите,разказ,разказ,,ите,разказ ите,разказ ите,correct,,NOUN,Definite=Def|Gender=Masc|Number=Plur
цензурата,цензура,цензура,,та,цензура та,цензура та,correct,,NOUN,Definite=Def|Gender=Fem|Number=Sing
пиесата,пиеса,пиеса,,та,пиеса та,пиеса та,correct,,NOUN,Definite=Def|Gender=Fem|Number=Sing
плътта,плът,плът,,та,плът та,плът та,correct,,NOUN,Definite=Def|Gender=Fem|Number=Sing
терора,терор,терор,,а,терор а,терор а,correct,,NOUN,Definite=Def|Gender=Masc|Number=Sing
поводи,повод,повод,,и,повод и,повод и,correct,,NOUN,Definite=Ind|Gender=Masc|Number=Plur
психологическите,психологически,психологически,,те,психологически те,психологическ ите,wrong,adj_def_boundary,ADJ,Definite=Def|Degree=Pos|Number=Plur
репресията,репресия,репресия,,та,репресия та,репресия та,correct,,NOUN,Definite=Def|Gender=Fem|Number=Sing
ваше,ваш,ваш,,е,ваш е,ваше,correct,adj_gender,DET,Definite=Ind|Gender=Neut|Number=Sing|Person=2|Poss=Yes|PronType=Prs
неправдата,неправда,неправда,,та,неправда та,неправда та,correct,,NOUN,Definite=Def|Gender=Fem|Number=Sing
опозиционери,опозиционер,опозиционер,,и,опозиционер и,опозиционер и,correct,,NOUN,Definite=Ind|Gender=Masc|Number=Plur
забравата,забрава,забрава,,та,забрава та,забрава та,correct,,NOUN,Definite=Def|Gender=Fem|Number=Sing
палачи,палач,палач,,и,палач и,палач и,correct,,NOUN,Definite=Ind|Gender=Masc|Number=Plur
мълчанието,мълчание,мълчание,,то,мълчание то,мълчание то,correct,,NOUN,Definite=Def|Gender=Neut|Number=Sing
обезщетението,обезщетение,обезщетение,,то,обезщетение то,обезщетение то,correct,,NOUN,Definite=Def|Gender=Neut|Number=Sing
окупацията,окупация,окупация,,та,окупация та,окупация та,correct,,NOUN,Definite=Def|Gender=Fem|Number=Sing
справедлива,справедлив,справедлив,,а,справедлив а,справедлива,correct,adj_gender,ADJ,Definite=Ind|Degree=Pos|Gender=Fem|Number=Sing
добродетелите,добродетел,добродетел,,ите,добродетел ите,добродетел ите,correct,,NOUN,Definite=Def|Gender=Fem|Number=Plur
тоталитаристите,тоталитарист,тоталитарист,,ите,тоталитарист ите,тоталитарист ите,correct,,NOUN,Definite=Def|Gender=Masc|Number=Plur
либералите,либерал,либерал,,ите,либерал ите,либерал ите,correct,,NOUN,Definite=Def|Gender=Masc|Number=Plur
по-лоша,лош,лош,по-,а,по- лош а,по- лоша,partial,,ADJ,Definite=Ind|Degree=Pos|Gender=Fem|Number=Sing
намирането,намиране,намиране,,то,намиране то,намиране то,correct,,NOUN,Definite=Def|Gender=Neut|Number=Sing
измерят,измеря,измеря,,т,измеря т,измеря т,correct,,VERB,Aspect=Perf|Mood=Ind|Number=Plur|Person=3|Tense=Pres|VerbForm=Fin|Voice=Act
стилове,стил,стил,,ове,стил ове,стил ове,correct,,NOUN,Definite=Ind|Gender=Masc|Number=Plur
по-ефективно,ефективно,ефективно,по-,,по- ефективно,по- ефективно,correct,,ADV,Degree=Sup
писането,писане,писане,,то,писане то,писане то,correct,,NOUN,Definite=Def|Gender=Neut|Number=Sing
раждането,раждане,раждане,,то,раждане то,раждане то,correct,,NOUN,Definite=Def|Gender=Neut|Number=Sing
знанието,знание,знание,,то,знание то,знание то,correct,,NOUN,Definite=Def|Gender=Neut|Number=Sing
придобиването,придобиване,придобиване,,то,придобиване то,придобиване то,correct,,NOUN,Definite=Def|Gender=Neut|Number=Sing
стреса,стрес,стрес,,а,стрес а,стрес а,correct,,NOUN,Definite=Def|Gender=Masc|Number=Sing
стресово,стресов,стресов,,о,стресов о,стресово,correct,adj_gender,ADV,Degree=Pos
справянето,справяне,справяне,,то,справяне то,справяне то,correct,,NOUN,Definite=Def|Gender=Neut|Number=Sing
безнадеждността,безнадеждност,безнадеждност,,та,безнадеждност та,безнадеждност та,correct,,NOUN,Definite=Def|Gender=Fem|Number=Sing
надеждата,надежда,надежда,,та,надежда та,надежда та,correct,,NOUN,Definite=Def|Gender=Fem|Number=Sing
ползата,полза,полза,,та,полза та,полза та,correct,,NOUN,Definite=Def|Gender=Fem|Number=Sing
усъвършенстването,усъвършенстване,усъвършенстване,,то,усъвършенстване то,усъвършенстване то,correct,,NOUN,Definite=Def|Gender=Neut|Number=Sing
познатите,познат,познат,,ите,познат ите,познат ите,correct,,NOUN,Definite=Def|Gender=Masc|Number=Plur
способностите,способност,способност,,ите,способност ите,способност ите,correct,,NOUN,Definite=Def|Gender=Fem|Number=Plur
подобряването,подобряване,подобряване,,то,подобряване то,подобряване то,correct,,NOUN,Definite=Def|Gender=Neut|Number=Sing
неприятностите,неприятност,неприятност,,ите,неприятност ите,неприятност ите,correct,,NOUN,Definite=Def|Gender=Fem|Number=Plur
упорството,упорство,упорство,,то,упорство то,упорство то,correct,,NOUN,Definite=Def|Gender=Neut|Number=Sing
страховете,страх,страх,,овете,страх овете,страх овете,correct,,NOUN,Definite=Def|Gender=Masc|Number=Plur
враждебностите,враждебност,враждебност,,ите,враждебност ите,враждебност ите,correct,,NOUN,Definite=Def|Gender=Fem|Number=Plur
неприятности,неприятност,неприятност,,и,неприятност и,неприятност и,correct,,NOUN,Definite=Ind|Gender=Fem|Number=Plur
най-лошото,лош,лош,най-,ото,най- лош ото,най- лошо то,partial,adj_def_boundary,ADJ,Definite=Def|Degree=Sup|Gender=Neut|Number=Sing
торбата,торба,торба,,та,торба та,торба та,correct,,NOUN,Definite=Def|Gender=Fem|Number=Sing
оценяваме,оценявам,оценявам,,е,оценявам е,оценява ме,wrong,plu1person_boundary,VERB,Aspect=Imp|Mood=Ind|Number=Plur|Person=1|Tense=Pres|VerbForm=Fin|Voice=Act
дадено,даден,даден,,о,даден о,дадено,correct,adj_gender,VERB,Aspect=Perf|Definite=Ind|Gender=Neut|Number=Sing|VerbForm=Part|Voice=Pass
по-вероятно,вероятно,вероятно,по-,,по- вероятно,по- вероятно,correct,,ADV,Degree=Pos
най-голяма,голям,голям,най-,а,най- голям а,най- голяма,partial,,ADJ,Definite=Ind|Degree=Pos|Gender=Fem|Number=Sing
комбинирането,комбиниране,комбиниране,,то,комбиниране то,комбиниране то,correct,,NOUN,Definite=Def|Gender=Neut|Number=Sing
типа,тип,тип,,а,тип а,тип а,correct,,NOUN,Definite=Def|Gender=Masc|Number=Sing
понятието,понятие,понятие,,то,понятие то,понятие то,correct,,NOUN,Definite=Def|Gender=Neut|Number=Sing
проучването,проучване,проучване,,то,проучване то,проучване то,correct,,NOUN,Definite=Def|Gender=Neut|Number=Sing
методи,метод,метод,,и,метод и,метод и,correct,,NOUN,Definite=Ind|Gender=Masc|Number=Plur
избягването,избягване,избягване,,то,избягване то,избягване то,correct,,NOUN,Definite=Def|Gender=Neut|Number=Sing
самоуверени,самоуверен,самоуверен,,и,самоуверен и,самоуверен и,correct,,ADJ,Definite=Ind|Degree=Pos|Number=Plur
по-силен,силен,силен,по-,,по- силен,по- силен,correct,,ADJ,Definite=Ind|Degree=Pos|Gender=Masc|Number=Sing
източника,източник,източник,,а,източник а,източник а,correct,,NOUN,Definite=Def|Gender=Masc|Number=Sing
родителството,родителство,родителство,,то,родителство то,родителство то,correct,,NOUN,Definite=Def|Gender=Neut|Number=Sing
затруднението,затруднение,затруднение,,то,затруднение то,затруднение то,correct,,NOUN,Definite=Def|Gender=Neut|Number=Sing
израснах,израсна,израсна,,х,израсна х,израсна х,correct,,VERB,Aspect=Perf|Mood=Ind|Number=Sing|Person=1|Tense=Past|VerbForm=Fin|Voice=Act
корелацията,корелация,корелация,,та,корелация та,корелация та,correct,,NOUN,Definite=Def|Gender=Fem|Number=Sing
респондентите,респондент,респондент,,ите,респондент ите,респондент ите,correct,,NOUN,Definite=Def|Gender=Masc|Number=Plur
изследователите,изследовател,изследовател,,ите,изследовател ите,изследовател ите,correct,,NOUN,Definite=Def|Gender=Masc|Number=Plur
дистанцирането,дистанциране,дистанциране,,то,дистанциране то,дистанциране то,correct,,NOUN,Definite=Def|Gender=Neut|Number=Sing
типовете,тип,тип,,овете,тип овете,тип овете,correct,,NOUN,Definite=Def|Gender=Masc|Number=Plur
стила,стил,стил,,а,стил а,стил а,correct,,NOUN,Definite=Def|Gender=Masc|Number=Sing
по-долу,долу,долу,по-,,по- долу,по- долу,correct,,ADV,Degree=Pos
екстраверсията,екстраверсия,екстраверсия,,та,екстраверсия та,екстраверсия та,correct,,NOUN,Definite=Def|Gender=Fem|Number=Sing
съприкосновението,съприкосновение,съприкосновение,,то,съприкосновение то,съприкосновение то,correct,,NOUN,Definite=Def|Gender=Neut|Number=Sing
откритостта,откритост,откритост,,та,откритост та,откритост та,correct,,NOUN,Definite=Def|Gender=Fem|Number=Sing
принадлежат,принадлежа,принадлежа,,т,принадлежа т,принадлежа т,correct,,VERB,Aspect=Imp|Mood=Ind|Number=Plur|Person=3|Tense=Pres|VerbForm=Fin|Voice=Act
съвестността,съвестност,съвестност,,та,съвестност та,съвестност та,correct,,NOUN,Definite=Def|Gender=Fem|Number=Sing
одобрението,одобрение,одобрение,,то,одобрение то,одобрение то,correct,,NOUN,Definite=Def|Gender=Neut|Number=Sing
открити,открит,открит,,и,открит и,открити,correct,,VERB,Aspect=Perf|Definite=Ind|Number=Plur|VerbForm=Part|Voice=Pass
недостатъка,недостатък,недостатък,,а,недостатък а,недостатък а,correct,,NOUN,Definite=Def|Gender=Masc|Number=Sing
страхливи,страхлив,страхлив,,и,страхлив и,страхлив и,correct,,ADJ,Definite=Ind|Degree=Pos|Number=Plur
зависимите,зависим,зависим,,ите,зависим ите,зависим ите,correct,,ADJ,Definite=Def|Degree=Pos|Number=Plur
житейските,житейски,житейски,,те,житейски те,житейск ите,wrong,adj_def_boundary,ADJ,Definite=Def|Degree=Pos|Number=Plur
започнали,започна,започна,,ли,започна ли,започна ли,correct,,VERB,Aspect=Perf|Definite=Ind|Number=Plur|Tense=Past|VerbForm=Part|Voice=Act
помощта,помощ,помощ,,та,помощ та,помощ та,correct,,NOUN,Definite=Def|Gender=Fem|Number=Sing
поемането,поемане,поемане,,то,поемане то,поемане то,correct,,NOUN,Definite=Def|Gender=Neut|Number=Sing
представянето,представяне,представяне,,то,представяне то,представяне то,correct,,NOUN,Definite=Def|Gender=Neut|Number=Sing
усилието,усилие,усилие,,то,усилие то,усилие то,correct,,NOUN,Definite=Def|Gender=Neut|Number=Sing
игнорираме,игнорирам,игнорирам,,е,игнорирам е,игнорира ме,wrong,plu1person_boundary,VERB,Aspect=Imp|Mood=Ind|Number=Plur|Person=1|Tense=Pres|VerbForm=Fin|Voice=Act
изчезнат,изчезна,изчезна,,т,изчезна т,изчезна т,correct,,VERB,Aspect=Perf|Mood=Ind|Number=Plur|Person=3|Tense=Pres|VerbForm=Fin|Voice=Act
непосредствената,непосредствен,непосредствен,,ата,непосредствен ата,непосредствена та,wrong,adj_def_boundary,ADJ,Definite=Def|Degree=Pos|Gender=Fem|Number=Sing
захапят,захапя,захапя,,т,захапя т,захапя т,correct,,VERB,Aspect=Perf|Mood=Ind|Number=Plur|Person=3|Tense=Pres|VerbForm=Fin|Voice=Act
свикнали,свикна,свикна,,ли,свикна ли,свикна ли,correct,,VERB,Aspect=Perf|Definite=Ind|Number=Plur|Tense=Past|VerbForm=Part|Voice=Act
фалшива,фалшив,фалшив,,а,фалшив а,фалшива,correct,adj_gender,ADJ,Definite=Ind|Degree=Pos|Gender=Fem|Number=Sing
комплиментите,комплимент,комплимент,,ите,комплимент ите,комплимент ите,correct,,NOUN,Definite=Def|Gender=Masc|Number=Plur
антиподи,антипод,антипод,,и,антипод и,антипод и,correct,,NOUN,Definite=Ind|Gender=Masc|Number=Plur
опасности,опасност,опасност,,и,опасност и,опасност и,correct,,NOUN,Definite=Ind|Gender=Fem|Number=Plur
склонността,склонност,склонност,,та,склонност та,склонност та,correct,,NOUN,Definite=Def|Gender=Fem|Number=Sing
сами,сам,сам,,и,сам и,сам и,correct,,ADJ,Definite=Ind|Degree=Pos|Number=Plur
поемат,поема,поема,,т,поема т,поема т,correct,,VERB,Aspect=Imp|Mood=Ind|Number=Plur|Person=3|Tense=Pres|VerbForm=Fin|Voice=Act
собственото,собствен,собствен,,ото,собствен ото,собствено то,wrong,adj_def_boundary,ADJ,Definite=Def|Degree=Pos|Gender=Neut|Number=Sing
вършат,върша,върша,,т,върша т,върша т,correct,,VERB,Aspect=Imp|Mood=Ind|Number=Plur|Person=3|Tense=Pres|VerbForm=Fin|Voice=Act
храненето,хранене,хранене,,то,хранене то,хранене то,correct,,NOUN,Definite=Def|Gender=Neut|Number=Sing
типове,тип,тип,,ове,тип ове,тип ове,correct,,NOUN,Definite=Ind|Gender=Masc|Number=Plur
риска,риск,риск,,а,риск а,риск а,correct,,NOUN,Definite=Def|Gender=Masc|Number=Sing
тревожността,тревожност,тревожност,,та,тревожност та,тревожност та,correct,,NOUN,Definite=Def|Gender=Fem|Number=Sing
компромиси,компромис,компромис,,и,компромис и,компромис и,correct,,NOUN,Definite=Ind|Gender=Masc|Number=Plur
тютюнопушенето,тютюнопушене,тютюнопушене,,то,тютюнопушене то,тютюнопушене то,correct,,NOUN,Definite=Def|Gender=Neut|Number=Sing
непоставянето,непоставяне,непоставяне,,то,непоставяне то,непоставяне то,correct,,NOUN,Definite=Def|Gender=Neut|Number=Sing
колани,колан,колан,,и,колан и,колан и,correct,,NOUN,Definite=Ind|Gender=Masc|Number=Plur
неизползването,неизползване,неизползване,,то,неизползване то,неизползване то,correct,,NOUN,Definite=Def|Gender=Neut|Number=Sing
лоши,лош,лош,,и,лош и,лош и,correct,,ADJ,Definite=Ind|Degree=Pos|Number=Plur
неуспеха,неуспех,неуспех,,а,неуспех а,неуспех а,correct,,NOUN,Definite=Def|Gender=Masc|Number=Sing
слабо,слаб,слаб,,о,слаб о,слабо,correct,adj_gender,ADV,Degree=Pos
по-зле,зле,зле,по-,,по- зле,по- зле,correct,,ADV,Degree=Sup
приспособяването,приспособяване,приспособяване,,то,приспособяване то,приспособяване то,correct,,NOUN,Definite=Def|Gender=Neut|Number=Sing
мислят,мисля,мисля,,т,мисля т,мисля т,correct,,VERB,Aspect=Imp|Mood=Ind|Number=Plur|Person=3|Tense=Pres|VerbForm=Fin|Voice=Act
външногруповото,външногрупов,външногрупов,,ото,външногрупов ото,външногрупово то,wrong,adj_def_boundary,ADJ,Definite=Def|Degree=Pos|Gender=Neut|Number=Sing
спечелят,спечеля,спечеля,,т,спечеля т,спечеля т,correct,,VERB,Aspect=Perf|Mood=Ind|Number=Plur|Person=3|Tense=Pres|VerbForm=Fin|Voice=Act
управляваме,управлявам,управлявам,,е,управлявам е,управлява ме,wrong,plu1person_boundary,VERB,Aspect=Imp|Mood=Ind|Number=Plur|Person=1|Tense=Pres|VerbForm=Fin|Voice=Act
най-успешно,успешно,успешно,най-,,най- успешно,най- успешно,correct,,ADV,Degree=Pos
адаптирането,адаптиране,адаптиране,,то,адаптиране то,адаптиране то,correct,,NOUN,Definite=Def|Gender=Neut|Number=Sing
термини,термин,термин,,и,термин и,термин и,correct,,NOUN,Definite=Ind|Gender=Masc|Number=Plur
бърза,бърз,бърз,,а,бърз а,бърза,correct,,VERB,Aspect=Imp|Mood=Ind|Number=Sing|Person=3|Tense=Pres|VerbForm=Fin|Voice=Act
откриването,откриване,откриване,,то,откриване то,откриване то,correct,,NOUN,Definite=Def|Gender=Neut|Number=Sing
най-належащите,належащ,належащ,най-,ите,най- належащ ите,най- належащ ите,correct,,ADJ,Definite=Def|Degree=Pos|Number=Plur
приза,приз,приз,,а,приз а,приз а,correct,,NOUN,Definite=Def|Gender=Masc|Number=Sing
носителите,носител,носител,,ите,носител ите,носител ите,correct,,NOUN,Definite=Def|Gender=Masc|Number=Plur
организаторите,организатор,организатор,,ите,организатор ите,организатор ите,correct,,NOUN,Definite=Def|Gender=Masc|Number=Plur
най-голямото,голям,голям,най-,ото,най- голям ото,най- голямо то,partial,adj_def_boundary,ADJ,Definite=Def|Degree=Sup|Gender=Neut|Number=Sing
спечелването,спечелване,спечелване,,то,спечелване то,спечелване то,correct,,NOUN,Definite=Def|Gender=Neut|Number=Sing
чистата,чист,чист,,ата,чист ата,чиста та,wrong,adj_def_boundary,ADJ,Definite=Def|Degree=Pos|Gender=Fem|Number=Sing
дивиденти,дивидент,дивидент,,и,дивидент и,дивидент и,correct,,NOUN,Definite=Ind|Gender=Masc|Number=Plur
възобновяването,възобновяване,възобновяване,,то,възобновяване то,възобновяване то,correct,,NOUN,Definite=Def|Gender=Neut|Number=Sing
строежа,строеж,строеж,,а,строеж а,строеж а,correct,,NOUN,Definite=Def|Gender=Masc|Number=Sing
доставчика,доставчик,доставчик,,а,доставчик а,доставчик а,correct,,NOUN,Definite=Def|Gender=Masc|Number=Sing
газопровода,газопровод,газопровод,,а,газопровод а,газопровод а,correct,,NOUN,Definite=Def|Gender=Masc|Number=Sing
протестите,протест,протест,,ите,протест ите,протест ите,correct,,NOUN,Definite=Def|Gender=Masc|Number=Plur
доходите,доход,доход,,ите,доход ите,доход ите,correct,,NOUN,Definite=Def|Gender=Masc|Number=Plur
демографския,демографски,демографски,,я,демографски я,демографски я,correct,,ADJ,Definite=Def|Degree=Pos|Gender=Masc|Number=Sing
емиграцията,емиграция,емиграция,,та,емиграция та,емиграция та,correct,,NOUN,Definite=Def|Gender=Fem|Number=Sing
бебета,бебе,бебе,,та,бебе та,бебе та,correct,,NOUN,Definite=Ind|Gender=Neut|Number=Plur
опозицията,опозиция,опозиция,,та,опозиция та,опозиция та,correct,,NOUN,Definite=Def|Gender=Fem|Number=Sing
кинжалството,кинжалство,кинжалство,,то,кинжалство то,кинжалство то,correct,,NOUN,Definite=Def|Gender=Neut|Number=Sing
сините,син,син,,ите,син ите,син ите,correct,,ADJ,Definite=Def|Degree=Pos|Number=Plur
най-важно,важно,важно,най-,,най- важно,най- важно,correct,,ADV,Degree=Sup
изборите,избор,избор,,ите,избор ите,избор ите,correct,,NOUN,Definite=Def|Gender=Masc|Number=Plur
устава,устав,устав,,а,устав а,устав а,correct,,NOUN,Definite=Def|Gender=Masc|Number=Sing
секретарите,секретар,секретар,,ите,секретар ите,секретар ите,correct,,NOUN,Definite=Def|Gender=Masc|Number=Plur
конференцията,конференция,конференция,,та,конференция та,конференция та,correct,,NOUN,Definite=Def|Gender=Fem|Number=Sing
опитите,опит,опит,,ите,опит ите,опит ите,correct,,NOUN,Definite=Def|Gender=Masc|Number=Plur
демократи,демократ,демократ,,и,демократ и,демократ и,correct,,NOUN,Definite=Ind|Gender=Masc|Number=Plur
членът,член,член,,ът,член ът,член ът,correct,,NOUN,Definite=Def|Gender=Masc|Number=Sing
линията,линия,линия,,та,линия та,линия та,correct,,NOUN,Definite=Def|Gender=Fem|Number=Sing
режат,режа,режа,,т,режа т,режа т,correct,,VERB,Aspect=Imp|Mood=Ind|Number=Plur|Person=3|Tense=Pres|VerbForm=Fin|Voice=Act
загинал,загина,загина,,л,загина л,загина л,correct,,VERB,Aspect=Perf|Definite=Ind|Gender=Masc|Number=Sing|Tense=Past|VerbForm=Part|Voice=Act
машинистът,машинист,машинист,,ът,машинист ът,машинист ът,correct,,NOUN,Definite=Def|Gender=Masc|Number=Sing
мотрисата,мотриса,мотриса,,та,мотриса та,мотриса та,correct,,NOUN,Definite=Def|Gender=Fem|Number=Sing
машинисти,машинист,машинист,,и,машинист и,машинист и,correct,,NOUN,Definite=Ind|Gender=Masc|Number=Plur
радиостанцията,радиостанция,радиостанция,,та,радиостанция та,радиостанция та,correct,,NOUN,Definite=Def|Gender=Fem|Number=Sing
линейката,линейка,линейка,,та,линейка та,линейка та,correct,,NOUN,Definite=Def|Gender=Fem|Number=Sing
съпругата,съпруга,съпруга,,та,съпруга та,съпруга та,correct,,NOUN,Definite=Def|Gender=Fem|Number=Sing
пипнат,пипна,пипна,,т,пипна т,пипна т,correct,,VERB,Aspect=Perf|Mood=Ind|Number=Plur|Person=3|Tense=Pres|VerbForm=Fin|Voice=Act
ченгетата,ченге,ченге,,тата,ченге тата,ченге тата,correct,,NOUN,Definite=Def|Gender=Neut|Number=Plur
гетото,гето,гето,,то,гето то,гето то,correct,,NOUN,Definite=Def|Gender=Neut|Number=Sing
влакове,влак,влак,,ове,влак ове,влак ове,correct,,NOUN,Definite=Ind|Gender=Masc|Number=Plur
движението,движение,движение,,то,движение то,движение то,correct,,NOUN,Definite=Def|Gender=Neut|Number=Sing
районът,район,район,,ът,район ът,район ът,correct,,NOUN,Definite=Def|Gender=Masc|Number=Sing
роми,ром,ром,,и,ром и,ром и,correct,,NOUN,Definite=Ind|Gender=Fem|Number=Plur
отрежат,отрежа,отрежа,,т,отрежа т,отрежа т,correct,,VERB,Aspect=Perf|Mood=Ind|Number=Plur|Person=3|Tense=Pres|VerbForm=Fin|Voice=Act
извадят,извадя,извадя,,т,извадя т,извадя т,correct,,VERB,Aspect=Perf|Mood=Ind|Number=Plur|Person=3|Tense=Pres|VerbForm=Fin|Voice=Act
американският,американски,американски,,ят,американски ят,американски ят,correct,,ADJ,Definite=Def|Degree=Pos|Gender=Masc|Number=Sing
издаването,издаване,издаване,,то,издаване то,издаване то,correct,,NOUN,Definite=Def|Gender=Neut|Number=Sing
щатският,щатски,щатски,,ят,щатски ят,щатски ят,correct,,ADJ,Definite=Def|Degree=Pos|Gender=Masc|Number=Sing
кодове,код,код,,ове,код ове,код ове,correct,,NOUN,Definite=Ind|Gender=Masc|Number=Plur
азбуката,азбука,азбука,,та,азбука та,азбука та,correct,,NOUN,Definite=Def|Gender=Fem|Number=Sing
смятането,смятане,смятане,,то,смятане то,смятане то,correct,,NOUN,Definite=Def|Gender=Neut|Number=Sing
познаването,познаване,познаване,,то,познаване то,познаване то,correct,,NOUN,Definite=Def|Gender=Neut|Number=Sing
колежи,колеж,колеж,,и,колеж и,колеж и,correct,,NOUN,Definite=Ind|Gender=Masc|Number=Plur
инсулина,инсулин,инсулин,,а,инсулин а,инсулин а,correct,,NOUN,Definite=Def|Gender=Masc|Number=Sing
хаоса,хаос,хаос,,а,хаос а,хаос а,correct,,NOUN,Definite=Def|Gender=Masc|Number=Sing
шефката,шефка,шефка,,та,шефка та,шефка та,correct,,NOUN,Definite=Def|Gender=Fem|Number=Sing
делото,дело,дело,,то,дело то,дело то,correct,,NOUN,Definite=Def|Gender=Neut|Number=Sing
ексшефовете,ексшеф,ексшеф,,овете,ексшеф овете,ексшеф овете,correct,,NOUN,Definite=Def|Gender=Masc|Number=Plur
заключението,заключение,заключение,,то,заключение то,заключение то,correct,,NOUN,Definite=Def|Gender=Neut|Number=Sing
трезора,трезор,трезор,,а,трезор а,трезор а,correct,,NOUN,Definite=Def|Gender=Masc|Number=Sing
учени,учен,учен,,и,учен и,учен и,correct,,NOUN,Definite=Ind|Gender=Masc|Number=Plur
климата,климат,климат,,а,климат а,климат а,correct,,NOUN,Definite=Def|Gender=Fem|Number=Sing
започнало,започна,започна,,ло,започна ло,започна ло,correct,,VERB,Aspect=Perf|Definite=Ind|Gender=Neut|Number=Sing|Tense=Past|VerbForm=Part|Voice=Act
валежите,валеж,валеж,,ите,валеж ите,валеж ите,correct,,NOUN,Definite=Def|Gender=Masc|Number=Plur
челото,чело,чело,,то,чело то,чело то,correct,,NOUN,Definite=Def|Gender=Neut|Number=Sing
скандалът,скандал,скандал,,ът,скандал ът,скандал ът,correct,,NOUN,Definite=Def|Gender=Masc|Number=Sing
записи,запис,запис,,и,запис и,запис и,correct,,NOUN,Definite=Ind|Gender=Masc|Number=Plur
експертът,експерт,експерт,,ът,експерт ът,експерт ът,correct,,NOUN,Definite=Def|Gender=Masc|Number=Sing
газопроводи,газопровод,газопровод,,и,газопровод и,газопровод и,correct,,NOUN,Definite=Ind|Gender=Masc|Number=Plur
бранша,бранш,бранш,,а,бранш а,бранш а,correct,,NOUN,Definite=Def|Gender=Masc|Number=Sing
строят,строя,строя,,т,строя т,строя т,correct,,VERB,Aspect=Imp|Mood=Ind|Number=Plur|Person=3|Tense=Pres|VerbForm=Fin|Voice=Act
вътрешността,вътрешност,вътрешност,,та,вътрешност та,вътрешност та,correct,,NOUN,Definite=Def|Gender=Fem|Number=Sing
търговете,търг,търг,,овете,търг овете,търг овете,correct,,NOUN,Definite=Def|Gender=Masc|Number=Plur
градовете,град,град,,овете,град овете,град овете,correct,,NOUN,Definite=Def|Gender=Masc|Number=Plur
конкурси,конкурс,конкурс,,и,конкурс и,конкурс и,correct,,NOUN,Definite=Ind|Gender=Masc|Number=Plur
най-скоро,скор,скор,най-,о,най- скор о,най- скоро,partial,,ADV,Degree=Pos
транспорта,транспорт,транспорт,,а,транспорт а,транспорт а,correct,,NOUN,Definite=Def|Gender=Masc|Number=Sing
регламента,регламент,регламент,,а,регламент а,регламент а,correct,,NOUN,Definite=Def|Gender=Masc|Number=Sing
помощите,помощ,помощ,,ите,помощ ите,помощ ите,correct,,NOUN,Definite=Def|Gender=Fem|Number=Plur
по-високи,висок,висок,по-,и,по- висок и,по- висок и,correct,,ADJ,Definite=Ind|Degree=Pos|Number=Plur
отпускането,отпускане,отпускане,,то,отпускане то,отпускане то,correct,,NOUN,Definite=Def|Gender=Neut|Number=Sing
скандала,скандал,скандал,,а,скандал а,скандал а,correct,,NOUN,Definite=Def|Gender=Masc|Number=Sing
по-висок,висок,висок,по-,,по- висок,по- висок,correct,,ADJ,Definite=Ind|Degree=Pos|Gender=Masc|Number=Sing
московският,московски,московски,,ят,московски ят,московски ят,correct,,ADJ,Definite=Def|Degree=Pos|Gender=Masc|Number=Sing
кораби,кораб,кораб,,и,кораб и,кораб и,correct,,NOUN,Definite=Ind|Gender=Masc|Number=Plur
палубата,палуба,палуба,,та,палуба та,палуба та,correct,,NOUN,Definite=Def|Gender=Fem|Number=Sing
самолетоносача,самолетоносач,самолетоносач,,а,самолетоносач а,самолетоносач а,correct,,NOUN,Definite=Def|Gender=Masc|Number=Sing
самолетоносачът,самолетоносач,самолетоносач,,ът,самолетоносач ът,самолетоносач ът,correct,,NOUN,Definite=Def|Gender=Masc|Number=Sing
самолета,самолет,самолет,,а,самолет а,самолет а,correct,,NOUN,Definite=Def|Gender=Masc|Number=Sing
ордена,орден,орден,,а,орден а,орден а,correct,,NOUN,Definite=Def|Gender=Masc|Number=Sing
промишлено,промишлен,промишлен,,о,промишлен о,промишлено,correct,adj_gender,ADV,Degree=Pos
мафията,мафия,мафия,,та,мафия та,мафия та,correct,,NOUN,Definite=Def|Gender=Fem|Number=Sing
търговските,търговски,търговски,,те,търговски те,търговск ите,wrong,adj_def_boundary,ADJ,Definite=Def|Degree=Pos|Number=Plur
промишлените,промишлен,промишлен,,ите,промишлен ите,промишлен ите,correct,,ADJ,Definite=Def|Degree=Pos|Number=Plur
конфедерацията,конфедерация,конфедерация,,та,конфедерация та,конфедерация та,correct,,NOUN,Definite=Def|Gender=Fem|Number=Sing
общият,общ,общ,,ият,общ ият,общ ият,correct,,ADJ,Definite=Def|Degree=Pos|Gender=Masc|Number=Sing
мафиотските,мафиотски,мафиотски,,те,мафиотски те,мафиотск ите,wrong,adj_def_boundary,ADJ,Definite=Def|Degree=Pos|Number=Plur
италианския,италиански,италиански,,я,италиански я,италиански я,correct,,ADJ,Definite=Def|Degree=Pos|Gender=Masc|Number=Sing
екипа,екип,екип,,а,екип а,екип а,correct,,NOUN,Definite=Def|Gender=Masc|Number=Sing
забраната,забрана,забрана,,та,забрана та,забрана та,correct,,NOUN,Definite=Def|Gender=Fem|Number=Sing
югопрезидента,югопрезидент,югопрезидент,,а,югопрезидент а,югопрезидент а,correct,,NOUN,Definite=Def|Gender=Masc|Number=Sing
бившия,бивш,бивш,,ия,бивш ия,бивш ия,correct,,ADJ,Definite=Def|Degree=Pos|Gender=Masc|Number=Sing
филма,филм,филм,,а,филм а,филм а,correct,,NOUN,Definite=Def|Gender=Masc|Number=Sing
наградата,награда,награда,,та,награда та,награда та,correct,,NOUN,Definite=Def|Gender=Fem|Number=Sing
операторите,оператор,оператор,,ите,оператор ите,оператор ите,correct,,NOUN,Definite=Def|Gender=Masc|Number=Plur
кучета,куче,куче,,та,куче та,куче та,correct,,NOUN,Definite=Ind|Gender=Neut|Number=Plur
организатори,организатор,организатор,,и,организатор и,организатор и,correct,,NOUN,Definite=Ind|Gender=Masc|Number=Plur
филмови,филмов,филмов,,и,филмов и,филмов и,correct,,ADJ,Definite=Ind|Degree=Pos|Number=Plur
режисьора,режисьор,режисьор,,а,режисьор а,режисьор а,correct,,NOUN,Definite=Def|Gender=Masc|Number=Sing
долара,долар,долар,,а,долар а,долар а,correct,,NOUN,Definite=Def|Gender=Masc|Number=Sing
най-голям,голям,голям,най-,,най- голям,най- голям,correct,,ADJ,Definite=Ind|Degree=Pos|Gender=Masc|Number=Sing
несподелена,несподелен,несподелен,,а,несподелен а,несподелена,correct,adj_gender,ADJ,Definite=Ind|Degree=Pos|Gender=Fem|Number=Sing
сценографията,сценография,сценография,,та,сценография та,сценография та,correct,,NOUN,Definite=Def|Gender=Fem|Number=Sing
избора,избор,избор,,а,избор а,избор а,correct,,NOUN,Definite=Def|Gender=Masc|Number=Sing
боксовите,боксов,боксов,,ите,боксов ите,боксов ите,correct,,ADJ,Definite=Def|Degree=Pos|Number=Plur
национали,национал,национал,,и,национал и,национал и,correct,,NOUN,Definite=Ind|Gender=Masc|Number=Plur
треньорския,треньорски,треньорски,,я,треньорски я,треньорски я,correct,,ADJ,Definite=Def|Degree=Pos|Gender=Masc|Number=Sing
спорят,споря,споря,,т,споря т,споря т,correct,,VERB,Aspect=Imp|Mood=Ind|Number=Plur|Person=3|Tense=Pres|VerbForm=Fin|Voice=Act
украинецът,украинец,украинец,,ът,украинец ът,украинец ът,correct,,NOUN,Definite=Def|Gender=Masc|Number=Sing
станалият,стана,стана,,лият,стана лият,станали ят,wrong,adj_def_boundary,ADJ,Aspect=Perf|Definite=Def|Degree=Pos|Gender=Masc|Number=Sing|Tense=Past|VerbForm=Part|Voice=Act
шейховете,шейх,шейх,,овете,шейх овете,шейх овете,correct,,NOUN,Definite=Def|Gender=Masc|Number=Plur
варненския,варненски,варненски,,я,варненски я,варненски я,correct,,ADJ,Definite=Def|Degree=Pos|Gender=Masc|Number=Sing
първенството,първенство,първенство,,то,първенство то,първенство то,correct,,NOUN,Definite=Def|Gender=Neut|Number=Sing
мача,мач,мач,,а,мач а,мач а,correct,,NOUN,Definite=Def|Gender=Masc|Number=Sing
шефовете,шеф,шеф,,овете,шеф овете,шеф овете,correct,,NOUN,Definite=Def|Gender=Masc|Number=Plur
тежести,тежест,тежест,,и,тежест и,тежест и,correct,,NOUN,Definite=Ind|Gender=Fem|Number=Plur
допинга,допинг,допинг,,а,допинг а,допинг а,correct,,NOUN,Definite=Def|Gender=Masc|Number=Sing
олимпиадата,олимпиада,олимпиада,,та,олимпиада та,олимпиада та,correct,,NOUN,Definite=Def|Gender=Fem|Number=Sing
федерацията,федерация,федерация,,та,федерация та,федерация та,correct,,NOUN,Definite=Def|Gender=Fem|Number=Sing
подиума,подиум,подиум,,а,подиум а,подиум а,correct,,NOUN,Definite=Def|Gender=Masc|Number=Sing
набирането,набиране,набиране,,то,набиране то,набиране то,correct,,NOUN,Definite=Def|Gender=Neut|Number=Sing
поста,пост,пост,,а,пост а,пост а,correct,,NOUN,Definite=Def|Gender=Masc|Number=Sing
апостолите,апостол,апостол,,ите,апостол ите,апостол ите,correct,,NOUN,Definite=Def|Gender=Masc|Number=Plur
възкресението,възкресение,възкресение,,то,възкресение то,възкресение то,correct,,NOUN,Definite=Def|Gender=Neut|Number=Sing
необикновена,необикновен,необикновен,,а,необикновен а,необикновена,correct,adj_gender,ADJ,Definite=Ind|Degree=Pos|Gender=Fem|Number=Sing
всекиго,всеки,всеки,,го,всеки го,всекиго,correct,,PRON,Animacy=Anim|Case=Acc|Gender=Masc|Number=Sing|PronType=Neg
седмицата,седмица,седмица,,та,седмица та,седмица та,correct,,NOUN,Definite=Def|Gender=Fem|Number=Sing
жилавите,жилав,жилав,,ите,жилав ите,жилав ите,correct,,ADJ,Definite=Def|Degree=Pos|Number=Plur
секрети,секрет,секрет,,и,секрет и,секрет и,correct,,NOUN,Definite=Ind|Gender=Masc|Number=Plur
отхрачването,отхрачване,отхрачване,,то,отхрачване то,отхрачване то,correct,,NOUN,Definite=Def|Gender=Neut|Number=Sing
медикамента,медикамент,медикамент,,а,медикамент а,медикамент а,correct,,NOUN,Definite=Def|Gender=Masc|Number=Sing
колекцията,колекция,колекция,,та,колекция та,колекция та,correct,,NOUN,Definite=Def|Gender=Fem|Number=Sing
започнала,започна,започна,,ла,започна ла,започна ла,correct,,VERB,Aspect=Perf|Definite=Ind|Gender=Fem|Number=Sing|Tense=Past|VerbForm=Part|Voice=Act
петричанката,петричанка,петричанка,,та,петричанка та,петричанка та,correct,,NOUN,Definite=Def|Gender=Fem|Number=Sing
плешиви,плешив,плешив,,и,плешив и,плешив и,correct,,ADJ,Definite=Ind|Degree=Pos|Number=Plur
клиенти,клиент,клиент,,и,клиент и,клиент и,correct,,NOUN,Definite=Ind|Gender=Masc|Number=Plur
сандвичи,сандвич,сандвич,,и,сандвич и,сандвич и,correct,,NOUN,Definite=Ind|Gender=Masc|Number=Plur
плешивите,плешив,плешив,,ите,плешив ите,плешив ите,correct,,ADJ,Definite=Def|Degree=Pos|Number=Plur
обслужването,обслужване,обслужване,,то,обслужване то,обслужване то,correct,,NOUN,Definite=Def|Gender=Neut|Number=Sing
веруюто,верую,верую,,то,верую то,верую то,correct,,NOUN,Definite=Def|Gender=Neut|Number=Sing
по-напреднал,напредна,напредна,по-,л,по- напредна л,по- напредна л,correct,,VERB,Aspect=Perf|Definite=Ind|Gender=Masc|Number=Sing|Tense=Past|VerbForm=Part|Voice=Act
оплешивяването,оплешивяване,оплешивяване,,то,оплешивяване то,оплешивяване то,correct,,NOUN,Definite=Def|Gender=Neut|Number=Sing
купувача,купувач,купувач,,а,купувач а,купувач а,correct,,NOUN,Definite=Def|Gender=Masc|Number=Sing
бракуването,бракуване,бракуване,,то,бракуване то,бракуване то,correct,,NOUN,Definite=Def|Gender=Neut|Number=Sing
холивудските,холивудски,холивудски,,те,холивудски те,холивудск ите,wrong,adj_def_boundary,ADJ,Definite=Def|Degree=Pos|Number=Plur
именитости,именитост,именитост,,и,именитост и,именитост и,correct,,NOUN,Definite=Ind|Gender=Fem|Number=Plur
преминали,премина,премина,,ли,премина ли,премина ли,correct,,VERB,Aspect=Perf|Definite=Ind|Number=Plur|Tense=Past|VerbForm=Part|Voice=Act
супермаркети,супермаркет,супермаркет,,и,супермаркет и,супермаркет и,correct,,NOUN,Definite=Ind|Gender=Masc|Number=Plur
етикети,етикет,етикет,,и,етикет и,етикет и,correct,,NOUN,Definite=Ind|Gender=Masc|Number=Plur
роботчето,роботче,роботче,,то,роботче то,роботче то,correct,,NOUN,Definite=Def|Gender=Neut|Number=Sing
изкуственият,изкуствен,изкуствен,,ият,изкуствен ият,изкуствен ият,correct,,ADJ,Definite=Def|Degree=Pos|Gender=Masc|Number=Sing
пият,пия,пия,,т,пия т,пия т,correct,,VERB,Aspect=Imp|Mood=Ind|Number=Plur|Person=3|Tense=Pres|VerbForm=Fin|Voice=Act
любителите,любител,любител,,ите,любител ите,любител ите,correct,,NOUN,Definite=Def|Gender=Masc|Number=Plur
процента,процент,процент,,а,процент а,процент а,correct,,NOUN,Definite=Def|Gender=Masc|Number=Sing
наследят,наследя,наследя,,т,наследя т,наследя т,correct,,VERB,Aspect=Perf|Mood=Ind|Number=Plur|Person=3|Tense=Pres|VerbForm=Fin|Voice=Act
компанията,компания,компания,,та,компания та,компания та,correct,,NOUN,Definite=Def|Gender=Fem|Number=Sing
премиера,премиер,премиер,,а,премиер а,премиера,correct,,NOUN,Definite=Ind|Gender=Fem|Number=Sing
бръмбарите,бръмбар,бръмбар,,ите,бръмбар ите,бръмбар ите,correct,,NOUN,Definite=Def|Gender=Masc|Number=Plur
състава,състав,състав,,а,състав а,състав а,correct,,NOUN,Definite=Def|Gender=Masc|Number=Sing
класацията,класация,класация,,та,класация та,класация та,correct,,NOUN,Definite=Def|Gender=Fem|Number=Sing
наставникът,наставник,наставник,,ът,наставник ът,наставник ът,correct,,NOUN,Definite=Def|Gender=Masc|Number=Sing
помогнах,помогна,помогна,,х,помогна х,помогна х,correct,,VERB,Aspect=Perf|Mood=Ind|Number=Sing|Person=1|Tense=Past|VerbForm=Fin|Voice=Act
умората,умора,умора,,та,умора та,умора та,correct,,NOUN,Definite=Def|Gender=Fem|Number=Sing
по-самокритичен,самокритичен,самокритичен,по-,,по- самокритичен,по- самокритичен,correct,,ADJ,Definite=Ind|Degree=Pos|Gender=Masc|Number=Sing
попадението,попадение,попадение,,то,попадение то,попадение то,correct,,NOUN,Definite=Def|Gender=Neut|Number=Sing
петрола,петрол,петрол,,а,петрол а,петрол а,correct,,NOUN,Definite=Def|Gender=Masc|Number=Sing
цента,цент,цент,,а,цент а,цент а,correct,,NOUN,Definite=Def|Gender=Masc|Number=Sing
запасите,запас,запас,,ите,запас ите,запас ите,correct,,NOUN,Definite=Def|Gender=Masc|Number=Plur
барела,барел,барел,,а,барел а,барел а,correct,,NOUN,Definite=Def|Gender=Masc|Number=Sing
годежи,годеж,годеж,,и,годеж и,годеж и,correct,,NOUN,Definite=Ind|Gender=Masc|Number=Plur
контакти,контакт,контакт,,и,контакт и,контакт и,correct,,NOUN,Definite=Ind|Gender=Masc|Number=Plur
ченгета,ченге,ченге,,та,ченге та,ченге та,correct,,NOUN,Definite=Ind|Gender=Neut|Number=Plur
искането,искане,искане,,то,искане то,искане то,correct,,NOUN,Definite=Def|Gender=Neut|Number=Sing
досиетата,досие,досие,,тата,досие тата,досие тата,correct,,NOUN,Definite=Def|Gender=Neut|Number=Plur
президентството,президентство,президентство,,то,президентство то,президентство то,correct,,NOUN,Definite=Def|Gender=Neut|Number=Sing
имуществото,имущество,имущество,,то,имущество то,имущество то,correct,,NOUN,Definite=Def|Gender=Neut|Number=Sing
сърбина,сърбин,сърбин,,а,сърбин а,сърбин а,correct,,NOUN,Definite=Def|Gender=Masc|Number=Sing
финансова,финансов,финансов,,а,финансов а,финансова,correct,adj_gender,ADJ,Definite=Ind|Degree=Pos|Gender=Fem|Number=Sing
излетял,излетя,излетя,,л,излетя л,излетя л,correct,,VERB,Aspect=Perf|Definite=Ind|Gender=Masc|Number=Sing|Tense=Past|VerbForm=Part|Voice=Act
платното,платно,платно,,то,платно то,платно то,correct,,NOUN,Definite=Def|Gender=Neut|Number=Sing
канавката,канавка,канавка,,та,канавка та,канавка та,correct,,NOUN,Definite=Def|Gender=Fem|Number=Sing
аудито,ауди,ауди,,то,ауди то,ауди то,correct,,NOUN,Definite=Def|Gender=Neut|Number=Sing
лидерът,лидер,лидер,,ът,лидер ът,лидер ът,correct,,NOUN,Definite=Def|Gender=Masc|Number=Sing
капана,капан,капан,,а,капан а,капан а,correct,,NOUN,Definite=Def|Gender=Masc|Number=Sing
плащаме,плащам,плащам,,е,плащам е,плаща ме,wrong,plu1person_boundary,VERB,Aspect=Imp|Mood=Ind|Number=Plur|Person=1|Tense=Pres|VerbForm=Fin|Voice=Act
предупредят,предупредя,предупредя,,т,предупредя т,предупредя т,correct,,VERB,Aspect=Perf|Mood=Ind|Number=Plur|Person=3|Tense=Pres|VerbForm=Fin|Voice=Act
започнал,започна,започна,,л,започна л,започна л,correct,,VERB,Aspect=Perf|Definite=Ind|Gender=Masc|Number=Sing|Tense=Past|VerbForm=Part|Voice=Act
одиторите,одитор,одитор,,ите,одитор ите,одитор ите,correct,,NOUN,Definite=Def|Gender=Masc|Number=Plur
лошото,лош,лош,,ото,лош ото,лошо то,wrong,adj_def_boundary,ADJ,Definite=Def|Degree=Pos|Gender=Neut|Number=Sing
твърдят,твърдя,твърдя,,т,твърдя т,твърдя т,correct,,VERB,Aspect=Imp|Mood=Ind|Number=Plur|Person=3|Tense=Pres|VerbForm=Fin|Voice=Act
доклада,доклад,доклад,,а,доклад а,доклад а,correct,,NOUN,Definite=Def|Gender=Masc|Number=Sing
кандидата,кандидат,кандидат,,а,кандидат а,кандидат а,correct,,NOUN,Definite=Def|Gender=Masc|Number=Sing
демократите,демократ,демократ,,ите,демократ ите,демократ ите,correct,,NOUN,Definite=Def|Gender=Masc|Number=Plur
щата,щат,щат,,а,щат а,щат а,correct,,NOUN,Definite=Def|Gender=Masc|Number=Sing
преброяването,преброяване,преброяване,,то,преброяване то,преброяване то,correct,,NOUN,Definite=Def|Gender=Neut|Number=Sing
осминафиналите,осминафинал,осминафинал,,ите,осминафинал ите,осминафинал ите,correct,,NOUN,Definite=Def|Gender=Masc|Number=Plur
турнира,турнир,турнир,,а,турнир а,турнир а,correct,,NOUN,Definite=Def|Gender=Masc|Number=Sing
купата,купа,купа,,та,купа та,купа та,correct,,NOUN,Definite=Def|Gender=Fem|Number=Sing
задоволството,задоволство,задоволство,,то,задоволство то,задоволство то,correct,,NOUN,Definite=Def|Gender=Neut|Number=Sing
съперника,съперник,съперник,,а,съперник а,съперник а,correct,,NOUN,Definite=Def|Gender=Masc|Number=Sing
слаби,слаб,слаб,,и,слаб и,слаб и,correct,,ADJ,Definite=Ind|Degree=Pos|Number=Plur
тимове,тим,тим,,ове,тим ове,тим ове,correct,,NOUN,Definite=Ind|Gender=Masc|Number=Plur
получат,получа,получа,,т,получа т,получа т,correct,,VERB,Aspect=Perf|Mood=Ind|Number=Plur|Person=3|Tense=Pres|VerbForm=Fin|Voice=Act
мачове,мач,мач,,ове,мач ове,мач ове,correct,,NOUN,Definite=Ind|Gender=Masc|Number=Plur
ексшампионите,ексшампион,ексшампион,,ите,ексшампион ите,ексшампион ите,correct,,NOUN,Definite=Def|Gender=Masc|Number=Plur
финалите,финал,финал,,ите,финал ите,финал ите,correct,,NOUN,Definite=Def|Gender=Masc|Number=Plur
церемонията,церемония,церемония,,та,церемония та,церемония та,correct,,NOUN,Definite=Def|Gender=Fem|Number=Sing
конгреси,конгрес,конгрес,,и,конгрес и,конгрес и,correct,,NOUN,Definite=Ind|Gender=Masc|Number=Plur
най-накрая,накрая,накрая,най-,,най- накрая,най- накрая,correct,,ADV,Degree=Pos
женският,женски,женски,,ят,женски ят,женски ят,correct,,ADJ,Definite=Def|Degree=Pos|Gender=Masc|Number=Sing
плачливо,плачлив,плачлив,,о,плачлив о,плачливо,correct,adj_gender,ADV,Degree=Pos
независещи,независещ,независещ,,и,независещ и,независещ и,correct,,ADJ,Definite=Ind|Degree=Pos|Number=Plur
месеци,месец,месец,,и,месец и,месец и,correct,,NOUN,Definite=Ind|Gender=Masc|Number=Plur
игривостта,игривост,игривост,,та,игривост та,игривост та,correct,,NOUN,Definite=Def|Gender=Fem|Number=Sing
жизнеността,жизненост,жизненост,,та,жизненост та,жизненост та,correct,,NOUN,Definite=Def|Gender=Fem|Number=Sing
най-справедливата,справедлив,справедлив,най-,ата,най- справедлив ата,най- справедлива та,partial,adj_def_boundary,ADJ,Definite=Def|Degree=Pos|Gender=Fem|Number=Sing
най-търпеливата,търпелив,търпелив,най-,ата,най- търпелив ата,най- търпелива та,partial,adj_def_boundary,ADJ,Definite=Def|Degree=Pos|Gender=Fem|Number=Sing
вродения,вроден,вроден,,ия,вроден ия,вроден ия,correct,,ADJ,Definite=Def|Degree=Pos|Gender=Masc|Number=Sing
импулсивността,импулсивност,импулсивност,,та,импулсивност та,импулсивност та,correct,,NOUN,Definite=Def|Gender=Fem|Number=Sing
пророческите,пророчески,пророчески,,те,пророчески те,пророческ ите,wrong,adj_def_boundary,ADJ,Definite=Def|Degree=Pos|Number=Plur
непозната,непознат,непознат,,а,непознат а,непозната,correct,adj_gender,ADJ,Definite=Ind|Degree=Pos|Gender=Fem|Number=Sing
годеника,годеник,годеник,,а,годеник а,годеник а,correct,,NOUN,Definite=Def|Gender=Masc|Number=Sing
бъдещата,бъдещ,бъдещ,,ата,бъдещ ата,бъдеща та,wrong,adj_def_boundary,ADJ,Definite=Def|Degree=Pos|Gender=Fem|Number=Sing
двойката,двойка,двойка,,та,двойка та,двойка та,correct,,NOUN,Definite=Def|Gender=Fem|Number=Sing
пристрастеността,пристрастеност,пристрастеност,,та,пристрастеност та,пристрастеност та,correct,,NOUN,Definite=Def|Gender=Fem|Number=Sing
терапията,терапия,терапия,,та,терапия та,терапия та,correct,,NOUN,Definite=Def|Gender=Fem|Number=Sing
блондинката,блондинка,блондинка,,та,блондинка та,блондинка та,correct,,NOUN,Definite=Def|Gender=Fem|Number=Sing
зависимостта,зависимост,зависимост,,та,зависимост та,зависимост та,correct,,NOUN,Definite=Def|Gender=Fem|Number=Sing
алкохола,алкохол,алкохол,,а,алкохол а,алкохол а,correct,,NOUN,Definite=Def|Gender=Masc|Number=Sing
фалшиви,фалшив,фалшив,,и,фалшив и,фалшив и,correct,,ADJ,Definite=Ind|Degree=Pos|Number=Plur
щатския,щатски,щатски,,я,щатски я,щатски я,correct,,ADJ,Definite=Def|Degree=Pos|Gender=Masc|Number=Sing
ерата,ера,ера,,та,ера та,ера та,correct,,NOUN,Definite=Def|Gender=Fem|Number=Sing
излиянието,излияние,излияние,,то,излияние то,излияние то,correct,,NOUN,Definite=Def|Gender=Neut|Number=Sing
руския,руски,руски,,я,руски я,руски я,correct,,ADJ,Definite=Def|Degree=Pos|Gender=Masc|Number=Sing
контраразузнаването,контраразузнаване,контраразузнаване,,то,контраразузнаване то,контраразузнаване то,correct,,NOUN,Definite=Def|Gender=Neut|Number=Sing
печалбата,печалба,печалба,,та,печалба та,печалба та,correct,,NOUN,Definite=Def|Gender=Fem|Number=Sing
стойността,стойност,стойност,,та,стойност та,стойност та,correct,,NOUN,Definite=Def|Gender=Fem|Number=Sing
дебати,дебат,дебат,,и,дебат и,дебат и,correct,,NOUN,Definite=Ind|Gender=Masc|Number=Plur
хранилището,хранилище,хранилище,,то,хранилище то,хранилище то,correct,,NOUN,Definite=Def|Gender=Neut|Number=Sing
ядрени,ядрен,ядрен,,и,ядрен и,ядрен и,correct,,ADJ,Definite=Ind|Degree=Pos|Number=Plur
института,институт,институт,,а,институт а,институт а,correct,,NOUN,Definite=Def|Gender=Masc|Number=Sing
апарати,апарат,апарат,,и,апарат и,апарат и,correct,,NOUN,Definite=Ind|Gender=Masc|Number=Plur
металургията,металургия,металургия,,та,металургия та,металургия та,correct,,NOUN,Definite=Def|Gender=Fem|Number=Sing
сектори,сектор,сектор,,и,сектор и,сектор и,correct,,NOUN,Definite=Ind|Gender=Masc|Number=Plur
подробности,подробност,подробност,,и,подробност и,подробност и,correct,,NOUN,Definite=Ind|Gender=Fem|Number=Plur
материали,материал,материал,,и,материал и,материал и,correct,,NOUN,Definite=Ind|Gender=Masc|Number=Plur
специалистите,специалист,специалист,,ите,специалист ите,специалист ите,correct,,NOUN,Definite=Def|Gender=Masc|Number=Plur
смяната,смяна,смяна,,та,смяна та,смяна та,correct,,NOUN,Definite=Def|Gender=Fem|Number=Sing
комитета,комитет,комитет,,а,комитет а,комитет а,correct,,NOUN,Definite=Def|Gender=Masc|Number=Sing
оставаме,оставам,оставам,,е,оставам е,остава ме,wrong,plu1person_boundary,VERB,Aspect=Imp|Mood=Ind|Number=Plur|Person=1|Tense=Pres|VerbForm=Fin|Voice=Act
опашката,опашка,опашка,,та,опашка та,опашка та,correct,,NOUN,Definite=Def|Gender=Fem|Number=Sing
кандидати,кандидат,кандидат,,и,кандидат и,кандидат и,correct,,NOUN,Definite=Ind|Gender=Masc|Number=Plur
гиганти,гигант,гигант,,и,гигант и,гигант и,correct,,NOUN,Definite=Ind|Gender=Masc|Number=Plur
търга,търг,търг,,а,търг а,търг а,correct,,NOUN,Definite=Def|Gender=Masc|Number=Sing
наддаването,наддаване,наддаване,,то,наддаване то,наддаване то,correct,,NOUN,Definite=Def|Gender=Neut|Number=Sing
неплатени,неплатен,неплатен,,и,неплатен и,неплатен и,correct,,ADJ,Definite=Ind|Degree=Pos|Number=Plur
полетите,полет,полет,,ите,полет ите,полет ите,correct,,NOUN,Definite=Def|Gender=Masc|Number=Plur
боинга,боинг,боинг,,а,боинг а,боинг а,correct,,NOUN,Definite=Def|Gender=Masc|Number=Sing
паркинга,паркинг,паркинг,,а,паркинг а,паркинг а,correct,,NOUN,Definite=Def|Gender=Masc|Number=Sing
прокуристът,прокурист,прокурист,,ът,прокурист ът,прокурист ът,correct,,NOUN,Definite=Def|Gender=Masc|Number=Sing
гафа,гаф,гаф,,а,гаф а,гаф а,correct,,NOUN,Definite=Def|Gender=Masc|Number=Sing
инспекторатите,инспекторат,инспекторат,,ите,инспекторат ите,инспекторат ите,correct,,NOUN,Definite=Def|Gender=Masc|Number=Plur
приемът,прием,прием,,ът,прием ът,прием ът,correct,,NOUN,Definite=Def|Gender=Masc|Number=Sing
премиерът,премиер,премиер,,ът,премиер ът,премиер ът,correct,,NOUN,Definite=Def|Gender=Masc|Number=Sing
пътуваме,пътувам,пътувам,,е,пътувам е,пътува ме,wrong,plu1person_boundary,VERB,Aspect=Imp|Mood=Ind|Number=Plur|Person=1|Tense=Pres|VerbForm=Fin|Voice=Act
постигната,постигна,постигна,,та,постигна та,постигната,correct,,VERB,Aspect=Perf|Definite=Ind|Gender=Fem|Number=Sing|VerbForm=Part|Voice=Pass
съпредседателката,съпредседателка,съпредседателка,,та,съпредседателка та,съпредседателка та,correct,,NOUN,Definite=Def|Gender=Fem|Number=Sing
брифинга,брифинг,брифинг,,а,брифинг а,брифинг а,correct,,NOUN,Definite=Def|Gender=Masc|Number=Sing
високо,висок,висок,,о,висок о,високо,correct,adj_gender,ADV,Degree=Pos
готвят,готвя,готвя,,т,готвя т,готвя т,correct,,VERB,Aspect=Imp|Mood=Ind|Number=Plur|Person=3|Tense=Pres|VerbForm=Fin|Voice=Act
царя,цар,цар,,я,цар я,цар я,correct,,NOUN,Definite=Def|Gender=Masc|Number=Sing
лекарския,лекарски,лекарски,,я,лекарски я,лекарски я,correct,,ADJ,Definite=Def|Degree=Pos|Gender=Masc|Number=Sing
таткото,татко,татко,,то,татко то,татко то,correct,,NOUN,Definite=Def|Gender=Masc|Number=Sing
бащата,баща,баща,,та,баща та,баща та,correct,,NOUN,Definite=Def|Gender=Masc|Number=Sing
бизнесмени,бизнесмен,бизнесмен,,и,бизнесмен и,бизнесмен и,correct,,NOUN,Definite=Ind|Gender=Masc|Number=Plur
агенцията,агенция,агенция,,та,агенция та,агенция та,correct,,NOUN,Definite=Def|Gender=Fem|Number=Sing
даването,даване,даване,,то,даване то,даване то,correct,,NOUN,Definite=Def|Gender=Neut|Number=Sing
подкупи,подкуп,подкуп,,и,подкуп и,подкуп и,correct,,NOUN,Definite=Ind|Gender=Masc|Number=Plur
митническите,митнически,митнически,,те,митнически те,митническ ите,wrong,adj_def_boundary,ADJ,Definite=Def|Degree=Pos|Number=Plur
мерцедеса,мерцедес,мерцедес,,а,мерцедес а,мерцедес а,correct,,NOUN,Definite=Def|Gender=Masc|Number=Sing
члена,член,член,,а,член а,член а,correct,,NOUN,Definite=Def|Gender=Masc|Number=Sing
изпълкома,изпълком,изпълком,,а,изпълком а,изпълком а,correct,,NOUN,Definite=Def|Gender=Masc|Number=Sing
гръмната,гръмна,гръмна,,та,гръмна та,гръмна та,correct,,NOUN,Definite=Def|Gender=Fem|Number=Sing
басейна,басейн,басейн,,а,басейн а,басейн а,correct,,NOUN,Definite=Def|Gender=Masc|Number=Sing
лява,ляв,ляв,,а,ляв а,лява,correct,adj_gender,ADJ,Definite=Ind|Degree=Pos|Gender=Fem|Number=Sing
дрогата,дрога,дрога,,та,дрога та,дрога та,correct,,NOUN,Definite=Def|Gender=Fem|Number=Sing
строгите,строг,строг,,ите,строг ите,строг ите,correct,,NOUN,Definite=Def|Gender=Fem|Number=Plur
митничари,митничар,митничар,,и,митничар и,митничар и,correct,,NOUN,Definite=Ind|Gender=Masc|Number=Plur
можело,може,може,,ло,може ло,може ло,correct,,VERB,Aspect=Imp|Definite=Ind|Gender=Neut|Number=Sing|Tense=Past|VerbForm=Part|Voice=Act
събитието,събитие,събитие,,то,събитие то,събитие то,correct,,NOUN,Definite=Def|Gender=Neut|Number=Sing
директорът,директор,директор,,ът,директор ът,директор ът,correct,,NOUN,Definite=Def|Gender=Masc|Number=Sing
пунктове,пункт,пункт,,ове,пункт ове,пункт ове,correct,,NOUN,Definite=Ind|Gender=Masc|Number=Plur
компактдиска,компактдиск,компактдиск,,а,компактдиск а,компактдиск а,correct,,NOUN,Definite=Def|Gender=Masc|Number=Sing
управителят,управител,управител,,ят,управител ят,управител ят,correct,,NOUN,Definite=Def|Gender=Masc|Number=Sing
работодатели,работодател,работодател,,и,работодател и,работодател и,correct,,NOUN,Definite=Ind|Gender=Masc|Number=Plur
кабинетите,кабинет,кабинет,,ите,кабинет ите,кабинет ите,correct,,NOUN,Definite=Def|Gender=Masc|Number=Plur
продукцията,продукция,продукция,,та,продукция та,продукция та,correct,,NOUN,Definite=Def|Gender=Fem|Number=Sing
адвокати,адвокат,адвокат,,и,адвокат и,адвокат и,correct,,NOUN,Definite=Ind|Gender=Masc|Number=Plur
бранят,браня,браня,,т,браня т,браня т,correct,,VERB,Aspect=Imp|Mood=Ind|Number=Plur|Person=3|Tense=Pres|VerbForm=Fin|Voice=Act
платят,платя,платя,,т,платя т,платя т,correct,,VERB,Aspect=Perf|Mood=Ind|Number=Plur|Person=3|Tense=Pres|VerbForm=Fin|Voice=Act
фабриката,фабрика,фабрика,,та,фабрика та,фабрика та,correct,,NOUN,Definite=Def|Gender=Fem|Number=Sing
камиони,камион,камион,,и,камион и,камион и,correct,,NOUN,Definite=Ind|Gender=Masc|Number=Plur
управата,управа,управа,,та,управа та,управа та,correct,,NOUN,Definite=Def|Gender=Fem|Number=Sing
предприятието,предприятие,предприятие,,то,предприятие то,предприятие то,correct,,NOUN,Definite=Def|Gender=Neut|Number=Sing
колана,колан,колан,,а,колан а,колан а,correct,,NOUN,Definite=Def|Gender=Masc|Number=Sing
кметовете,кмет,кмет,,овете,кмет овете,кмет овете,correct,,NOUN,Definite=Def|Gender=Masc|Number=Plur
дупката,дупка,дупка,,та,дупка та,дупка та,correct,,NOUN,Definite=Def|Gender=Fem|Number=Sing
бюджети,бюджет,бюджет,,и,бюджет и,бюджет и,correct,,NOUN,Definite=Ind|Gender=Masc|Number=Plur
решат,реша,реша,,т,реша т,реша т,correct,,VERB,Aspect=Perf|Mood=Ind|Number=Plur|Person=3|Tense=Pres|VerbForm=Fin|Voice=Act
текущите,текущ,текущ,,ите,текущ ите,текущ ите,correct,,ADJ,Definite=Def|Degree=Pos|Number=Plur
глухи,глух,глух,,и,глух и,глух и,correct,,ADJ,Definite=Ind|Degree=Pos|Number=Plur
попаднат,попадна,попадна,,т,попадна т,попадна т,correct,,VERB,Aspect=Perf|Mood=Ind|Number=Plur|Person=3|Tense=Pres|VerbForm=Fin|Voice=Act
числото,число,число,,то,число то,число то,correct,,NOUN,Definite=Def|Gender=Neut|Number=Sing
здравеопазването,здравеопазване,здравеопазване,,то,здравеопазване то,здравеопазване то,correct,,NOUN,Definite=Def|Gender=Neut|Number=Sing
почистването,почистване,почистване,,то,почистване то,почистване то,correct,,NOUN,Definite=Def|Gender=Neut|Number=Sing
извозването,извозване,извозване,,то,извозване то,извозване то,correct,,NOUN,Definite=Def|Gender=Neut|Number=Sing
блатото,блато,блато,,то,блато то,блато то,correct,,NOUN,Definite=Def|Gender=Neut|Number=Sing
дълговете,дълг,дълг,,овете,дълг овете,дълг овете,correct,,NOUN,Definite=Def|Gender=Masc|Number=Plur
стигнат,стигна,стигна,,т,стигна т,стигна т,correct,,VERB,Aspect=Perf|Mood=Ind|Number=Plur|Person=3|Tense=Pres|VerbForm=Fin|Voice=Act
есента,есен,есен,,та,есен та,есен та,correct,,NOUN,Definite=Def|Gender=Fem|Number=Sing
пролетта,пролет,пролет,,та,пролет та,пролет та,correct,,NOUN,Definite=Def|Gender=Fem|Number=Sing
следваме,следвам,следвам,,е,следвам е,следва ме,wrong,plu1person_boundary,VERB,Aspect=Imp|Mood=Ind|Number=Plur|Person=1|Tense=Pres|VerbForm=Fin|Voice=Act
трансфери,трансфер,трансфер,,и,трансфер и,трансфер и,correct,,NOUN,Definite=Ind|Gender=Masc|Number=Plur
чистят,чистя,чистя,,т,чистя т,чистя т,correct,,VERB,Aspect=Imp|Mood=Ind|Number=Plur|Person=3|Tense=Pres|VerbForm=Fin|Voice=Act
фиска,фиск,фиск,,а,фиск а,фиск а,correct,,NOUN,Definite=Def|Gender=Masc|Number=Sing
логиката,логика,логика,,та,логика та,логика та,correct,,NOUN,Definite=Def|Gender=Fem|Number=Sing
изискването,изискване,изискване,,то,изискване то,изискване то,correct,,NOUN,Definite=Def|Gender=Neut|Number=Sing
капитала,капитал,капитал,,а,капитал а,капитал а,correct,,NOUN,Definite=Def|Gender=Masc|Number=Sing
синдикатите,синдикат,синдикат,,ите,синдикат ите,синдикат ите,correct,,NOUN,Definite=Def|Gender=Masc|Number=Plur
най-слабо,слабо,слабо,най-,,най- слабо,най- слабо,correct,,ADV,Degree=Sup
трудовите,трудов,трудов,,ите,трудов ите,трудов ите,correct,,ADJ,Definite=Def|Degree=Pos|Number=Plur
профсъюзите,профсъюз,профсъюз,,ите,профсъюз ите,профсъюз ите,correct,,NOUN,Definite=Def|Gender=Masc|Number=Plur
изберат,избера,избера,,т,избера т,избера т,correct,,VERB,Aspect=Perf|Mood=Ind|Number=Plur|Person=3|Tense=Pres|VerbForm=Fin|Voice=Act
преговаряме,преговарям,преговарям,,е,преговарям е,преговаря ме,wrong,plu1person_boundary,VERB,Aspect=Imp|Mood=Ind|Number=Plur|Person=1|Tense=Pres|VerbForm=Fin|Voice=Act
ставало,става,става,,ло,става ло,става ло,correct,,VERB,Aspect=Imp|Definite=Ind|Gender=Neut|Number=Sing|Tense=Past|VerbForm=Part|Voice=Act
наемането,наемане,наемане,,то,наемане то,наемане то,correct,,NOUN,Definite=Def|Gender=Neut|Number=Sing
освобождаването,освобождаване,освобождаване,,то,освобождаване то,освобождаване то,correct,,NOUN,Definite=Def|Gender=Neut|Number=Sing
работодателят,работодател,работодател,,ят,работодател ят,работодател ят,correct,,NOUN,Definite=Def|Gender=Masc|Number=Sing
пазарът,пазар,пазар,,ът,пазар ът,пазар ът,correct,,NOUN,Definite=Def|Gender=Masc|Number=Sing
гафове,гаф,гаф,,ове,гаф ове,гаф ове,correct,,NOUN,Definite=Ind|Gender=Masc|Number=Plur
въвеждането,въвеждане,въвеждане,,то,въвеждане то,въвеждане то,correct,,NOUN,Definite=Def|Gender=Neut|Number=Sing
дървена,дървен,дървен,,а,дървен а,дървена,correct,adj_gender,ADJ,Definite=Ind|Degree=Pos|Gender=Fem|Number=Sing
мандатът,мандат,мандат,,ът,мандат ът,мандат ът,correct,,NOUN,Definite=Def|Gender=Masc|Number=Sing
ексминистъра,ексминистър,ексминистър,,а,ексминистър а,ексминистър а,correct,,NOUN,Definite=Def|Gender=Masc|Number=Sing
атентатът,атентат,атентат,,ът,атентат ът,атентат ът,correct,,NOUN,Definite=Def|Gender=Masc|Number=Sing
австрийският,австрийски,австрийски,,ят,австрийски ят,австрийски ят,correct,,ADJ,Definite=Def|Degree=Pos|Gender=Masc|Number=Sing
словашкия,словашки,словашки,,я,словашки я,словашки я,correct,,ADJ,Definite=Def|Degree=Pos|Gender=Masc|Number=Sing
ядрената,ядрен,ядрен,,ата,ядрен ата,ядрена та,wrong,adj_def_boundary,ADJ,Definite=Def|Degree=Pos|Gender=Fem|Number=Sing
непоправима,непоправим,непоправим,,а,непоправим а,непоправима,correct,adj_gender,ADJ,Definite=Ind|Degree=Pos|Gender=Fem|Number=Sing
любители,любител,любител,,и,любител и,любител и,correct,,NOUN,Definite=Ind|Gender=Masc|Number=Plur
виното,вино,вино,,то,вино то,вино то,correct,,NOUN,Definite=Def|Gender=Neut|Number=Sing
изложбата,изложба,изложба,,та,изложба та,изложба та,correct,,NOUN,Definite=Def|Gender=Fem|Number=Sing
феста,фест,фест,,а,фест а,фест а,correct,,NOUN,Definite=Def|Gender=Masc|Number=Sing
ревюта,ревю,ревю,,та,ревю та,ревю та,correct,,NOUN,Definite=Ind|Gender=Neut|Number=Plur
рецитали,рецитал,рецитал,,и,рецитал и,рецитал и,correct,,NOUN,Definite=Ind|Gender=Masc|Number=Plur
филми,филм,филм,,и,филм и,филм и,correct,,NOUN,Definite=Ind|Gender=Masc|Number=Plur
галерията,галерия,галерия,,та,галерия та,галерия та,correct,,NOUN,Definite=Def|Gender=Fem|Number=Sing
орнаменти,орнамент,орнамент,,и,орнамент и,орнамент и,correct,,NOUN,Definite=Ind|Gender=Masc|Number=Plur
фрагменти,фрагмент,фрагмент,,и,фрагмент и,фрагмент и,correct,,NOUN,Definite=Ind|Gender=Masc|Number=Plur
релефи,релеф,релеф,,и,релеф и,релеф и,correct,,NOUN,Definite=Ind|Gender=Masc|Number=Plur
техникума,техникум,техникум,,а,техникум а,техникум а,correct,,NOUN,Definite=Def|Gender=Masc|Number=Sing
варненските,варненски,варненски,,те,варненски те,варненск ите,wrong,adj_def_boundary,ADJ,Definite=Def|Degree=Pos|Number=Plur
класа,клас,клас,,а,клас а,класа,correct,,NOUN,Definite=Ind|Gender=Fem|Number=Sing
бившият,бивш,бивш,,ият,бивш ият,бивш ият,correct,,ADJ,Definite=Def|Degree=Pos|Gender=Masc|Number=Sing
финала,финал,финал,,а,финал а,финал а,correct,,NOUN,Definite=Def|Gender=Masc|Number=Sing
селекционерът,селекционер,селекционер,,ът,селекционер ът,селекционер ът,correct,,NOUN,Definite=Def|Gender=Masc|Number=Sing
футболистите,футболист,футболист,,ите,футболист ите,футболист ите,correct,,NOUN,Definite=Def|Gender=Masc|Number=Plur
червените,червен,червен,,ите,червен ите,червен ите,correct,,ADJ,Definite=Def|Degree=Pos|Number=Plur
изваждането,изваждане,изваждане,,то,изваждане то,изваждане то,correct,,NOUN,Definite=Def|Gender=Neut|Number=Sing
германския,германски,германски,,я,германски я,германски я,correct,,ADJ,Definite=Def|Degree=Pos|Gender=Masc|Number=Sing
нафтата,нафта,нафта,,та,нафта та,нафта та,correct,,NOUN,Definite=Def|Gender=Fem|Number=Sing
играчите,играч,играч,,ите,играч ите,играч ите,correct,,NOUN,Definite=Def|Gender=Masc|Number=Plur
постановката,постановка,постановка,,та,постановка та,постановка та,correct,,NOUN,Definite=Def|Gender=Fem|Number=Sing
допуснаха,допусна,допусна,,ха,допусна ха,допусна ха,correct,,VERB,Aspect=Perf|Mood=Ind|Number=Plur|Person=3|Tense=Past|VerbForm=Fin|Voice=Act
преднината,преднина,преднина,,та,преднина та,преднина та,correct,,NOUN,Definite=Def|Gender=Fem|Number=Sing
по-слабо,слабо,слабо,по-,,по- слабо,по- слабо,correct,,ADV,Degree=Sup
дължината,дължина,дължина,,та,дължина та,дължина та,correct,,NOUN,Definite=Def|Gender=Fem|Number=Sing
коляното,коляно,коляно,,то,коляно то,коляно то,correct,,NOUN,Definite=Def|Gender=Neut|Number=Sing
панталоните,панталон,панталон,,ите,панталон ите,панталони те,wrong,,NOUN,Definite=Def|Number=Ptan
сватбата,сватба,сватба,,та,сватба та,сватба та,correct,,NOUN,Definite=Def|Gender=Fem|Number=Sing
кралицата,кралица,кралица,,та,кралица та,кралица та,correct,,NOUN,Definite=Def|Gender=Fem|Number=Sing
попмузиката,попмузика,попмузика,,та,попмузика та,попмузика та,correct,,NOUN,Definite=Def|Gender=Fem|Number=Sing
слуховете,слух,слух,,овете,слух овете,слух овете,correct,,NOUN,Definite=Def|Gender=Masc|Number=Plur
клиентът,клиент,клиент,,ът,клиент ът,клиент ът,correct,,NOUN,Definite=Def|Gender=Masc|Number=Sing
бирата,бира,бира,,та,бира та,бира та,correct,,NOUN,Definite=Def|Gender=Fem|Number=Sing
бельото,бельо,бельо,,то,бельо то,бельо то,correct,,NOUN,Definite=Def|Gender=Neut|Number=Sing
хрумването,хрумване,хрумване,,то,хрумване то,хрумване то,correct,,NOUN,Definite=Def|Gender=Neut|Number=Sing
околностите,околност,околност,,ите,околност ите,околност ите,correct,,NOUN,Definite=Def|Gender=Fem|Number=Plur
метрото,метро,метро,,то,метро то,метро то,correct,,NOUN,Definite=Def|Gender=Neut|Number=Sing
потребители,потребител,потребител,,и,потребител и,потребител и,correct,,NOUN,Definite=Ind|Gender=Masc|Number=Plur
съседи,съсед,съсед,,и,съсед и,съсед и,correct,,NOUN,Definite=Ind|Gender=Masc|Number=Plur
черния,чер,чер,,ния,чер ния,черни я,wrong,adj_def_boundary,ADJ,Definite=Def|Degree=Pos|Gender=Masc|Number=Sing
познаваме,познавам,познавам,,е,познавам е,познава ме,wrong,plu1person_boundary,VERB,Aspect=Imp|Mood=Ind|Number=Plur|Person=1|Tense=Pres|VerbForm=Fin|Voice=Act
нрава,нрав,нрав,,а,нрав а,нрав а,correct,,NOUN,Definite=Def|Gender=Masc|Number=Sing
графата,графа,графа,,та,графа та,графа та,correct,,NOUN,Definite=Def|Gender=Fem|Number=Sing
мандатите,мандат,мандат,,ите,мандат ите,мандат ите,correct,,NOUN,Definite=Def|Gender=Masc|Number=Plur
напуснали,напусна,напусна,,ли,напусна ли,напусна ли,correct,,VERB,Aspect=Perf|Definite=Ind|Number=Plur|Tense=Past|VerbForm=Part|Voice=Act
изходите,изход,изход,,ите,изход ите,изход ите,correct,,NOUN,Definite=Def|Gender=Masc|Number=Plur
продажбата,продажба,продажба,,та,продажба та,продажба та,correct,,NOUN,Definite=Def|Gender=Fem|Number=Sing
нарушаването,нарушаване,нарушаване,,то,нарушаване то,нарушаване то,correct,,NOUN,Definite=Def|Gender=Neut|Number=Sing
ваденето,вадене,вадене,,то,вадене то,вадене то,correct,,NOUN,Definite=Def|Gender=Neut|Number=Sing
стигнала,стигна,стигна,,ла,стигна ла,стигна ла,correct,,VERB,Aspect=Perf|Definite=Ind|Gender=Fem|Number=Sing|Tense=Past|VerbForm=Part|Voice=Act
извода,извод,извод,,а,извод а,извод а,correct,,NOUN,Definite=Def|Gender=Masc|Number=Sing
повдигането,повдигане,повдигане,,то,повдигане то,повдигане то,correct,,NOUN,Definite=Def|Gender=Neut|Number=Sing
подводницата,подводница,подводница,,та,подводница та,подводница та,correct,,NOUN,Definite=Def|Gender=Fem|Number=Sing
изпълнимо,изпълним,изпълним,,о,изпълним о,изпълнимо,correct,adj_gender,ADV,Degree=Pos
донори,донор,донор,,и,донор и,донор и,correct,,NOUN,Definite=Ind|Gender=Masc|Number=Plur
загинали,загина,загина,,ли,загина ли,загина ли,correct,,VERB,Aspect=Perf|Definite=Ind|Number=Plur|Tense=Past|VerbForm=Part|Voice=Act
правителствено,правителствен,правителствен,,о,правителствен о,правителствено,correct,adj_gender,ADV,Degree=Pos
най-високата,висок,висок,най-,ата,най- висок ата,най- висока та,partial,adj_def_boundary,ADJ,Definite=Def|Degree=Pos|Gender=Fem|Number=Sing
президентските,президентски,президентски,,те,президентски те,президентск ите,wrong,adj_def_boundary,ADJ,Definite=Def|Degree=Pos|Number=Plur
докажат,докажа,докажа,,т,докажа т,докажа т,correct,,VERB,Aspect=Perf|Mood=Ind|Number=Plur|Person=3|Tense=Pres|VerbForm=Fin|Voice=Act
съекипникът,съекипник,съекипник,,ът,съекипник ът,съекипник ът,correct,,NOUN,Definite=Def|Gender=Masc|Number=Sing
прищенския,прищенски,прищенски,,я,прищенски я,прищенски я,correct,,ADJ,Definite=Def|Degree=Pos|Gender=Masc|Number=Sing
партията,партия,партия,,та,партия та,партия та,correct,,NOUN,Definite=Def|Gender=Fem|Number=Sing
словото,слово,слово,,то,слово то,слово то,correct,,NOUN,Definite=Def|Gender=Neut|Number=Sing
клубове,клуб,клуб,,ове,клуб ове,клуб ове,correct,,NOUN,Definite=Ind|Gender=Masc|Number=Plur
националите,национал,национал,,ите,национал ите,национал ите,correct,,NOUN,Definite=Def|Gender=Masc|Number=Plur
вариантът,вариант,вариант,,ът,вариант ът,вариант ът,correct,,NOUN,Definite=Def|Gender=Masc|Number=Sing
младежкият,младежки,младежки,,ят,младежки ят,младежки ят,correct,,ADJ,Definite=Def|Degree=Pos|Gender=Masc|Number=Sing
визитата,визита,визита,,та,визита та,визита та,correct,,NOUN,Definite=Def|Gender=Fem|Number=Sing
магазините,магазин,магазин,,ите,магазин ите,магазин ите,correct,,NOUN,Definite=Def|Gender=Masc|Number=Plur
червени,червен,червен,,и,червен и,червен и,correct,,ADJ,Definite=Ind|Degree=Pos|Number=Plur
запалянковци,запалянко,запалянко,,вци,запалянко вци,запалянковци,correct,,NOUN,Definite=Ind|Gender=Masc|Number=Plur
мъжествеността,мъжественост,мъжественост,,та,мъжественост та,мъжественост та,correct,,NOUN,Definite=Def|Gender=Fem|Number=Sing
стопанина,стопанин,стопанин,,а,стопанин а,стопанин а,correct,,NOUN,Definite=Def|Gender=Masc|Number=Sing
добичето,добиче,добиче,,то,добиче то,добиче то,correct,,NOUN,Definite=Def|Gender=Neut|Number=Sing
дългоухото,дългоух,дългоух,,ото,дългоух ото,дългоухо то,wrong,adj_def_boundary,ADJ,Definite=Def|Degree=Pos|Gender=Neut|Number=Sing
особеностите,особеност,особеност,,ите,особеност ите,особеност ите,correct,,NOUN,Definite=Def|Gender=Fem|Number=Plur
кубика,кубик,кубик,,а,кубик а,кубик а,correct,,NOUN,Definite=Def|Gender=Masc|Number=Sing
водомери,водомер,водомер,,и,водомер и,водомер и,correct,,NOUN,Definite=Ind|Gender=Masc|Number=Plur
апартаментите,апартамент,апартамент,,ите,апартамент ите,апартамент ите,correct,,NOUN,Definite=Def|Gender=Masc|Number=Plur
водопроводите,водопровод,водопровод,,ите,водопровод ите,водопровод ите,correct,,NOUN,Definite=Def|Gender=Masc|Number=Plur
канализацията,канализация,канализация,,та,канализация та,канализация та,correct,,NOUN,Definite=Def|Gender=Fem|Number=Sing
търговският,търговски,търговски,,ят,търговски ят,търговски ят,correct,,ADJ,Definite=Def|Degree=Pos|Gender=Masc|Number=Sing
колективи,колектив,колектив,,и,колектив и,колектив и,correct,,NOUN,Definite=Ind|Gender=Masc|Number=Plur
приходи,приход,приход,,и,приход и,приход и,correct,,NOUN,Definite=Ind|Gender=Masc|Number=Plur
бюджетите,бюджет,бюджет,,ите,бюджет ите,бюджет ите,correct,,NOUN,Definite=Def|Gender=Masc|Number=Plur
започнат,започна,започна,,т,започна т,започна т,correct,,VERB,Aspect=Perf|Mood=Ind|Number=Plur|Person=3|Tense=Pres|VerbForm=Fin|Voice=Act
приходите,приход,приход,,ите,приход ите,приход ите,correct,,NOUN,Definite=Def|Gender=Masc|Number=Plur
стремежа,стремеж,стремеж,,а,стремеж а,стремеж а,correct,,NOUN,Definite=Def|Gender=Masc|Number=Sing
тепетата,тепе,тепе,,тата,тепе тата,тепе тата,correct,,NOUN,Definite=Def|Gender=Neut|Number=Plur
декара,декар,декар,,а,декар а,декар а,correct,,NOUN,Definite=Def|Gender=Masc|Number=Sing
сервиза,сервиз,сервиз,,а,сервиз а,сервиз а,correct,,NOUN,Definite=Def|Gender=Masc|Number=Sing
автосалона,автосалон,автосалон,,а,автосалон а,автосалон а,correct,,NOUN,Definite=Def|Gender=Masc|Number=Sing
терени,терен,терен,,и,терен и,терен и,correct,,NOUN,Definite=Ind|Gender=Masc|Number=Plur
заеми,заем,заем,,и,заем и,заем и,correct,,NOUN,Definite=Ind|Gender=Masc|Number=Plur
кабинетът,кабинет,кабинет,,ът,кабинет ът,кабинет ът,correct,,NOUN,Definite=Def|Gender=Masc|Number=Sing
пушачите,пушач,пушач,,ите,пушач ите,пушач ите,correct,,NOUN,Definite=Def|Gender=Masc|Number=Plur
обществени,обществен,обществен,,и,обществен и,обществен и,correct,,ADJ,Definite=Ind|Degree=Pos|Number=Plur
маркирането,маркиране,маркиране,,то,маркиране то,маркиране то,correct,,NOUN,Definite=Def|Gender=Neut|Number=Sing
масови,масов,масов,,и,масов и,масов и,correct,,ADJ,Definite=Ind|Degree=Pos|Number=Plur
пушенето,пушене,пушене,,то,пушене то,пушене то,correct,,NOUN,Definite=Def|Gender=Neut|Number=Sing
детските,детски,детски,,те,детски те,детск ите,wrong,adj_def_boundary,ADJ,Definite=Def|Degree=Pos|Number=Plur
луди,луд,луд,,и,луд и,луд и,correct,,ADJ,Definite=Ind|Degree=Pos|Number=Plur
носенето,носене,носене,,то,носене то,носене то,correct,,NOUN,Definite=Def|Gender=Neut|Number=Sing
избухнал,избухна,избухна,,л,избухна л,избухна л,correct,,VERB,Aspect=Perf|Definite=Ind|Gender=Masc|Number=Sing|Tense=Past|VerbForm=Part|Voice=Act
влоговете,влог,влог,,овете,влог овете,влог овете,correct,,NOUN,Definite=Def|Gender=Masc|Number=Plur
проектобюджетът,проектобюджет,проектобюджет,,ът,проектобюджет ът,проектобюджет ът,correct,,NOUN,Definite=Def|Gender=Masc|Number=Sing
проектобюджета,проектобюджет,проектобюджет,,а,проектобюджет а,проектобюджет а,correct,,NOUN,Definite=Def|Gender=Masc|Number=Sing
суровия,суров,суров,,ия,суров ия,суров ия,correct,,ADJ,Definite=Def|Degree=Pos|Gender=Masc|Number=Sing
пенсионерите,пенсионер,пенсионер,,ите,пенсионер ите,пенсионер ите,correct,,NOUN,Definite=Def|Gender=Masc|Number=Plur
дойдат,дойда,дойда,,т,дойда т,дойда т,correct,,VERB,Aspect=Perf|Mood=Ind|Number=Plur|Person=3|Tense=Pres|VerbForm=Fin|Voice=Act
прословутото,прословут,прословут,,ото,прословут ото,прословуто то,wrong,adj_def_boundary,ADJ,Definite=Def|Degree=Pos|Gender=Neut|Number=Sing
пункта,пункт,пункт,,а,пункт а,пункт а,correct,,NOUN,Definite=Def|Gender=Masc|Number=Sing
акцизи,акциз,акциз,,и,акциз и,акциз и,correct,,NOUN,Definite=Ind|Gender=Masc|Number=Plur
естественият,естествен,естествен,,ият,естествен ият,естествен ият,correct,,ADJ,Definite=Def|Degree=Pos|Gender=Masc|Number=Sing
по-страшен,страшен,страшен,по-,,по- страшен,по- страшен,correct,,ADJ,Definite=Ind|Degree=Pos|Gender=Masc|Number=Sing
ангажиментът,ангажимент,ангажимент,,ът,ангажимент ът,ангажимент ът,correct,,NOUN,Definite=Def|Gender=Masc|Number=Sing
химическият,химически,химически,,ят,химически ят,химически ят,correct,,ADJ,Definite=Def|Degree=Pos|Gender=Masc|Number=Sing
запазването,запазване,запазване,,то,запазване то,запазване то,correct,,NOUN,Definite=Def|Gender=Neut|Number=Sing
поскъпването,поскъпване,поскъпване,,то,поскъпване то,поскъпване то,correct,,NOUN,Definite=Def|Gender=Neut|Number=Sing
химическите,химически,химически,,те,химически те,химическ ите,wrong,adj_def_boundary,ADJ,Definite=Def|Degree=Pos|Number=Plur
синята,син,син,,ята,син ята,синя та,wrong,adj_def_boundary,ADJ,Definite=Def|Degree=Pos|Gender=Fem|Number=Sing
тенденцията,тенденция,тенденция,,та,тенденция та,тенденция та,correct,,NOUN,Definite=Def|Gender=Fem|Number=Sing
парашутисти,парашутист,парашутист,,и,парашутист и,парашутист и,correct,,NOUN,Definite=Ind|Gender=Masc|Number=Plur
избирателите,избирател,избирател,,ите,избирател ите,избирател ите,correct,,NOUN,Definite=Def|Gender=Masc|Number=Plur
подслушването,подслушване,подслушване,,то,подслушване то,подслушване то,correct,,NOUN,Definite=Def|Gender=Neut|Number=Sing
най-вероятно,вероятно,вероятно,най-,,най- вероятно,най- вероятно,correct,,ADV,Degree=Pos
спора,спор,спор,,а,спор а,спор а,correct,,NOUN,Definite=Def|Gender=Masc|Number=Sing
проверката,проверка,проверка,,та,проверка та,проверка та,correct,,NOUN,Definite=Def|Gender=Fem|Number=Sing
готвача,готвач,готвач,,а,готвач а,готвач а,correct,,NOUN,Definite=Def|Gender=Masc|Number=Sing
парното,парно,парно,,то,парно то,парно то,correct,,NOUN,Definite=Def|Gender=Neut|Number=Sing
абонати,абонат,абонат,,и,абонат и,абонат и,correct,,NOUN,Definite=Ind|Gender=Masc|Number=Plur
топлоподаването,топлоподаване,топлоподаване,,то,топлоподаване то,топлоподаване то,correct,,NOUN,Definite=Def|Gender=Neut|Number=Sing
радиаторите,радиатор,радиатор,,ите,радиатор ите,радиатор ите,correct,,NOUN,Definite=Def|Gender=Masc|Number=Plur
тръбата,тръба,тръба,,та,тръба та,тръба та,correct,,NOUN,Definite=Def|Gender=Fem|Number=Sing
гореща,горещ,горещ,,а,горещ а,гореща,correct,adj_gender,ADJ,Definite=Ind|Degree=Pos|Gender=Fem|Number=Sing
дружеството,дружество,дружество,,то,дружество то,дружество то,correct,,NOUN,Definite=Def|Gender=Neut|Number=Sing
еврофондове,еврофонд,еврофонд,,ове,еврофонд ове,еврофонд ове,correct,,NOUN,Definite=Ind|Gender=Masc|Number=Plur
кредити,кредит,кредит,,и,кредит и,кредит и,correct,,NOUN,Definite=Ind|Gender=Masc|Number=Plur
бившето,бивш,бивш,,ето,бивш ето,бивше то,wrong,adj_def_boundary,ADJ,Definite=Def|Degree=Pos|Gender=Neut|Number=Sing
акционерите,акционер,акционер,,ите,акционер ите,акционер ите,correct,,NOUN,Definite=Def|Gender=Masc|Number=Plur
членството,членство,членство,,то,членство то,членство то,correct,,NOUN,Definite=Def|Gender=Neut|Number=Sing
конгреса,конгрес,конгрес,,а,конгрес а,конгрес а,correct,,NOUN,Definite=Def|Gender=Masc|Number=Sing
призоваха,призова,призова,,ха,призова ха,призова ха,correct,,VERB,Aspect=Perf|Mood=Ind|Number=Plur|Person=3|Tense=Past|VerbForm=Fin|Voice=Act
абревиатурата,абревиатура,абревиатура,,та,абревиатура та,абревиатура та,correct,,NOUN,Definite=Def|Gender=Fem|Number=Sing
хлапета,хлапе,хлапе,,та,хлапе та,хлапе та,correct,,NOUN,Definite=Ind|Gender=Neut|Number=Plur
шествието,шествие,шествие,,то,шествие то,шествие то,correct,,NOUN,Definite=Def|Gender=Neut|Number=Sing
традицията,традиция,традиция,,та,традиция та,традиция та,correct,,NOUN,Definite=Def|Gender=Fem|Number=Sing
промяната,промяна,промяна,,та,промяна та,промяна та,correct,,NOUN,Definite=Def|Gender=Fem|Number=Sing
трибуната,трибуна,трибуна,,та,трибуна та,трибуна та,correct,,NOUN,Definite=Def|Gender=Fem|Number=Sing
кашоните,кашон,кашон,,ите,кашон ите,кашон ите,correct,,NOUN,Definite=Def|Gender=Masc|Number=Plur
бутнат,бутна,бутна,,т,бутна т,бутна т,correct,,VERB,Aspect=Perf|Mood=Ind|Number=Plur|Person=3|Tense=Pres|VerbForm=Fin|Voice=Act
храма,храм,храм,,а,храм а,храм а,correct,,NOUN,Definite=Def|Gender=Masc|Number=Sing
настроението,настроение,настроение,,то,настроение то,настроение то,correct,,NOUN,Definite=Def|Gender=Neut|Number=Sing
маршове,марш,марш,,ове,марш ове,марш ове,correct,,NOUN,Definite=Ind|Gender=Masc|Number=Plur
плакатите,плакат,плакат,,ите,плакат ите,плакат ите,correct,,NOUN,Definite=Def|Gender=Masc|Number=Plur
убият,убия,убия,,т,убия т,убия т,correct,,VERB,Aspect=Perf|Mood=Ind|Number=Plur|Person=3|Tense=Pres|VerbForm=Fin|Voice=Act
турския,турски,турски,,я,турски я,турски я,correct,,ADJ,Definite=Def|Degree=Pos|Gender=Masc|Number=Sing
турският,турски,турски,,ят,турски ят,турски ят,correct,,ADJ,Definite=Def|Degree=Pos|Gender=Masc|Number=Sing
консула,консул,консул,,а,консул а,консул а,correct,,NOUN,Definite=Def|Gender=Masc|Number=Sing
мерцедесът,мерцедес,мерцедес,,ът,мерцедес ът,мерцедес ът,correct,,NOUN,Definite=Def|Gender=Masc|Number=Sing
дипломата,дипломат,дипломат,,а,дипломат а,дипломат а,correct,,NOUN,Definite=Def|Gender=Masc|Number=Sing
арменеца,арменец,арменец,,а,арменец а,арменец а,correct,,NOUN,Definite=Def|Gender=Masc|Number=Sing
посланика,посланик,посланик,,а,посланик а,посланик а,correct,,NOUN,Definite=Def|Gender=Masc|Number=Sing
разследването,разследване,разследване,,то,разследване то,разследване то,correct,,NOUN,Definite=Def|Gender=Neut|Number=Sing
руснакът,руснак,руснак,,ът,руснак ът,руснак ът,correct,,NOUN,Definite=Def|Gender=Masc|Number=Sing
експлозията,експлозия,експлозия,,та,експлозия та,експлозия та,correct,,NOUN,Definite=Def|Gender=Fem|Number=Sing
следствието,следствие,следствие,,то,следствие то,следствие то,correct,,NOUN,Definite=Def|Gender=Neut|Number=Sing
ножове,нож,нож,,ове,нож ове,нож ове,correct,,NOUN,Definite=Ind|Gender=Masc|Number=Plur
внука,внук,внук,,а,внук а,внук а,correct,,NOUN,Definite=Def|Gender=Masc|Number=Sing
унгарецът,унгарец,унгарец,,ът,унгарец ът,унгарец ът,correct,,NOUN,Definite=Def|Gender=Masc|Number=Sing
земеделските,земеделски,земеделски,,те,земеделски те,земеделск ите,wrong,adj_def_boundary,ADJ,Definite=Def|Degree=Pos|Number=Plur
електоратът,електорат,електорат,,ът,електорат ът,електорат ът,correct,,NOUN,Definite=Def|Gender=Masc|Number=Sing
етикетите,етикет,етикет,,ите,етикет ите,етикет ите,correct,,NOUN,Definite=Def|Gender=Masc|Number=Plur
престанаха,престана,престана,,ха,престана ха,престана ха,correct,,VERB,Aspect=Perf|Mood=Ind|Number=Plur|Person=3|Tense=Past|VerbForm=Fin|Voice=Act
китайските,китайски,китайски,,те,китайски те,китайск ите,wrong,adj_def_boundary,ADJ,Definite=Def|Degree=Pos|Number=Plur
турските,турски,турски,,те,турски те,турск ите,wrong,adj_def_boundary,ADJ,Definite=Def|Degree=Pos|Number=Plur
оригинала,оригинал,оригинал,,а,оригинал а,оригинал а,correct,,NOUN,Definite=Def|Gender=Masc|Number=Sing
стоката,стока,стока,,та,стока та,стока та,correct,,NOUN,Definite=Def|Gender=Fem|Number=Sing
качествена,качествен,качествен,,а,качествен а,качествена,correct,adj_gender,ADJ,Definite=Ind|Degree=Pos|Gender=Fem|Number=Sing
евтина,евтин,евтин,,а,евтин а,евтина,correct,adj_gender,ADJ,Definite=Ind|Degree=Pos|Gender=Fem|Number=Sing
делегатите,делегат,делегат,,ите,делегат ите,делегат ите,correct,,NOUN,Definite=Def|Gender=Masc|Number=Plur
шансове,шанс,шанс,,ове,шанс ове,шанс ове,correct,,NOUN,Definite=Ind|Gender=Masc|Number=Plur
социалистите,социалист,социалист,,ите,социалист ите,социалист ите,correct,,NOUN,Definite=Def|Gender=Masc|Number=Plur
победят,победя,победя,,т,победя т,победя т,correct,,VERB,Aspect=Perf|Mood=Ind|Number=Plur|Person=3|Tense=Pres|VerbForm=Fin|Voice=Act
кандидатът,кандидат,кандидат,,ът,кандидат ът,кандидат ът,correct,,NOUN,Definite=Def|Gender=Masc|Number=Sing
загинаха,загина,загина,,ха,загина ха,загина ха,correct,,VERB,Aspect=Perf|Mood=Ind|Number=Plur|Person=3|Tense=Past|VerbForm=Fin|Voice=Act
дъждове,дъжд,дъжд,,ове,дъжд ове,дъжд ове,correct,,NOUN,Definite=Ind|Gender=Masc|Number=Plur
индонезийския,индонезийски,индонезийски,,я,индонезийски я,индонезийски я,correct,,ADJ,Definite=Def|Degree=Pos|Gender=Masc|Number=Sing
окръга,окръг,окръг,,а,окръг а,окръг а,correct,,NOUN,Definite=Def|Gender=Masc|Number=Sing
симпатизантите,симпатизант,симпатизант,,ите,симпатизант ите,симпатизант ите,correct,,NOUN,Definite=Def|Gender=Masc|Number=Plur
демократът,демократ,демократ,,ът,демократ ът,демократ ът,correct,,NOUN,Definite=Def|Gender=Masc|Number=Sing
майчиния,майчин,майчин,,ия,майчин ия,майчин ия,correct,,ADJ,Definite=Def|Degree=Pos|Gender=Masc|Number=Sing
инициаторът,инициатор,инициатор,,ът,инициатор ът,инициатор ът,correct,,NOUN,Definite=Def|Gender=Masc|Number=Sing
наше,наш,наш,,е,наш е,наше,correct,adj_gender,DET,Definite=Ind|Gender=Neut|Number=Sing|Person=1|Poss=Yes|PronType=Prs
инициаторите,инициатор,инициатор,,ите,инициатор ите,инициатор ите,correct,,NOUN,Definite=Def|Gender=Masc|Number=Plur
билетите,билет,билет,,ите,билет ите,билет ите,correct,,NOUN,Definite=Def|Gender=Masc|Number=Plur
екипите,екип,екип,,ите,екип ите,екип ите,correct,,NOUN,Definite=Def|Gender=Masc|Number=Plur
студиото,студио,студио,,то,студио то,студио то,correct,,NOUN,Definite=Def|Gender=Neut|Number=Sing
легендата,легенда,легенда,,та,легенда та,легенда та,correct,,NOUN,Definite=Def|Gender=Fem|Number=Sing
шоуто,шоу,шоу,,то,шоу то,шоу то,correct,,NOUN,Definite=Def|Gender=Neut|Number=Sing
гръцките,гръцки,гръцки,,те,гръцки те,гръцк ите,wrong,adj_def_boundary,ADJ,Definite=Def|Degree=Pos|Number=Plur
нашумялото,нашумя,нашумя,,лото,нашумя лото,нашумяло то,wrong,adj_def_boundary,ADJ,Aspect=Perf|Definite=Def|Degree=Pos|Gender=Neut|Number=Sing|Tense=Past|VerbForm=Part|Voice=Act
предаването,предаване,предаване,,то,предаване то,предаване то,correct,,NOUN,Definite=Def|Gender=Neut|Number=Sing
емблемата,емблема,емблема,,та,емблема та,емблема та,correct,,NOUN,Definite=Def|Gender=Fem|Number=Sing
серията,серия,серия,,та,серия та,серия та,correct,,NOUN,Definite=Def|Gender=Fem|Number=Sing
отбора,отбор,отбор,,а,отбор а,отбор а,correct,,NOUN,Definite=Def|Gender=Masc|Number=Sing
отборът,отбор,отбор,,ът,отбор ът,отбор ът,correct,,NOUN,Definite=Def|Gender=Masc|Number=Sing
вятъра,вятър,вятър,,а,вятър а,вятър а,correct,,NOUN,Definite=Def|Gender=Masc|Number=Sing
съдията,съдия,съдия,,та,съдия та,съдия та,correct,,NOUN,Definite=Def|Gender=Masc|Number=Sing
картона,картон,картон,,а,картон а,картон а,correct,,NOUN,Definite=Def|Gender=Masc|Number=Sing
зимата,зима,зима,,та,зима та,зима та,correct,,NOUN,Definite=Def|Gender=Fem|Number=Sing
селекцията,селекция,селекция,,та,селекция та,селекция та,correct,,NOUN,Definite=Def|Gender=Fem|Number=Sing
треньорът,треньор,треньор,,ът,треньор ът,треньор ът,correct,,NOUN,Definite=Def|Gender=Masc|Number=Sing
особени,особен,особен,,и,особен и,особен и,correct,,ADJ,Definite=Ind|Degree=Pos|Number=Plur
гостуването,гостуване,гостуване,,то,гостуване то,гостуване то,correct,,NOUN,Definite=Def|Gender=Neut|Number=Sing
рефера,рефер,рефер,,а,рефер а,рефер а,correct,,NOUN,Definite=Def|Gender=Masc|Number=Sing
дванадесетопръстника,дванадесетопръстник,дванадесетопръстник,,а,дванадесетопръстник а,дванадесетопръстник а,correct,,NOUN,Definite=Def|Gender=Masc|Number=Sing
по-известен,известен,известен,по-,,по- известен,по- известен,correct,,ADJ,Definite=Ind|Degree=Pos|Gender=Masc|Number=Sing
коридора,коридор,коридор,,а,коридор а,коридор а,correct,,NOUN,Definite=Def|Gender=Masc|Number=Sing
автографи,автограф,автограф,,и,автограф и,автограф и,correct,,NOUN,Definite=Ind|Gender=Masc|Number=Plur
вурстчета,вурстче,вурстче,,та,вурстче та,вурстче та,correct,,NOUN,Definite=Ind|Gender=Neut|Number=Plur
вида,вид,вид,,а,вид а,вид а,correct,,NOUN,Definite=Def|Gender=Masc|Number=Sing
масирана,масиран,масиран,,а,масиран а,масирана,correct,adj_gender,ADJ,Definite=Ind|Degree=Pos|Gender=Fem|Number=Sing
звездата,звезда,звезда,,та,звезда та,звезда та,correct,,NOUN,Definite=Def|Gender=Fem|Number=Sing
таланта,талант,талант,,а,талант а,талант а,correct,,NOUN,Definite=Def|Gender=Masc|Number=Sing
уикендите,уикенд,уикенд,,ите,уикенд ите,уикенд ите,correct,,NOUN,Definite=Def|Gender=Masc|Number=Plur
разчистването,разчистване,разчистване,,то,разчистване то,разчистване то,correct,,NOUN,Definite=Def|Gender=Neut|Number=Sing
спецове,спец,спец,,ове,спец ове,спец ове,correct,,NOUN,Definite=Ind|Gender=Masc|Number=Plur
продължителността,продължителност,продължителност,,та,продължителност та,продължителност та,correct,,NOUN,Definite=Def|Gender=Fem|Number=Sing
браншът,бранш,бранш,,ът,бранш ът,бранш ът,correct,,NOUN,Definite=Def|Gender=Masc|Number=Sing
данъкът,данък,данък,,ът,данък ът,данък ът,correct,,NOUN,Definite=Def|Gender=Masc|Number=Sing
налога,налог,налог,,а,налог а,налог а,correct,,NOUN,Definite=Def|Gender=Masc|Number=Sing
депозити,депозит,депозит,,и,депозит и,депозит и,correct,,NOUN,Definite=Ind|Gender=Masc|Number=Plur
влогове,влог,влог,,ове,влог ове,влог ове,correct,,NOUN,Definite=Ind|Gender=Masc|Number=Plur
продуцентът,продуцент,продуцент,,ът,продуцент ът,продуцент ът,correct,,NOUN,Definite=Def|Gender=Masc|Number=Sing
раздела,раздел,раздел,,а,раздел а,раздел а,correct,,NOUN,Definite=Def|Gender=Masc|Number=Sing
конкурса,конкурс,конкурс,,а,конкурс а,конкурс а,correct,,NOUN,Definite=Def|Gender=Masc|Number=Sing
привилегията,привилегия,привилегия,,та,привилегия та,привилегия та,correct,,NOUN,Definite=Def|Gender=Fem|Number=Sing
агенти,агент,агент,,и,агент и,агент и,correct,,NOUN,Definite=Ind|Gender=Masc|Number=Plur
имената,име,име,,ната,име ната,имена та,wrong,,NOUN,Definite=Def|Gender=Neut|Number=Plur
магистрати,магистрат,магистрат,,и,магистрат и,магистрат и,correct,,NOUN,Definite=Ind|Gender=Masc|Number=Plur
висши,висш,висш,,и,висш и,висш и,correct,,ADJ,Definite=Ind|Degree=Pos|Number=Plur
огласяването,огласяване,огласяване,,то,огласяване то,огласяване то,correct,,NOUN,Definite=Def|Gender=Neut|Number=Sing
вицето,вице,вице,,то,вице то,вице то,correct,,NOUN,Definite=Def|Gender=Neut|Number=Sing
сива,сив,сив,,а,сив а,сива,correct,adj_gender,ADJ,Definite=Ind|Degree=Pos|Gender=Fem|Number=Sing
синият,син,син,,ият,син ият,син ият,correct,,ADJ,Definite=Def|Degree=Pos|Gender=Masc|Number=Sing
посещението,посещение,посещение,,то,посещение то,посещение то,correct,,NOUN,Definite=Def|Gender=Neut|Number=Sing
папата,папа,папа,,та,папа та,папа та,correct,,NOUN,Definite=Def|Gender=Masc|Number=Sing
несъгласието,несъгласие,несъгласие,,то,несъгласие то,несъгласие то,correct,,NOUN,Definite=Def|Gender=Neut|Number=Sing
светия,свет,свет,,ия,свет ия,свет ия,correct,,ADJ,Definite=Def|Degree=Pos|Gender=Masc|Number=Sing
патриархът,патриарх,патриарх,,ът,патриарх ът,патриарх ът,correct,,NOUN,Definite=Def|Gender=Masc|Number=Sing
посланикът,посланик,посланик,,ът,посланик ът,посланик ът,correct,,NOUN,Definite=Def|Gender=Masc|Number=Sing
готово,готов,готов,,о,готов о,готово,correct,adj_gender,ADV,Degree=Pos
депутата,депутат,депутат,,а,депутат а,депутат а,correct,,NOUN,Definite=Def|Gender=Masc|Number=Sing
неправителствени,неправителствен,неправителствен,,и,неправителствен и,неправителствен и,correct,,ADJ,Definite=Ind|Degree=Pos|Number=Plur
влиянието,влияние,влияние,,то,влияние то,влияние то,correct,,NOUN,Definite=Def|Gender=Neut|Number=Sing
депутатските,депутатски,депутатски,,те,депутатски те,депутатск ите,wrong,adj_def_boundary,ADJ,Definite=Def|Degree=Pos|Number=Plur
секретарят,секретар,секретар,,ят,секретар ят,секретар ят,correct,,NOUN,Definite=Def|Gender=Masc|Number=Sing
лекари,лекар,лекар,,и,лекар и,лекар и,correct,,NOUN,Definite=Ind|Gender=Masc|Number=Plur
загубена,загубен,загубен,,а,загубен а,загубена,correct,adj_gender,ADJ,Definite=Ind|Degree=Pos|Gender=Fem|Number=Sing
пациентите,пациент,пациент,,ите,пациент ите,пациент ите,correct,,NOUN,Definite=Def|Gender=Masc|Number=Plur
касата,каса,каса,,та,каса та,каса та,correct,,NOUN,Definite=Def|Gender=Fem|Number=Sing
франка,франк,франк,,а,франк а,франк а,correct,,NOUN,Definite=Def|Gender=Masc|Number=Sing
ареста,арест,арест,,а,арест а,арест а,correct,,NOUN,Definite=Def|Gender=Masc|Number=Sing
кокаина,кокаин,кокаин,,а,кокаин а,кокаин а,correct,,NOUN,Definite=Def|Gender=Masc|Number=Sing
писмени,писмен,писмен,,и,писмен и,писмен и,correct,,ADJ,Definite=Ind|Degree=Pos|Number=Plur
празнуваме,празнувам,празнувам,,е,празнувам е,празнува ме,wrong,plu1person_boundary,VERB,Aspect=Imp|Mood=Ind|Number=Plur|Person=1|Tense=Pres|VerbForm=Fin|Voice=Act
градските,градски,градски,,те,градски те,градск ите,wrong,adj_def_boundary,ADJ,Definite=Def|Degree=Pos|Number=Plur
изминалите,измина,измина,,лите,измина лите,изминал ите,wrong,,ADJ,Aspect=Perf|Definite=Def|Degree=Pos|Number=Plur|Tense=Past|VerbForm=Part|Voice=Act
кораба,кораб,кораб,,а,кораб а,кораб а,correct,,NOUN,Definite=Def|Gender=Masc|Number=Sing
димящи,димя,димя,,щи,димя щи,димящи,correct,,ADJ,Aspect=Imp|Definite=Ind|Degree=Pos|Number=Plur|Tense=Pres|VerbForm=Part|Voice=Act
екрана,екран,екран,,а,екран а,екран а,correct,,NOUN,Definite=Def|Gender=Masc|Number=Sing
диаманти,диамант,диамант,,и,диамант и,диамант и,correct,,NOUN,Definite=Ind|Gender=Masc|Number=Plur
прасета,прасе,прасе,,та,прасе та,прасе та,correct,,NOUN,Definite=Ind|Gender=Neut|Number=Plur
боксови,боксов,боксов,,и,боксов и,боксов и,correct,,ADJ,Definite=Ind|Degree=Pos|Number=Plur
по-така,така,така,по-,,по- така,по- така,correct,,ADV,Degree=Pos
смахнатият,смахнат,смахнат,,ият,смахнат ият,смахнат ият,correct,,ADJ,Definite=Def|Degree=Pos|Gender=Masc|Number=Sing
шмекери,шмекер,шмекер,,и,шмекер и,шмекер и,correct,,NOUN,Definite=Ind|Gender=Masc|Number=Plur
нелепи,нелеп,нелеп,,и,нелеп и,нелеп и,correct,,ADJ,Definite=Ind|Degree=Pos|Number=Plur
румънецът,румънец,румънец,,ът,румънец ът,румънец ът,correct,,NOUN,Definite=Def|Gender=Masc|Number=Sing
по-бързи,бърз,бърз,по-,и,по- бърз и,по- бърз и,correct,,ADJ,Definite=Ind|Degree=Pos|Number=Plur
ремито,реми,реми,,то,реми то,реми то,correct,,NOUN,Definite=Def|Gender=Neut|Number=Sing
минимача,минимач,минимач,,а,минимач а,минимач а,correct,,NOUN,Definite=Def|Gender=Masc|Number=Sing
вторите,втори,втори,,те,втори те,втори те,correct,,ADJ,Definite=Def|Degree=Pos|Number=Plur|NumType=Ord
играят,играя,играя,,т,играя т,играя т,correct,,VERB,Aspect=Imp|Mood=Ind|Number=Plur|Person=3|Tense=Pres|VerbForm=Fin|Voice=Act
домовете,дом,дом,,овете,дом овете,дом овете,correct,,NOUN,Definite=Def|Gender=Masc|Number=Plur
клиентите,клиент,клиент,,ите,клиент ите,клиент ите,correct,,NOUN,Definite=Def|Gender=Masc|Number=Plur
прибягнали,прибягна,прибягна,,ли,прибягна ли,прибягна ли,correct,,VERB,Aspect=Perf|Definite=Ind|Number=Plur|Tense=Past|VerbForm=Part|Voice=Act
телефони,телефон,телефон,,и,телефон и,телефон и,correct,,NOUN,Definite=Ind|Gender=Masc|Number=Plur
картечницата,картечница,картечница,,та,картечница та,картечница та,correct,,NOUN,Definite=Def|Gender=Fem|Number=Sing
отмъкнаха,отмъкна,отмъкна,,ха,отмъкна ха,отмъкна ха,correct,,VERB,Aspect=Perf|Mood=Ind|Number=Plur|Person=3|Tense=Past|VerbForm=Fin|Voice=Act
коктейла,коктейл,коктейл,,а,коктейл а,коктейл а,correct,,NOUN,Definite=Def|Gender=Masc|Number=Sing
пастата,паста,паста,,та,паста та,паста та,correct,,NOUN,Definite=Def|Gender=Fem|Number=Sing
продуктът,продукт,продукт,,ът,продукт ът,продукт ът,correct,,NOUN,Definite=Def|Gender=Masc|Number=Sing
госпожицата,госпожица,госпожица,,та,госпожица та,госпожица та,correct,,NOUN,Definite=Def|Gender=Fem|Number=Sing
манекенката,манекенка,манекенка,,та,манекенка та,манекенка та,correct,,NOUN,Definite=Def|Gender=Fem|Number=Sing
софиянката,софиянка,софиянка,,та,софиянка та,софиянка та,correct,,NOUN,Definite=Def|Gender=Fem|Number=Sing
щракнаха,щракна,щракна,,ха,щракна ха,щракна ха,correct,,VERB,Aspect=Perf|Mood=Ind|Number=Plur|Person=3|Tense=Past|VerbForm=Fin|Voice=Act
заведението,заведение,заведение,,то,заведение то,заведение то,correct,,NOUN,Definite=Def|Gender=Neut|Number=Sing
накити,накит,накит,,и,накит и,накит и,correct,,NOUN,Definite=Ind|Gender=Masc|Number=Plur
митничарите,митничар,митничар,,ите,митничар ите,митничар ите,correct,,NOUN,Definite=Def|Gender=Masc|Number=Plur
долари,долар,долар,,и,долар и,долар и,correct,,NOUN,Definite=Ind|Gender=Masc|Number=Plur
чуждо,чужд,чужд,,о,чужд о,чуждо,correct,adj_gender,ADV,Degree=Pos
милиардерът,милиардер,милиардер,,ът,милиардер ът,милиардер ът,correct,,NOUN,Definite=Def|Gender=Masc|Number=Sing
хармонизирането,хармонизиране,хармонизиране,,то,хармонизиране то,хармонизиране то,correct,,NOUN,Definite=Def|Gender=Neut|Number=Sing
кандидатурата,кандидатура,кандидатура,,та,кандидатура та,кандидатура та,correct,,NOUN,Definite=Def|Gender=Fem|Number=Sing
словашките,словашки,словашки,,те,словашки те,словашк ите,wrong,adj_def_boundary,ADJ,Definite=Def|Degree=Pos|Number=Plur
изгорял,изгоря,изгоря,,л,изгоря л,изгоря л,correct,,VERB,Aspect=Perf|Definite=Ind|Gender=Masc|Number=Sing|Tense=Past|VerbForm=Part|Voice=Act
изявлението,изявление,изявление,,то,изявление то,изявление то,correct,,NOUN,Definite=Def|Gender=Neut|Number=Sing
соцдепутата,соцдепутат,соцдепутат,,а,соцдепутат а,соцдепутат а,correct,,NOUN,Definite=Def|Gender=Masc|Number=Sing
хотелът,хотел,хотел,,ът,хотел ът,хотел ът,correct,,NOUN,Definite=Def|Gender=Masc|Number=Sing
аерогарата,аерогара,аерогара,,та,аерогара та,аерогара та,correct,,NOUN,Definite=Def|Gender=Fem|Number=Sing
мъглата,мъгла,мъгла,,та,мъгла та,мъгла та,correct,,NOUN,Definite=Def|Gender=Fem|Number=Sing
самолети,самолет,самолет,,и,самолет и,самолет и,correct,,NOUN,Definite=Ind|Gender=Masc|Number=Plur
аеропорта,аеропорт,аеропорт,,а,аеропорт а,аеропорт а,correct,,NOUN,Definite=Def|Gender=Masc|Number=Sing
радиатори,радиатор,радиатор,,и,радиатор и,радиатор и,correct,,NOUN,Definite=Ind|Gender=Masc|Number=Plur
разпределители,разпределител,разпределител,,и,разпределител и,разпределител и,correct,,NOUN,Definite=Ind|Gender=Masc|Number=Plur
регулатори,регулатор,регулатор,,и,регулатор и,регулатор и,correct,,NOUN,Definite=Ind|Gender=Masc|Number=Plur
прибори,прибор,прибор,,и,прибор и,прибор и,correct,,NOUN,Definite=Ind|Gender=Masc|Number=Plur
разсекретяването,разсекретяване,разсекретяване,,то,разсекретяване то,разсекретяване то,correct,,NOUN,Definite=Def|Gender=Neut|Number=Sing
разузнавачи,разузнавач,разузнавач,,и,разузнавач и,разузнавач и,correct,,NOUN,Definite=Ind|Gender=Masc|Number=Plur
агентите,агент,агент,,ите,агент ите,агент ите,correct,,NOUN,Definite=Def|Gender=Masc|Number=Plur
коментари,коментар,коментар,,и,коментар и,коментар и,correct,,NOUN,Definite=Ind|Gender=Masc|Number=Plur
автоматите,автомат,автомат,,ите,автомат ите,автомат ите,correct,,NOUN,Definite=Def|Gender=Masc|Number=Plur
патрони,патрон,патрон,,и,патрон и,патрон и,correct,,NOUN,Definite=Ind|Gender=Masc|Number=Plur
обира,обир,обир,,а,обир а,обира,correct,,VERB,Aspect=Imp|Mood=Ind|Number=Sing|Person=3|Tense=Pres|VerbForm=Fin|Voice=Act
прокурора,прокурор,прокурор,,а,прокурор а,прокурор а,correct,,NOUN,Definite=Def|Gender=Masc|Number=Sing
прокурорът,прокурор,прокурор,,ът,прокурор ът,прокурор ът,correct,,NOUN,Definite=Def|Gender=Masc|Number=Sing
депутатът,депутат,депутат,,ът,депутат ът,депутат ът,correct,,NOUN,Definite=Def|Gender=Masc|Number=Sing
бизнесменът,бизнесмен,бизнесмен,,ът,бизнесмен ът,бизнесмен ът,correct,,NOUN,Definite=Def|Gender=Masc|Number=Sing
прокурори,прокурор,прокурор,,и,прокурор и,прокурор и,correct,,NOUN,Definite=Ind|Gender=Masc|Number=Plur
висящи,вися,вися,,щи,вися щи,висящи,correct,,ADJ,Aspect=Imp|Definite=Ind|Degree=Pos|Number=Plur|Tense=Pres|VerbForm=Part|Voice=Act
застрахователи,застраховател,застраховател,,и,застраховател и,застраховател и,correct,,NOUN,Definite=Ind|Gender=Masc|Number=Plur
масовите,масов,масов,,ите,масов ите,масов ите,correct,,ADJ,Definite=Def|Degree=Pos|Number=Plur
заразяването,заразяване,заразяване,,то,заразяване то,заразяване то,correct,,NOUN,Definite=Def|Gender=Neut|Number=Sing
професорите,професор,професор,,ите,професор ите,професор ите,correct,,NOUN,Definite=Def|Gender=Masc|Number=Plur
гръмнала,гръмна,гръмна,,ла,гръмна ла,гръмна ла,correct,,VERB,Aspect=Perf|Definite=Ind|Gender=Fem|Number=Sing|Tense=Past|VerbForm=Part|Voice=Act
взрива,взрив,взрив,,а,взрив а,взрив а,correct,,NOUN,Definite=Def|Gender=Masc|Number=Sing
хленчат,хленча,хленча,,т,хленча т,хленча т,correct,,VERB,Aspect=Imp|Mood=Ind|Number=Plur|Person=3|Tense=Pres|VerbForm=Fin|Voice=Act
лоша,лош,лош,,а,лош а,лоша,correct,adj_gender,ADJ,Definite=Ind|Degree=Pos|Gender=Fem|Number=Sing
коментарите,коментар,коментар,,ите,коментар ите,коментар ите,correct,,NOUN,Definite=Def|Gender=Masc|Number=Plur
евроекспертите,евроексперт,евроексперт,,ите,евроексперт ите,евроексперт ите,correct,,NOUN,Definite=Def|Gender=Masc|Number=Plur
благосъстоянието,благосъстояние,благосъстояние,,то,благосъстояние то,благосъстояние то,correct,,NOUN,Definite=Def|Gender=Neut|Number=Sing
атентата,атентат,атентат,,а,атентат а,атентат а,correct,,NOUN,Definite=Def|Gender=Masc|Number=Sing
сплотяването,сплотяване,сплотяване,,то,сплотяване то,сплотяване то,correct,,NOUN,Definite=Def|Gender=Neut|Number=Sing
пребиваването,пребиваване,пребиваване,,то,пребиваване то,пребиваване то,correct,,NOUN,Definite=Def|Gender=Neut|Number=Sing
премахнати,премахна,премахна,,ти,премахна ти,премахнати,correct,,VERB,Aspect=Perf|Definite=Ind|Number=Plur|VerbForm=Part|Voice=Pass
кулоарите,кулоари,кулоари,,те,кулоари те,кулоар ите,wrong,,NOUN,Definite=Def|Gender=Masc|Number=Plur
шанса,шанс,шанс,,а,шанс а,шанса,correct,,NOUN,Definite=Ind|Gender=Masc|Number=Sing
номинацията,номинация,номинация,,та,номинация та,номинация та,correct,,NOUN,Definite=Def|Gender=Fem|Number=Sing
кметският,кметски,кметски,,ят,кметски ят,кметски ят,correct,,ADJ,Definite=Def|Degree=Pos|Gender=Masc|Number=Sing
вестникът,вестник,вестник,,ът,вестник ът,вестник ът,correct,,NOUN,Definite=Def|Gender=Masc|Number=Sing
редакторката,редакторка,редакторка,,та,редакторка та,редакторка та,correct,,NOUN,Definite=Def|Gender=Fem|Number=Sing
репортерката,репортерка,репортерка,,та,репортерка та,репортерка та,correct,,NOUN,Definite=Def|Gender=Fem|Number=Sing
отписваме,отписвам,отписвам,,е,отписвам е,отписва ме,wrong,plu1person_boundary,VERB,Aspect=Imp|Mood=Ind|Number=Plur|Person=1|Tense=Pres|VerbForm=Fin|Voice=Act
зрители,зрител,зрител,,и,зрител и,зрител и,correct,,NOUN,Definite=Ind|Gender=Masc|Number=Plur
стадиона,стадион,стадион,,а,стадион а,стадион а,correct,,NOUN,Definite=Def|Gender=Masc|Number=Sing
зрителите,зрител,зрител,,ите,зрител ите,зрител ите,correct,,NOUN,Definite=Def|Gender=Masc|Number=Plur
тима,тим,тим,,а,тим а,тим а,correct,,NOUN,Definite=Def|Gender=Masc|Number=Sing
преследваме,преследвам,преследвам,,е,преследвам е,преследва ме,wrong,plu1person_boundary,VERB,Aspect=Imp|Mood=Ind|Number=Plur|Person=1|Tense=Pres|VerbForm=Fin|Voice=Act
рока,рок,рок,,а,рок а,рок а,correct,,NOUN,Definite=Def|Gender=Masc|Number=Sing
певеца,певец,певец,,а,певец а,певец а,correct,,NOUN,Definite=Def|Gender=Masc|Number=Sing
жителите,жител,жител,,ите,жител ите,жител ите,correct,,NOUN,Definite=Def|Gender=Masc|Number=Plur
рождения,рожден,рожден,,ия,рожден ия,рожден ия,correct,,ADJ,Definite=Def|Degree=Pos|Gender=Masc|Number=Sing
цигуларката,цигуларка,цигуларка,,та,цигуларка та,цигуларка та,correct,,NOUN,Definite=Def|Gender=Fem|Number=Sing
вратът,врат,врат,,ът,врат ът,врат ът,correct,,NOUN,Definite=Def|Gender=Masc|Number=Sing
по-дебел,дебел,дебел,по-,,по- дебел,по- дебел,correct,,ADJ,Definite=Ind|Degree=Pos|Gender=Masc|Number=Sing
дрехата,дреха,дреха,,та,дреха та,дреха та,correct,,NOUN,Definite=Def|Gender=Fem|Number=Sing
потъването,потъване,потъване,,то,потъване то,потъване то,correct,,NOUN,Definite=Def|Gender=Neut|Number=Sing
самоубийството,самоубийство,самоубийство,,то,самоубийство то,самоубийство то,correct,,NOUN,Definite=Def|Gender=Neut|Number=Sing
аташето,аташе,аташе,,то,аташе то,аташе то,correct,,NOUN,Definite=Def|Gender=Masc|Number=Sing
изгледи,изглед,изглед,,и,изглед и,изглед и,correct,,NOUN,Definite=Ind|Gender=Masc|Number=Plur
получателите,получател,получател,,ите,получател ите,получател ите,correct,,NOUN,Definite=Def|Gender=Masc|Number=Plur
дипломатите,дипломат,дипломат,,ите,дипломат ите,дипломат ите,correct,,NOUN,Definite=Def|Gender=Masc|Number=Plur
либийските,либийски,либийски,,те,либийски те,либийск ите,wrong,adj_def_boundary,ADJ,Definite=Def|Degree=Pos|Number=Plur
посолството,посолство,посолство,,то,посолство то,посолство то,correct,,NOUN,Definite=Def|Gender=Neut|Number=Sing
видове,вид,вид,,ове,вид ове,вид ове,correct,,NOUN,Definite=Ind|Gender=Masc|Number=Plur
нямаме,нямам,нямам,,е,нямам е,няма ме,wrong,plu1person_boundary,VERB,Aspect=Imp|Mood=Ind|Number=Plur|Person=1|Tense=Pres|VerbForm=Fin|Voice=Act
волана,волан,волан,,а,волан а,волан а,correct,,NOUN,Definite=Def|Gender=Masc|Number=Sing
несъобразена,несъобразен,несъобразен,,а,несъобразен а,несъобразена,correct,adj_gender,ADJ,Definite=Ind|Degree=Pos|Gender=Fem|Number=Sing
трасето,трасе,трасе,,то,трасе то,трасе то,correct,,NOUN,Definite=Def|Gender=Neut|Number=Sing
криминалистите,криминалист,криминалист,,ите,криминалист ите,криминалист ите,correct,,NOUN,Definite=Def|Gender=Masc|Number=Plur
асфалта,асфалт,асфалт,,а,асфалт а,асфалт а,correct,,NOUN,Definite=Def|Gender=Masc|Number=Sing
комплекса,комплекс,комплекс,,а,комплекс а,комплекс а,correct,,NOUN,Definite=Def|Gender=Masc|Number=Sing
тура,тур,тур,,а,тур а,тур а,correct,,NOUN,Definite=Def|Gender=Masc|Number=Sing
курорта,курорт,курорт,,а,курорт а,курорт а,correct,,NOUN,Definite=Def|Gender=Masc|Number=Sing
уикенда,уикенд,уикенд,,а,уикенд а,уикенд а,correct,,NOUN,Definite=Def|Gender=Masc|Number=Sing
непроходимите,непроходим,непроходим,,ите,непроходим ите,непроходим ите,correct,,ADJ,Definite=Def|Degree=Pos|Number=Plur
курортите,курорт,курорт,,ите,курорт ите,курорт ите,correct,,NOUN,Definite=Def|Gender=Masc|Number=Plur
гросмайстори,гросмайстор,гросмайстор,,и,гросмайстор и,гросмайстор и,correct,,NOUN,Definite=Ind|Gender=Masc|Number=Plur
арбитражите,арбитраж,арбитраж,,ите,арбитраж ите,арбитраж ите,correct,,NOUN,Definite=Def|Gender=Masc|Number=Plur
нападатели,нападател,нападател,,и,нападател и,нападател и,correct,,NOUN,Definite=Ind|Gender=Masc|Number=Plur
халфове,халф,халф,,ове,халф ове,халф ове,correct,,NOUN,Definite=Ind|Gender=Masc|Number=Plur
персонажи,персонаж,персонаж,,и,персонаж и,персонаж и,correct,,NOUN,Definite=Ind|Gender=Masc|Number=Plur
ревюто,ревю,ревю,,то,ревю то,ревю то,correct,,NOUN,Definite=Def|Gender=Neut|Number=Sing
съпруга,съпруг,съпруг,,а,съпруг а,съпруга,correct,,NOUN,Definite=Ind|Gender=Fem|Number=Sing
поевтинеят,поевтинея,поевтинея,,т,поевтинея т,поевтинея т,correct,,VERB,Aspect=Perf|Mood=Ind|Number=Plur|Person=3|Tense=Pres|VerbForm=Fin|Voice=Act
дилъри,дилър,дилър,,и,дилър и,дилър и,correct,,NOUN,Definite=Ind|Gender=Masc|Number=Plur
издържат,издържа,издържа,,т,издържа т,издържа т,correct,,VERB,Aspect=Imp|Mood=Ind|Number=Plur|Person=3|Tense=Pres|VerbForm=Fin|Voice=Act
браншове,бранш,бранш,,ове,бранш ове,бранш ове,correct,,NOUN,Definite=Ind|Gender=Masc|Number=Plur
автопарка,автопарк,автопарк,,а,автопарк а,автопарк а,correct,,NOUN,Definite=Def|Gender=Masc|Number=Sing
посетителите,посетител,посетител,,ите,посетител ите,посетител ите,correct,,NOUN,Definite=Def|Gender=Masc|Number=Plur
тийнейджърите,тийнейджър,тийнейджър,,ите,тийнейджър ите,тийнейджър ите,correct,,NOUN,Definite=Def|Gender=Masc|Number=Plur
прогреса,прогрес,прогрес,,а,прогрес а,прогрес а,correct,,NOUN,Definite=Def|Gender=Masc|Number=Sing
лондонският,лондонски,лондонски,,ят,лондонски ят,лондонски ят,correct,,ADJ,Definite=Def|Degree=Pos|Gender=Masc|Number=Sing
слънчевите,слънчев,слънчев,,ите,слънчев ите,слънчев ите,correct,,ADJ,Definite=Def|Degree=Pos|Number=Plur
транспортирането,транспортиране,транспортиране,,то,транспортиране то,транспортиране то,correct,,NOUN,Definite=Def|Gender=Neut|Number=Sing
станцията,станция,станция,,та,станция та,станция та,correct,,NOUN,Definite=Def|Gender=Fem|Number=Sing
комплекта,комплект,комплект,,а,комплект а,комплект а,correct,,NOUN,Definite=Def|Gender=Masc|Number=Sing
ръководителите,ръководител,ръководител,,ите,ръководител ите,ръководител ите,correct,,NOUN,Definite=Def|Gender=Masc|Number=Plur
неканени,неканен,неканен,,и,неканен и,неканен и,correct,,ADJ,Definite=Ind|Degree=Pos|Number=Plur
автори,автор,автор,,и,автор и,автор и,correct,,NOUN,Definite=Ind|Gender=Masc|Number=Plur
телевизията,телевизия,телевизия,,та,телевизия та,телевизия та,correct,,NOUN,Definite=Def|Gender=Fem|Number=Sing
завършат,завърша,завърша,,т,завърша т,завърша т,correct,,VERB,Aspect=Perf|Mood=Ind|Number=Plur|Person=3|Tense=Pres|VerbForm=Fin|Voice=Act
младият,млад,млад,,ият,млад ият,млад ият,correct,,ADJ,Definite=Def|Degree=Pos|Gender=Masc|Number=Sing
размишляваме,размишлявам,размишлявам,,е,размишлявам е,размишлява ме,wrong,plu1person_boundary,VERB,Aspect=Imp|Mood=Ind|Number=Plur|Person=1|Tense=Pres|VerbForm=Fin|Voice=Act
журналистката,журналистка,журналистка,,та,журналистка та,журналистка та,correct,,NOUN,Definite=Def|Gender=Fem|Number=Sing
актьорите,актьор,актьор,,ите,актьор ите,актьор ите,correct,,NOUN,Definite=Def|Gender=Masc|Number=Plur
режисьорът,режисьор,режисьор,,ът,режисьор ът,режисьор ът,correct,,NOUN,Definite=Def|Gender=Masc|Number=Sing
актьори,актьор,актьор,,и,актьор и,актьор и,correct,,NOUN,Definite=Ind|Gender=Masc|Number=Plur
сватбена,сватбен,сватбен,,а,сватбен а,сватбена,correct,adj_gender,ADJ,Definite=Ind|Degree=Pos|Gender=Fem|Number=Sing
луда,луд,луд,,а,луд а,луда,correct,adj_gender,ADJ,Definite=Ind|Degree=Pos|Gender=Fem|Number=Sing
земеделския,земеделски,земеделски,,я,земеделски я,земеделски я,correct,,ADJ,Definite=Def|Degree=Pos|Gender=Masc|Number=Sing
ветеринарите,ветеринар,ветеринар,,ите,ветеринар ите,ветеринар ите,correct,,NOUN,Definite=Def|Gender=Masc|Number=Plur
паркинги,паркинг,паркинг,,и,паркинг и,паркинг и,correct,,NOUN,Definite=Ind|Gender=Masc|Number=Plur
входовете,вход,вход,,овете,вход овете,вход овете,correct,,NOUN,Definite=Def|Gender=Masc|Number=Plur
туристите,турист,турист,,ите,турист ите,турист ите,correct,,NOUN,Definite=Def|Gender=Masc|Number=Plur
автомобилите,автомобил,автомобил,,ите,автомобил ите,автомобил ите,correct,,NOUN,Definite=Def|Gender=Masc|Number=Plur
площи,площ,площ,,и,площ и,площ и,correct,,NOUN,Definite=Ind|Gender=Fem|Number=Plur
таксата,такса,такса,,та,такса та,такса та,correct,,NOUN,Definite=Def|Gender=Fem|Number=Sing
художествена,художествен,художествен,,а,художествен а,художествена,correct,adj_gender,ADJ,Definite=Ind|Degree=Pos|Gender=Fem|Number=Sing
ректора,ректор,ректор,,а,ректор а,ректор а,correct,,NOUN,Definite=Def|Gender=Masc|Number=Sing
фаула,фаул,фаул,,а,фаул а,фаул а,correct,,NOUN,Definite=Def|Gender=Masc|Number=Sing
намалението,намаление,намаление,,то,намаление то,намаление то,correct,,NOUN,Definite=Def|Gender=Neut|Number=Sing
поевтиняването,поевтиняване,поевтиняване,,то,поевтиняване то,поевтиняване то,correct,,NOUN,Definite=Def|Gender=Neut|Number=Sing
пазари,пазар,пазар,,и,пазар и,пазар и,correct,,NOUN,Definite=Ind|Gender=Masc|Number=Plur
бургаския,бургаски,бургаски,,я,бургаски я,бургаски я,correct,,ADJ,Definite=Def|Degree=Pos|Gender=Masc|Number=Sing
плащането,плащане,плащане,,то,плащане то,плащане то,correct,,NOUN,Definite=Def|Gender=Neut|Number=Sing
трезорите,трезор,трезор,,ите,трезор ите,трезор ите,correct,,NOUN,Definite=Def|Gender=Masc|Number=Plur
банкова,банков,банков,,а,банков а,банкова,correct,adj_gender,ADJ,Definite=Ind|Degree=Pos|Gender=Fem|Number=Sing
активите,актив,актив,,ите,актив ите,актив ите,correct,,NOUN,Definite=Def|Gender=Masc|Number=Plur
постигнахме,постигна,постигна,,хме,постигна хме,постигна хме,correct,,VERB,Aspect=Perf|Mood=Ind|Number=Plur|Person=1|Tense=Past|VerbForm=Fin|Voice=Act
кредитирането,кредитиране,кредитиране,,то,кредитиране то,кредитиране то,correct,,NOUN,Definite=Def|Gender=Neut|Number=Sing
ресторанти,ресторант,ресторант,,и,ресторант и,ресторант и,correct,,NOUN,Definite=Ind|Gender=Masc|Number=Plur
масиви,масив,масив,,и,масив и,масив и,correct,,NOUN,Definite=Ind|Gender=Masc|Number=Plur
семената,семе,семе,,ната,семе ната,семена та,wrong,,NOUN,Definite=Def|Gender=Neut|Number=Plur
поникнали,поникна,поникна,,ли,поникна ли,поникна ли,correct,,VERB,Aspect=Perf|Definite=Ind|Number=Plur|Tense=Past|VerbForm=Part|Voice=Act
фермери,фермер,фермер,,и,фермер и,фермер и,correct,,NOUN,Definite=Ind|Gender=Masc|Number=Plur
калпавите,калпав,калпав,,ите,калпав ите,калпав ите,correct,,ADJ,Definite=Def|Degree=Pos|Number=Plur
блоковете,блок,блок,,овете,блок овете,блок овете,correct,,NOUN,Definite=Def|Gender=Masc|Number=Plur
скъпотията,скъпотия,скъпотия,,та,скъпотия та,скъпотия та,correct,,NOUN,Definite=Def|Gender=Fem|Number=Sing
знаменитият,знаменит,знаменит,,ият,знаменит ият,знаменит ият,correct,,ADJ,Definite=Def|Degree=Pos|Gender=Masc|Number=Sing
милиарда,милиард,милиард,,а,милиард а,милиард а,correct,,NOUN,Definite=Def|Gender=Masc|Number=Sing
икономисти,икономист,икономист,,и,икономист и,икономист и,correct,,NOUN,Definite=Ind|Gender=Masc|Number=Plur
нездравата,нездрав,нездрав,,ата,нездрав ата,нездрава та,wrong,adj_def_boundary,ADJ,Definite=Def|Degree=Pos|Gender=Fem|Number=Sing
американския,американски,американски,,я,американски я,американски я,correct,,ADJ,Definite=Def|Degree=Pos|Gender=Masc|Number=Sing
адвокатите,адвокат,адвокат,,ите,адвокат ите,адвокат ите,correct,,NOUN,Definite=Def|Gender=Masc|Number=Plur
руският,руски,руски,,ят,руски ят,руски ят,correct,,ADJ,Definite=Def|Degree=Pos|Gender=Masc|Number=Sing
мелодията,мелодия,мелодия,,та,мелодия та,мелодия та,correct,,NOUN,Definite=Def|Gender=Fem|Number=Sing
спектакъла,спектакъл,спектакъл,,а,спектакъл а,спектакъл а,correct,,NOUN,Definite=Def|Gender=Masc|Number=Sing
македонският,македонски,македонски,,ят,македонски ят,македонски ят,correct,,ADJ,Definite=Def|Degree=Pos|Gender=Masc|Number=Sing
текста,текст,текст,,а,текст а,текст а,correct,,NOUN,Definite=Def|Gender=Masc|Number=Sing
таланти,талант,талант,,и,талант и,талант и,correct,,NOUN,Definite=Ind|Gender=Masc|Number=Plur
опелото,опело,опело,,то,опело то,опело то,correct,,NOUN,Definite=Def|Gender=Neut|Number=Sing
тока,ток,ток,,а,ток а,ток а,correct,,NOUN,Definite=Def|Gender=Masc|Number=Sing
нулата,нула,нула,,та,нула та,нула та,correct,,NOUN,Definite=Def|Gender=Fem|Number=Sing
потърпевшите,потърпевш,потърпевш,,ите,потърпевш ите,потърпевш ите,correct,,ADJ,Definite=Def|Degree=Pos|Number=Plur
участъка,участък,участък,,а,участък а,участък а,correct,,NOUN,Definite=Def|Gender=Masc|Number=Sing
булевардите,булевард,булевард,,ите,булевард ите,булевард ите,correct,,NOUN,Definite=Def|Gender=Masc|Number=Plur
досиета,досие,досие,,та,досие та,досие та,correct,,NOUN,Definite=Ind|Gender=Neut|Number=Plur
синдиката,синдикат,синдикат,,а,синдикат а,синдикат а,correct,,NOUN,Definite=Def|Gender=Masc|Number=Sing
железничарите,железничар,железничар,,ите,железничар ите,железничар ите,correct,,NOUN,Definite=Def|Gender=Masc|Number=Plur
синдикатът,синдикат,синдикат,,ът,синдикат ът,синдикат ът,correct,,NOUN,Definite=Def|Gender=Masc|Number=Sing
железничари,железничар,железничар,,и,железничар и,железничар и,correct,,NOUN,Definite=Ind|Gender=Masc|Number=Plur
служителите,служител,служител,,ите,служител ите,служител ите,correct,,NOUN,Definite=Def|Gender=Masc|Number=Plur
инструкторите,инструктор,инструктор,,ите,инструктор ите,инструктор ите,correct,,NOUN,Definite=Def|Gender=Masc|Number=Plur
шофьорските,шофьорски,шофьорски,,те,шофьорски те,шофьорск ите,wrong,adj_def_boundary,ADJ,Definite=Def|Degree=Pos|Number=Plur
курсове,курс,курс,,ове,курс ове,курс ове,correct,,NOUN,Definite=Ind|Gender=Masc|Number=Plur
сурово,суров,суров,,о,суров о,сурово,correct,adj_gender,ADV,Degree=Pos
пекат,пека,пека,,т,пека т,пека т,correct,,VERB,Aspect=Imp|Mood=Ind|Number=Plur|Person=3|Tense=Pres|VerbForm=Fin|Voice=Act
вносът,внос,внос,,ът,внос ът,внос ът,correct,,NOUN,Definite=Def|Gender=Masc|Number=Sing
ангажиментите,ангажимент,ангажимент,,ите,ангажимент ите,ангажимент ите,correct,,NOUN,Definite=Def|Gender=Masc|Number=Plur
по-важен,важен,важен,по-,,по- важен,по- важен,correct,,ADJ,Definite=Ind|Degree=Pos|Gender=Masc|Number=Sing
барчето,барче,барче,,то,барче то,барче то,correct,,NOUN,Definite=Def|Gender=Neut|Number=Sing
надзора,надзор,надзор,,а,надзор а,надзор а,correct,,NOUN,Definite=Def|Gender=Masc|Number=Sing
домакина,домакин,домакин,,а,домакин а,домакин а,correct,,NOUN,Definite=Def|Gender=Masc|Number=Sing
инвентара,инвентар,инвентар,,а,инвентар а,инвентар а,correct,,NOUN,Definite=Def|Gender=Masc|Number=Sing
пакета,пакет,пакет,,а,пакет а,пакет а,correct,,NOUN,Definite=Def|Gender=Masc|Number=Sing
имунитета,имунитет,имунитет,,а,имунитет а,имунитет а,correct,,NOUN,Definite=Def|Gender=Masc|Number=Sing
клиентката,клиентка,клиентка,,та,клиентка та,клиентка та,correct,,NOUN,Definite=Def|Gender=Fem|Number=Sing
съществуването,съществуване,съществуване,,то,съществуване то,съществуване то,correct,,NOUN,Definite=Def|Gender=Neut|Number=Sing
отстраняването,отстраняване,отстраняване,,то,отстраняване то,отстраняване то,correct,,NOUN,Definite=Def|Gender=Neut|Number=Sing
форума,форум,форум,,а,форум а,форум а,correct,,NOUN,Definite=Def|Gender=Masc|Number=Sing
болницата,болница,болница,,та,болница та,болница та,correct,,NOUN,Definite=Def|Gender=Fem|Number=Sing
покушението,покушение,покушение,,то,покушение то,покушение то,correct,,NOUN,Definite=Def|Gender=Neut|Number=Sing
групировката,групировка,групировка,,та,групировка та,групировка та,correct,,NOUN,Definite=Def|Gender=Fem|Number=Sing
нападението,нападение,нападение,,то,нападение то,нападение то,correct,,NOUN,Definite=Def|Gender=Neut|Number=Sing
ционисткия,ционистки,ционистки,,я,ционистки я,ционистки я,correct,,ADJ,Definite=Def|Degree=Pos|Gender=Masc|Number=Sing
израелският,израелски,израелски,,ят,израелски ят,израелски ят,correct,,ADJ,Definite=Def|Degree=Pos|Gender=Masc|Number=Sing
летуването,летуване,летуване,,то,летуване то,летуване то,correct,,NOUN,Definite=Def|Gender=Neut|Number=Sing
по-изостанала,изостана,изостана,по-,ла,по- изостана ла,по- изостана ла,correct,,VERB,Aspect=Perf|Definite=Ind|Gender=Fem|Number=Sing|Tense=Past|VerbForm=Part|Voice=Act
по-скоро,скоро,скоро,по-,,по- скоро,по- скоро,correct,,ADV,Degree=Cmp
показатели,показател,показател,,и,показател и,показател и,correct,,NOUN,Definite=Ind|Gender=Masc|Number=Plur
същият,същ,същ,,ият,същ ият,същ ият,correct,,ADJ,Definite=Def|Degree=Pos|Gender=Masc|Number=Sing
загатнаха,загатна,загатна,,ха,загатна ха,загатна ха,correct,,VERB,Aspect=Perf|Mood=Ind|Number=Plur|Person=3|Tense=Past|VerbForm=Fin|Voice=Act
по-различен,различен,различен,по-,,по- различен,по- различен,correct,,ADJ,Definite=Ind|Degree=Pos|Gender=Masc|Number=Sing
купят,купя,купя,,т,купя т,купя т,correct,,VERB,Aspect=Perf|Mood=Ind|Number=Plur|Person=3|Tense=Pres|VerbForm=Fin|Voice=Act
двореца,дворец,дворец,,а,дворец а,дворец а,correct,,NOUN,Definite=Def|Gender=Masc|Number=Sing
панаира,панаир,панаир,,а,панаир а,панаир а,correct,,NOUN,Definite=Def|Gender=Masc|Number=Sing
изложението,изложение,изложение,,то,изложение то,изложение то,correct,,NOUN,Definite=Def|Gender=Neut|Number=Sing
преводачи,преводач,преводач,,и,преводач и,преводач и,correct,,NOUN,Definite=Ind|Gender=Masc|Number=Plur
съюзи,съюз,съюз,,и,съюз и,съюз и,correct,,NOUN,Definite=Ind|Gender=Masc|Number=Plur
допитването,допитване,допитване,,то,допитване то,допитване то,correct,,NOUN,Definite=Def|Gender=Neut|Number=Sing
връчването,връчване,връчване,,то,връчване то,връчване то,correct,,NOUN,Definite=Def|Gender=Neut|Number=Sing
футбола,футбол,футбол,,а,футбол а,футбол а,correct,,NOUN,Definite=Def|Gender=Masc|Number=Sing
века,век,век,,а,век а,век а,correct,,NOUN,Definite=Def|Gender=Masc|Number=Sing
зачестят,зачестя,зачестя,,т,зачестя т,зачестя т,correct,,VERB,Aspect=Perf|Mood=Ind|Number=Plur|Person=3|Tense=Pres|VerbForm=Fin|Voice=Act
най-късно,късно,късно,най-,,най- късно,най- късно,correct,,ADV,Degree=Pos
миньорският,миньорски,миньорски,,ят,миньорски ят,миньорски ят,correct,,ADJ,Definite=Def|Degree=Pos|Gender=Masc|Number=Sing
вадят,вадя,вадя,,т,вадя т,вадя т,correct,,VERB,Aspect=Imp|Mood=Ind|Number=Plur|Person=3|Tense=Pres|VerbForm=Fin|Voice=Act
паспортите,паспорт,паспорт,,ите,паспорт ите,паспорт ите,correct,,NOUN,Definite=Def|Gender=Masc|Number=Plur
формацията,формация,формация,,та,формация та,формация та,correct,,NOUN,Definite=Def|Gender=Fem|Number=Sing
активи,актив,актив,,и,актив и,актив и,correct,,NOUN,Definite=Ind|Gender=Masc|Number=Plur
смесеното,смесен,смесен,,ото,смесен ото,смесено то,wrong,adj_def_boundary,ADJ,Definite=Def|Degree=Pos|Gender=Neut|Number=Sing
холдинга,холдинг,холдинг,,а,холдинг а,холдинг а,correct,,NOUN,Definite=Def|Gender=Masc|Number=Sing
дяловете,дял,дял,,овете,дял овете,дял овете,correct,,NOUN,Definite=Def|Gender=Masc|Number=Plur
врачанския,врачански,врачански,,я,врачански я,врачански я,correct,,ADJ,Definite=Def|Degree=Pos|Gender=Masc|Number=Sing
квотата,квота,квота,,та,квота та,квота та,correct,,NOUN,Definite=Def|Gender=Fem|Number=Sing
тона,тон,тон,,а,тон а,тон а,correct,,NOUN,Definite=Def|Gender=Masc|Number=Sing
промишлени,промишлен,промишлен,,и,промишлен и,промишлен и,correct,,ADJ,Definite=Ind|Degree=Pos|Number=Plur
лидера,лидер,лидер,,а,лидер а,лидер а,correct,,NOUN,Definite=Def|Gender=Masc|Number=Sing
конспирацията,конспирация,конспирация,,та,конспирация та,конспирация та,correct,,NOUN,Definite=Def|Gender=Fem|Number=Sing
арести,арест,арест,,и,арест и,арест и,correct,,NOUN,Definite=Ind|Gender=Masc|Number=Plur
изземването,изземване,изземване,,то,изземване то,изземване то,correct,,NOUN,Definite=Def|Gender=Neut|Number=Sing
яхтата,яхта,яхта,,та,яхта та,яхта та,correct,,NOUN,Definite=Def|Gender=Fem|Number=Sing
младежите,младеж,младеж,,ите,младеж ите,младеж ите,correct,,NOUN,Definite=Def|Gender=Masc|Number=Plur
младежкия,младежки,младежки,,я,младежки я,младежки я,correct,,ADJ,Definite=Def|Degree=Pos|Gender=Masc|Number=Sing
преподавателят,преподавател,преподавател,,ят,преподавател ят,преподавател ят,correct,,NOUN,Definite=Def|Gender=Masc|Number=Sing
помагалото,помагало,помагало,,то,помагало то,помагало то,correct,,NOUN,Definite=Def|Gender=Neut|Number=Sing
най-лошата,лош,лош,най-,ата,най- лош ата,най- лоша та,partial,adj_def_boundary,ADJ,Definite=Def|Degree=Pos|Gender=Fem|Number=Sing
работодателите,работодател,работодател,,ите,работодател ите,работодател ите,correct,,NOUN,Definite=Def|Gender=Masc|Number=Plur
бармани,барман,барман,,и,барман и,барман и,correct,,NOUN,Definite=Ind|Gender=Masc|Number=Plur
сервитьори,сервитьор,сервитьор,,и,сервитьор и,сервитьор и,correct,,NOUN,Definite=Ind|Gender=Masc|Number=Plur
консултанти,консултант,консултант,,и,консултант и,консултант и,correct,,NOUN,Definite=Ind|Gender=Masc|Number=Plur
продавачи,продавач,продавач,,и,продавач и,продавач и,correct,,NOUN,Definite=Ind|Gender=Masc|Number=Plur
наема,наем,наем,,а,наем а,наема,correct,,VERB,Aspect=Imp|Mood=Ind|Number=Sing|Person=3|Tense=Pres|VerbForm=Fin|Voice=Act
куфарите,куфар,куфар,,ите,куфар ите,куфар ите,correct,,NOUN,Definite=Def|Gender=Masc|Number=Plur
манталитетът,манталитет,манталитет,,ът,манталитет ът,манталитет ът,correct,,NOUN,Definite=Def|Gender=Masc|Number=Sing
избягаме,избягам,избягам,,е,избягам е,избяга ме,wrong,plu1person_boundary,VERB,Aspect=Perf|Mood=Ind|Number=Plur|Person=1|Tense=Pres|VerbForm=Fin|Voice=Act
празника,празник,празник,,а,празник а,празник а,correct,,NOUN,Definite=Def|Gender=Masc|Number=Sing
буркани,буркан,буркан,,и,буркан и,буркан и,correct,,NOUN,Definite=Ind|Gender=Masc|Number=Plur
кафенетата,кафене,кафене,,тата,кафене тата,кафене тата,correct,,NOUN,Definite=Def|Gender=Neut|Number=Plur
градчето,градче,градче,,то,градче то,градче то,correct,,NOUN,Definite=Def|Gender=Neut|Number=Sing
пенсионери,пенсионер,пенсионер,,и,пенсионер и,пенсионер и,correct,,NOUN,Definite=Ind|Gender=Masc|Number=Plur
сумата,сума,сума,,та,сума та,сума та,correct,,NOUN,Definite=Def|Gender=Fem|Number=Sing
украинските,украински,украински,,те,украински те,украинск ите,wrong,adj_def_boundary,ADJ,Definite=Def|Degree=Pos|Number=Plur
затвора,затвор,затвор,,а,затвор а,затвор а,correct,,NOUN,Definite=Def|Gender=Masc|Number=Sing
полицейските,полицейски,полицейски,,те,полицейски те,полицейск ите,wrong,adj_def_boundary,ADJ,Definite=Def|Degree=Pos|Number=Plur
заглавието,заглавие,заглавие,,то,заглавие то,заглавие то,correct,,NOUN,Definite=Def|Gender=Neut|Number=Sing
белгийския,белгийски,белгийски,,я,белгийски я,белгийски я,correct,,ADJ,Definite=Def|Degree=Pos|Gender=Masc|Number=Sing
физическият,физически,физически,,ят,физически ят,физически ят,correct,,ADJ,Definite=Def|Degree=Pos|Gender=Masc|Number=Sing
мотивът,мотив,мотив,,ът,мотив ът,мотив ът,correct,,NOUN,Definite=Def|Gender=Masc|Number=Sing
претенденти,претендент,претендент,,и,претендент и,претендент и,correct,,NOUN,Definite=Ind|Gender=Masc|Number=Plur
оттеглянето,оттегляне,оттегляне,,то,оттегляне то,оттегляне то,correct,,NOUN,Definite=Def|Gender=Neut|Number=Sing
загубата,загуба,загуба,,та,загуба та,загуба та,correct,,NOUN,Definite=Def|Gender=Fem|Number=Sing
жизнено,жизнен,жизнен,,о,жизнен о,жизнено,correct,adj_gender,ADV,Degree=Pos
по-неможещите,неможещ,неможещ,по-,ите,по- неможещ ите,по- неможещ ите,correct,,ADJ,Definite=Def|Degree=Pos|Number=Plur
само,сам,сам,,о,сам о,само,correct,adj_gender,ADV,Degree=Pos
строгостта,строгост,строгост,,та,строгост та,строгост та,correct,,NOUN,Definite=Def|Gender=Fem|Number=Sing
детството,детство,детство,,то,детство то,детство то,correct,,NOUN,Definite=Def|Gender=Neut|Number=Sing
люлката,люлка,люлка,,та,люлка та,люлка та,correct,,NOUN,Definite=Def|Gender=Fem|Number=Sing
несигурността,несигурност,несигурност,,та,несигурност та,несигурност та,correct,,NOUN,Definite=Def|Gender=Fem|Number=Sing
завладеят,завладея,завладея,,т,завладея т,завладея т,correct,,VERB,Aspect=Perf|Mood=Ind|Number=Plur|Person=3|Tense=Pres|VerbForm=Fin|Voice=Act
напуснал,напусна,напусна,,л,напусна л,напусна л,correct,,VERB,Aspect=Perf|Definite=Ind|Gender=Masc|Number=Sing|Tense=Past|VerbForm=Part|Voice=Act
светския,светски,светски,,я,светски я,светски я,correct,,ADJ,Definite=Def|Degree=Pos|Gender=Masc|Number=Sing
пустинята,пустиня,пустиня,,та,пустиня та,пустиня та,correct,,NOUN,Definite=Def|Gender=Fem|Number=Sing
внесат,внеса,внеса,,т,внеса т,внеса т,correct,,VERB,Aspect=Perf|Mood=Ind|Number=Plur|Person=3|Tense=Past|VerbForm=Fin|Voice=Act
архивите,архив,архив,,ите,архив ите,архив ите,correct,,NOUN,Definite=Def|Gender=Masc|Number=Plur
подслаждането,подслаждане,подслаждане,,то,подслаждане то,подслаждане то,correct,,NOUN,Definite=Def|Gender=Neut|Number=Sing
варианта,вариант,вариант,,а,вариант а,вариант а,correct,,NOUN,Definite=Def|Gender=Masc|Number=Sing
лекарката,лекарка,лекарка,,та,лекарка та,лекарка та,correct,,NOUN,Definite=Def|Gender=Fem|Number=Sing
синода,синод,синод,,а,синод а,синод а,correct,,NOUN,Definite=Def|Gender=Masc|Number=Sing
проведат,проведа,проведа,,т,проведа т,проведа т,correct,,VERB,Aspect=Perf|Mood=Ind|Number=Plur|Person=3|Tense=Pres|VerbForm=Fin|Voice=Act
признаването,признаване,признаване,,то,признаване то,признаване то,correct,,NOUN,Definite=Def|Gender=Neut|Number=Sing
построяването,построяване,построяване,,то,построяване то,построяване то,correct,,NOUN,Definite=Def|Gender=Neut|Number=Sing
независими,независим,независим,,и,независим и,независим и,correct,,ADJ,Definite=Ind|Degree=Pos|Number=Plur
прякото,пряк,пряк,,ото,пряк ото,пряко то,wrong,adj_def_boundary,ADJ,Definite=Def|Degree=Pos|Gender=Neut|Number=Sing
приятелят,приятел,приятел,,ят,приятел ят,приятел ят,correct,,NOUN,Definite=Def|Gender=Masc|Number=Sing
горивото,гориво,гориво,,то,гориво то,гориво то,correct,,NOUN,Definite=Def|Gender=Neut|Number=Sing
приятеля,приятел,приятел,,я,приятел я,приятел я,correct,,NOUN,Definite=Def|Gender=Masc|Number=Sing
нападнат,нападна,нападна,,т,нападна т,нападнат,correct,,VERB,Aspect=Perf|Mood=Ind|Number=Sing|Person=3|VerbForm=Fin|Voice=Pass
оберат,обера,обера,,т,обера т,обера т,correct,,VERB,Aspect=Perf|Mood=Ind|Number=Plur|Person=3|Tense=Pres|VerbForm=Fin|Voice=Act
размери,размер,размер,,и,размер и,размер и,correct,,NOUN,Definite=Ind|Gender=Masc|Number=Plur
следствени,следствен,следствен,,и,следствен и,следствен и,correct,,ADJ,Definite=Ind|Degree=Pos|Number=Plur
дилърът,дилър,дилър,,ът,дилър ът,дилър ът,correct,,NOUN,Definite=Def|Gender=Masc|Number=Sing
банкови,банков,банков,,и,банков и,банков и,correct,,ADJ,Definite=Ind|Degree=Pos|Number=Plur
по-обективен,обективен,обективен,по-,,по- обективен,по- обективен,correct,,ADJ,Definite=Ind|Degree=Pos|Gender=Masc|Number=Sing
по-демократичен,демократичен,демократичен,по-,,по- демократичен,по- демократичен,correct,,ADJ,Definite=Ind|Degree=Pos|Gender=Masc|Number=Sing
най-подходящите,подходящ,подходящ,най-,ите,най- подходящ ите,най- подходящ ите,correct,,ADJ,Definite=Def|Degree=Pos|Number=Plur
румънският,румънски,румънски,,ят,румънски ят,румънски ят,correct,,ADJ,Definite=Def|Degree=Pos|Gender=Masc|Number=Sing
изхода,изход,изход,,а,изход а,изход а,correct,,NOUN,Definite=Def|Gender=Masc|Number=Sing
скамейката,скамейка,скамейка,,та,скамейка та,скамейка та,correct,,NOUN,Definite=Def|Gender=Fem|Number=Sing
ултранационалистът,ултранационалист,ултранационалист,,ът,ултранационалист ът,ултранационалист ът,correct,,NOUN,Definite=Def|Gender=Masc|Number=Sing
влака,влак,влак,,а,влак а,влак а,correct,,NOUN,Definite=Def|Gender=Masc|Number=Sing
инцидентът,инцидент,инцидент,,ът,инцидент ът,инцидент ът,correct,,NOUN,Definite=Def|Gender=Masc|Number=Sing
откраднаха,открадна,открадна,,ха,открадна ха,открадна ха,correct,,VERB,Aspect=Perf|Mood=Ind|Number=Plur|Person=3|Tense=Past|VerbForm=Fin|Voice=Act
лаптопа,лаптоп,лаптоп,,а,лаптоп а,лаптоп а,correct,,NOUN,Definite=Def|Gender=Masc|Number=Sing
пуда,пуд,пуд,,а,пуд а,пуда,correct,,NOUN,Definite=Ind|Gender=Masc|Number=Sing
снопове,сноп,сноп,,ове,сноп ове,сноп ове,correct,,NOUN,Definite=Ind|Gender=Masc|Number=Plur
докъде,къде,къде,до,,до къде,докъде,correct,,ADV,PronType=Int
комедията,комедия,комедия,,та,комедия та,комедия та,correct,,NOUN,Definite=Def|Gender=Fem|Number=Sing
самият,сам,сам,,ият,сам ият,сам ият,correct,,ADJ,Definite=Def|Degree=Pos|Gender=Masc|Number=Sing
скулптора,скулптор,скулптор,,а,скулптор а,скулптор а,correct,,NOUN,Definite=Def|Gender=Masc|Number=Sing
живописеца,живописец,живописец,,а,живописец а,живописец а,correct,,NOUN,Definite=Def|Gender=Masc|Number=Sing
ваятели,ваятел,ваятел,,и,ваятел и,ваятел и,correct,,NOUN,Definite=Ind|Gender=Masc|Number=Plur
приятелството,приятелство,приятелство,,то,приятелство то,приятелство то,correct,,NOUN,Definite=Def|Gender=Neut|Number=Sing
общите,общ,общ,,ите,общ ите,общ ите,correct,,ADJ,Definite=Def|Degree=Pos|Number=Plur
талантливи,талантлив,талантлив,,и,талантлив и,талантлив и,correct,,ADJ,Definite=Ind|Degree=Pos|Number=Plur
несполучливият,несполучлив,несполучлив,,ият,несполучлив ият,несполучлив ият,correct,,ADJ,Definite=Def|Degree=Pos|Gender=Masc|Number=Sing
интереса,интерес,интерес,,а,интерес а,интерес а,correct,,NOUN,Definite=Def|Gender=Masc|Number=Sing
публиката,публика,публика,,та,публика та,публика та,correct,,NOUN,Definite=Def|Gender=Fem|Number=Sing
нападателя,нападател,нападател,,я,нападател я,нападател я,correct,,NOUN,Definite=Def|Gender=Masc|Number=Sing
треньора,треньор,треньор,,а,треньор а,треньор а,correct,,NOUN,Definite=Def|Gender=Masc|Number=Sing
волейболисти,волейболист,волейболист,,и,волейболист и,волейболист и,correct,,NOUN,Definite=Ind|Gender=Masc|Number=Plur
засмяно,засмян,засмян,,о,засмян о,засмяно,correct,adj_gender,ADV,Degree=Pos
талантливо,талантлив,талантлив,,о,талантлив о,талантливо,correct,adj_gender,ADV,Degree=Pos
интелигентността,интелигентност,интелигентност,,та,интелигентност та,интелигентност та,correct,,NOUN,Definite=Def|Gender=Fem|Number=Sing
богатото,богат,богат,,ото,богат ото,богато то,wrong,adj_def_boundary,ADJ,Definite=Def|Degree=Pos|Gender=Neut|Number=Sing
идоли,идол,идол,,и,идол и,идол и,correct,,NOUN,Definite=Ind|Gender=Masc|Number=Plur
юношеството,юношество,юношество,,то,юношество то,юношество то,correct,,NOUN,Definite=Def|Gender=Neut|Number=Sing
младежът,младеж,младеж,,ът,младеж ът,младеж ът,correct,,NOUN,Definite=Def|Gender=Masc|Number=Sing
вдъхновители,вдъхновител,вдъхновител,,и,вдъхновител и,вдъхновител и,correct,,NOUN,Definite=Ind|Gender=Masc|Number=Plur
поговорят,поговоря,поговоря,,т,поговоря т,поговоря т,correct,,VERB,Aspect=Perf|Mood=Ind|Number=Plur|Person=3|Tense=Pres|VerbForm=Fin|Voice=Act
годишнината,годишнина,годишнина,,та,годишнина та,годишнина та,correct,,NOUN,Definite=Def|Gender=Fem|Number=Sing
желаят,желая,желая,,т,желая т,желая т,correct,,VERB,Aspect=Imp|Mood=Ind|Number=Plur|Person=3|Tense=Pres|VerbForm=Fin|Voice=Act
категорията,категория,категория,,та,категория та,категория та,correct,,NOUN,Definite=Def|Gender=Fem|Number=Sing
врага,враг,враг,,а,враг а,враг а,correct,,NOUN,Definite=Def|Gender=Masc|Number=Sing
интервюто,интервю,интервю,,то,интервю то,интервю то,correct,,NOUN,Definite=Def|Gender=Neut|Number=Sing
отварянето,отваряне,отваряне,,то,отваряне то,отваряне то,correct,,NOUN,Definite=Def|Gender=Neut|Number=Sing
електрическите,електрически,електрически,,те,електрически те,електрическ ите,wrong,adj_def_boundary,ADJ,Definite=Def|Degree=Pos|Number=Plur
техническите,технически,технически,,те,технически те,техническ ите,wrong,adj_def_boundary,ADJ,Definite=Def|Degree=Pos|Number=Plur
абонатът,абонат,абонат,,ът,абонат ът,абонат ът,correct,,NOUN,Definite=Def|Gender=Masc|Number=Sing
квартали,квартал,квартал,,и,квартал и,квартал и,correct,,NOUN,Definite=Ind|Gender=Masc|Number=Plur
твърдението,твърдение,твърдение,,то,твърдение то,твърдение то,correct,,NOUN,Definite=Def|Gender=Neut|Number=Sing
по-честото,чест,чест,по-,ото,по- чест ото,по- често то,partial,adj_def_boundary,ADJ,Definite=Def|Degree=Sup|Gender=Neut|Number=Sing
гърменето,гърмене,гърмене,,то,гърмене то,гърмене то,correct,,NOUN,Definite=Def|Gender=Neut|Number=Sing
бушони,бушон,бушон,,и,бушон и,бушон и,correct,,NOUN,Definite=Ind|Gender=Masc|Number=Plur
радиокасетофони,радиокасетофон,радиокасетофон,,и,радиокасетофон и,радиокасетофон и,correct,,NOUN,Definite=Ind|Gender=Masc|Number=Plur
микровълнови,микровълнов,микровълнов,,и,микровълнов и,микровълнов и,correct,,ADJ,Definite=Ind|Degree=Pos|Number=Plur
цехове,цех,цех,,ове,цех ове,цех ове,correct,,NOUN,Definite=Ind|Gender=Masc|Number=Plur
нарушението,нарушение,нарушение,,то,нарушение то,нарушение то,correct,,NOUN,Definite=Def|Gender=Neut|Number=Sing
инфлацията,инфлация,инфлация,,та,инфлация та,инфлация та,correct,,NOUN,Definite=Def|Gender=Fem|Number=Sing
брокери,брокер,брокер,,и,брокер и,брокер и,correct,,NOUN,Definite=Ind|Gender=Masc|Number=Plur
поскъпнаха,поскъпна,поскъпна,,ха,поскъпна ха,поскъпна ха,correct,,VERB,Aspect=Perf|Mood=Ind|Number=Plur|Person=3|Tense=Past|VerbForm=Fin|Voice=Act
брокерите,брокер,брокер,,ите,брокер ите,брокер ите,correct,,NOUN,Definite=Def|Gender=Masc|Number=Plur
спаднали,спадна,спадна,,ли,спадна ли,спадна ли,correct,,VERB,Aspect=Perf|Definite=Ind|Number=Plur|Tense=Past|VerbForm=Part|Voice=Act
леки,лек,лек,,и,лек и,лек и,correct,,ADJ,Definite=Ind|Degree=Pos|Number=Plur
отдела,отдел,отдел,,а,отдел а,отдел а,correct,,NOUN,Definite=Def|Gender=Masc|Number=Sing
корпорацията,корпорация,корпорация,,та,корпорация та,корпорация та,correct,,NOUN,Definite=Def|Gender=Fem|Number=Sing
вицепремиера,вицепремиер,вицепремиер,,а,вицепремиер а,вицепремиер а,correct,,NOUN,Definite=Def|Gender=Masc|Number=Sing
институцията,институция,институция,,та,институция та,институция та,correct,,NOUN,Definite=Def|Gender=Fem|Number=Sing
застраховането,застраховане,застраховане,,то,застраховане то,застраховане то,correct,,NOUN,Definite=Def|Gender=Neut|Number=Sing
високите,висок,висок,,ите,висок ите,висок ите,correct,,ADJ,Definite=Def|Degree=Pos|Number=Plur
пеят,пея,пея,,т,пея т,пея т,correct,,VERB,Aspect=Imp|Mood=Ind|Number=Plur|Person=3|Tense=Pres|VerbForm=Fin|Voice=Act
пристигнали,пристигна,пристигна,,ли,пристигна ли,пристигна ли,correct,,VERB,Aspect=Perf|Definite=Ind|Number=Plur|Tense=Past|VerbForm=Part|Voice=Act
докторите,доктор,доктор,,ите,доктор ите,доктор ите,correct,,NOUN,Definite=Def|Gender=Masc|Number=Plur
репортерите,репортер,репортер,,ите,репортер ите,репортер ите,correct,,NOUN,Definite=Def|Gender=Masc|Number=Plur
експертизата,експертиза,експертиза,,та,експертиза та,експертиза та,correct,,NOUN,Definite=Def|Gender=Fem|Number=Sing
пожарът,пожар,пожар,,ът,пожар ът,пожар ът,correct,,NOUN,Definite=Def|Gender=Masc|Number=Sing
апартамента,апартамент,апартамент,,а,апартамент а,апартамент а,correct,,NOUN,Definite=Def|Gender=Masc|Number=Sing
късо,къс,къс,,о,къс о,късо,correct,adj_gender,ADV,Degree=Pos
рибари,рибар,рибар,,и,рибар и,рибар и,correct,,NOUN,Definite=Ind|Gender=Masc|Number=Plur
ловят,ловя,ловя,,т,ловя т,ловя т,correct,,VERB,Aspect=Imp|Mood=Ind|Number=Plur|Person=3|Tense=Pres|VerbForm=Fin|Voice=Act
алуминиева,алуминиев,алуминиев,,а,алуминиев а,алуминиева,correct,adj_gender,ADJ,Definite=Ind|Degree=Pos|Gender=Fem|Number=Sing
лодката,лодка,лодка,,та,лодка та,лодка та,correct,,NOUN,Definite=Def|Gender=Fem|Number=Sing
реанимацията,реанимация,реанимация,,та,реанимация та,реанимация та,correct,,NOUN,Definite=Def|Gender=Fem|Number=Sing
шофьорът,шофьор,шофьор,,ът,шофьор ът,шофьор ът,correct,,NOUN,Definite=Def|Gender=Masc|Number=Sing
катастрофата,катастрофа,катастрофа,,та,катастрофа та,катастрофа та,correct,,NOUN,Definite=Def|Gender=Fem|Number=Sing
по-мили,мил,мил,по-,и,по- мил и,по- мили,partial,,ADJ,Definite=Ind|Degree=Pos|Number=Plur
обучаваме,обучавам,обучавам,,е,обучавам е,обучава ме,wrong,plu1person_boundary,VERB,Aspect=Imp|Mood=Ind|Number=Plur|Person=1|Tense=Pres|VerbForm=Fin|Voice=Act
университети,университет,университет,,и,университет и,университет и,correct,,NOUN,Definite=Ind|Gender=Masc|Number=Plur
университетите,университет,университет,,ите,университет ите,университет ите,correct,,NOUN,Definite=Def|Gender=Masc|Number=Plur
предложат,предложа,предложа,,т,предложа т,предложа т,correct,,VERB,Aspect=Perf|Mood=Ind|Number=Plur|Person=3|Tense=Pres|VerbForm=Fin|Voice=Act
качественото,качествен,качествен,,ото,качествен ото,качествено то,wrong,adj_def_boundary,ADJ,Definite=Def|Degree=Pos|Gender=Neut|Number=Sing
премахването,премахване,премахване,,то,премахване то,премахване то,correct,,NOUN,Definite=Def|Gender=Neut|Number=Sing
автономията,автономия,автономия,,та,автономия та,автономия та,correct,,NOUN,Definite=Def|Gender=Fem|Number=Sing
учителите,учител,учител,,ите,учител ите,учител ите,correct,,NOUN,Definite=Def|Gender=Masc|Number=Plur
тотото,тото,тото,,то,тото то,тото то,correct,,NOUN,Definite=Def|Gender=Neut|Number=Sing
късмета,късмет,късмет,,а,късмет а,късмет а,correct,,NOUN,Definite=Def|Gender=Masc|Number=Sing
изтичането,изтичане,изтичане,,то,изтичане то,изтичане то,correct,,NOUN,Definite=Def|Gender=Neut|Number=Sing
президентския,президентски,президентски,,я,президентски я,президентски я,correct,,ADJ,Definite=Def|Degree=Pos|Gender=Masc|Number=Sing
расовата,расов,расов,,ата,расов ата,расова та,wrong,adj_def_boundary,ADJ,Definite=Def|Degree=Pos|Gender=Fem|Number=Sing
достижима,достижим,достижим,,а,достижим а,достижима,correct,adj_gender,ADJ,Definite=Ind|Degree=Pos|Gender=Fem|Number=Sing
възгледът,възглед,възглед,,ът,възглед ът,възглед ът,correct,,NOUN,Definite=Def|Gender=Masc|Number=Sing
театъра,театър,театър,,а,театър а,театър а,correct,,NOUN,Definite=Def|Gender=Masc|Number=Sing
претърпяла,претърпя,претърпя,,ла,претърпя ла,претърпя ла,correct,,VERB,Aspect=Perf|Definite=Ind|Gender=Fem|Number=Sing|Tense=Past|VerbForm=Part|Voice=Act
кастинга,кастинг,кастинг,,а,кастинг а,кастинг а,correct,,NOUN,Definite=Def|Gender=Masc|Number=Sing
индивидуалности,индивидуалност,индивидуалност,,и,индивидуалност и,индивидуалност и,correct,,NOUN,Definite=Ind|Gender=Fem|Number=Plur
моноспектакъла,моноспектакъл,моноспектакъл,,а,моноспектакъл а,моноспектакъл а,correct,,NOUN,Definite=Def|Gender=Masc|Number=Sing
премиерата,премиера,премиера,,та,премиера та,премиера та,correct,,NOUN,Definite=Def|Gender=Fem|Number=Sing
ателиета,ателие,ателие,,та,ателие та,ателие та,correct,,NOUN,Definite=Ind|Gender=Neut|Number=Plur
домът,дом,дом,,ът,дом ът,дом ът,correct,,NOUN,Definite=Def|Gender=Masc|Number=Sing
люти,лют,лют,,и,лют и,лют и,correct,,ADJ,Definite=Ind|Degree=Pos|Number=Plur
имотът,имот,имот,,ът,имот ът,имот ът,correct,,NOUN,Definite=Def|Gender=Masc|Number=Sing
маестрото,маестро,маестро,,то,маестро то,маестро то,correct,,NOUN,Definite=Def|Gender=Masc|Number=Sing
най-нови,нов,нов,най-,и,най- нов и,най- нов и,correct,,ADJ,Definite=Ind|Degree=Pos|Number=Plur
текуща,текущ,текущ,,а,текущ а,текуща,correct,adj_gender,ADJ,Definite=Ind|Degree=Pos|Gender=Fem|Number=Sing
сцената,сцена,сцена,,та,сцена та,сцена та,correct,,NOUN,Definite=Def|Gender=Fem|Number=Sing
анкетата,анкета,анкета,,та,анкета та,анкета та,correct,,NOUN,Definite=Def|Gender=Fem|Number=Sing
селекционери,селекционер,селекционер,,и,селекционер и,селекционер и,correct,,NOUN,Definite=Ind|Gender=Masc|Number=Plur
емигранти,емигрант,емигрант,,и,емигрант и,емигрант и,correct,,NOUN,Definite=Ind|Gender=Masc|Number=Plur
вторият,втори,втори,,ят,втори ят,втори ят,correct,,ADJ,Definite=Def|Degree=Pos|Gender=Masc|Number=Sing|NumType=Ord
настоящия,настоящ,настоящ,,ия,настоящ ия,настоящ ия,correct,,ADJ,Definite=Def|Degree=Pos|Gender=Masc|Number=Sing
колоси,колос,колос,,и,колос и,колос и,correct,,NOUN,Definite=Ind|Gender=Masc|Number=Plur
шампиони,шампион,шампион,,и,шампион и,шампион и,correct,,NOUN,Definite=Ind|Gender=Masc|Number=Plur
гейма,гейм,гейм,,а,гейм а,гейм а,correct,,NOUN,Definite=Def|Gender=Masc|Number=Sing
французина,французин,французин,,а,французин а,французин а,correct,,NOUN,Definite=Def|Gender=Masc|Number=Sing
пръстови,пръстов,пръстов,,и,пръстов и,пръстов и,correct,,ADJ,Definite=Ind|Degree=Pos|Number=Plur
пръстовите,пръстов,пръстов,,ите,пръстов ите,пръстов ите,correct,,ADJ,Definite=Def|Degree=Pos|Number=Plur
елемента,елемент,елемент,,а,елемент а,елемент а,correct,,NOUN,Definite=Def|Gender=Masc|Number=Sing
протеста,протест,протест,,а,протест а,протест а,correct,,NOUN,Definite=Def|Gender=Masc|Number=Sing
намесата,намеса,намеса,,та,намеса та,намеса та,correct,,NOUN,Definite=Def|Gender=Fem|Number=Sing
шофьорите,шофьор,шофьор,,ите,шофьор ите,шофьор ите,correct,,NOUN,Definite=Def|Gender=Masc|Number=Plur
висяха,вися,вися,,ха,вися ха,вися ха,correct,,VERB,Aspect=Imp|Mood=Ind|Number=Plur|Person=3|Tense=Imp|VerbForm=Fin|Voice=Act
рентгена,рентген,рентген,,а,рентген а,рентген а,correct,,NOUN,Definite=Def|Gender=Masc|Number=Sing
привлекат,привлека,привлека,,т,привлека т,привлека т,correct,,VERB,Aspect=Perf|Mood=Ind|Number=Plur|Person=3|Tense=Pres|VerbForm=Fin|Voice=Act
психодиспансера,психодиспансер,психодиспансер,,а,психодиспансер а,психодиспансер а,correct,,NOUN,Definite=Def|Gender=Masc|Number=Sing
медикаменти,медикамент,медикамент,,и,медикамент и,медикамент и,correct,,NOUN,Definite=Ind|Gender=Masc|Number=Plur
започнах,започна,започна,,х,започна х,започна х,correct,,VERB,Aspect=Perf|Mood=Ind|Number=Sing|Person=1|Tense=Past|VerbForm=Fin|Voice=Act
следствените,следствен,следствен,,ите,следствен ите,следствен ите,correct,,ADJ,Definite=Def|Degree=Pos|Number=Plur
хапят,хапя,хапя,,т,хапя т,хапя т,correct,,VERB,Aspect=Imp|Mood=Ind|Number=Plur|Person=3|Tense=Pres|VerbForm=Fin|Voice=Act
беззъбите,беззъб,беззъб,,ите,беззъб ите,беззъб ите,correct,,ADJ,Definite=Def|Degree=Pos|Number=Plur
пациенти,пациент,пациент,,и,пациент и,пациент и,correct,,NOUN,Definite=Ind|Gender=Masc|Number=Plur
зъболекарите,зъболекар,зъболекар,,ите,зъболекар ите,зъболекар ите,correct,,NOUN,Definite=Def|Gender=Masc|Number=Plur
пациента,пациент,пациент,,а,пациент а,пациент а,correct,,NOUN,Definite=Def|Gender=Masc|Number=Sing
най-потърпевши,потърпевш,потърпевш,най-,и,най- потърпевш и,най- потърпевш и,correct,,ADJ,Definite=Ind|Degree=Pos|Number=Plur
инициативата,инициатива,инициатива,,та,инициатива та,инициатива та,correct,,NOUN,Definite=Def|Gender=Fem|Number=Sing
провинцията,провинция,провинция,,та,провинция та,провинция та,correct,,NOUN,Definite=Def|Gender=Fem|Number=Sing
похитителя,похитител,похитител,,я,похитител я,похитител я,correct,,NOUN,Definite=Def|Gender=Masc|Number=Sing
прочитането,прочитане,прочитане,,то,прочитане то,прочитане то,correct,,NOUN,Definite=Def|Gender=Neut|Number=Sing
подсъдимият,подсъдим,подсъдим,,ият,подсъдим ият,подсъдим ият,correct,,NOUN,Definite=Def|Gender=Masc|Number=Sing
отвличането,отвличане,отвличане,,то,отвличане то,отвличане то,correct,,NOUN,Definite=Def|Gender=Neut|Number=Sing
мултимилионера,мултимилионер,мултимилионер,,а,мултимилионер а,мултимилионер а,correct,,NOUN,Definite=Def|Gender=Masc|Number=Sing
откупа,откуп,откуп,,а,откуп а,откуп а,correct,,NOUN,Definite=Def|Gender=Masc|Number=Sing
версията,версия,версия,,та,версия та,версия та,correct,,NOUN,Definite=Def|Gender=Fem|Number=Sing
паспорта,паспорт,паспорт,,а,паспорт а,паспорт а,correct,,NOUN,Definite=Def|Gender=Masc|Number=Sing
разминаването,разминаване,разминаване,,то,разминаване то,разминаване то,correct,,NOUN,Definite=Def|Gender=Neut|Number=Sing
бодигардове,бодигард,бодигард,,ове,бодигард ове,бодигард ове,correct,,NOUN,Definite=Ind|Gender=Masc|Number=Plur
назначаването,назначаване,назначаване,,то,назначаване то,назначаване то,correct,,NOUN,Definite=Def|Gender=Neut|Number=Sing
прекратят,прекратя,прекратя,,т,прекратя т,прекратя т,correct,,VERB,Aspect=Perf|Mood=Ind|Number=Plur|Person=3|Tense=Pres|VerbForm=Fin|Voice=Act
офертата,оферта,оферта,,та,оферта та,оферта та,correct,,NOUN,Definite=Def|Gender=Fem|Number=Sing
приключването,приключване,приключване,,то,приключване то,приключване то,correct,,NOUN,Definite=Def|Gender=Neut|Number=Sing
разрешителното,разрешително,разрешително,,то,разрешително то,разрешително то,correct,,ADJ,Definite=Def|Degree=Pos|Gender=Neut|Number=Sing
хлебозаводът,хлебозавод,хлебозавод,,ът,хлебозавод ът,хлебозавод ът,correct,,NOUN,Definite=Def|Gender=Masc|Number=Sing
афиши,афиш,афиш,,и,афиш и,афиш и,correct,,NOUN,Definite=Ind|Gender=Masc|Number=Plur
по-високите,висок,висок,по-,ите,по- висок ите,по- висок ите,correct,,ADJ,Definite=Def|Degree=Sup|Number=Plur
потреблението,потребление,потребление,,то,потребление то,потребление то,correct,,NOUN,Definite=Def|Gender=Neut|Number=Sing
най-необходимото,необходим,необходим,най-,ото,най- необходим ото,най- необходимо то,partial,adj_def_boundary,ADJ,Definite=Def|Degree=Sup|Gender=Neut|Number=Sing
доларът,долар,долар,,ът,долар ът,долар ът,correct,,NOUN,Definite=Def|Gender=Masc|Number=Sing
еврото,евро,евро,,то,евро то,евро то,correct,,NOUN,Definite=Def|Gender=Neut|Number=Sing
скокове,скок,скок,,ове,скок ове,скок ове,correct,,NOUN,Definite=Ind|Gender=Masc|Number=Plur
внасяме,внасям,внасям,,е,внасям е,внася ме,wrong,plu1person_boundary,VERB,Aspect=Imp|Mood=Ind|Number=Plur|Person=1|Tense=Pres|VerbForm=Fin|Voice=Act
производителите,производител,производител,,ите,производител ите,производител ите,correct,,NOUN,Definite=Def|Gender=Masc|Number=Plur
най-масовия,масов,масов,най-,ия,най- масов ия,най- масов ия,correct,,ADJ,Definite=Def|Degree=Sup|Gender=Masc|Number=Sing
лицензирането,лицензиране,лицензиране,,то,лицензиране то,лицензиране то,correct,,NOUN,Definite=Def|Gender=Neut|Number=Sing
пускането,пускане,пускане,,то,пускане то,пускане то,correct,,NOUN,Definite=Def|Gender=Neut|Number=Sing
складови,складов,складов,,и,складов и,складов и,correct,,ADJ,Definite=Ind|Degree=Pos|Number=Plur
колбаси,колбас,колбас,,и,колбас и,колбас и,correct,,NOUN,Definite=Ind|Gender=Masc|Number=Plur
изтърпят,изтърпя,изтърпя,,т,изтърпя т,изтърпя т,correct,,VERB,Aspect=Perf|Mood=Ind|Number=Plur|Person=3|Tense=Pres|VerbForm=Fin|Voice=Act
изпробването,изпробване,изпробване,,то,изпробване то,изпробване то,correct,,NOUN,Definite=Def|Gender=Neut|Number=Sing
общественият,обществен,обществен,,ият,обществен ият,обществен ият,correct,,ADJ,Definite=Def|Degree=Pos|Gender=Masc|Number=Sing
процесите,процес,процес,,ите,процес ите,процес ите,correct,,NOUN,Definite=Def|Gender=Masc|Number=Plur
зависят,завися,завися,,т,завися т,завися т,correct,,VERB,Aspect=Imp|Mood=Ind|Number=Plur|Person=3|Tense=Pres|VerbForm=Fin|Voice=Act
свържат,свържа,свържа,,т,свържа т,свържа т,correct,,VERB,Aspect=Perf|Mood=Ind|Number=Plur|Person=3|Tense=Pres|VerbForm=Fin|Voice=Act
куршума,куршум,куршум,,а,куршум а,куршум а,correct,,NOUN,Definite=Def|Gender=Masc|Number=Sing
попаднали,попадна,попадна,,ли,попадна ли,попадна ли,correct,,VERB,Aspect=Perf|Definite=Ind|Number=Plur|Tense=Past|VerbForm=Part|Voice=Act
издъхнал,издъхна,издъхна,,л,издъхна л,издъхна л,correct,,VERB,Aspect=Perf|Definite=Ind|Gender=Masc|Number=Sing|Tense=Past|VerbForm=Part|Voice=Act
дялове,дял,дял,,ове,дял ове,дял ове,correct,,NOUN,Definite=Ind|Gender=Masc|Number=Plur
убийството,убийство,убийство,,то,убийство то,убийство то,correct,,NOUN,Definite=Def|Gender=Neut|Number=Sing
партера,партер,партер,,а,партер а,партер а,correct,,NOUN,Definite=Def|Gender=Masc|Number=Sing
наркотрафиканти,наркотрафикант,наркотрафикант,,и,наркотрафикант и,наркотрафикант и,correct,,NOUN,Definite=Ind|Gender=Masc|Number=Plur
говорителят,говорител,говорител,,ят,говорител ят,говорител ят,correct,,NOUN,Definite=Def|Gender=Masc|Number=Sing
милите,мил,мил,,ите,мил ите,мил ите,correct,,ADJ,Definite=Def|Degree=Pos|Number=Plur
гражданството,гражданство,гражданство,,то,гражданство то,гражданство то,correct,,NOUN,Definite=Def|Gender=Neut|Number=Sing
най-странен,странен,странен,най-,,най- странен,най- странен,correct,,ADJ,Definite=Ind|Degree=Pos|Gender=Masc|Number=Sing
издържаха,издържа,издържа,,ха,издържа ха,издържа ха,correct,,VERB,Aspect=Perf|Mood=Ind|Number=Plur|Person=3|Tense=Past|VerbForm=Fin|Voice=Act
реденето,редене,редене,,то,редене то,редене то,correct,,NOUN,Definite=Def|Gender=Neut|Number=Sing
неоспоримата,неоспорим,неоспорим,,ата,неоспорим ата,неоспорима та,wrong,adj_def_boundary,ADJ,Definite=Def|Degree=Pos|Gender=Fem|Number=Sing
груба,груб,груб,,а,груб а,груба,correct,adj_gender,ADJ,Definite=Ind|Degree=Pos|Gender=Fem|Number=Sing
кислородът,кислород,кислород,,ът,кислород ът,кислород ът,correct,,NOUN,Definite=Def|Gender=Masc|Number=Sing
биотокове,биоток,биоток,,ове,биоток ове,биоток ове,correct,,NOUN,Definite=Ind|Gender=Masc|Number=Plur
вампири,вампир,вампир,,и,вампир и,вампир и,correct,,NOUN,Definite=Ind|Gender=Masc|Number=Plur
забягването,забягване,забягване,,то,забягване то,забягване то,correct,,NOUN,Definite=Def|Gender=Neut|Number=Sing
ромския,ромски,ромски,,я,ромски я,ромски я,correct,,ADJ,Definite=Def|Degree=Pos|Gender=Masc|Number=Sing
прагът,праг,праг,,ът,праг ът,праг ът,correct,,NOUN,Definite=Def|Gender=Masc|Number=Sing
сарафите,сараф,сараф,,ите,сараф ите,сараф ите,correct,,NOUN,Definite=Def|Gender=Masc|Number=Plur
сигнали,сигнал,сигнал,,и,сигнал и,сигнал и,correct,,NOUN,Definite=Ind|Gender=Masc|Number=Plur
финансово,финансов,финансов,,о,финансов о,финансово,correct,adj_gender,ADV,Degree=Pos
цигарената,цигарен,цигарен,,ата,цигарен ата,цигарена та,wrong,adj_def_boundary,ADJ,Definite=Def|Degree=Pos|Gender=Fem|Number=Sing
кодекса,кодекс,кодекс,,а,кодекс а,кодекс а,correct,,NOUN,Definite=Def|Gender=Masc|Number=Sing
газовия,газов,газов,,ия,газов ия,газов ия,correct,,ADJ,Definite=Def|Degree=Pos|Gender=Masc|Number=Sing
шестимата,шестима,шестима,,та,шестима та,шестима та,correct,,NUM,Definite=Def|Number=Plur|NumType=Card
адвокатът,адвокат,адвокат,,ът,адвокат ът,адвокат ът,correct,,NOUN,Definite=Def|Gender=Masc|Number=Sing
заседнал,заседна,заседна,,л,заседна л,заседна л,correct,,VERB,Aspect=Perf|Definite=Ind|Gender=Masc|Number=Sing|Tense=Past|VerbForm=Part|Voice=Act
посрещнал,посрещна,посрещна,,л,посрещна л,посрещна л,correct,,VERB,Aspect=Perf|Definite=Ind|Gender=Masc|Number=Sing|Tense=Past|VerbForm=Part|Voice=Act
валежи,валеж,валеж,,и,валеж и,валеж и,correct,,NOUN,Definite=Ind|Gender=Masc|Number=Plur
понижаването,понижаване,понижаване,,то,понижаване то,понижаване то,correct,,NOUN,Definite=Def|Gender=Neut|Number=Sing
ферибота,ферибот,ферибот,,а,ферибот а,ферибот а,correct,,NOUN,Definite=Def|Gender=Masc|Number=Sing
превозвачите,превозвач,превозвач,,ите,превозвач ите,превозвач ите,correct,,NOUN,Definite=Def|Gender=Masc|Number=Plur
налогът,налог,налог,,ът,налог ът,налог ът,correct,,NOUN,Definite=Def|Gender=Masc|Number=Sing
глобата,глоба,глоба,,та,глоба та,глоба та,correct,,NOUN,Definite=Def|Gender=Fem|Number=Sing
данъка,данък,данък,,а,данък а,данък а,correct,,NOUN,Definite=Def|Gender=Masc|Number=Sing
горницата,горница,горница,,та,горница та,горница та,correct,,NOUN,Definite=Def|Gender=Fem|Number=Sing
важат,важа,важа,,т,важа т,важа т,correct,,VERB,Aspect=Imp|Mood=Ind|Number=Plur|Person=3|Tense=Pres|VerbForm=Fin|Voice=Act
ведомството,ведомство,ведомство,,то,ведомство то,ведомство то,correct,,NOUN,Definite=Def|Gender=Neut|Number=Sing
контролът,контрол,контрол,,ът,контрол ът,контрол ът,correct,,NOUN,Definite=Def|Gender=Masc|Number=Sing
автомати,автомат,автомат,,и,автомат и,автомат и,correct,,NOUN,Definite=Ind|Gender=Masc|Number=Plur
частите,част,част,,ите,част ите,част ите,correct,,NOUN,Definite=Def|Gender=Fem|Number=Plur
хазарта,хазарт,хазарт,,а,хазарт а,хазарт а,correct,,NOUN,Definite=Def|Gender=Fem|Number=Sing
монархическите,монархически,монархически,,те,монархически те,монархическ ите,wrong,adj_def_boundary,ADJ,Definite=Def|Degree=Pos|Number=Plur
монархисти,монархист,монархист,,и,монархист и,монархист и,correct,,NOUN,Definite=Ind|Gender=Masc|Number=Plur
връщането,връщане,връщане,,то,връщане то,връщане то,correct,,NOUN,Definite=Def|Gender=Neut|Number=Sing
речите,реч,реч,,ите,реч ите,реч ите,correct,,NOUN,Definite=Def|Gender=Fem|Number=Plur
музикантите,музикант,музикант,,ите,музикант ите,музикант ите,correct,,NOUN,Definite=Def|Gender=Masc|Number=Plur
камионите,камион,камион,,ите,камион ите,камион ите,correct,,NOUN,Definite=Def|Gender=Masc|Number=Plur
фойерверки,фойерверк,фойерверк,,и,фойерверк и,фойерверк и,correct,,NOUN,Definite=Ind|Gender=Masc|Number=Plur
непоносима,непоносим,непоносим,,а,непоносим а,непоносима,correct,adj_gender,ADJ,Definite=Ind|Degree=Pos|Gender=Fem|Number=Sing
лошият,лош,лош,,ият,лош ият,лош ият,correct,,ADJ,Definite=Def|Degree=Pos|Gender=Masc|Number=Sing
всеобща,всеобщ,всеобщ,,а,всеобщ а,всеобща,correct,adj_gender,ADJ,Definite=Ind|Degree=Pos|Gender=Fem|Number=Sing
химна,химн,химн,,а,химн а,химн а,correct,,NOUN,Definite=Def|Gender=Masc|Number=Sing
по-богата,богат,богат,по-,а,по- богат а,по- богата,partial,,ADJ,Definite=Ind|Degree=Pos|Gender=Fem|Number=Sing
тълпата,тълпа,тълпа,,та,тълпа та,тълпа та,correct,,NOUN,Definite=Def|Gender=Fem|Number=Sing
кавъри,кавър,кавър,,и,кавър и,кавър и,correct,,NOUN,Definite=Ind|Gender=Masc|Number=Plur
хитове,хит,хит,,ове,хит ове,хит ове,correct,,NOUN,Definite=Ind|Gender=Masc|Number=Plur
уредбата,уредба,уредба,,та,уредба та,уредба та,correct,,NOUN,Definite=Def|Gender=Fem|Number=Sing
атентати,атентат,атентат,,и,атентат и,атентат и,correct,,NOUN,Definite=Ind|Gender=Masc|Number=Plur
изминалата,измина,измина,,лата,измина лата,изминала та,wrong,adj_def_boundary,ADJ,Aspect=Perf|Definite=Def|Degree=Pos|Gender=Fem|Number=Sing|Tense=Past|VerbForm=Part|Voice=Act
ватмани,ватман,ватман,,и,ватман и,ватман и,correct,,NOUN,Definite=Ind|Gender=Masc|Number=Plur
ревността,ревност,ревност,,та,ревност та,ревност та,correct,,NOUN,Definite=Def|Gender=Fem|Number=Sing
идентифицирането,идентифициране,идентифициране,,то,идентифициране то,идентифициране то,correct,,NOUN,Definite=Def|Gender=Neut|Number=Sing
убиецът,убиец,убиец,,ът,убиец ът,убиец ът,correct,,NOUN,Definite=Def|Gender=Masc|Number=Sing
магазинчето,магазинче,магазинче,,то,магазинче то,магазинче то,correct,,NOUN,Definite=Def|Gender=Neut|Number=Sing
бижута,бижу,бижу,,та,бижу та,бижу та,correct,,NOUN,Definite=Ind|Gender=Neut|Number=Plur
нападателите,нападател,нападател,,ите,нападател ите,нападател ите,correct,,NOUN,Definite=Def|Gender=Masc|Number=Plur
гаражът,гараж,гараж,,ът,гараж ът,гараж ът,correct,,NOUN,Definite=Def|Gender=Masc|Number=Sing
ресторанта,ресторант,ресторант,,а,ресторант а,ресторант а,correct,,NOUN,Definite=Def|Gender=Masc|Number=Sing
конюшнята,конюшня,конюшня,,та,конюшня та,конюшня та,correct,,NOUN,Definite=Def|Gender=Fem|Number=Sing
коне,кон,кон,,е,кон е,кон е,correct,,NOUN,Definite=Ind|Gender=Masc|Number=Plur
ладата,лада,лада,,та,лада та,лада та,correct,,NOUN,Definite=Def|Gender=Fem|Number=Sing
прокурорката,прокурорка,прокурорка,,та,прокурорка та,прокурорка та,correct,,NOUN,Definite=Def|Gender=Fem|Number=Sing
следствения,следствен,следствен,,ия,следствен ия,следствен ия,correct,,ADJ,Definite=Def|Degree=Pos|Gender=Masc|Number=Sing
животите,живот,живот,,ите,живот ите,живот ите,correct,,NOUN,Definite=Def|Gender=Masc|Number=Plur
дунавските,дунавски,дунавски,,те,дунавски те,дунавск ите,wrong,adj_def_boundary,ADJ,Definite=Def|Degree=Pos|Number=Plur
запомнят,запомня,запомня,,т,запомня т,запомн ят,wrong,,VERB,Aspect=Imp|Mood=Ind|Number=Plur|Person=3|Tense=Pres|VerbForm=Fin|Voice=Act
лидерката,лидерка,лидерка,,та,лидерка та,лидерка та,correct,,NOUN,Definite=Def|Gender=Fem|Number=Sing
координаторът,координатор,координатор,,ът,координатор ът,координатор ът,correct,,NOUN,Definite=Def|Gender=Masc|Number=Sing
германецът,германец,германец,,ът,германец ът,германец ът,correct,,NOUN,Definite=Def|Gender=Masc|Number=Sing
строежът,строеж,строеж,,ът,строеж ът,строеж ът,correct,,NOUN,Definite=Def|Gender=Masc|Number=Sing
кметството,кметство,кметство,,то,кметство то,кметство то,correct,,NOUN,Definite=Def|Gender=Neut|Number=Sing
градоначалникът,градоначалник,градоначалник,,ът,градоначалник ът,градоначалник ът,correct,,NOUN,Definite=Def|Gender=Masc|Number=Sing
чертата,черта,черта,,та,черта та,черта та,correct,,NOUN,Definite=Def|Gender=Fem|Number=Sing
единствения,единствен,единствен,,ия,единствен ия,единствен ия,correct,,ADJ,Definite=Def|Degree=Pos|Gender=Masc|Number=Sing
обектът,обект,обект,,ът,обект ът,обект ът,correct,,NOUN,Definite=Def|Gender=Masc|Number=Sing
незапомнената,незапомнен,незапомнен,,ата,незапомнен ата,незапомнена та,wrong,adj_def_boundary,ADJ,Definite=Def|Degree=Pos|Gender=Fem|Number=Sing
бряга,бряг,бряг,,а,бряг а,бряг а,correct,,NOUN,Definite=Def|Gender=Masc|Number=Sing
изпаднаха,изпадна,изпадна,,ха,изпадна ха,изпадна ха,correct,,VERB,Aspect=Perf|Mood=Ind|Number=Plur|Person=3|Tense=Past|VerbForm=Fin|Voice=Act
мостовете,мост,мост,,овете,мост овете,мост овете,correct,,NOUN,Definite=Def|Gender=Masc|Number=Plur
наводнението,наводнение,наводнение,,то,наводнение то,наводнение то,correct,,NOUN,Definite=Def|Gender=Neut|Number=Sing
паниката,паника,паника,,та,паника та,паника та,correct,,NOUN,Definite=Def|Gender=Fem|Number=Sing
обхванала,обхвана,обхвана,,ла,обхвана ла,обхвана ла,correct,,VERB,Aspect=Perf|Definite=Ind|Gender=Fem|Number=Sing|Tense=Past|VerbForm=Part|Voice=Act
апартаменти,апартамент,апартамент,,и,апартамент и,апартамент и,correct,,NOUN,Definite=Ind|Gender=Masc|Number=Plur
общинари,общинар,общинар,,и,общинар и,общинар и,correct,,NOUN,Definite=Ind|Gender=Masc|Number=Plur
ефектът,ефект,ефект,,ът,ефект ът,ефект ът,correct,,NOUN,Definite=Def|Gender=Masc|Number=Sing
фотоси,фотос,фотос,,и,фотос и,фотос и,correct,,NOUN,Definite=Ind|Gender=Masc|Number=Plur
забранят,забраня,забраня,,т,забраня т,забран ят,wrong,,VERB,Aspect=Imp|Mood=Ind|Number=Plur|Person=3|Tense=Pres|VerbForm=Fin|Voice=Act
обещанието,обещание,обещание,,то,обещание то,обещание то,correct,,NOUN,Definite=Def|Gender=Neut|Number=Sing
босовете,бос,бос,,овете,бос овете,бос овете,correct,,NOUN,Definite=Def|Gender=Masc|Number=Plur
митинги,митинг,митинг,,и,митинг и,митинг и,correct,,NOUN,Definite=Ind|Gender=Masc|Number=Plur
неповторимата,неповторим,неповторим,,ата,неповторим ата,неповторима та,wrong,adj_def_boundary,ADJ,Definite=Def|Degree=Pos|Gender=Fem|Number=Sing
кукери,кукер,кукер,,и,кукер и,кукер и,correct,,NOUN,Definite=Ind|Gender=Masc|Number=Plur
ритуали,ритуал,ритуал,,и,ритуал и,ритуал и,correct,,NOUN,Definite=Ind|Gender=Masc|Number=Plur
несвойствени,несвойствен,несвойствен,,и,несвойствен и,несвойствен и,correct,,ADJ,Definite=Ind|Degree=Pos|Number=Plur
масовия,масов,масов,,ия,масов ия,масов ия,correct,,ADJ,Definite=Def|Degree=Pos|Gender=Masc|Number=Sing
профсъюзи,профсъюз,профсъюз,,и,профсъюз и,профсъюз и,correct,,NOUN,Definite=Ind|Gender=Masc|Number=Plur
сивата,сив,сив,,ата,сив ата,сива та,wrong,adj_def_boundary,ADJ,Definite=Def|Degree=Pos|Gender=Fem|Number=Sing
неизплатените,неизплатен,неизплатен,,ите,неизплатен ите,неизплатен ите,correct,,ADJ,Definite=Def|Degree=Pos|Number=Plur
пулса,пулс,пулс,,а,пулс а,пулс а,correct,,NOUN,Definite=Def|Gender=Masc|Number=Sing
колодата,колода,колода,,та,колода та,колода та,correct,,NOUN,Definite=Def|Gender=Fem|Number=Sing
дванайсетия,дванайсети,дванайсети,,я,дванайсети я,дванайсетия,correct,,NUM,Definite=Ind|Number=Plur|NumType=Card
монархът,монарх,монарх,,ът,монарх ът,монарх ът,correct,,NOUN,Definite=Def|Gender=Masc|Number=Sing
монархическия,монархически,монархически,,я,монархически я,монархически я,correct,,ADJ,Definite=Def|Degree=Pos|Gender=Masc|Number=Sing
дебата,дебат,дебат,,а,дебат а,дебат а,correct,,NOUN,Definite=Def|Gender=Masc|Number=Sing
фразата,фраза,фраза,,та,фраза та,фраза та,correct,,NOUN,Definite=Def|Gender=Fem|Number=Sing
включването,включване,включване,,то,включване то,включване то,correct,,NOUN,Definite=Def|Gender=Neut|Number=Sing
победителят,победител,победител,,ят,победител ят,победител ят,correct,,NOUN,Definite=Def|Gender=Masc|Number=Sing
синонимът,синоним,синоним,,ът,синоним ът,синоним ът,correct,,NOUN,Definite=Def|Gender=Masc|Number=Sing
настройката,настройка,настройка,,та,настройка та,настройка та,correct,,NOUN,Definite=Def|Gender=Fem|Number=Sing
чуждите,чужд,чужд,,ите,чужд ите,чужд ите,correct,,ADJ,Definite=Def|Degree=Pos|Number=Plur
двигателят,двигател,двигател,,ят,двигател ят,двигател ят,correct,,NOUN,Definite=Def|Gender=Masc|Number=Sing
финансовия,финансов,финансов,,ия,финансов ия,финансов ия,correct,,ADJ,Definite=Def|Degree=Pos|Gender=Masc|Number=Sing
собствена,собствен,собствен,,а,собствен а,собствена,correct,adj_gender,ADJ,Definite=Ind|Degree=Pos|Gender=Fem|Number=Sing
намаляването,намаляване,намаляване,,то,намаляване то,намаляване то,correct,,NOUN,Definite=Def|Gender=Neut|Number=Sing
погасят,погася,погася,,т,погася т,погася т,correct,,VERB,Aspect=Perf|Mood=Ind|Number=Plur|Person=3|Tense=Pres|VerbForm=Fin|Voice=Act
отношението,отношение,отношение,,то,отношение то,отношение то,correct,,NOUN,Definite=Def|Gender=Neut|Number=Sing
вярваме,вярвам,вярвам,,е,вярвам е,вярва ме,wrong,plu1person_boundary,VERB,Aspect=Imp|Mood=Ind|Number=Plur|Person=1|Tense=Pres|VerbForm=Fin|Voice=Act
бизнесът,бизнес,бизнес,,ът,бизнес ът,бизнес ът,correct,,NOUN,Definite=Def|Gender=Masc|Number=Sing
правителственият,правителствен,правителствен,,ият,правителствен ият,правителствен ият,correct,,ADJ,Definite=Def|Degree=Pos|Gender=Masc|Number=Sing
сирийския,сирийски,сирийски,,я,сирийски я,сирийски я,correct,,ADJ,Definite=Def|Degree=Pos|Gender=Masc|Number=Sing
по-млада,млад,млад,по-,а,по- млад а,по- млада,partial,,ADJ,Definite=Ind|Degree=Pos|Gender=Fem|Number=Sing
мебели,мебел,мебел,,и,мебел и,мебел и,correct,,NOUN,Definite=Ind|Gender=Masc|Number=Plur
израелския,израелски,израелски,,я,израелски я,израелски я,correct,,ADJ,Definite=Def|Degree=Pos|Gender=Masc|Number=Sing
проста,прост,прост,,а,прост а,проста,correct,adj_gender,ADJ,Definite=Ind|Degree=Pos|Gender=Fem|Number=Sing
президенти,президент,президент,,и,президент и,президент и,correct,,NOUN,Definite=Ind|Gender=Masc|Number=Plur
футуристи,футурист,футурист,,и,футурист и,футурист и,correct,,NOUN,Definite=Ind|Gender=Masc|Number=Plur
публицисти,публицист,публицист,,и,публицист и,публицист и,correct,,NOUN,Definite=Ind|Gender=Masc|Number=Plur
украсят,украся,украся,,т,украся т,украся т,correct,,VERB,Aspect=Perf|Mood=Ind|Number=Plur|Person=3|Tense=Pres|VerbForm=Fin|Voice=Act
обзори,обзор,обзор,,и,обзор и,обзор и,correct,,NOUN,Definite=Ind|Gender=Masc|Number=Plur
интервюта,интервю,интервю,,та,интервю та,интервю та,correct,,NOUN,Definite=Ind|Gender=Neut|Number=Plur
морала,морал,морал,,а,морал а,морал а,correct,,NOUN,Definite=Def|Gender=Masc|Number=Sing
велики,велик,велик,,и,велик и,велики,correct,,ADJ,Definite=Ind|Degree=Pos|Number=Plur
бръснача,бръснач,бръснач,,а,бръснач а,бръснач а,correct,,NOUN,Definite=Def|Gender=Masc|Number=Sing
мюзикъла,мюзикъл,мюзикъл,,а,мюзикъл а,мюзикъл а,correct,,NOUN,Definite=Def|Gender=Masc|Number=Sing
евтините,евтин,евтин,,ите,евтин ите,евтин ите,correct,,ADJ,Definite=Def|Degree=Pos|Number=Plur
нашенските,нашенски,нашенски,,те,нашенски те,нашенск ите,wrong,adj_def_boundary,ADJ,Definite=Def|Degree=Pos|Number=Plur
допустимо,допустим,допустим,,о,допустим о,допустимо,correct,adj_gender,ADV,Degree=Pos
вагината,вагина,вагина,,та,вагина та,вагина та,correct,,NOUN,Definite=Def|Gender=Fem|Number=Sing
многото,много,много,,то,много то,многото,correct,,ADV,Definite=Def|Degree=Pos|Number=Plur|NumType=Card
носителят,носител,носител,,ят,носител ят,носител ят,correct,,NOUN,Definite=Def|Gender=Masc|Number=Sing
късметът,късмет,късмет,,ът,късмет ът,късмет ът,correct,,NOUN,Definite=Def|Gender=Masc|Number=Sing
талантливите,талантлив,талантлив,,ите,талантлив ите,талантлив ите,correct,,ADJ,Definite=Def|Degree=Pos|Number=Plur
лагера,лагер,лагер,,а,лагер а,лагер а,correct,,NOUN,Definite=Def|Gender=Masc|Number=Sing
шампионата,шампионат,шампионат,,а,шампионат а,шампионат а,correct,,NOUN,Definite=Def|Gender=Masc|Number=Sing
мениджърът,мениджър,мениджър,,ът,мениджър ът,мениджър ът,correct,,NOUN,Definite=Def|Gender=Masc|Number=Sing
нападателят,нападател,нападател,,ят,нападател ят,нападател ят,correct,,NOUN,Definite=Def|Gender=Masc|Number=Sing
паузата,пауза,пауза,,та,пауза та,пауза та,correct,,NOUN,Definite=Def|Gender=Fem|Number=Sing
следродова,следродов,следродов,,а,следродов а,следродова,correct,adj_gender,ADJ,Definite=Ind|Degree=Pos|Gender=Fem|Number=Sing
бъбриво,бъбрив,бъбрив,,о,бъбрив о,бъбриво,correct,adj_gender,ADV,Degree=Pos
обичливо,обичлив,обичлив,,о,обичлив о,обичливо,correct,adj_gender,ADV,Degree=Pos
енергията,енергия,енергия,,та,енергия та,енергия та,correct,,NOUN,Definite=Def|Gender=Fem|Number=Sing
талантите,талант,талант,,ите,талант ите,талант ите,correct,,NOUN,Definite=Def|Gender=Masc|Number=Plur
бързите,бърз,бърз,,ите,бърз ите,бърз ите,correct,,ADJ,Definite=Def|Degree=Pos|Number=Plur
изиграят,изиграя,изиграя,,т,изиграя т,изиграя т,correct,,VERB,Aspect=Perf|Mood=Ind|Number=Plur|Person=3|Tense=Pres|VerbForm=Fin|Voice=Act
възторга,възторг,възторг,,а,възторг а,възторг а,correct,,NOUN,Definite=Def|Gender=Masc|Number=Sing
решителността,решителност,решителност,,та,решителност та,решителност та,correct,,NOUN,Definite=Def|Gender=Fem|Number=Sing
умението,умение,умение,,то,умение то,умение то,correct,,NOUN,Definite=Def|Gender=Neut|Number=Sing
веселието,веселие,веселие,,то,веселие то,веселие то,correct,,NOUN,Definite=Def|Gender=Neut|Number=Sing
красивото,красив,красив,,ото,красив ото,красиво то,wrong,adj_def_boundary,ADJ,Definite=Def|Degree=Pos|Gender=Neut|Number=Sing
авторитети,авторитет,авторитет,,и,авторитет и,авторитет и,correct,,NOUN,Definite=Ind|Gender=Masc|Number=Plur
листатата,листата,листата,,та,листата та,листата та,correct,,NOUN,Definite=Def|Gender=Fem|Number=Sing
списъка,списък,списък,,а,списък а,списък а,correct,,NOUN,Definite=Def|Gender=Masc|Number=Sing
водопада,водопад,водопад,,а,водопад а,водопад а,correct,,NOUN,Definite=Def|Gender=Masc|Number=Sing
ледът,лед,лед,,ът,лед ът,лед ът,correct,,NOUN,Definite=Def|Gender=Masc|Number=Sing
най-старата,стар,стар,най-,ата,най- стар ата,най- стара та,partial,adj_def_boundary,ADJ,Definite=Def|Degree=Pos|Gender=Fem|Number=Sing
французойката,французойка,французойка,,та,французойка та,французойка та,correct,,NOUN,Definite=Def|Gender=Fem|Number=Sing
албума,албум,албум,,а,албум а,албум а,correct,,NOUN,Definite=Def|Gender=Masc|Number=Sing
нощи,нощ,нощ,,и,нощ и,нощ и,correct,,NOUN,Definite=Ind|Gender=Fem|Number=Plur
американецът,американец,американец,,ът,американец ът,американец ът,correct,,NOUN,Definite=Def|Gender=Masc|Number=Sing
пасажери,пасажер,пасажер,,и,пасажер и,пасажер и,correct,,NOUN,Definite=Ind|Gender=Masc|Number=Plur
миньори,миньор,миньор,,и,миньор и,миньор и,correct,,NOUN,Definite=Ind|Gender=Masc|Number=Plur
мината,мина,мина,,та,мина та,мина та,correct,,NOUN,Definite=Def|Gender=Fem|Number=Sing
актьорът,актьор,актьор,,ът,актьор ът,актьор ът,correct,,NOUN,Definite=Def|Gender=Masc|Number=Sing
психиатъра,психиатър,психиатър,,а,психиатър а,психиатър а,correct,,NOUN,Definite=Def|Gender=Masc|Number=Sing
миокарда,миокард,миокард,,а,миокард а,миокард а,correct,,NOUN,Definite=Def|Gender=Masc|Number=Sing
махмурлукът,махмурлук,махмурлук,,ът,махмурлук ът,махмурлук ът,correct,,NOUN,Definite=Def|Gender=Masc|Number=Sing
грипа,грип,грип,,а,грип а,грип а,correct,,NOUN,Definite=Def|Gender=Masc|Number=Sing
ферментацията,ферментация,ферментация,,та,ферментация та,ферментация та,correct,,NOUN,Definite=Def|Gender=Fem|Number=Sing
фериботът,ферибот,ферибот,,ът,ферибот ът,ферибот ът,correct,,NOUN,Definite=Def|Gender=Masc|Number=Sing
подписването,подписване,подписване,,то,подписване то,подписване то,correct,,NOUN,Definite=Def|Gender=Neut|Number=Sing
меморандума,меморандум,меморандум,,а,меморандум а,меморандум а,correct,,NOUN,Definite=Def|Gender=Masc|Number=Sing
седмичника,седмичник,седмичник,,а,седмичник а,седмичник а,correct,,NOUN,Definite=Def|Gender=Masc|Number=Sing
замърсяването,замърсяване,замърсяване,,то,замърсяване то,замърсяване то,correct,,NOUN,Definite=Def|Gender=Neut|Number=Sing
нефтопродукти,нефтопродукт,нефтопродукт,,и,нефтопродукт и,нефтопродукт и,correct,,NOUN,Definite=Ind|Gender=Masc|Number=Plur
инциденти,инцидент,инцидент,,и,инцидент и,инцидент и,correct,,NOUN,Definite=Ind|Gender=Masc|Number=Plur
централата,централа,централа,,та,централа та,централа та,correct,,NOUN,Definite=Def|Gender=Fem|Number=Sing
неядрените,неядрен,неядрен,,ите,неядрен ите,неядрен ите,correct,,ADJ,Definite=Def|Degree=Pos|Number=Plur
рискът,риск,риск,,ът,риск ът,риск ът,correct,,NOUN,Definite=Def|Gender=Masc|Number=Sing
курорти,курорт,курорт,,и,курорт и,курорт и,correct,,NOUN,Definite=Ind|Gender=Masc|Number=Plur
родопските,родопски,родопски,,те,родопски те,родопск ите,wrong,adj_def_boundary,ADJ,Definite=Def|Degree=Pos|Number=Plur
сноуборди,сноуборд,сноуборд,,и,сноуборд и,сноуборд и,correct,,NOUN,Definite=Ind|Gender=Masc|Number=Plur
почивката,почивка,почивка,,та,почивка та,почивка та,correct,,NOUN,Definite=Def|Gender=Fem|Number=Sing
местности,местност,местност,,и,местност и,местност и,correct,,NOUN,Definite=Ind|Gender=Fem|Number=Plur
амнистията,амнистия,амнистия,,та,амнистия та,амнистия та,correct,,NOUN,Definite=Def|Gender=Fem|Number=Sing
строежи,строеж,строеж,,и,строеж и,строеж и,correct,,NOUN,Definite=Ind|Gender=Masc|Number=Plur
нормативите,норматив,норматив,,ите,норматив ите,норматив ите,correct,,NOUN,Definite=Def|Gender=Masc|Number=Plur
експертите,експерт,експерт,,ите,експерт ите,експерт ите,correct,,NOUN,Definite=Def|Gender=Masc|Number=Plur
майсторите,майстор,майстор,,ите,майстор ите,майстор ите,correct,,NOUN,Definite=Def|Gender=Masc|Number=Plur
яйцето,яйце,яйце,,то,яйце то,яйце то,correct,,NOUN,Definite=Def|Gender=Neut|Number=Sing
кокошката,кокошка,кокошка,,та,кокошка та,кокошка та,correct,,NOUN,Definite=Def|Gender=Fem|Number=Sing
хлебари,хлебар,хлебар,,и,хлебар и,хлебар и,correct,,NOUN,Definite=Ind|Gender=Masc|Number=Plur
сладкари,сладкар,сладкар,,и,сладкар и,сладкар и,correct,,NOUN,Definite=Ind|Gender=Masc|Number=Plur
винари,винар,винар,,и,винар и,винар и,correct,,NOUN,Definite=Ind|Gender=Masc|Number=Plur
месари,месар,месар,,и,месар и,месар и,correct,,NOUN,Definite=Ind|Gender=Masc|Number=Plur
мелничари,мелничар,мелничар,,и,мелничар и,мелничар и,correct,,NOUN,Definite=Ind|Gender=Masc|Number=Plur
пивовари,пивовар,пивовар,,и,пивовар и,пивовар и,correct,,NOUN,Definite=Ind|Gender=Masc|Number=Plur
златари,златар,златар,,и,златар и,златар и,correct,,NOUN,Definite=Ind|Gender=Masc|Number=Plur
браншови,браншов,браншов,,и,браншов и,браншов и,correct,,ADJ,Definite=Ind|Degree=Pos|Number=Plur
браншовите,браншов,браншов,,ите,браншов ите,браншов ите,correct,,ADJ,Definite=Def|Degree=Pos|Number=Plur
занаятите,занаят,занаят,,ите,занаят ите,занаят ите,correct,,NOUN,Definite=Def|Gender=Masc|Number=Plur
камарата,камара,камара,,та,камара та,камара та,correct,,NOUN,Definite=Def|Gender=Fem|Number=Sing
занаята,занаят,занаят,,а,занаят а,занаят а,correct,,NOUN,Definite=Def|Gender=Fem|Number=Sing
занаятчийството,занаятчийство,занаятчийство,,то,занаятчийство то,занаятчийство то,correct,,NOUN,Definite=Def|Gender=Neut|Number=Sing
ексшефът,ексшеф,ексшеф,,ът,ексшеф ът,ексшеф ът,correct,,NOUN,Definite=Def|Gender=Masc|Number=Sing
немския,немски,немски,,я,немски я,немски я,correct,,ADJ,Definite=Def|Degree=Pos|Gender=Masc|Number=Sing
рафинерията,рафинерия,рафинерия,,та,рафинерия та,рафинерия та,correct,,NOUN,Definite=Def|Gender=Fem|Number=Sing
кукловодът,кукловод,кукловод,,ът,кукловод ът,кукловод ът,correct,,NOUN,Definite=Def|Gender=Masc|Number=Sing
плевенските,плевенски,плевенски,,те,плевенски те,плевенск ите,wrong,adj_def_boundary,ADJ,Definite=Def|Degree=Pos|Number=Plur
замяната,замяна,замяна,,та,замяна та,замяна та,correct,,NOUN,Definite=Def|Gender=Fem|Number=Sing
съмнението,съмнение,съмнение,,то,съмнение то,съмнение то,correct,,NOUN,Definite=Def|Gender=Neut|Number=Sing
неумелите,неумел,неумел,,ите,неумел ите,неумел ите,correct,,ADJ,Definite=Def|Degree=Pos|Number=Plur
ликвидираме,ликвидирам,ликвидирам,,е,ликвидирам е,ликвидира ме,wrong,plu1person_boundary,VERB,Aspect=Perf|Mood=Ind|Number=Plur|Person=1|Tense=Pres|VerbForm=Fin|Voice=Act
пускови,пусков,пусков,,и,пусков и,пусков и,correct,,ADJ,Definite=Ind|Degree=Pos|Number=Plur
екипът,екип,екип,,ът,екип ът,екип ът,correct,,NOUN,Definite=Def|Gender=Masc|Number=Sing
югопровинцията,югопровинция,югопровинция,,та,югопровинция та,югопровинция та,correct,,NOUN,Definite=Def|Gender=Fem|Number=Sing
почвата,почва,почва,,та,почва та,почва та,correct,,NOUN,Definite=Def|Gender=Fem|Number=Sing
бебето,бебе,бебе,,то,бебе то,бебе то,correct,,NOUN,Definite=Def|Gender=Neut|Number=Sing
допусната,допусна,допусна,,та,допусна та,допусната,correct,,VERB,Aspect=Perf|Definite=Ind|Gender=Fem|Number=Sing|VerbForm=Part|Voice=Pass
независимата,независим,независим,,ата,независим ата,независима та,wrong,adj_def_boundary,ADJ,Definite=Def|Degree=Pos|Gender=Fem|Number=Sing
споменати,спомена,спомена,,ти,спомена ти,споменати,correct,,VERB,Aspect=Perf|Definite=Ind|Number=Plur|VerbForm=Part|Voice=Pass
фашисти,фашист,фашист,,и,фашист и,фашист и,correct,,NOUN,Definite=Ind|Gender=Masc|Number=Plur
лумпени,лумпен,лумпен,,и,лумпен и,лумпен и,correct,,NOUN,Definite=Ind|Gender=Masc|Number=Plur
кощунството,кощунство,кощунство,,то,кощунство то,кощунство то,correct,,NOUN,Definite=Def|Gender=Neut|Number=Sing
щурмовите,щурмов,щурмов,,ите,щурмов ите,щурмов ите,correct,,ADJ,Definite=Def|Degree=Pos|Number=Plur
пронацисткия,пронацистки,пронацистки,,я,пронацистки я,пронацистки я,correct,,ADJ,Definite=Def|Degree=Pos|Gender=Masc|Number=Sing
легионери,легионер,легионер,,и,легионер и,легионер и,correct,,NOUN,Definite=Ind|Gender=Masc|Number=Plur
синия,син,син,,ия,син ия,син ия,correct,,ADJ,Definite=Def|Degree=Pos|Gender=Masc|Number=Sing
легиони,легион,легион,,и,легион и,легион и,correct,,NOUN,Definite=Ind|Gender=Masc|Number=Plur
въплъщението,въплъщение,въплъщение,,то,въплъщение то,въплъщение то,correct,,NOUN,Definite=Def|Gender=Neut|Number=Sing
коментатори,коментатор,коментатор,,и,коментатор и,коментатор и,correct,,NOUN,Definite=Ind|Gender=Masc|Number=Plur
протести,протест,протест,,и,протест и,протест и,correct,,NOUN,Definite=Ind|Gender=Masc|Number=Plur
чучелото,чучело,чучело,,то,чучело то,чучело то,correct,,NOUN,Definite=Def|Gender=Neut|Number=Sing
британския,британски,британски,,я,британски я,британски я,correct,,ADJ,Definite=Def|Degree=Pos|Gender=Masc|Number=Sing
разгара,разгар,разгар,,а,разгар а,разгар а,correct,,NOUN,Definite=Def|Gender=Masc|Number=Sing
пакта,пакт,пакт,,а,пакт а,пакт а,correct,,NOUN,Definite=Def|Gender=Masc|Number=Sing
ултранационализма,ултранационализм,ултранационализм,,а,ултранационализм а,ултранационализм а,correct,,NOUN,Definite=Def|Gender=Masc|Number=Sing
зората,зора,зора,,та,зора та,зора та,correct,,NOUN,Definite=Def|Gender=Fem|Number=Sing
отецът,отец,отец,,ът,отец ът,отец ът,correct,,NOUN,Definite=Def|Gender=Masc|Number=Sing
свещена,свещен,свещен,,а,свещен а,свещена,correct,adj_gender,ADJ,Definite=Ind|Degree=Pos|Gender=Fem|Number=Sing
хоризонта,хоризонт,хоризонт,,а,хоризонт а,хоризонт а,correct,,NOUN,Definite=Def|Gender=Masc|Number=Sing
метлата,метла,метла,,та,метла та,метла та,correct,,NOUN,Definite=Def|Gender=Fem|Number=Sing
папа,пап,пап,,а,пап а,папа,correct,,NOUN,Definite=Ind|Gender=Masc|Number=Sing
патриарха,патриарх,патриарх,,а,патриарх а,патриарх а,correct,,NOUN,Definite=Def|Gender=Masc|Number=Sing
богословите,богослов,богослов,,ите,богослов ите,богослов ите,correct,,NOUN,Definite=Def|Gender=Masc|Number=Plur
добродетели,добродетел,добродетел,,и,добродетел и,добродетел и,correct,,NOUN,Definite=Ind|Gender=Fem|Number=Plur
православието,православие,православие,,то,православие то,православие то,correct,,NOUN,Definite=Def|Gender=Neut|Number=Sing
синоди,синод,синод,,и,синод и,синод и,correct,,NOUN,Definite=Ind|Gender=Masc|Number=Plur
българина,българин,българин,,а,българин а,българин а,correct,,NOUN,Definite=Def|Gender=Masc|Number=Sing
най-голямо,голям,голям,най-,о,най- голям о,най- голямо,partial,,ADV,Degree=Sup
сесията,сесия,сесия,,та,сесия та,сесия та,correct,,NOUN,Definite=Def|Gender=Fem|Number=Sing
подсъдимия,подсъдим,подсъдим,,ия,подсъдим ия,подсъдим ия,correct,,NOUN,Definite=Def|Gender=Masc|Number=Sing
мярката,мярка,мярка,,та,мярка та,мярка та,correct,,NOUN,Definite=Def|Gender=Fem|Number=Sing
подсъдимите,подсъдим,подсъдим,,ите,подсъдим ите,подсъдим ите,correct,,NOUN,Definite=Def|Gender=Fem|Number=Plur
кости,кост,кост,,и,кост и,кост и,correct,,NOUN,Definite=Ind|Gender=Fem|Number=Plur
скелети,скелет,скелет,,и,скелет и,скелет и,correct,,NOUN,Definite=Ind|Gender=Masc|Number=Plur
местността,местност,местност,,та,местност та,местност та,correct,,NOUN,Definite=Def|Gender=Fem|Number=Sing
добричките,добрички,добрички,,те,добрички те,добрички те,correct,,ADJ,Definite=Def|Degree=Pos|Number=Plur
свидетели,свидетел,свидетел,,и,свидетел и,свидетел и,correct,,NOUN,Definite=Ind|Gender=Masc|Number=Plur
сигналът,сигнал,сигнал,,ът,сигнал ът,сигнал ът,correct,,NOUN,Definite=Def|Gender=Masc|Number=Sing
туристи,турист,турист,,и,турист и,турист и,correct,,NOUN,Definite=Ind|Gender=Masc|Number=Plur
пещерата,пещера,пещера,,та,пещера та,пещера та,correct,,NOUN,Definite=Def|Gender=Fem|Number=Sing
сектанти,сектант,сектант,,и,сектант и,сектант и,correct,,NOUN,Definite=Ind|Gender=Masc|Number=Plur
сатанисти,сатанист,сатанист,,и,сатанист и,сатанист и,correct,,NOUN,Definite=Ind|Gender=Masc|Number=Plur
най-масовото,масов,масов,най-,ото,най- масов ото,най- масово то,partial,adj_def_boundary,ADJ,Definite=Def|Degree=Sup|Gender=Neut|Number=Sing
следователи,следовател,следовател,,и,следовател и,следовател и,correct,,NOUN,Definite=Ind|Gender=Masc|Number=Plur
паметника,паметник,паметник,,а,паметник а,паметник а,correct,,NOUN,Definite=Def|Gender=Masc|Number=Sing
озаптят,озаптя,озаптя,,т,озаптя т,озаптя т,correct,,VERB,Aspect=Perf|Mood=Ind|Number=Plur|Person=3|Tense=Pres|VerbForm=Fin|Voice=Act
следствено,следствен,следствен,,о,следствен о,следствено,correct,adj_gender,ADV,Degree=Pos
момиченцето,момиченце,момиченце,,то,момиченце то,момиченце то,correct,,NOUN,Definite=Def|Gender=Neut|Number=Sing
трупа,труп,труп,,а,труп а,трупа,correct,,NOUN,Definite=Ind|Gender=Fem|Number=Sing
престъпникът,престъпник,престъпник,,ът,престъпник ът,престъпник ът,correct,,NOUN,Definite=Def|Gender=Masc|Number=Sing
изглеждало,изглежда,изглежда,,ло,изглежда ло,изглежда ло,correct,,VERB,Aspect=Imp|Definite=Ind|Gender=Neut|Number=Sing|Tense=Past|VerbForm=Part|Voice=Act
богато,богат,богат,,о,богат о,богато,correct,adj_gender,ADV,Degree=Pos
грабежи,грабеж,грабеж,,и,грабеж и,грабеж и,correct,,NOUN,Definite=Ind|Gender=Masc|Number=Plur
извергът,изверг,изверг,,ът,изверг ът,изверг ът,correct,,NOUN,Definite=Def|Gender=Masc|Number=Sing
умъртвяването,умъртвяване,умъртвяване,,то,умъртвяване то,умъртвяване то,correct,,NOUN,Definite=Def|Gender=Neut|Number=Sing
първокласничката,първокласничка,първокласничка,,та,първокласничка та,първокласничка та,correct,,NOUN,Definite=Def|Gender=Fem|Number=Sing
кълняха,кълня,кълня,,ха,кълня ха,кълняха,correct,,VERB,Aspect=Imp|Mood=Ind|Number=Plur|Person=3|Tense=Imp|VerbForm=Fin|Voice=Act
изверга,изверг,изверг,,а,изверг а,изверг а,correct,,NOUN,Definite=Def|Gender=Masc|Number=Sing
посегнал,посегна,посегна,,л,посегна л,посегна л,correct,,VERB,Aspect=Perf|Definite=Ind|Gender=Masc|Number=Sing|Tense=Past|VerbForm=Part|Voice=Act
водката,водка,водка,,та,водка та,водка та,correct,,NOUN,Definite=Def|Gender=Fem|Number=Sing
шофьора,шофьор,шофьор,,а,шофьор а,шофьор а,correct,,NOUN,Definite=Def|Gender=Masc|Number=Sing
противоречиви,противоречив,противоречив,,и,противоречив и,противоречив и,correct,,ADJ,Definite=Ind|Degree=Pos|Number=Plur
сбиването,сбиване,сбиване,,то,сбиване то,сбиване то,correct,,NOUN,Definite=Def|Gender=Neut|Number=Sing
ексхумацията,ексхумация,ексхумация,,та,ексхумация та,ексхумация та,correct,,NOUN,Definite=Def|Gender=Fem|Number=Sing
огледа,оглед,оглед,,а,оглед а,огледа,correct,,VERB,Aspect=Perf|Mood=Ind|Number=Sing|Person=3|Tense=Past|VerbForm=Fin|Voice=Act
местопроизшествието,местопроизшествие,местопроизшествие,,то,местопроизшествие то,местопроизшествие то,correct,,NOUN,Definite=Def|Gender=Neut|Number=Sing
трупът,труп,труп,,ът,труп ът,труп ът,correct,,NOUN,Definite=Def|Gender=Masc|Number=Sing
локала,локал,локал,,а,локал а,локал а,correct,,NOUN,Definite=Def|Gender=Masc|Number=Sing
родината,родина,родина,,та,родина та,родина та,correct,,NOUN,Definite=Def|Gender=Fem|Number=Sing
неутралитета,неутралитет,неутралитет,,а,неутралитет а,неутралитет а,correct,,NOUN,Definite=Def|Gender=Masc|Number=Sing
дипломати,дипломат,дипломат,,и,дипломат и,дипломат и,correct,,NOUN,Definite=Ind|Gender=Masc|Number=Plur
затворите,затвор,затвор,,ите,затвор ите,затвор ите,correct,,NOUN,Definite=Def|Gender=Masc|Number=Plur
социалдемократите,социалдемократ,социалдемократ,,ите,социалдемократ ите,социалдемократ ите,correct,,NOUN,Definite=Def|Gender=Masc|Number=Plur
шампанското,шампанско,шампанско,,то,шампанско то,шампанско то,correct,,NOUN,Definite=Def|Gender=Neut|Number=Sing
фирмените,фирмен,фирмен,,ите,фирмен ите,фирмен ите,correct,,ADJ,Definite=Def|Degree=Pos|Number=Plur
субекта,субект,субект,,а,субект а,субект а,correct,,NOUN,Definite=Def|Gender=Masc|Number=Sing
столетницата,столетница,столетница,,та,столетница та,столетница та,correct,,NOUN,Definite=Def|Gender=Fem|Number=Sing
премерят,премеря,премеря,,т,премеря т,премеря т,correct,,VERB,Aspect=Imp|Mood=Ind|Number=Plur|Person=3|Tense=Pres|VerbForm=Fin|Voice=Act
мускули,мускул,мускул,,и,мускул и,мускул и,correct,,NOUN,Definite=Ind|Gender=Masc|Number=Plur
същината,същина,същина,,та,същина та,същина та,correct,,NOUN,Definite=Def|Gender=Fem|Number=Sing
социалдемократи,социалдемократ,социалдемократ,,и,социалдемократ и,социалдемократ и,correct,,NOUN,Definite=Ind|Gender=Masc|Number=Plur
въдичката,въдичка,въдичка,,та,въдичка та,въдичка та,correct,,NOUN,Definite=Def|Gender=Fem|Number=Sing
политическият,политически,политически,,ят,политически ят,политически ят,correct,,ADJ,Definite=Def|Degree=Pos|Gender=Masc|Number=Sing
мъгляви,мъгляв,мъгляв,,и,мъгляв и,мъгляв и,correct,,ADJ,Definite=Ind|Degree=Pos|Number=Plur
популярността,популярност,популярност,,та,популярност та,популярност та,correct,,NOUN,Definite=Def|Gender=Fem|Number=Sing
избиратели,избирател,избирател,,и,избирател и,избирател и,correct,,NOUN,Definite=Ind|Gender=Masc|Number=Plur
електората,електорат,електорат,,а,електорат а,електорат а,correct,,NOUN,Definite=Def|Gender=Masc|Number=Sing
изброят,изброя,изброя,,т,изброя т,изброя т,correct,,VERB,Aspect=Perf|Mood=Ind|Number=Plur|Person=3|Tense=Pres|VerbForm=Fin|Voice=Act
личности,личност,личност,,и,личност и,личност и,correct,,NOUN,Definite=Ind|Gender=Fem|Number=Plur
елементаризираме,елементаризирам,елементаризирам,,е,елементаризирам е,елементаризира ме,wrong,plu1person_boundary,VERB,Aspect=Imp|Mood=Ind|Number=Plur|Person=1|Tense=Pres|VerbForm=Fin|Voice=Act
компромати,компромат,компромат,,и,компромат и,компромат и,correct,,NOUN,Definite=Ind|Gender=Masc|Number=Plur
собствения,собствен,собствен,,ия,собствен ия,собствен ия,correct,,ADJ,Definite=Def|Degree=Pos|Gender=Masc|Number=Sing
заплашваме,заплашвам,заплашвам,,е,заплашвам е,заплашва ме,wrong,plu1person_boundary,VERB,Aspect=Imp|Mood=Ind|Number=Plur|Person=1|Tense=Pres|VerbForm=Fin|Voice=Act
спокойствието,спокойствие,спокойствие,,то,спокойствие то,спокойствие то,correct,,NOUN,Definite=Def|Gender=Neut|Number=Sing
черешови,черешов,черешов,,и,черешов и,черешов и,correct,,ADJ,Definite=Ind|Degree=Pos|Number=Plur
топчета,топче,топче,,та,топче та,топче та,correct,,NOUN,Definite=Ind|Gender=Neut|Number=Plur
аскерът,аскер,аскер,,ът,аскер ът,аскер ът,correct,,NOUN,Definite=Def|Gender=Masc|Number=Sing
говорителката,говорителка,говорителка,,та,говорителка та,говорителка та,correct,,NOUN,Definite=Def|Gender=Fem|Number=Sing
седлото,седло,седло,,то,седло то,седло то,correct,,NOUN,Definite=Def|Gender=Neut|Number=Sing
лявото,ляв,ляв,,ото,ляв ото,ляво то,wrong,adj_def_boundary,ADJ,Definite=Def|Degree=Pos|Gender=Neut|Number=Sing
имението,имение,имение,,то,имение то,имение то,correct,,NOUN,Definite=Def|Gender=Neut|Number=Sing
чернокожи,чернокож,чернокож,,и,чернокож и,чернокож и,correct,,ADJ,Definite=Ind|Degree=Pos|Number=Plur
конгресмени,конгресмен,конгресмен,,и,конгресмен и,конгресмен и,correct,,NOUN,Definite=Ind|Gender=Masc|Number=Plur
фаворити,фаворит,фаворит,,и,фаворит и,фаворит и,correct,,NOUN,Definite=Ind|Gender=Masc|Number=Plur
кореспондента,кореспондент,кореспондент,,а,кореспондент а,кореспондент а,correct,,NOUN,Definite=Def|Gender=Masc|Number=Sing
радиото,радио,радио,,то,радио то,радио то,correct,,NOUN,Definite=Def|Gender=Neut|Number=Sing
прескочат,прескоча,прескоча,,т,прескоча т,прескоча т,correct,,VERB,Aspect=Perf|Mood=Ind|Number=Plur|Person=3|Tense=Pres|VerbForm=Fin|Voice=Act
оператора,оператор,оператор,,а,оператор а,оператор а,correct,,NOUN,Definite=Def|Gender=Masc|Number=Sing
пропуските,пропуск,пропуск,,ите,пропуск ите,пропуск ите,correct,,NOUN,Definite=Def|Gender=Masc|Number=Plur
лицензът,лиценз,лиценз,,ът,лиценз ът,лиценз ът,correct,,NOUN,Definite=Def|Gender=Masc|Number=Sing
баланса,баланс,баланс,,а,баланс а,баланс а,correct,,NOUN,Definite=Def|Gender=Masc|Number=Sing
медията,медия,медия,,та,медия та,медия та,correct,,NOUN,Definite=Def|Gender=Fem|Number=Sing
киното,кино,кино,,то,кино то,кино то,correct,,NOUN,Definite=Def|Gender=Neut|Number=Sing
любимия,любим,любим,,ия,любим ия,любим ия,correct,,ADJ,Definite=Def|Degree=Pos|Gender=Masc|Number=Sing
романи,роман,роман,,и,роман и,роман и,correct,,NOUN,Definite=Ind|Gender=Masc|Number=Plur
именития,именит,именит,,ия,именит ия,именит ия,correct,,ADJ,Definite=Def|Degree=Pos|Gender=Masc|Number=Sing
повестта,повест,повест,,та,повест та,повест та,correct,,NOUN,Definite=Def|Gender=Fem|Number=Sing
фалша,фалш,фалш,,а,фалш а,фалш а,correct,,NOUN,Definite=Def|Gender=Masc|Number=Sing
автора,автор,автор,,а,автор а,автор а,correct,,NOUN,Definite=Def|Gender=Masc|Number=Sing
лъжата,лъжа,лъжа,,та,лъжа та,лъжа та,correct,,NOUN,Definite=Def|Gender=Fem|Number=Sing
неискреността,неискреност,неискреност,,та,неискреност та,неискреност та,correct,,NOUN,Definite=Def|Gender=Fem|Number=Sing
прожекцията,прожекция,прожекция,,та,прожекция та,прожекция та,correct,,NOUN,Definite=Def|Gender=Fem|Number=Sing
знаменития,знаменит,знаменит,,ия,знаменит ия,знаменит ия,correct,,ADJ,Definite=Def|Degree=Pos|Gender=Masc|Number=Sing
червена,червен,червен,,а,червен а,червена,correct,adj_gender,ADJ,Definite=Ind|Degree=Pos|Gender=Fem|Number=Sing
ъглови,ъглов,ъглов,,и,ъглов и,ъглов и,correct,,ADJ,Definite=Ind|Degree=Pos|Number=Plur
надписи,надпис,надпис,,и,надпис и,надпис и,correct,,NOUN,Definite=Ind|Gender=Masc|Number=Plur
семафора,семафор,семафор,,а,семафор а,семафор а,correct,,NOUN,Definite=Def|Gender=Masc|Number=Sing
ръкави,ръкав,ръкав,,и,ръкав и,ръкав и,correct,,NOUN,Definite=Ind|Gender=Masc|Number=Plur
висят,вися,вися,,т,вися т,вися т,correct,,VERB,Aspect=Imp|Mood=Ind|Number=Plur|Person=3|Tense=Pres|VerbForm=Fin|Voice=Act
крачолите,крачол,крачол,,ите,крачол ите,крачол ите,correct,,NOUN,Definite=Def|Gender=Masc|Number=Plur
сандали,сандал,сандал,,и,сандал и,сандал и,correct,,NOUN,Definite=Ind|Gender=Masc|Number=Plur
отгатнат,отгатна,отгатна,,т,отгатна т,отгатна т,correct,,VERB,Aspect=Perf|Mood=Ind|Number=Plur|Person=3|Tense=Pres|VerbForm=Fin|Voice=Act
лулата,лула,лула,,та,лула та,лула та,correct,,NOUN,Definite=Def|Gender=Fem|Number=Sing
трикраки,трикрак,трикрак,,и,трикрак и,трикрак и,correct,,ADJ,Definite=Ind|Degree=Pos|Number=Plur
телеграфа,телеграф,телеграф,,а,телеграф а,телеграф а,correct,,NOUN,Definite=Def|Gender=Masc|Number=Sing
багажа,багаж,багаж,,а,багаж а,багаж а,correct,,NOUN,Definite=Def|Gender=Masc|Number=Sing
краля,крал,крал,,я,крал я,крал я,correct,,NOUN,Definite=Def|Gender=Masc|Number=Sing
жълта,жълт,жълт,,а,жълт а,жълта,correct,adj_gender,ADJ,Definite=Ind|Degree=Pos|Gender=Fem|Number=Sing
къса,къс,къс,,а,къс а,къса,correct,adj_gender,ADJ,Definite=Ind|Degree=Pos|Gender=Fem|Number=Sing
карета,каре,каре,,та,каре та,каре та,correct,,NOUN,Definite=Ind|Gender=Neut|Number=Plur
перона,перон,перон,,а,перон а,перон а,correct,,NOUN,Definite=Def|Gender=Masc|Number=Sing
бързи,бърз,бърз,,и,бърз и,бърз и,correct,,ADJ,Definite=Ind|Degree=Pos|Number=Plur
бузата,буза,буза,,та,буза та,буза та,correct,,NOUN,Definite=Def|Gender=Fem|Number=Sing
дявола,дявол,дявол,,а,дявол а,дявол а,correct,,NOUN,Definite=Def|Gender=Masc|Number=Sing
изминалия,измина,измина,,лия,измина лия,изминал ия,wrong,adj_def_boundary,ADJ,Aspect=Perf|Definite=Def|Degree=Pos|Gender=Masc|Number=Sing|Tense=Past|VerbForm=Part|Voice=Act
митове,мит,мит,,ове,мит ове,мит ове,correct,,NOUN,Definite=Ind|Gender=Masc|Number=Plur
трупове,труп,труп,,ове,труп ове,труп ове,correct,,NOUN,Definite=Ind|Gender=Masc|Number=Plur
спомените,спомен,спомен,,ите,спомен ите,спомен ите,correct,,NOUN,Definite=Def|Gender=Masc|Number=Plur
рождението,рождение,рождение,,то,рождение то,рождение то,correct,,NOUN,Definite=Def|Gender=Neut|Number=Sing
розата,роза,роза,,та,роза та,роза та,correct,,NOUN,Definite=Def|Gender=Fem|Number=Sing
медитацията,медитация,медитация,,та,медитация та,медитация та,correct,,NOUN,Definite=Def|Gender=Fem|Number=Sing
напрегнатия,напрегнат,напрегнат,,ия,напрегнат ия,напрегнат ия,correct,,ADJ,Definite=Def|Degree=Pos|Gender=Masc|Number=Sing
аспекти,аспект,аспект,,и,аспект и,аспект и,correct,,NOUN,Definite=Ind|Gender=Masc|Number=Plur
практиката,практика,практика,,та,практика та,практика та,correct,,NOUN,Definite=Def|Gender=Fem|Number=Sing
начинаещи,начинаещ,начинаещ,,и,начинаещ и,начинаещ и,correct,,ADJ,Definite=Ind|Degree=Pos|Number=Plur
напреднали,напредна,напредна,,ли,напредна ли,напредна ли,correct,,VERB,Aspect=Perf|Definite=Ind|Number=Plur|Tense=Past|VerbForm=Part|Voice=Act
мироопазващите,мироопазващ,мироопазващ,,ите,мироопазващ ите,мироопазващи те,wrong,adj_def_boundary,ADJ,Aspect=Imp|Definite=Def|Degree=Pos|Number=Plur|Tense=Pres|VerbForm=Part|Voice=Act
американските,американски,американски,,те,американски те,американск ите,wrong,adj_def_boundary,ADJ,Definite=Def|Degree=Pos|Number=Plur
напуснат,напусна,напусна,,т,напусна т,напусна т,correct,,VERB,Aspect=Perf|Mood=Ind|Number=Plur|Person=3|Tense=Pres|VerbForm=Fin|Voice=Act
спортисти,спортист,спортист,,и,спортист и,спортист и,correct,,NOUN,Definite=Ind|Gender=Masc|Number=Plur
правилото,правило,правило,,то,правило то,правило то,correct,,NOUN,Definite=Def|Gender=Neut|Number=Sing
титуляри,титуляр,титуляр,,и,титуляр и,титуляр и,correct,,NOUN,Definite=Ind|Gender=Masc|Number=Plur
халфът,халф,халф,,ът,халф ът,халф ът,correct,,NOUN,Definite=Def|Gender=Masc|Number=Sing
спринта,спринт,спринт,,а,спринт а,спринт а,correct,,NOUN,Definite=Def|Gender=Masc|Number=Sing
преследването,преследване,преследване,,то,преследване то,преследване то,correct,,NOUN,Definite=Def|Gender=Neut|Number=Sing
стрелбата,стрелба,стрелба,,та,стрелба та,стрелба та,correct,,NOUN,Definite=Def|Gender=Fem|Number=Sing
победителката,победителка,победителка,,та,победителка та,победителка та,correct,,NOUN,Definite=Def|Gender=Fem|Number=Sing
състезатели,състезател,състезател,,и,състезател и,състезател и,correct,,NOUN,Definite=Ind|Gender=Masc|Number=Plur
медали,медал,медал,,и,медал и,медал и,correct,,NOUN,Definite=Ind|Gender=Masc|Number=Plur
златото,злато,злато,,то,злато то,злато то,correct,,NOUN,Definite=Def|Gender=Neut|Number=Sing
грешката,грешка,грешка,,та,грешка та,грешка та,correct,,NOUN,Definite=Def|Gender=Fem|Number=Sing
хегемони,хегемон,хегемон,,и,хегемон и,хегемон и,correct,,NOUN,Definite=Ind|Gender=Masc|Number=Plur
постигнах,постигна,постигна,,х,постигна х,постигна х,correct,,VERB,Aspect=Perf|Mood=Ind|Number=Sing|Person=1|Tense=Past|VerbForm=Fin|Voice=Act
дяволите,дявол,дявол,,ите,дявол ите,дявол ите,correct,,NOUN,Definite=Def|Gender=Masc|Number=Plur
женствена,женствен,женствен,,а,женствен а,женствена,correct,adj_gender,ADJ,Definite=Ind|Degree=Pos|Gender=Fem|Number=Sing
изоставаме,изоставам,изоставам,,е,изоставам е,изостава ме,wrong,plu1person_boundary,VERB,Aspect=Imp|Mood=Ind|Number=Plur|Person=1|Tense=Pres|VerbForm=Fin|Voice=Act
масовото,масов,масов,,ото,масов ото,масово то,wrong,adj_def_boundary,ADJ,Definite=Def|Degree=Pos|Gender=Neut|Number=Sing
убедеността,убеденост,убеденост,,та,убеденост та,убеденост та,correct,,NOUN,Definite=Def|Gender=Fem|Number=Sing
клубът,клуб,клуб,,ът,клуб ът,клуб ът,correct,,NOUN,Definite=Def|Gender=Masc|Number=Sing
домакини,домакин,домакин,,и,домакин и,домакин и,correct,,NOUN,Definite=Ind|Gender=Masc|Number=Plur
абитуриентския,абитуриентски,абитуриентски,,я,абитуриентски я,абитуриентски я,correct,,ADJ,Definite=Def|Degree=Pos|Gender=Masc|Number=Sing
приветствието,приветствие,приветствие,,то,приветствие то,приветствие то,correct,,NOUN,Definite=Def|Gender=Neut|Number=Sing
най-силно,силно,силно,най-,,най- силно,най- силно,correct,,ADV,Degree=Sup
спонсорите,спонсор,спонсор,,ите,спонсор ите,спонсор ите,correct,,NOUN,Definite=Def|Gender=Masc|Number=Plur
празненството,празненство,празненство,,то,празненство то,празненство то,correct,,NOUN,Definite=Def|Gender=Neut|Number=Sing
момчета,момче,момче,,та,момче та,момче та,correct,,NOUN,Definite=Ind|Gender=Neut|Number=Plur
комплекти,комплект,комплект,,и,комплект и,комплект и,correct,,NOUN,Definite=Ind|Gender=Masc|Number=Plur
чорапи,чорап,чорап,,и,чорап и,чорап и,correct,,NOUN,Definite=Ind|Gender=Masc|Number=Plur
купона,купон,купон,,а,купон а,купон а,correct,,NOUN,Definite=Def|Gender=Masc|Number=Sing
вестникарите,вестникар,вестникар,,ите,вестникар ите,вестникар ите,correct,,NOUN,Definite=Def|Gender=Masc|Number=Plur
неразбрана,неразбран,неразбран,,а,неразбран а,неразбрана,correct,adj_gender,ADJ,Definite=Ind|Degree=Pos|Gender=Fem|Number=Sing
немотивираната,немотивиран,немотивиран,,ата,немотивиран ата,немотивирана та,wrong,adj_def_boundary,ADJ,Definite=Def|Degree=Pos|Gender=Fem|Number=Sing
ордените,орден,орден,,ите,орден ите,орден ите,correct,,NOUN,Definite=Def|Gender=Masc|Number=Plur
избухването,избухване,избухване,,то,избухване то,избухване то,correct,,NOUN,Definite=Def|Gender=Neut|Number=Sing
летописеца,летописец,летописец,,а,летописец а,летописец а,correct,,NOUN,Definite=Def|Gender=Masc|Number=Sing
проспекти,проспект,проспект,,и,проспект и,проспект и,correct,,NOUN,Definite=Ind|Gender=Masc|Number=Plur
вица,виц,виц,,а,виц а,виц а,correct,,NOUN,Definite=Def|Gender=Masc|Number=Sing
карнавала,карнавал,карнавал,,а,карнавал а,карнавал а,correct,,NOUN,Definite=Def|Gender=Masc|Number=Sing
кулминацията,кулминация,кулминация,,та,кулминация та,кулминация та,correct,,NOUN,Definite=Def|Gender=Fem|Number=Sing
хумора,хумор,хумор,,а,хумор а,хумор а,correct,,NOUN,Definite=Def|Gender=Masc|Number=Sing
сатирата,сатира,сатира,,та,сатира та,сатира та,correct,,NOUN,Definite=Def|Gender=Fem|Number=Sing
казуса,казус,казус,,а,казус а,казус а,correct,,NOUN,Definite=Def|Gender=Masc|Number=Sing
тържествения,тържествен,тържествен,,ия,тържествен ия,тържествен ия,correct,,ADJ,Definite=Def|Degree=Pos|Gender=Masc|Number=Sing
курсантите,курсант,курсант,,ите,курсант ите,курсант ите,correct,,NOUN,Definite=Def|Gender=Masc|Number=Plur
сборника,сборник,сборник,,а,сборник а,сборник а,correct,,NOUN,Definite=Def|Gender=Masc|Number=Sing
съставителите,съставител,съставител,,ите,съставител ите,съставител ите,correct,,NOUN,Definite=Def|Gender=Masc|Number=Plur
разбулят,разбуля,разбуля,,т,разбуля т,разбуля т,correct,,VERB,Aspect=Perf|Mood=Ind|Number=Plur|Person=3|Tense=Pres|VerbForm=Fin|Voice=Act
мистерията,мистерия,мистерия,,та,мистерия та,мистерия та,correct,,NOUN,Definite=Def|Gender=Fem|Number=Sing
подхода,подход,подход,,а,подход а,подход а,correct,,NOUN,Definite=Def|Gender=Masc|Number=Sing
познанието,познание,познание,,то,познание то,познание то,correct,,NOUN,Definite=Def|Gender=Neut|Number=Sing
новоприетия,новоприет,новоприет,,ия,новоприет ия,новоприет ия,correct,,ADJ,Definite=Def|Degree=Pos|Gender=Masc|Number=Sing
брифинги,брифинг,брифинг,,и,брифинг и,брифинг и,correct,,NOUN,Definite=Ind|Gender=Masc|Number=Plur
нетърпеливи,нетърпелив,нетърпелив,,и,нетърпелив и,нетърпелив и,correct,,ADJ,Definite=Ind|Degree=Pos|Number=Plur
посрещнаха,посрещна,посрещна,,ха,посрещна ха,посрещна ха,correct,,VERB,Aspect=Perf|Mood=Ind|Number=Plur|Person=3|Tense=Past|VerbForm=Fin|Voice=Act
появата,поява,поява,,та,поява та,поява та,correct,,NOUN,Definite=Def|Gender=Fem|Number=Sing
президентите,президент,президент,,ите,президент ите,президент ите,correct,,NOUN,Definite=Def|Gender=Masc|Number=Plur
разкриването,разкриване,разкриване,,то,разкриване то,разкриване то,correct,,NOUN,Definite=Def|Gender=Neut|Number=Sing
основан,основа,основа,,н,основа н,основан,correct,,VERB,Aspect=Perf|Definite=Ind|Gender=Masc|Number=Sing|VerbForm=Part|Voice=Pass
ценности,ценност,ценност,,и,ценност и,ценност и,correct,,NOUN,Definite=Ind|Gender=Fem|Number=Plur
непростима,непростим,непростим,,а,непростим а,непростима,correct,adj_gender,ADJ,Definite=Ind|Degree=Pos|Gender=Fem|Number=Sing
елити,елит,елит,,и,елит и,елит и,correct,,NOUN,Definite=Ind|Gender=Masc|Number=Plur
пропуснат,пропусна,пропусна,,т,пропусна т,пропуснат,correct,,VERB,Aspect=Perf|Mood=Ind|Number=Sing|Person=3|VerbForm=Fin|Voice=Pass
войните,войн,войн,,ите,войн ите,войн ите,correct,,NOUN,Definite=Def|Gender=Masc|Number=Plur
запаса,запас,запас,,а,запас а,запас а,correct,,NOUN,Definite=Def|Gender=Masc|Number=Sing
професионалисти,професионалист,професионалист,,и,професионалист и,професионалист и,correct,,NOUN,Definite=Ind|Gender=Masc|Number=Plur
предшественика,предшественик,предшественик,,а,предшественик а,предшественик а,correct,,NOUN,Definite=Def|Gender=Masc|Number=Sing
анекса,анекс,анекс,,а,анекс а,анекс а,correct,,NOUN,Definite=Def|Gender=Masc|Number=Sing
тютюневата,тютюнев,тютюнев,,ата,тютюнев ата,тютюнева та,wrong,adj_def_boundary,ADJ,Definite=Def|Degree=Pos|Gender=Fem|Number=Sing
тържището,тържище,тържище,,то,тържище то,тържище то,correct,,NOUN,Definite=Def|Gender=Neut|Number=Sing
фермерите,фермер,фермер,,ите,фермер ите,фермер ите,correct,,NOUN,Definite=Def|Gender=Masc|Number=Plur
най-необходимите,необходим,необходим,най-,ите,най- необходим ите,най- необходим ите,correct,,ADJ,Definite=Def|Degree=Sup|Number=Plur
подизпълнители,подизпълнител,подизпълнител,,и,подизпълнител и,подизпълнител и,correct,,NOUN,Definite=Ind|Gender=Masc|Number=Plur
надвишат,надвиша,надвиша,,т,надвиша т,надвиша т,correct,,VERB,Aspect=Perf|Mood=Ind|Number=Plur|Person=3|Tense=Pres|VerbForm=Fin|Voice=Act
остатъкът,остатък,остатък,,ът,остатък ът,остатък ът,correct,,NOUN,Definite=Def|Gender=Masc|Number=Sing
собствени,собствен,собствен,,и,собствен и,собствен и,correct,,ADJ,Definite=Ind|Degree=Pos|Number=Plur
заемът,заем,заем,,ът,заем ът,заем ът,correct,,NOUN,Definite=Def|Gender=Masc|Number=Sing
образеца,образец,образец,,а,образец а,образец а,correct,,NOUN,Definite=Def|Gender=Masc|Number=Sing
цифрова,цифров,цифров,,а,цифров а,цифрова,correct,adj_gender,ADJ,Definite=Ind|Degree=Pos|Gender=Fem|Number=Sing
коментираме,коментирам,коментирам,,е,коментирам е,коментира ме,wrong,plu1person_boundary,VERB,Aspect=Imp|Mood=Ind|Number=Plur|Person=1|Tense=Pres|VerbForm=Fin|Voice=Act
телекома,телеком,телеком,,а,телеком а,телеком а,correct,,NOUN,Definite=Def|Gender=Masc|Number=Sing
лиценза,лиценз,лиценз,,а,лиценз а,лиценз а,correct,,NOUN,Definite=Def|Gender=Masc|Number=Sing
баскетболиста,баскетболист,баскетболист,,а,баскетболист а,баскетболист а,correct,,NOUN,Definite=Def|Gender=Masc|Number=Sing
най-леките,лек,лек,най-,ите,най- лек ите,най- лек ите,correct,,ADJ,Definite=Def|Degree=Sup|Number=Plur
спорът,спор,спор,,ът,спор ът,спор ът,correct,,NOUN,Definite=Def|Gender=Masc|Number=Sing
килограма,килограм,килограм,,а,килограм а,килограм а,correct,,NOUN,Definite=Def|Gender=Masc|Number=Sing
дебюта,дебют,дебют,,а,дебют а,дебют а,correct,,NOUN,Definite=Def|Gender=Masc|Number=Sing
подсилят,подсиля,подсиля,,т,подсиля т,подсиля т,correct,,VERB,Aspect=Perf|Mood=Ind|Number=Plur|Person=3|Tense=Pres|VerbForm=Fin|Voice=Act
атаката,атака,атака,,та,атака та,атака та,correct,,NOUN,Definite=Def|Gender=Fem|Number=Sing
необмислените,необмислен,необмислен,,ите,необмислен ите,необмислен ите,correct,,ADJ,Definite=Def|Degree=Pos|Number=Plur
пресконференцията,пресконференция,пресконференция,,та,пресконференция та,пресконференция та,correct,,NOUN,Definite=Def|Gender=Fem|Number=Sing
хулигани,хулиган,хулиган,,и,хулиган и,хулиган и,correct,,NOUN,Definite=Ind|Gender=Masc|Number=Plur
фенове,фен,фен,,ове,фен ове,фен ове,correct,,NOUN,Definite=Ind|Gender=Masc|Number=Plur
зарята,заря,заря,,та,заря та,заря та,correct,,NOUN,Definite=Def|Gender=Fem|Number=Sing
левскарите,левскар,левскар,,ите,левскар ите,левскар ите,correct,,NOUN,Definite=Def|Gender=Masc|Number=Plur
феновете,фен,фен,,овете,фен овете,фен овете,correct,,NOUN,Definite=Def|Gender=Masc|Number=Plur
фенклуба,фенклуб,фенклуб,,а,фенклуб а,фенклуб а,correct,,NOUN,Definite=Def|Gender=Masc|Number=Sing
терена,терен,терен,,а,терен а,терен а,correct,,NOUN,Definite=Def|Gender=Masc|Number=Sing
политизирането,политизиране,политизиране,,то,политизиране то,политизиране то,correct,,NOUN,Definite=Def|Gender=Neut|Number=Sing
жертвата,жертва,жертва,,та,жертва та,жертва та,correct,,NOUN,Definite=Def|Gender=Fem|Number=Sing
сюжета,сюжет,сюжет,,а,сюжет а,сюжет а,correct,,NOUN,Definite=Def|Gender=Masc|Number=Sing
противопоставянето,противопоставяне,противопоставяне,,то,противопоставяне то,противопоставяне то,correct,,NOUN,Definite=Def|Gender=Neut|Number=Sing
погроми,погром,погром,,и,погром и,погром и,correct,,NOUN,Definite=Ind|Gender=Masc|Number=Plur
концлагери,концлагер,концлагер,,и,концлагер и,концлагер и,correct,,NOUN,Definite=Ind|Gender=Masc|Number=Plur
разселят,разселя,разселя,,т,разселя т,разселя т,correct,,VERB,Aspect=Imp|Mood=Ind|Number=Plur|Person=3|Tense=Pres|VerbForm=Fin|Voice=Act
германските,германски,германски,,те,германски те,германск ите,wrong,adj_def_boundary,ADJ,Definite=Def|Degree=Pos|Number=Plur
зулуми,зулум,зулум,,и,зулум и,зулум и,correct,,NOUN,Definite=Ind|Gender=Masc|Number=Plur
еврейските,еврейски,еврейски,,те,еврейски те,еврейск ите,wrong,adj_def_boundary,ADJ,Definite=Def|Degree=Pos|Number=Plur
лагери,лагер,лагер,,и,лагер и,лагер и,correct,,NOUN,Definite=Ind|Gender=Masc|Number=Plur
актрисата,актриса,актриса,,та,актриса та,актриса та,correct,,NOUN,Definite=Def|Gender=Fem|Number=Sing
ангелските,ангелски,ангелски,,те,ангелски те,ангелск ите,wrong,adj_def_boundary,ADJ,Definite=Def|Degree=Pos|Number=Plur
речи,реч,реч,,и,реч и,реч и,correct,,NOUN,Definite=Ind|Gender=Fem|Number=Plur
чевермета,чеверме,чеверме,,та,чеверме та,чеверме та,correct,,NOUN,Definite=Ind|Gender=Neut|Number=Plur
конкурсите,конкурс,конкурс,,ите,конкурс ите,конкурс ите,correct,,NOUN,Definite=Def|Gender=Masc|Number=Plur
организирането,организиране,организиране,,то,организиране то,организиране то,correct,,NOUN,Definite=Def|Gender=Neut|Number=Sing
мерака,мерак,мерак,,а,мерак а,мерак а,correct,,NOUN,Definite=Def|Gender=Masc|Number=Sing
нашумялата,нашумя,нашумя,,лата,нашумя лата,нашумяла та,wrong,adj_def_boundary,ADJ,Aspect=Perf|Definite=Def|Degree=Pos|Gender=Fem|Number=Sing|Tense=Past|VerbForm=Part|Voice=Act
фондацията,фондация,фондация,,та,фондация та,фондация та,correct,,NOUN,Definite=Def|Gender=Fem|Number=Sing
танцово,танцов,танцов,,о,танцов о,танцово,correct,adj_gender,ADJ,Definite=Ind|Degree=Pos|Gender=Neut|Number=Sing
кампанията,кампания,кампания,,та,кампания та,кампания та,correct,,NOUN,Definite=Def|Gender=Fem|Number=Sing
пушачи,пушач,пушач,,и,пушач и,пушач и,correct,,NOUN,Definite=Ind|Gender=Masc|Number=Plur
умрат,умра,умра,,т,умра т,умра т,correct,,VERB,Aspect=Perf|Mood=Ind|Number=Plur|Person=3|Tense=Pres|VerbForm=Fin|Voice=Act
отказването,отказване,отказване,,то,отказване то,отказване то,correct,,NOUN,Definite=Def|Gender=Neut|Number=Sing
дробовете,дроб,дроб,,овете,дроб овете,дроб овете,correct,,NOUN,Definite=Def|Gender=Masc|Number=Plur
навършат,навърша,навърша,,т,навърша т,навърша т,correct,,VERB,Aspect=Perf|Mood=Ind|Number=Plur|Person=3|Tense=Pres|VerbForm=Fin|Voice=Act
захвърлят,захвърля,захвърля,,т,захвърля т,захвърл ят,wrong,,VERB,Aspect=Imp|Mood=Ind|Number=Plur|Person=3|Tense=Pres|VerbForm=Fin|Voice=Act
обкръжението,обкръжение,обкръжение,,то,обкръжение то,обкръжение то,correct,,NOUN,Definite=Def|Gender=Neut|Number=Sing
истинският,истински,истински,,ят,истински ят,истински ят,correct,,ADJ,Definite=Def|Degree=Pos|Gender=Masc|Number=Sing
въведат,въведа,въведа,,т,въведа т,въведа т,correct,,VERB,Aspect=Perf|Mood=Ind|Number=Plur|Person=3|Tense=Pres|VerbForm=Fin|Voice=Act
по-нагъл,нагъл,нагъл,по-,,по- нагъл,по- нагъл,correct,,ADJ,Definite=Ind|Degree=Pos|Gender=Masc|Number=Sing
инвалиди,инвалид,инвалид,,и,инвалид и,инвалид и,correct,,NOUN,Definite=Ind|Gender=Masc|Number=Plur
стигнал,стигна,стигна,,л,стигна л,стигна л,correct,,VERB,Aspect=Perf|Definite=Ind|Gender=Masc|Number=Sing|Tense=Past|VerbForm=Part|Voice=Act
изчезването,изчезване,изчезване,,то,изчезване то,изчезване то,correct,,NOUN,Definite=Def|Gender=Neut|Number=Sing
фондът,фонд,фонд,,ът,фонд ът,фонд ът,correct,,NOUN,Definite=Def|Gender=Masc|Number=Sing
пристанището,пристанище,пристанище,,то,пристанище то,пристанище то,correct,,NOUN,Definite=Def|Gender=Neut|Number=Sing
разпространители,разпространител,разпространител,,и,разпространител и,разпространител и,correct,,NOUN,Definite=Ind|Gender=Masc|Number=Plur
радиокасетофона,радиокасетофон,радиокасетофон,,а,радиокасетофон а,радиокасетофон а,correct,,NOUN,Definite=Def|Gender=Masc|Number=Sing
магазини,магазин,магазин,,и,магазин и,магазин и,correct,,NOUN,Definite=Ind|Gender=Masc|Number=Plur
фалшификати,фалшификат,фалшификат,,и,фалшификат и,фалшификат и,correct,,NOUN,Definite=Ind|Gender=Masc|Number=Plur
цифрата,цифра,цифра,,та,цифра та,цифра та,correct,,NOUN,Definite=Def|Gender=Fem|Number=Sing
лентата,лента,лента,,та,лента та,лента та,correct,,NOUN,Definite=Def|Gender=Fem|Number=Sing
фина,фин,фин,,а,фин а,фина,correct,adj_gender,ADJ,Definite=Ind|Degree=Pos|Gender=Fem|Number=Sing
пламнали,пламна,пламна,,ли,пламна ли,пламна ли,correct,,VERB,Aspect=Perf|Definite=Ind|Number=Plur|Tense=Past|VerbForm=Part|Voice=Act
мотоциклетисти,мотоциклетист,мотоциклетист,,и,мотоциклетист и,мотоциклетист и,correct,,NOUN,Definite=Ind|Gender=Masc|Number=Plur
банкета,банкет,банкет,,а,банкет а,банкет а,correct,,NOUN,Definite=Def|Gender=Masc|Number=Sing
пожарникари,пожарникар,пожарникар,,и,пожарникар и,пожарникар и,correct,,NOUN,Definite=Ind|Gender=Masc|Number=Plur
потушат,потуша,потуша,,т,потуша т,потуша т,correct,,VERB,Aspect=Perf|Mood=Ind|Number=Plur|Person=3|Tense=Pres|VerbForm=Fin|Voice=Act
гасенето,гасене,гасене,,то,гасене то,гасене то,correct,,NOUN,Definite=Def|Gender=Neut|Number=Sing
хеликоптера,хеликоптер,хеликоптер,,а,хеликоптер а,хеликоптер а,correct,,NOUN,Definite=Def|Gender=Masc|Number=Sing
курса,курс,курс,,а,курс а,курс а,correct,,NOUN,Definite=Def|Gender=Masc|Number=Sing
лошата,лош,лош,,ата,лош ата,лоша та,wrong,adj_def_boundary,ADJ,Definite=Def|Degree=Pos|Gender=Fem|Number=Sing
горяха,горя,горя,,ха,горя ха,горя ха,correct,,VERB,Aspect=Imp|Mood=Ind|Number=Plur|Person=3|Tense=Imp|VerbForm=Fin|Voice=Act
пожара,пожар,пожар,,а,пожар а,пожар а,correct,,NOUN,Definite=Def|Gender=Masc|Number=Sing
вертолети,вертолет,вертолет,,и,вертолет и,вертолет и,correct,,NOUN,Definite=Ind|Gender=Masc|Number=Plur
пожари,пожар,пожар,,и,пожар и,пожар и,correct,,NOUN,Definite=Ind|Gender=Masc|Number=Plur
неразрешено,неразрешен,неразрешен,,о,неразрешен о,неразрешено,correct,adj_gender,ADV,Degree=Pos
юристи,юрист,юрист,,и,юрист и,юрист и,correct,,NOUN,Definite=Ind|Gender=Masc|Number=Plur
старта,старт,старт,,а,старт а,старт а,correct,,NOUN,Definite=Def|Gender=Masc|Number=Sing
мълчаливо,мълчалив,мълчалив,,о,мълчалив о,мълчаливо,correct,adj_gender,ADV,Degree=Pos
фелдшерът,фелдшер,фелдшер,,ът,фелдшер ът,фелдшер ът,correct,,NOUN,Definite=Def|Gender=Masc|Number=Sing
грубо,груб,груб,,о,груб о,грубо,correct,adj_gender,ADV,Degree=Pos
безстопанствено,безстопанствен,безстопанствен,,о,безстопанствен о,безстопанствено,correct,adj_gender,ADV,Degree=Pos
публикуваме,публикувам,публикувам,,е,публикувам е,публикува ме,wrong,plu1person_boundary,VERB,Aspect=Imp|Mood=Ind|Number=Plur|Person=1|Tense=Pres|VerbForm=Fin|Voice=Act
джамията,джамия,джамия,,та,джамия та,джамия та,correct,,NOUN,Definite=Def|Gender=Fem|Number=Sing
отборите,отбор,отбор,,ите,отбор ите,отбор ите,correct,,NOUN,Definite=Def|Gender=Masc|Number=Plur
халфа,халф,халф,,а,халф а,халф а,correct,,NOUN,Definite=Def|Gender=Masc|Number=Sing
играчът,играч,играч,,ът,играч ът,играч ът,correct,,NOUN,Definite=Def|Gender=Masc|Number=Sing
епидемията,епидемия,епидемия,,та,епидемия та,епидемия та,correct,,NOUN,Definite=Def|Gender=Fem|Number=Sing
непотвърдени,непотвърден,непотвърден,,и,непотвърден и,непотвърден и,correct,,ADJ,Definite=Ind|Degree=Pos|Number=Plur
делтата,делта,делта,,та,делта та,делта та,correct,,NOUN,Definite=Def|Gender=Fem|Number=Sing
пренасянето,пренасяне,пренасяне,,то,пренасяне то,пренасяне то,correct,,NOUN,Definite=Def|Gender=Neut|Number=Sing
пропуснато,пропусна,пропусна,,то,пропусна то,пропуснато,correct,,VERB,Aspect=Perf|Definite=Ind|Gender=Neut|Number=Sing|VerbForm=Part|Voice=Pass
козата,коза,коза,,та,коза та,коза та,correct,,NOUN,Definite=Def|Gender=Fem|Number=Sing
ярето,яре,яре,,то,яре то,яре то,correct,,NOUN,Definite=Def|Gender=Neut|Number=Sing
дробове,дроб,дроб,,ове,дроб ове,дроб ове,correct,,NOUN,Definite=Ind|Gender=Masc|Number=Plur
кръвоизливи,кръвоизлив,кръвоизлив,,и,кръвоизлив и,кръвоизлив и,correct,,NOUN,Definite=Ind|Gender=Masc|Number=Plur
обработката,обработка,обработка,,та,обработка та,обработка та,correct,,NOUN,Definite=Def|Gender=Fem|Number=Sing
неохраняеми,неохраняем,неохраняем,,и,неохраняем и,неохраняем и,correct,,ADJ,Definite=Ind|Degree=Pos|Number=Plur
мият,мия,мия,,т,мия т,мия т,correct,,VERB,Aspect=Imp|Mood=Ind|Number=Plur|Person=3|Tense=Pres|VerbForm=Fin|Voice=Act
олиото,олио,олио,,то,олио то,олио то,correct,,NOUN,Definite=Def|Gender=Neut|Number=Sing
боба,боб,боб,,а,боб а,боб а,correct,,NOUN,Definite=Def|Gender=Masc|Number=Sing
сиренето,сирене,сирене,,то,сирене то,сирене то,correct,,NOUN,Definite=Def|Gender=Neut|Number=Sing
взривовете,взрив,взрив,,овете,взрив овете,взрив овете,correct,,NOUN,Definite=Def|Gender=Masc|Number=Plur
атентаторите,атентатор,атентатор,,ите,атентатор ите,атентатор ите,correct,,NOUN,Definite=Def|Gender=Masc|Number=Plur
бомбената,бомбен,бомбен,,ата,бомбен ата,бомбена та,wrong,adj_def_boundary,ADJ,Definite=Def|Degree=Pos|Gender=Fem|Number=Sing
ищеца,ищец,ищец,,а,ищец а,ищец а,correct,,NOUN,Definite=Def|Gender=Masc|Number=Sing
разноските,разноски,разноски,,те,разноски те,разноски те,correct,,NOUN,Definite=Def|Number=Ptan
арестанти,арестант,арестант,,и,арестант и,арестант и,correct,,NOUN,Definite=Ind|Gender=Masc|Number=Plur
престъплението,престъпление,престъпление,,то,престъпление то,престъпление то,correct,,NOUN,Definite=Def|Gender=Neut|Number=Sing
вещи,вещ,вещ,,и,вещ и,вещ и,correct,,NOUN,Definite=Ind|Gender=Fem|Number=Plur
свикнахме,свикна,свикна,,хме,свикна хме,свикна хме,correct,,VERB,Aspect=Perf|Mood=Ind|Number=Plur|Person=1|Tense=Past|VerbForm=Fin|Voice=Act
разголването,разголване,разголване,,то,разголване то,разголване то,correct,,NOUN,Definite=Def|Gender=Neut|Number=Sing
гледката,гледка,гледка,,та,гледка та,гледка та,correct,,NOUN,Definite=Def|Gender=Fem|Number=Sing
дългоочаквания,дългоочакван,дългоочакван,,ия,дългоочакван ия,дългоочакван ия,correct,,ADJ,Definite=Def|Degree=Pos|Gender=Masc|Number=Sing
прелъстителката,прелъстителка,прелъстителка,,та,прелъстителка та,прелъстителка та,correct,,NOUN,Definite=Def|Gender=Fem|Number=Sing
изявата,изява,изява,,та,изява та,изява та,correct,,NOUN,Definite=Def|Gender=Fem|Number=Sing
сайта,сайт,сайт,,а,сайт а,сайт а,correct,,NOUN,Definite=Def|Gender=Masc|Number=Sing
пазаруването,пазаруване,пазаруване,,то,пазаруване то,пазаруване то,correct,,NOUN,Definite=Def|Gender=Neut|Number=Sing
знаменитости,знаменитост,знаменитост,,и,знаменитост и,знаменитост и,correct,,NOUN,Definite=Ind|Gender=Fem|Number=Plur
имена,име,име,,на,име на,имена,correct,,NOUN,Definite=Ind|Gender=Neut|Number=Plur
изводът,извод,извод,,ът,извод ът,извод ът,correct,,NOUN,Definite=Def|Gender=Masc|Number=Sing
гласял,глася,глася,,л,глася л,глася л,correct,,VERB,Aspect=Imp|Definite=Ind|Gender=Masc|Number=Sing|Tense=Past|VerbForm=Part|Voice=Act
проверят,проверя,проверя,,т,проверя т,проверя т,correct,,VERB,Aspect=Perf|Mood=Ind|Number=Plur|Person=3|Tense=Pres|VerbForm=Fin|Voice=Act
микрофоните,микрофон,микрофон,,ите,микрофон ите,микрофон ите,correct,,NOUN,Definite=Def|Gender=Masc|Number=Plur
писмена,писмен,писмен,,а,писмен а,писмена,correct,adj_gender,ADJ,Definite=Ind|Degree=Pos|Gender=Fem|Number=Sing
активирането,активиране,активиране,,то,активиране то,активиране то,correct,,NOUN,Definite=Def|Gender=Neut|Number=Sing
дебатът,дебат,дебат,,ът,дебат ът,дебат ът,correct,,NOUN,Definite=Def|Gender=Masc|Number=Sing
заместничката,заместничка,заместничка,,та,заместничка та,заместничка та,correct,,NOUN,Definite=Def|Gender=Fem|Number=Sing
останала,остана,остана,,ла,остана ла,остана ла,correct,,VERB,Aspect=Perf|Definite=Ind|Gender=Fem|Number=Sing|Tense=Past|VerbForm=Part|Voice=Act
вицепремиерът,вицепремиер,вицепремиер,,ът,вицепремиер ът,вицепремиер ът,correct,,NOUN,Definite=Def|Gender=Masc|Number=Sing
купувачите,купувач,купувач,,ите,купувач ите,купувач ите,correct,,NOUN,Definite=Def|Gender=Masc|Number=Plur
мотивите,мотив,мотив,,ите,мотив ите,мотив ите,correct,,NOUN,Definite=Def|Gender=Masc|Number=Plur
прецеденти,прецедент,прецедент,,и,прецедент и,прецедент и,correct,,NOUN,Definite=Ind|Gender=Masc|Number=Plur
консорциума,консорциум,консорциум,,а,консорциум а,консорциум а,correct,,NOUN,Definite=Def|Gender=Masc|Number=Sing
подходяща,подходящ,подходящ,,а,подходящ а,подходяща,correct,adj_gender,ADJ,Definite=Ind|Degree=Pos|Gender=Fem|Number=Sing
консултанта,консултант,консултант,,а,консултант а,консултант а,correct,,NOUN,Definite=Def|Gender=Masc|Number=Sing
борсата,борса,борса,,та,борса та,борса та,correct,,NOUN,Definite=Def|Gender=Fem|Number=Sing
купувачи,купувач,купувач,,и,купувач и,купувач и,correct,,NOUN,Definite=Ind|Gender=Masc|Number=Plur
реакцията,реакция,реакция,,та,реакция та,реакция та,correct,,NOUN,Definite=Def|Gender=Fem|Number=Sing
представителят,представител,представител,,ят,представител ят,представител ят,correct,,NOUN,Definite=Def|Gender=Masc|Number=Sing
превода,превод,превод,,а,превод а,превод а,correct,,NOUN,Definite=Def|Gender=Masc|Number=Sing
зяпнахме,зяпна,зяпна,,хме,зяпна хме,зяпна хме,correct,,VERB,Aspect=Perf|Mood=Ind|Number=Plur|Person=1|Tense=Past|VerbForm=Fin|Voice=Act
твърдял,твърдя,твърдя,,л,твърдя л,твърдя л,correct,,VERB,Aspect=Imp|Definite=Ind|Gender=Masc|Number=Sing|Tense=Past|VerbForm=Part|Voice=Act
разговорът,разговор,разговор,,ът,разговор ът,разговор ът,correct,,NOUN,Definite=Def|Gender=Masc|Number=Sing
представителите,представител,представител,,ите,представител ите,представител ите,correct,,NOUN,Definite=Def|Gender=Masc|Number=Plur
интересът,интерес,интерес,,ът,интерес ът,интерес ът,correct,,NOUN,Definite=Def|Gender=Masc|Number=Sing
телекоми,телеком,телеком,,и,телеком и,телеком и,correct,,NOUN,Definite=Ind|Gender=Masc|Number=Plur
нараснал,нарасна,нарасна,,л,нарасна л,нарасна л,correct,,VERB,Aspect=Perf|Definite=Ind|Gender=Masc|Number=Sing|Tense=Past|VerbForm=Part|Voice=Act
раздържавяването,раздържавяване,раздържавяване,,то,раздържавяване то,раздържавяване то,correct,,NOUN,Definite=Def|Gender=Neut|Number=Sing
водоснабдяването,водоснабдяване,водоснабдяване,,то,водоснабдяване то,водоснабдяване то,correct,,NOUN,Definite=Def|Gender=Neut|Number=Sing
газоснабдяването,газоснабдяване,газоснабдяване,,то,газоснабдяване то,газоснабдяване то,correct,,NOUN,Definite=Def|Gender=Neut|Number=Sing
достъпа,достъп,достъп,,а,достъп а,достъп а,correct,,NOUN,Definite=Def|Gender=Masc|Number=Sing
преотстъпването,преотстъпване,преотстъпване,,то,преотстъпване то,преотстъпване то,correct,,NOUN,Definite=Def|Gender=Neut|Number=Sing
офицера,офицер,офицер,,а,офицер а,офицер а,correct,,NOUN,Definite=Def|Gender=Masc|Number=Sing
инициали,инициал,инициал,,и,инициал и,инициал и,correct,,NOUN,Definite=Ind|Gender=Masc|Number=Plur
схемата,схема,схема,,та,схема та,схема та,correct,,NOUN,Definite=Def|Gender=Fem|Number=Sing
акцията,акция,акция,,та,акция та,акция та,correct,,NOUN,Definite=Def|Gender=Fem|Number=Sing
рапорта,рапорт,рапорт,,а,рапорт а,рапорт а,correct,,NOUN,Definite=Def|Gender=Masc|Number=Sing
красноречиво,красноречив,красноречив,,о,красноречив о,красноречиво,correct,adj_gender,ADV,Degree=Pos
най-новият,нов,нов,най-,ият,най- нов ият,най- нов ият,correct,,ADJ,Definite=Def|Degree=Sup|Gender=Masc|Number=Sing
списанието,списание,списание,,то,списание то,списание то,correct,,NOUN,Definite=Def|Gender=Neut|Number=Sing
кабинети,кабинет,кабинет,,и,кабинет и,кабинет и,correct,,NOUN,Definite=Ind|Gender=Masc|Number=Plur
терминът,термин,термин,,ът,термин ът,термин ът,correct,,NOUN,Definite=Def|Gender=Masc|Number=Sing
аргото,арго,арго,,то,арго то,арго то,correct,,NOUN,Definite=Def|Gender=Neut|Number=Sing
уреда,уред,уред,,а,уред а,уред а,correct,,NOUN,Definite=Def|Gender=Masc|Number=Sing
микрофони,микрофон,микрофон,,и,микрофон и,микрофон и,correct,,NOUN,Definite=Ind|Gender=Masc|Number=Plur
олимпийските,олимпийски,олимпийски,,те,олимпийски те,олимпийск ите,wrong,adj_def_boundary,ADJ,Definite=Def|Degree=Pos|Number=Plur
хомосексуалисти,хомосексуалист,хомосексуалист,,и,хомосексуалист и,хомосексуалист и,correct,,NOUN,Definite=Ind|Gender=Masc|Number=Plur
гейовете,гей,гей,,овете,гей овете,гей овете,correct,,NOUN,Definite=Def|Gender=Masc|Number=Plur
хомосексуалистите,хомосексуалист,хомосексуалист,,ите,хомосексуалист ите,хомосексуалист ите,correct,,NOUN,Definite=Def|Gender=Masc|Number=Plur
наместника,наместник,наместник,,а,наместник а,наместник а,correct,,NOUN,Definite=Def|Gender=Masc|Number=Sing
психото,психо,психо,,то,психо то,психо то,correct,,NOUN,Definite=Def|Gender=Masc|Number=Sing
адреса,адрес,адрес,,а,адрес а,адрес а,correct,,NOUN,Definite=Def|Gender=Masc|Number=Sing
актът,акт,акт,,ът,акт ът,акт ът,correct,,NOUN,Definite=Def|Gender=Masc|Number=Sing
пристигнала,пристигна,пристигна,,ла,пристигна ла,пристигна ла,correct,,VERB,Aspect=Perf|Definite=Ind|Gender=Fem|Number=Sing|Tense=Past|VerbForm=Part|Voice=Act
тийнейджъра,тийнейджър,тийнейджър,,а,тийнейджър а,тийнейджър а,correct,,NOUN,Definite=Def|Gender=Masc|Number=Sing
продаваме,продавам,продавам,,е,продавам е,продава ме,wrong,plu1person_boundary,VERB,Aspect=Imp|Mood=Ind|Number=Plur|Person=1|Tense=Pres|VerbForm=Fin|Voice=Act
килограми,килограм,килограм,,и,килограм и,килограм и,correct,,NOUN,Definite=Ind|Gender=Masc|Number=Plur
бройката,бройка,бройка,,та,бройка та,бройка та,correct,,NOUN,Definite=Def|Gender=Fem|Number=Sing
най-подходящ,подходящ,подходящ,най-,,най- подходящ,най- подходящ,correct,,ADJ,Definite=Ind|Degree=Pos|Gender=Masc|Number=Sing
щангистът,щангист,щангист,,ът,щангист ът,щангист ът,correct,,NOUN,Definite=Def|Gender=Masc|Number=Sing
тениса,тенис,тенис,,а,тенис а,тенис а,correct,,NOUN,Definite=Def|Gender=Masc|Number=Sing
баскетшампиона,баскетшампион,баскетшампион,,а,баскетшампион а,баскетшампион а,correct,,NOUN,Definite=Def|Gender=Masc|Number=Sing
прегледи,преглед,преглед,,и,преглед и,преглед и,correct,,NOUN,Definite=Ind|Gender=Masc|Number=Plur
мениджъра,мениджър,мениджър,,а,мениджър а,мениджър а,correct,,NOUN,Definite=Def|Gender=Masc|Number=Sing
веригата,верига,верига,,та,верига та,верига та,correct,,NOUN,Definite=Def|Gender=Fem|Number=Sing
пейката,пейка,пейка,,та,пейка та,пейка та,correct,,NOUN,Definite=Def|Gender=Fem|Number=Sing
футболът,футбол,футбол,,ът,футбол ът,футбол ът,correct,,NOUN,Definite=Def|Gender=Masc|Number=Sing
хърватския,хърватски,хърватски,,я,хърватски я,хърватски я,correct,,ADJ,Definite=Def|Degree=Pos|Gender=Masc|Number=Sing
мачът,мач,мач,,ът,мач ът,мач ът,correct,,NOUN,Definite=Def|Gender=Masc|Number=Sing
билети,билет,билет,,и,билет и,билет и,correct,,NOUN,Definite=Ind|Gender=Masc|Number=Plur
най-скъпите,скъп,скъп,най-,ите,най- скъп ите,най- скъп ите,correct,,ADJ,Definite=Def|Degree=Sup|Number=Plur
левскари,левскар,левскар,,и,левскар и,левскар и,correct,,NOUN,Definite=Ind|Gender=Masc|Number=Plur
шампионите,шампион,шампион,,ите,шампион ите,шампион ите,correct,,NOUN,Definite=Def|Gender=Masc|Number=Plur
секторите,сектор,сектор,,ите,сектор ите,сектор ите,correct,,NOUN,Definite=Def|Gender=Masc|Number=Plur
дербито,дерби,дерби,,то,дерби то,дерби то,correct,,NOUN,Definite=Def|Gender=Neut|Number=Sing
кръга,кръг,кръг,,а,кръг а,кръг а,correct,,NOUN,Definite=Def|Gender=Masc|Number=Sing
постигнаха,постигна,постигна,,ха,постигна ха,постигна ха,correct,,VERB,Aspect=Perf|Mood=Ind|Number=Plur|Person=3|Tense=Past|VerbForm=Fin|Voice=Act
абонаменти,абонамент,абонамент,,и,абонамент и,абонамент и,correct,,NOUN,Definite=Ind|Gender=Masc|Number=Plur
християндемократи,християндемократ,християндемократ,,и,християндемократ и,християндемократ и,correct,,NOUN,Definite=Ind|Gender=Masc|Number=Plur
испанския,испански,испански,,я,испански я,испански я,correct,,ADJ,Definite=Def|Degree=Pos|Gender=Masc|Number=Sing
християндемократите,християндемократ,християндемократ,,ите,християндемократ ите,християндемократ ите,correct,,NOUN,Definite=Def|Gender=Masc|Number=Plur
кортежи,кортеж,кортеж,,и,кортеж и,кортеж и,correct,,NOUN,Definite=Ind|Gender=Masc|Number=Plur
лозунги,лозунг,лозунг,,и,лозунг и,лозунг и,correct,,NOUN,Definite=Ind|Gender=Masc|Number=Plur
знамето,знаме,знаме,,то,знаме то,знаме то,correct,,NOUN,Definite=Def|Gender=Neut|Number=Sing
изпаднат,изпадна,изпадна,,т,изпадна т,изпадна т,correct,,VERB,Aspect=Perf|Mood=Ind|Number=Plur|Person=3|Tense=Pres|VerbForm=Fin|Voice=Act
претърпят,претърпя,претърпя,,т,претърпя т,претърпя т,correct,,VERB,Aspect=Perf|Mood=Ind|Number=Plur|Person=3|Tense=Pres|VerbForm=Fin|Voice=Act
лидерите,лидер,лидер,,ите,лидер ите,лидер ите,correct,,NOUN,Definite=Def|Gender=Masc|Number=Plur
баткото,батко,батко,,то,батко то,батко то,correct,,NOUN,Definite=Def|Gender=Masc|Number=Sing
статута,статут,статут,,а,статут а,статут а,correct,,NOUN,Definite=Def|Gender=Masc|Number=Sing
предизвикателството,предизвикателство,предизвикателство,,то,предизвикателство то,предизвикателство то,correct,,NOUN,Definite=Def|Gender=Neut|Number=Sing
шенгенските,шенгенски,шенгенски,,те,шенгенски те,шенгенск ите,wrong,adj_def_boundary,ADJ,Definite=Def|Degree=Pos|Number=Plur
най-висшите,висш,висш,най-,ите,най- висш ите,най- висш ите,correct,,ADJ,Definite=Def|Degree=Sup|Number=Plur
кръгове,кръг,кръг,,ове,кръг ове,кръг ове,correct,,NOUN,Definite=Ind|Gender=Masc|Number=Plur
спречкването,спречкване,спречкване,,то,спречкване то,спречкване то,correct,,NOUN,Definite=Def|Gender=Neut|Number=Sing
алианса,алианс,алианс,,а,алианс а,алианс а,correct,,NOUN,Definite=Def|Gender=Masc|Number=Sing
социалисти,социалист,социалист,,и,социалист и,социалист и,correct,,NOUN,Definite=Ind|Gender=Masc|Number=Plur
унгарските,унгарски,унгарски,,те,унгарски те,унгарск ите,wrong,adj_def_boundary,ADJ,Definite=Def|Degree=Pos|Number=Plur
гъмжилото,гъмжило,гъмжило,,то,гъмжило то,гъмжило то,correct,,NOUN,Definite=Def|Gender=Neut|Number=Sing
бъбрят,бъбря,бъбря,,т,бъбря т,бъбря т,correct,,VERB,Aspect=Imp|Mood=Ind|Number=Plur|Person=3|Tense=Pres|VerbForm=Fin|Voice=Act
помогнали,помогна,помогна,,ли,помогна ли,помогна ли,correct,,VERB,Aspect=Perf|Definite=Ind|Number=Plur|Tense=Past|VerbForm=Part|Voice=Act
таксито,такси,такси,,то,такси то,такси то,correct,,NOUN,Definite=Def|Gender=Neut|Number=Sing
родители,родител,родител,,и,родител и,родител и,correct,,NOUN,Definite=Ind|Gender=Masc|Number=Plur
професията,професия,професия,,та,професия та,професия та,correct,,NOUN,Definite=Def|Gender=Fem|Number=Sing
червения,червен,червен,,ия,червен ия,червен ия,correct,,ADJ,Definite=Def|Degree=Pos|Gender=Masc|Number=Sing
прикована,прикова,прикова,,на,прикова на,прикована,correct,,VERB,Aspect=Perf|Definite=Ind|Gender=Fem|Number=Sing|VerbForm=Part|Voice=Pass
отделението,отделение,отделение,,то,отделение то,отделение то,correct,,NOUN,Definite=Def|Gender=Neut|Number=Sing
валийството,валийство,валийство,,то,валийство то,валийство то,correct,,NOUN,Definite=Def|Gender=Neut|Number=Sing
спасението,спасение,спасение,,то,спасение то,спасение то,correct,,NOUN,Definite=Def|Gender=Neut|Number=Sing
консулството,консулство,консулство,,то,консулство то,консулство то,correct,,NOUN,Definite=Def|Gender=Neut|Number=Sing
мотива,мотив,мотив,,а,мотив а,мотив а,correct,,NOUN,Definite=Def|Gender=Masc|Number=Sing
земетресението,земетресение,земетресение,,то,земетресение то,земетресение то,correct,,NOUN,Definite=Def|Gender=Neut|Number=Sing
нашенката,нашенка,нашенка,,та,нашенка та,нашенка та,correct,,NOUN,Definite=Def|Gender=Fem|Number=Sing
свикнала,свикна,свикна,,ла,свикна ла,свикна ла,correct,,VERB,Aspect=Perf|Definite=Ind|Gender=Fem|Number=Sing|Tense=Past|VerbForm=Part|Voice=Act
беднотията,беднотия,беднотия,,та,беднотия та,беднотия та,correct,,NOUN,Definite=Def|Gender=Fem|Number=Sing
мюсюлманските,мюсюлмански,мюсюлмански,,те,мюсюлмански те,мюсюлманск ите,wrong,adj_def_boundary,ADJ,Definite=Def|Degree=Pos|Number=Plur
байрама,байрам,байрам,,а,байрам а,байрам а,correct,,NOUN,Definite=Def|Gender=Masc|Number=Sing
шекерите,шекер,шекер,,ите,шекер ите,шекер ите,correct,,NOUN,Definite=Def|Gender=Masc|Number=Plur
октомврийския,октомврийски,октомврийски,,я,октомврийски я,октомврийски я,correct,,ADJ,Definite=Def|Degree=Pos|Gender=Masc|Number=Sing
художничката,художничка,художничка,,та,художничка та,художничка та,correct,,NOUN,Definite=Def|Gender=Fem|Number=Sing
артисти,артист,артист,,и,артист и,артист и,correct,,NOUN,Definite=Ind|Gender=Masc|Number=Plur
рака,рак,рак,,а,рак а,рак а,correct,,NOUN,Definite=Def|Gender=Masc|Number=Sing
холчето,холче,холче,,то,холче то,холче то,correct,,NOUN,Definite=Def|Gender=Neut|Number=Sing
креслото,кресло,кресло,,то,кресло то,кресло то,correct,,NOUN,Definite=Def|Gender=Neut|Number=Sing
ракията,ракия,ракия,,та,ракия та,ракия та,correct,,NOUN,Definite=Def|Gender=Fem|Number=Sing
балдъзата,балдъза,балдъза,,та,балдъза та,балдъза та,correct,,NOUN,Definite=Def|Gender=Fem|Number=Sing
хубавото,хубав,хубав,,ото,хубав ото,хубаво то,wrong,adj_def_boundary,ADJ,Definite=Def|Degree=Pos|Gender=Neut|Number=Sing
рушвети,рушвет,рушвет,,и,рушвет и,рушвет и,correct,,NOUN,Definite=Ind|Gender=Masc|Number=Plur
изхвърчах,изхвърча,изхвърча,,х,изхвърча х,изхвърча х,correct,,VERB,Aspect=Imp|Mood=Ind|Number=Sing|Person=1|Tense=Imp|VerbForm=Fin|Voice=Act
гладът,глад,глад,,ът,глад ът,глад ът,correct,,NOUN,Definite=Def|Gender=Masc|Number=Sing
зетят,зет,зет,,ят,зет ят,зет ят,correct,,NOUN,Definite=Def|Gender=Masc|Number=Sing
патронът,патрон,патрон,,ът,патрон ът,патрон ът,correct,,NOUN,Definite=Def|Gender=Masc|Number=Sing
най-хубавият,хубав,хубав,най-,ият,най- хубав ият,най- хубав ият,correct,,ADJ,Definite=Def|Degree=Sup|Gender=Masc|Number=Sing
агнета,агне,агне,,та,агне та,агне та,correct,,NOUN,Definite=Ind|Gender=Neut|Number=Plur
чифлика,чифлик,чифлик,,а,чифлик а,чифлик а,correct,,NOUN,Definite=Def|Gender=Masc|Number=Sing
авери,авер,авер,,и,авер и,авер и,correct,,NOUN,Definite=Ind|Gender=Masc|Number=Plur
мюезините,мюезин,мюезин,,ите,мюезин ите,мюезин ите,correct,,NOUN,Definite=Def|Gender=Masc|Number=Plur
бидони,бидон,бидон,,и,бидон и,бидон и,correct,,NOUN,Definite=Ind|Gender=Masc|Number=Plur
маркучи,маркуч,маркуч,,и,маркуч и,маркуч и,correct,,NOUN,Definite=Ind|Gender=Masc|Number=Plur
четворката,четворка,четворка,,та,четворка та,четворка та,correct,,NOUN,Definite=Def|Gender=Fem|Number=Sing
индивидуалистите,индивидуалист,индивидуалист,,ите,индивидуалист ите,индивидуалист ите,correct,,NOUN,Definite=Def|Gender=Masc|Number=Plur
възхода,възход,възход,,а,възход а,възход а,correct,,NOUN,Definite=Def|Gender=Masc|Number=Sing
парижкия,парижки,парижки,,я,парижки я,парижки я,correct,,ADJ,Definite=Def|Degree=Pos|Gender=Masc|Number=Sing
новости,новост,новост,,и,новост и,новост и,correct,,NOUN,Definite=Ind|Gender=Fem|Number=Plur
утихването,утихване,утихване,,то,утихване то,утихване то,correct,,NOUN,Definite=Def|Gender=Neut|Number=Sing
шумотевицата,шумотевица,шумотевица,,та,шумотевица та,шумотевица та,correct,,NOUN,Definite=Def|Gender=Fem|Number=Sing
стилът,стил,стил,,ът,стил ът,стил ът,correct,,NOUN,Definite=Def|Gender=Masc|Number=Sing
каросерията,каросерия,каросерия,,та,каросерия та,каросерия та,correct,,NOUN,Definite=Def|Gender=Fem|Number=Sing
коефициентът,коефициент,коефициент,,ът,коефициент ът,коефициент ът,correct,,NOUN,Definite=Def|Gender=Masc|Number=Sing
динамиката,динамика,динамика,,та,динамика та,динамика та,correct,,NOUN,Definite=Def|Gender=Fem|Number=Sing
икономичността,икономичност,икономичност,,та,икономичност та,икономичност та,correct,,NOUN,Definite=Def|Gender=Fem|Number=Sing
окачването,окачване,окачване,,то,окачване то,окачване то,correct,,NOUN,Definite=Def|Gender=Neut|Number=Sing
клапана,клапан,клапан,,а,клапан а,клапан а,correct,,NOUN,Definite=Def|Gender=Masc|Number=Sing
четирицилиндровият,четирицилиндров,четирицилиндров,,ият,четирицилиндров ият,четирицилиндров ият,correct,,ADJ,Definite=Def|Degree=Pos|Gender=Masc|Number=Sing
ускорението,ускорение,ускорение,,то,ускорение то,ускорение то,correct,,NOUN,Definite=Def|Gender=Neut|Number=Sing
киевския,киевски,киевски,,я,киевски я,киевски я,correct,,ADJ,Definite=Def|Degree=Pos|Gender=Masc|Number=Sing
любимеца,любимец,любимец,,а,любимец а,любимец а,correct,,NOUN,Definite=Def|Gender=Masc|Number=Sing
студа,студ,студ,,а,студ а,студ а,correct,,NOUN,Definite=Def|Gender=Masc|Number=Sing
украинския,украински,украински,,я,украински я,украински я,correct,,ADJ,Definite=Def|Degree=Pos|Gender=Masc|Number=Sing
жълтите,жълт,жълт,,ите,жълт ите,жълт ите,correct,,ADJ,Definite=Def|Degree=Pos|Number=Plur
павета,паве,паве,,та,паве та,паве та,correct,,NOUN,Definite=Ind|Gender=Neut|Number=Plur
хвърлянето,хвърляне,хвърляне,,то,хвърляне то,хвърляне то,correct,,NOUN,Definite=Def|Gender=Neut|Number=Sing
питието,питие,питие,,то,питие то,питие то,correct,,NOUN,Definite=Def|Gender=Neut|Number=Sing
по-точно,точно,точно,по-,,по- точно,по- точно,correct,,ADV,Degree=Pos
пенливата,пенлив,пенлив,,ата,пенлив ата,пенлива та,wrong,adj_def_boundary,ADJ,Definite=Def|Degree=Pos|Gender=Fem|Number=Sing
булката,булка,булка,,та,булка та,булка та,correct,,NOUN,Definite=Def|Gender=Fem|Number=Sing
градуса,градус,градус,,а,градус а,градус а,correct,,NOUN,Definite=Def|Gender=Masc|Number=Sing
космическия,космически,космически,,я,космически я,космически я,correct,,ADJ,Definite=Def|Degree=Pos|Gender=Masc|Number=Sing
хайдутин,хайдут,хайдут,,ин,хайдут ин,хайдутин,correct,,NOUN,Definite=Ind|Gender=Masc|Number=Sing
преминаха,премина,премина,,ха,премина ха,премина ха,correct,,VERB,Aspect=Perf|Mood=Ind|Number=Plur|Person=3|Tense=Past|VerbForm=Fin|Voice=Act
пресцентъра,пресцентър,пресцентър,,а,пресцентър а,пресцентър а,correct,,NOUN,Definite=Def|Gender=Masc|Number=Sing
пространството,пространство,пространство,,то,пространство то,пространство то,correct,,NOUN,Definite=Def|Gender=Neut|Number=Sing
стълпотворението,стълпотворение,стълпотворение,,то,стълпотворение то,стълпотворение то,correct,,NOUN,Definite=Def|Gender=Neut|Number=Sing
ядове,яд,яд,,ове,яд ове,яд ове,correct,,NOUN,Definite=Ind|Gender=Masc|Number=Plur
пияни,пиян,пиян,,и,пиян и,пиян и,correct,,ADJ,Definite=Ind|Degree=Pos|Number=Plur
тунела,тунел,тунел,,а,тунел а,тунел а,correct,,NOUN,Definite=Def|Gender=Masc|Number=Sing
кипнала,кипна,кипна,,ла,кипна ла,кипна ла,correct,,VERB,Aspect=Perf|Definite=Ind|Gender=Fem|Number=Sing|Tense=Past|VerbForm=Part|Voice=Act
студът,студ,студ,,ът,студ ът,студ ът,correct,,NOUN,Definite=Def|Gender=Masc|Number=Sing
милениума,милениум,милениум,,а,милениум а,милениум а,correct,,NOUN,Definite=Def|Gender=Masc|Number=Sing
тунизийския,тунизийски,тунизийски,,я,тунизийски я,тунизийски я,correct,,ADJ,Definite=Def|Degree=Pos|Gender=Masc|Number=Sing
изстрели,изстрел,изстрел,,и,изстрел и,изстрел и,correct,,NOUN,Definite=Ind|Gender=Masc|Number=Plur
средиземноморския,средиземноморски,средиземноморски,,я,средиземноморски я,средиземноморски я,correct,,ADJ,Definite=Def|Degree=Pos|Gender=Masc|Number=Sing
деловодството,деловодство,деловодство,,то,деловодство то,деловодство то,correct,,NOUN,Definite=Def|Gender=Neut|Number=Sing
симптоми,симптом,симптом,,и,симптом и,симптом и,correct,,NOUN,Definite=Ind|Gender=Masc|Number=Plur
магистратите,магистрат,магистрат,,ите,магистрат ите,магистрат ите,correct,,NOUN,Definite=Def|Gender=Masc|Number=Plur
спретнат,спретна,спретна,,т,спретна т,спретна т,correct,,VERB,Aspect=Perf|Mood=Ind|Number=Plur|Person=3|Tense=Pres|VerbForm=Fin|Voice=Act
кусурите,кусур,кусур,,ите,кусур ите,кусур ите,correct,,NOUN,Definite=Def|Gender=Masc|Number=Plur
недвижимости,недвижимост,недвижимост,,и,недвижимост и,недвижимост и,correct,,NOUN,Definite=Ind|Gender=Fem|Number=Plur
премиерите,премиер,премиер,,ите,премиер ите,премиер ите,correct,,NOUN,Definite=Def|Gender=Masc|Number=Plur
търсенето,търсене,търсене,,то,търсене то,търсене то,correct,,NOUN,Definite=Def|Gender=Neut|Number=Sing
предлагането,предлагане,предлагане,,то,предлагане то,предлагане то,correct,,NOUN,Definite=Def|Gender=Neut|Number=Sing
по-ограничени,ограничен,ограничен,по-,и,по- ограничен и,по- ограничен и,correct,,ADJ,Definite=Ind|Degree=Pos|Number=Plur
вноса,внос,внос,,а,внос а,внос а,correct,,NOUN,Definite=Def|Gender=Masc|Number=Sing
по-евтините,евтин,евтин,по-,ите,по- евтин ите,по- евтин ите,correct,,ADJ,Definite=Def|Degree=Sup|Number=Plur
качествени,качествен,качествен,,и,качествен и,качествен и,correct,,ADJ,Definite=Ind|Degree=Pos|Number=Plur
дъждовете,дъжд,дъжд,,овете,дъжд овете,дъжд овете,correct,,NOUN,Definite=Def|Gender=Masc|Number=Plur
изчезнаха,изчезна,изчезна,,ха,изчезна ха,изчезна ха,correct,,VERB,Aspect=Perf|Mood=Ind|Number=Plur|Person=3|Tense=Past|VerbForm=Fin|Voice=Act
приватизатори,приватизатор,приватизатор,,и,приватизатор и,приватизатор и,correct,,NOUN,Definite=Ind|Gender=Masc|Number=Plur
наследникът,наследник,наследник,,ът,наследник ът,наследник ът,correct,,NOUN,Definite=Def|Gender=Masc|Number=Sing
модулируемо,модулируем,модулируем,,о,модулируем о,модулируемо,correct,,NOUN,Definite=Ind|Gender=Neut|Number=Sing
прототипа,прототип,прототип,,а,прототип а,прототип а,correct,,NOUN,Definite=Def|Gender=Masc|Number=Sing
прототипи,прототип,прототип,,и,прототип и,прототип и,correct,,NOUN,Definite=Ind|Gender=Masc|Number=Plur
автосалони,автосалон,автосалон,,и,автосалон и,автосалон и,correct,,NOUN,Definite=Ind|Gender=Masc|Number=Plur
спазят,спазя,спазя,,т,спазя т,спазя т,correct,,VERB,Aspect=Perf|Mood=Ind|Number=Plur|Person=3|Tense=Pres|VerbForm=Fin|Voice=Act
оборотът,оборот,оборот,,ът,оборот ът,оборот ът,correct,,NOUN,Definite=Def|Gender=Masc|Number=Sing
площта,площ,площ,,та,площ та,площ та,correct,,NOUN,Definite=Def|Gender=Fem|Number=Sing
обекта,обект,обект,,а,обект а,обект а,correct,,NOUN,Definite=Def|Gender=Masc|Number=Sing
месеците,месец,месец,,ите,месец ите,месец ите,correct,,NOUN,Definite=Def|Gender=Masc|Number=Plur
попълнят,попълня,попълня,,т,попълня т,попълня т,correct,,VERB,Aspect=Perf|Mood=Ind|Number=Plur|Person=3|Tense=Pres|VerbForm=Fin|Voice=Act
складове,склад,склад,,ове,склад ове,склад ове,correct,,NOUN,Definite=Ind|Gender=Masc|Number=Plur
масажисти,масажист,масажист,,и,масажист и,масажист и,correct,,NOUN,Definite=Ind|Gender=Masc|Number=Plur
гадатели,гадател,гадател,,и,гадател и,гадател и,correct,,NOUN,Definite=Ind|Gender=Masc|Number=Plur
екстрасенси,екстрасенс,екстрасенс,,и,екстрасенс и,екстрасенс и,correct,,NOUN,Definite=Ind|Gender=Masc|Number=Plur
недвижими,недвижим,недвижим,,и,недвижим и,недвижим и,correct,,ADJ,Definite=Ind|Degree=Pos|Number=Plur
чадъри,чадър,чадър,,и,чадър и,чадър и,correct,,NOUN,Definite=Ind|Gender=Masc|Number=Plur
велосипеди,велосипед,велосипед,,и,велосипед и,велосипед и,correct,,NOUN,Definite=Ind|Gender=Masc|Number=Plur
числено,числен,числен,,о,числен о,числено,correct,adj_gender,ADV,Degree=Pos
шайбата,шайба,шайба,,та,шайба та,шайба та,correct,,NOUN,Definite=Def|Gender=Fem|Number=Sing
вратаря,вратар,вратар,,я,вратар я,вратар я,correct,,NOUN,Definite=Def|Gender=Masc|Number=Sing
нулеви,нулев,нулев,,и,нулев и,нулев и,correct,,ADJ,Definite=Ind|Degree=Pos|Number=Plur
резултата,резултат,резултат,,а,резултат а,резултат а,correct,,NOUN,Definite=Def|Gender=Masc|Number=Sing
кралете,крал,крал,,ете,крал ете,крал ете,correct,,NOUN,Definite=Def|Gender=Masc|Number=Plur
байчото,байчо,байчо,,то,байчо то,байчо то,correct,,NOUN,Definite=Def|Gender=Neut|Number=Sing
равносметката,равносметка,равносметка,,та,равносметка та,равносметка та,correct,,NOUN,Definite=Def|Gender=Fem|Number=Sing
по-горчива,горчив,горчив,по-,а,по- горчив а,по- горчива,partial,,ADJ,Definite=Ind|Degree=Pos|Gender=Fem|Number=Sing
хайдушките,хайдушки,хайдушки,,те,хайдушки те,хайдушк ите,wrong,adj_def_boundary,ADJ,Definite=Def|Degree=Pos|Number=Plur
по-чер,чер,чер,по-,,по- чер,по- чер,correct,,ADV,Degree=Pos
най-новата,нов,нов,най-,ата,най- нов ата,най- нова та,partial,adj_def_boundary,ADJ,Definite=Def|Degree=Pos|Gender=Fem|Number=Sing
постигнали,постигна,постигна,,ли,постигна ли,постигна ли,correct,,VERB,Aspect=Perf|Definite=Ind|Number=Plur|Tense=Past|VerbForm=Part|Voice=Act
по-богати,богат,богат,по-,и,по- богат и,по- богат и,correct,,ADJ,Definite=Ind|Degree=Pos|Number=Plur
приемаме,приемам,приемам,,е,приемам е,приема ме,wrong,plu1person_boundary,VERB,Aspect=Imp|Mood=Ind|Number=Plur|Person=1|Tense=Pres|VerbForm=Fin|Voice=Act
озлобяваме,озлобявам,озлобявам,,е,озлобявам е,озлобява ме,wrong,plu1person_boundary,VERB,Aspect=Imp|Mood=Ind|Number=Plur|Person=1|Tense=Pres|VerbForm=Fin|Voice=Act
предците,предци,предци,,те,предци те,предци те,correct,,NOUN,Definite=Def|Gender=Masc|Number=Plur
оцеляваме,оцелявам,оцелявам,,е,оцелявам е,оцелява ме,wrong,plu1person_boundary,VERB,Aspect=Imp|Mood=Ind|Number=Plur|Person=1|Tense=Pres|VerbForm=Fin|Voice=Act
медалисти,медалист,медалист,,и,медалист и,медалист и,correct,,NOUN,Definite=Ind|Gender=Masc|Number=Plur
победители,победител,победител,,и,победител и,победител и,correct,,NOUN,Definite=Ind|Gender=Masc|Number=Plur
спонсори,спонсор,спонсор,,и,спонсор и,спонсор и,correct,,NOUN,Definite=Ind|Gender=Masc|Number=Plur
мароканския,марокански,марокански,,я,марокански я,марокански я,correct,,ADJ,Definite=Def|Degree=Pos|Gender=Masc|Number=Sing
югославянина,югославянин,югославянин,,а,югославянин а,югославянин а,correct,,NOUN,Definite=Def|Gender=Masc|Number=Sing
рухналата,рухна,рухна,,лата,рухна лата,рухнала та,wrong,adj_def_boundary,ADJ,Aspect=Perf|Definite=Def|Degree=Pos|Gender=Fem|Number=Sing|Tense=Past|VerbForm=Part|Voice=Act
напора,напор,напор,,а,напор а,напор а,correct,,NOUN,Definite=Def|Gender=Masc|Number=Sing
пренебрегнат,пренебрегна,пренебрегна,,т,пренебрегна т,пренебрегнат,correct,,VERB,Aspect=Perf|Definite=Ind|Gender=Masc|Number=Sing|VerbForm=Part|Voice=Pass
губернаторът,губернатор,губернатор,,ът,губернатор ът,губернатор ът,correct,,NOUN,Definite=Def|Gender=Masc|Number=Sing
гардове,гард,гард,,ове,гард ове,гард ове,correct,,NOUN,Definite=Ind|Gender=Masc|Number=Plur
изпадането,изпадане,изпадане,,то,изпадане то,изпадане то,correct,,NOUN,Definite=Def|Gender=Neut|Number=Sing
шампиона,шампион,шампион,,а,шампион а,шампион а,correct,,NOUN,Definite=Def|Gender=Masc|Number=Sing
порядъка,порядък,порядък,,а,порядък а,порядък а,correct,,NOUN,Definite=Def|Gender=Masc|Number=Sing
австралийския,австралийски,австралийски,,я,австралийски я,австралийски я,correct,,ADJ,Definite=Def|Degree=Pos|Gender=Masc|Number=Sing
текат,тека,тека,,т,тека т,тека т,correct,,VERB,Aspect=Imp|Mood=Ind|Number=Plur|Person=3|Tense=Pres|VerbForm=Fin|Voice=Act
турнири,турнир,турнир,,и,турнир и,турнир и,correct,,NOUN,Definite=Ind|Gender=Masc|Number=Plur
софиянецът,софиянец,софиянец,,ът,софиянец ът,софиянец ът,correct,,NOUN,Definite=Def|Gender=Masc|Number=Sing
турнирът,турнир,турнир,,ът,турнир ът,турнир ът,correct,,NOUN,Definite=Def|Gender=Masc|Number=Sing
плажа,плаж,плаж,,а,плаж а,плаж а,correct,,NOUN,Definite=Def|Gender=Masc|Number=Sing
укриването,укриване,укриване,,то,укриване то,укриване то,correct,,NOUN,Definite=Def|Gender=Neut|Number=Sing
сферата,сфера,сфера,,та,сфера та,сфера та,correct,,NOUN,Definite=Def|Gender=Fem|Number=Sing
съчинението,съчинение,съчинение,,то,съчинение то,съчинение то,correct,,NOUN,Definite=Def|Gender=Neut|Number=Sing
посегнат,посегна,посегна,,т,посегна т,посегна т,correct,,VERB,Aspect=Perf|Mood=Ind|Number=Plur|Person=3|Tense=Pres|VerbForm=Fin|Voice=Act
кьошето,кьоше,кьоше,,то,кьоше то,кьоше то,correct,,NOUN,Definite=Def|Gender=Neut|Number=Sing
безалтернативността,безалтернативност,безалтернативност,,та,безалтернативност та,безалтернативност та,correct,,NOUN,Definite=Def|Gender=Fem|Number=Sing
обемът,обем,обем,,ът,обем ът,обем ът,correct,,NOUN,Definite=Def|Gender=Masc|Number=Sing
базовото,базов,базов,,ото,базов ото,базово то,wrong,adj_def_boundary,ADJ,Definite=Def|Degree=Pos|Gender=Neut|Number=Sing
премахнат,премахна,премахна,,т,премахна т,премахнат,correct,,VERB,Aspect=Perf|Mood=Ind|Number=Sing|Person=3|VerbForm=Fin|Voice=Act
селскостопанските,селскостопански,селскостопански,,те,селскостопански те,селскостопанск ите,wrong,adj_def_boundary,ADJ,Definite=Def|Degree=Pos|Number=Plur
социологическия,социологически,социологически,,я,социологически я,социологически я,correct,,ADJ,Definite=Def|Degree=Pos|Gender=Masc|Number=Sing
призовата,призов,призов,,ата,призов ата,призова та,wrong,adj_def_boundary,ADJ,Definite=Def|Degree=Pos|Gender=Fem|Number=Sing
младежта,младеж,младеж,,та,младеж та,младеж та,correct,,NOUN,Definite=Def|Gender=Fem|Number=Sing
спортът,спорт,спорт,,ът,спорт ът,спорт ът,correct,,NOUN,Definite=Def|Gender=Masc|Number=Sing
черногорския,черногорски,черногорски,,я,черногорски я,черногорски я,correct,,ADJ,Definite=Def|Degree=Pos|Gender=Masc|Number=Sing
социалистът,социалист,социалист,,ът,социалист ът,социалист ът,correct,,NOUN,Definite=Def|Gender=Masc|Number=Sing
салвадорката,салвадорка,салвадорка,,та,салвадорка та,салвадорка та,correct,,NOUN,Definite=Def|Gender=Fem|Number=Sing
запознаването,запознаване,запознаване,,то,запознаване то,запознаване то,correct,,NOUN,Definite=Def|Gender=Neut|Number=Sing
признанието,признание,признание,,то,признание то,признание то,correct,,NOUN,Definite=Def|Gender=Neut|Number=Sing
посвещението,посвещение,посвещение,,то,посвещение то,посвещение то,correct,,NOUN,Definite=Def|Gender=Neut|Number=Sing
чужденката,чужденка,чужденка,,та,чужденка та,чужденка та,correct,,NOUN,Definite=Def|Gender=Fem|Number=Sing
разбирането,разбиране,разбиране,,то,разбиране то,разбиране то,correct,,NOUN,Definite=Def|Gender=Neut|Number=Sing
тровят,тровя,тровя,,т,тровя т,тровя т,correct,,VERB,Aspect=Imp|Mood=Ind|Number=Plur|Person=3|Tense=Pres|VerbForm=Fin|Voice=Act
газове,газ,газ,,ове,газ ове,газ ове,correct,,NOUN,Definite=Ind|Gender=Masc|Number=Plur
гърнетата,гърне,гърне,,тата,гърне тата,гърне тата,correct,,NOUN,Definite=Def|Gender=Neut|Number=Plur
купето,купе,купе,,то,купе то,купе то,correct,,NOUN,Definite=Def|Gender=Neut|Number=Sing
катализаторите,катализатор,катализатор,,ите,катализатор ите,катализатор ите,correct,,NOUN,Definite=Def|Gender=Masc|Number=Plur
ауспухови,ауспухов,ауспухов,,и,ауспухов и,ауспухов и,correct,,ADJ,Definite=Ind|Degree=Pos|Number=Plur
самодейността,самодейност,самодейност,,та,самодейност та,самодейност та,correct,,NOUN,Definite=Def|Gender=Fem|Number=Sing
двигателя,двигател,двигател,,я,двигател я,двигател я,correct,,NOUN,Definite=Def|Gender=Masc|Number=Sing
екипажите,екипаж,екипаж,,ите,екипаж ите,екипаж ите,correct,,NOUN,Definite=Def|Gender=Masc|Number=Plur
изминат,измина,измина,,т,измина т,измина т,correct,,VERB,Aspect=Imp|Mood=Ind|Number=Plur|Person=3|Tense=Pres|VerbForm=Fin|Voice=Act
ралито,рали,рали,,то,рали то,рали то,correct,,NOUN,Definite=Def|Gender=Neut|Number=Sing
етапа,етап,етап,,а,етап а,етап а,correct,,NOUN,Definite=Def|Gender=Masc|Number=Sing
състезанието,състезание,състезание,,то,състезание то,състезание то,correct,,NOUN,Definite=Def|Gender=Neut|Number=Sing
французинът,французин,французин,,ът,французин ът,французин ът,correct,,NOUN,Definite=Def|Gender=Masc|Number=Sing
колоездачът,колоездач,колоездач,,ът,колоездач ът,колоездач ът,correct,,NOUN,Definite=Def|Gender=Masc|Number=Sing
индекса,индекс,индекс,,а,индекс а,индекс а,correct,,NOUN,Definite=Def|Gender=Masc|Number=Sing
щастлива,щастлив,щастлив,,а,щастлив а,щастлива,correct,adj_gender,ADJ,Definite=Ind|Degree=Pos|Gender=Fem|Number=Sing
медицинския,медицински,медицински,,я,медицински я,медицински я,correct,,ADJ,Definite=Def|Degree=Pos|Gender=Masc|Number=Sing
хилядолетието,хилядолетие,хилядолетие,,то,хилядолетие то,хилядолетие то,correct,,NOUN,Definite=Def|Gender=Neut|Number=Sing
пеленачетата,пеленаче,пеленаче,,тата,пеленаче тата,пеленаче тата,correct,,NOUN,Definite=Def|Gender=Neut|Number=Plur
кенийката,кенийка,кенийка,,та,кенийка та,кенийка та,correct,,NOUN,Definite=Def|Gender=Fem|Number=Sing
тимът,тим,тим,,ът,тим ът,тим ът,correct,,NOUN,Definite=Def|Gender=Masc|Number=Sing
надпреварата,надпревара,надпревара,,та,надпревара та,надпревара та,correct,,NOUN,Definite=Def|Gender=Fem|Number=Sing
потока,поток,поток,,а,поток а,поток а,correct,,NOUN,Definite=Def|Gender=Masc|Number=Sing
щатските,щатски,щатски,,те,щатски те,щатск ите,wrong,adj_def_boundary,ADJ,Definite=Def|Degree=Pos|Number=Plur
каналите,канал,канал,,ите,канал ите,канал ите,correct,,NOUN,Definite=Def|Gender=Masc|Number=Plur
кафенето,кафене,кафене,,то,кафене то,кафене то,correct,,NOUN,Definite=Def|Gender=Neut|Number=Sing
френския,френски,френски,,я,френски я,френски я,correct,,ADJ,Definite=Def|Degree=Pos|Gender=Masc|Number=Sing
автомобила,автомобил,автомобил,,а,автомобил а,автомобил а,correct,,NOUN,Definite=Def|Gender=Masc|Number=Sing
еврозоната,еврозона,еврозона,,та,еврозона та,еврозона та,correct,,NOUN,Definite=Def|Gender=Fem|Number=Sing
фондова,фондов,фондов,,а,фондов а,фондова,correct,adj_gender,ADJ,Definite=Ind|Degree=Pos|Gender=Fem|Number=Sing
драхмата,драхма,драхма,,та,драхма та,драхма та,correct,,NOUN,Definite=Def|Gender=Fem|Number=Sing
политологът,политолог,политолог,,ът,политолог ът,политолог ът,correct,,NOUN,Definite=Def|Gender=Masc|Number=Sing
компроматите,компромат,компромат,,ите,компромат ите,компромат ите,correct,,NOUN,Definite=Def|Gender=Masc|Number=Plur
незадоволения,незадоволен,незадоволен,,ия,незадоволен ия,незадоволен ия,correct,,ADJ,Definite=Def|Degree=Pos|Gender=Masc|Number=Sing
масираната,масиран,масиран,,ата,масиран ата,масирана та,wrong,adj_def_boundary,ADJ,Definite=Def|Degree=Pos|Gender=Fem|Number=Sing
ефективността,ефективност,ефективност,,та,ефективност та,ефективност та,correct,,NOUN,Definite=Def|Gender=Fem|Number=Sing
тласнат,тласна,тласна,,т,тласна т,тласна т,correct,,VERB,Aspect=Perf|Mood=Ind|Number=Plur|Person=3|Tense=Pres|VerbForm=Fin|Voice=Act
контекста,контекст,контекст,,а,контекст а,контекста,correct,,NOUN,Definite=Ind|Gender=Masc|Number=Sing
обема,обем,обем,,а,обем а,обем а,correct,,NOUN,Definite=Def|Gender=Masc|Number=Sing
балансирането,балансиране,балансиране,,то,балансиране то,балансиране то,correct,,NOUN,Definite=Def|Gender=Neut|Number=Sing
невисока,невисок,невисок,,а,невисок а,невисока,correct,adj_gender,ADJ,Definite=Ind|Degree=Pos|Gender=Fem|Number=Sing
рисковите,рисков,рисков,,ите,рисков ите,рисков ите,correct,,ADJ,Definite=Def|Degree=Pos|Number=Plur
сондажи,сондаж,сондаж,,и,сондаж и,сондаж и,correct,,NOUN,Definite=Ind|Gender=Masc|Number=Plur
отказът,отказ,отказ,,ът,отказ ът,отказ ът,correct,,NOUN,Definite=Def|Gender=Masc|Number=Sing
обяснимо,обясним,обясним,,о,обясним о,обяснимо,correct,adj_gender,ADV,Degree=Pos
отчаянието,отчаяние,отчаяние,,то,отчаяние то,отчаяние то,correct,,NOUN,Definite=Def|Gender=Neut|Number=Sing
прехода,преход,преход,,а,преход а,преход а,correct,,NOUN,Definite=Def|Gender=Masc|Number=Sing
дестабилизацията,дестабилизация,дестабилизация,,та,дестабилизация та,дестабилизация та,correct,,NOUN,Definite=Def|Gender=Fem|Number=Sing
оригиналът,оригинал,оригинал,,ът,оригинал ът,оригинал ът,correct,,NOUN,Definite=Def|Gender=Masc|Number=Sing
цигуларя,цигулар,цигулар,,я,цигулар я,цигулар я,correct,,NOUN,Definite=Def|Gender=Masc|Number=Sing
звучат,звуча,звуча,,т,звуча т,звуча т,correct,,VERB,Aspect=Imp|Mood=Ind|Number=Plur|Person=3|Tense=Pres|VerbForm=Fin|Voice=Act
концерта,концерт,концерт,,а,концерт а,концерт а,correct,,NOUN,Definite=Def|Gender=Masc|Number=Sing
френският,френски,френски,,ят,френски ят,френски ят,correct,,ADJ,Definite=Def|Degree=Pos|Gender=Masc|Number=Sing
пианистката,пианистка,пианистка,,та,пианистка та,пианистка та,correct,,NOUN,Definite=Def|Gender=Fem|Number=Sing
аржентинеца,аржентинец,аржентинец,,а,аржентинец а,аржентинец а,correct,,NOUN,Definite=Def|Gender=Masc|Number=Sing
аржентинските,аржентински,аржентински,,те,аржентински те,аржентинск ите,wrong,adj_def_boundary,ADJ,Definite=Def|Degree=Pos|Number=Plur
настъпването,настъпване,настъпване,,то,настъпване то,настъпване то,correct,,NOUN,Definite=Def|Gender=Neut|Number=Sing
цирка,цирк,цирк,,а,цирк а,цирк а,correct,,NOUN,Definite=Def|Gender=Masc|Number=Sing
иранския,ирански,ирански,,я,ирански я,ирански я,correct,,ADJ,Definite=Def|Degree=Pos|Gender=Masc|Number=Sing
треньори,треньор,треньор,,и,треньор и,треньор и,correct,,NOUN,Definite=Ind|Gender=Masc|Number=Plur
хърватските,хърватски,хърватски,,те,хърватски те,хърватск ите,wrong,adj_def_boundary,ADJ,Definite=Def|Degree=Pos|Number=Plur
московските,московски,московски,,те,московски те,московск ите,wrong,adj_def_boundary,ADJ,Definite=Def|Degree=Pos|Number=Plur
класирането,класиране,класиране,,то,класиране то,класиране то,correct,,NOUN,Definite=Def|Gender=Neut|Number=Sing
най-рискови,рисков,рисков,най-,и,най- рисков и,най- рисков и,correct,,ADJ,Definite=Ind|Degree=Pos|Number=Plur
млеко-,млеко,млеко,,-,млеко -,млеко,correct,,,
месопреработвателите,месопреработвател,месопреработвател,,ите,месопреработвател ите,месопреработвател ите,correct,,NOUN,Definite=Def|Gender=Masc|Number=Plur
печата,печат,печат,,а,печат а,печат а,correct,,NOUN,Definite=Def|Gender=Fem|Number=Sing
присъщо,присъщ,присъщ,,о,присъщ о,присъщо,correct,adj_gender,ADV,Degree=Pos
дистанцията,дистанция,дистанция,,та,дистанция та,дистанция та,correct,,NOUN,Definite=Def|Gender=Fem|Number=Sing
начинът,начин,начин,,ът,начин ът,начин ът,correct,,NOUN,Definite=Def|Gender=Masc|Number=Sing
възпитанието,възпитание,възпитание,,то,възпитание то,възпитание то,correct,,NOUN,Definite=Def|Gender=Neut|Number=Sing
кошовете,кош,кош,,овете,кош овете,кош овете,correct,,NOUN,Definite=Def|Gender=Masc|Number=Plur
биковете,бик,бик,,овете,бик овете,бик овете,correct,,NOUN,Definite=Def|Gender=Masc|Number=Plur
фестивала,фестивал,фестивал,,а,фестивал а,фестивал а,correct,,NOUN,Definite=Def|Gender=Masc|Number=Sing
кинематографисти,кинематографист,кинематографист,,и,кинематографист и,кинематографист и,correct,,NOUN,Definite=Ind|Gender=Masc|Number=Plur
най-младите,млад,млад,най-,ите,най- млад ите,най- млад ите,correct,,ADJ,Definite=Def|Degree=Sup|Number=Plur
редактори,редактор,редактор,,и,редактор и,редактор и,correct,,NOUN,Definite=Ind|Gender=Masc|Number=Plur
сборът,сбор,сбор,,ът,сбор ът,сбор ът,correct,,NOUN,Definite=Def|Gender=Masc|Number=Sing
песимисти,песимист,песимист,,и,песимист и,песимист и,correct,,NOUN,Definite=Ind|Gender=Masc|Number=Plur
оптимисти,оптимист,оптимист,,и,оптимист и,оптимист и,correct,,NOUN,Definite=Ind|Gender=Masc|Number=Plur
просто,прост,прост,,о,прост о,просто,correct,adj_gender,ADV,Degree=Pos
палмата,палма,палма,,та,палма та,палма та,correct,,NOUN,Definite=Def|Gender=Fem|Number=Sing
приемливи,приемлив,приемлив,,и,приемлив и,приемлив и,correct,,ADJ,Definite=Ind|Degree=Pos|Number=Plur
нефтена,нефтен,нефтен,,а,нефтен а,нефтена,correct,adj_gender,ADJ,Definite=Ind|Degree=Pos|Gender=Fem|Number=Sing
добива,добив,добив,,а,добив а,добива,correct,,VERB,Aspect=Imp|Mood=Ind|Number=Sing|Person=3|Tense=Pres|VerbForm=Fin|Voice=Act
преработката,преработка,преработка,,та,преработка та,преработка та,correct,,NOUN,Definite=Def|Gender=Fem|Number=Sing
монополизмът,монополизм,монополизм,,ът,монополизм ът,монополизм ът,correct,,NOUN,Definite=Def|Gender=Masc|Number=Sing
бензина,бензин,бензин,,а,бензин а,бензин а,correct,,NOUN,Definite=Def|Gender=Masc|Number=Sing
девненския,девненски,девненски,,я,девненски я,девненски я,correct,,ADJ,Definite=Def|Degree=Pos|Gender=Masc|Number=Sing
комбината,комбинат,комбинат,,а,комбинат а,комбинат а,correct,,NOUN,Definite=Def|Gender=Masc|Number=Sing
заместника,заместник,заместник,,а,заместник а,заместник а,correct,,NOUN,Definite=Def|Gender=Masc|Number=Sing
прогнозата,прогноза,прогноза,,та,прогноза та,прогноза та,correct,,NOUN,Definite=Def|Gender=Fem|Number=Sing
смислено,смислен,смислен,,о,смислен о,смислено,correct,adj_gender,ADV,Degree=Pos
уволнението,уволнение,уволнение,,то,уволнение то,уволнение то,correct,,NOUN,Definite=Def|Gender=Neut|Number=Sing
списъкът,списък,списък,,ът,списък ът,списък ът,correct,,NOUN,Definite=Def|Gender=Masc|Number=Sing
природата,природа,природа,,та,природа та,природа та,correct,,NOUN,Definite=Def|Gender=Fem|Number=Sing
търпят,търпя,търпя,,т,търпя т,търпя т,correct,,VERB,Aspect=Imp|Mood=Ind|Number=Plur|Person=3|Tense=Pres|VerbForm=Fin|Voice=Act
речевити,речевит,речевит,,и,речевит и,речевит и,correct,,NOUN,Definite=Ind|Gender=Masc|Number=Plur
банковите,банков,банков,,ите,банков ите,банков ите,correct,,ADJ,Definite=Def|Degree=Pos|Number=Plur
фалити,фалит,фалит,,и,фалит и,фалит и,correct,,NOUN,Definite=Ind|Gender=Masc|Number=Plur
съсипването,съсипване,съсипване,,то,съсипване то,съсипване то,correct,,NOUN,Definite=Def|Gender=Neut|Number=Sing
ръководенето,ръководене,ръководене,,то,ръководене то,ръководене то,correct,,NOUN,Definite=Def|Gender=Neut|Number=Sing
съставянето,съставяне,съставяне,,то,съставяне то,съставяне то,correct,,NOUN,Definite=Def|Gender=Neut|Number=Sing
пшеницата,пшеница,пшеница,,та,пшеница та,пшеница та,correct,,NOUN,Definite=Def|Gender=Fem|Number=Sing
изнасянето,изнасяне,изнасяне,,то,изнасяне то,изнасяне то,correct,,NOUN,Definite=Def|Gender=Neut|Number=Sing
масирани,масиран,масиран,,и,масиран и,масиран и,correct,,ADJ,Definite=Ind|Degree=Pos|Number=Plur
устояхме,устоя,устоя,,хме,устоя хме,устоя хме,correct,,VERB,Aspect=Perf|Mood=Ind|Number=Plur|Person=1|Tense=Past|VerbForm=Fin|Voice=Act
вложителите,вложител,вложител,,ите,вложител ите,вложител ите,correct,,NOUN,Definite=Def|Gender=Masc|Number=Plur
провали,провал,провал,,и,провал и,провали,correct,,VERB,Aspect=Perf|Mood=Ind|Number=Sing|Person=3|Tense=Past|VerbForm=Fin|Voice=Act
купуваме,купувам,купувам,,е,купувам е,купува ме,wrong,plu1person_boundary,VERB,Aspect=Imp|Mood=Ind|Number=Plur|Person=1|Tense=Pres|VerbForm=Fin|Voice=Act
прескъпи,прескъп,прескъп,,и,прескъп и,прескъп и,correct,,ADJ,Definite=Ind|Degree=Pos|Number=Plur
приятелските,приятелски,приятелски,,те,приятелски те,приятелск ите,wrong,adj_def_boundary,ADJ,Definite=Def|Degree=Pos|Number=Plur
монопола,монопол,монопол,,а,монопол а,монопол а,correct,,NOUN,Definite=Def|Gender=Masc|Number=Sing
монополът,монопол,монопол,,ът,монопол ът,монопол ът,correct,,NOUN,Definite=Def|Gender=Masc|Number=Sing
преноса,пренос,пренос,,а,пренос а,пренос а,correct,,NOUN,Definite=Def|Gender=Masc|Number=Sing
облагодетелстването,облагодетелстване,облагодетелстване,,то,облагодетелстване то,облагодетелстване то,correct,,NOUN,Definite=Def|Gender=Neut|Number=Sing
гласовия,гласов,гласов,,ия,гласов ия,гласов ия,correct,,ADJ,Definite=Def|Degree=Pos|Gender=Masc|Number=Sing
лектори,лектор,лектор,,и,лектор и,лектор и,correct,,NOUN,Definite=Ind|Gender=Masc|Number=Plur
газовата,газов,газов,,ата,газов ата,газова та,wrong,adj_def_boundary,ADJ,Definite=Def|Degree=Pos|Gender=Fem|Number=Sing
графика,график,график,,а,график а,графика,correct,,NOUN,Definite=Ind|Gender=Fem|Number=Sing
спогодбата,спогодба,спогодба,,та,спогодба та,спогодба та,correct,,NOUN,Definite=Def|Gender=Fem|Number=Sing
бандероли,бандерол,бандерол,,и,бандерол и,бандерол и,correct,,NOUN,Definite=Ind|Gender=Masc|Number=Plur
баровете,бар,бар,,овете,бар овете,бар овете,correct,,NOUN,Definite=Def|Gender=Masc|Number=Plur
ресторантите,ресторант,ресторант,,ите,ресторант ите,ресторант ите,correct,,NOUN,Definite=Def|Gender=Masc|Number=Plur
фиксирането,фиксиране,фиксиране,,то,фиксиране то,фиксиране то,correct,,NOUN,Definite=Def|Gender=Neut|Number=Sing
неспособността,неспособност,неспособност,,та,неспособност та,неспособност та,correct,,NOUN,Definite=Def|Gender=Fem|Number=Sing
пазарите,пазар,пазар,,ите,пазар ите,пазар ите,correct,,NOUN,Definite=Def|Gender=Masc|Number=Plur
изданието,издание,издание,,то,издание то,издание то,correct,,NOUN,Definite=Def|Gender=Neut|Number=Sing
слабостта,слабост,слабост,,та,слабост та,слабост та,correct,,NOUN,Definite=Def|Gender=Fem|Number=Sing
континентът,континент,континент,,ът,континент ът,континент ът,correct,,NOUN,Definite=Def|Gender=Masc|Number=Sing
скорости,скорост,скорост,,и,скорост и,скорост и,correct,,NOUN,Definite=Ind|Gender=Fem|Number=Plur
фондови,фондов,фондов,,и,фондов и,фондов и,correct,,ADJ,Definite=Ind|Degree=Pos|Number=Plur
оператори,оператор,оператор,,и,оператор и,оператор и,correct,,NOUN,Definite=Ind|Gender=Masc|Number=Plur
спътниковата,спътников,спътников,,ата,спътников ата,спътникова та,wrong,adj_def_boundary,ADJ,Definite=Def|Degree=Pos|Gender=Fem|Number=Sing
финансовият,финансов,финансов,,ият,финансов ият,финансов ият,correct,,ADJ,Definite=Def|Degree=Pos|Gender=Masc|Number=Sing
произведението,произведение,произведение,,то,произведение то,произведение то,correct,,NOUN,Definite=Def|Gender=Neut|Number=Sing
среднопретеглената,среднопретеглен,среднопретеглен,,ата,среднопретеглен ата,среднопретеглена та,wrong,adj_def_boundary,ADJ,Definite=Def|Degree=Pos|Gender=Fem|Number=Sing
структурата,структура,структура,,та,структура та,структура та,correct,,NOUN,Definite=Def|Gender=Fem|Number=Sing
отговорностите,отговорност,отговорност,,ите,отговорност ите,отговорност ите,correct,,NOUN,Definite=Def|Gender=Fem|Number=Plur
монополите,монопол,монопол,,ите,монопол ите,монопол ите,correct,,NOUN,Definite=Def|Gender=Masc|Number=Plur
търгове,търг,търг,,ове,търг ове,търг ове,correct,,NOUN,Definite=Ind|Gender=Masc|Number=Plur
провеждането,провеждане,провеждане,,то,провеждане то,провеждане то,correct,,NOUN,Definite=Def|Gender=Neut|Number=Sing
принципала,принципал,принципал,,а,принципал а,принципал а,correct,,NOUN,Definite=Def|Gender=Masc|Number=Sing
докладите,доклад,доклад,,ите,доклад ите,доклад ите,correct,,NOUN,Definite=Def|Gender=Masc|Number=Plur
стигнахме,стигна,стигна,,хме,стигна хме,стигна хме,correct,,VERB,Aspect=Perf|Mood=Ind|Number=Plur|Person=1|Tense=Past|VerbForm=Fin|Voice=Act
финансовите,финансов,финансов,,ите,финансов ите,финансов ите,correct,,ADJ,Definite=Def|Degree=Pos|Number=Plur
монополисти,монополист,монополист,,и,монополист и,монополист и,correct,,NOUN,Definite=Ind|Gender=Masc|Number=Plur
администрацията,администрация,администрация,,та,администрация та,администрация та,correct,,NOUN,Definite=Def|Gender=Fem|Number=Sing
форсираме,форсирам,форсирам,,е,форсирам е,форсира ме,wrong,plu1person_boundary,VERB,Aspect=Imp|Mood=Ind|Number=Plur|Person=1|Tense=Pres|VerbForm=Fin|Voice=Act
напуснаха,напусна,напусна,,ха,напусна ха,напусна ха,correct,,VERB,Aspect=Perf|Mood=Ind|Number=Plur|Person=3|Tense=Past|VerbForm=Fin|Voice=Act
консулът,консул,консул,,ът,консул ът,консул ът,correct,,NOUN,Definite=Def|Gender=Masc|Number=Sing
братът,брат,брат,,ът,брат ът,брат ът,correct,,NOUN,Definite=Def|Gender=Masc|Number=Sing
обвиняемите,обвиняем,обвиняем,,ите,обвиняем ите,обвиняем ите,correct,,NOUN,Definite=Def|Gender=Masc|Number=Plur
спецификата,специфика,специфика,,та,специфика та,специфика та,correct,,NOUN,Definite=Def|Gender=Fem|Number=Sing
членуването,членуване,членуване,,то,членуване то,членуване то,correct,,NOUN,Definite=Def|Gender=Neut|Number=Sing
неприемливо,неприемлив,неприемлив,,о,неприемлив о,неприемливо,correct,adj_gender,ADV,Degree=Pos
противникът,противник,противник,,ът,противник ът,противник ът,correct,,NOUN,Definite=Def|Gender=Masc|Number=Sing
доведат,доведа,доведа,,т,доведа т,доведа т,correct,,VERB,Aspect=Perf|Mood=Ind|Number=Plur|Person=3|Tense=Pres|VerbForm=Fin|Voice=Act
подзаконовите,подзаконов,подзаконов,,ите,подзаконов ите,подзаконов ите,correct,,ADJ,Definite=Def|Degree=Pos|Number=Plur
преценят,преценя,преценя,,т,преценя т,преценя т,correct,,VERB,Aspect=Perf|Mood=Ind|Number=Plur|Person=3|Tense=Pres|VerbForm=Fin|Voice=Act
предоставят,предоставя,предоставя,,т,предоставя т,предостав ят,wrong,,VERB,Aspect=Imp|Mood=Ind|Number=Plur|Person=3|Tense=Pres|VerbForm=Fin|Voice=Act
мотокари,мотокар,мотокар,,и,мотокар и,мотокар и,correct,,NOUN,Definite=Ind|Gender=Masc|Number=Plur
покупката,покупка,покупка,,та,покупка та,покупка та,correct,,NOUN,Definite=Def|Gender=Fem|Number=Sing
органа,орган,орган,,а,орган а,орган а,correct,,NOUN,Definite=Def|Gender=Masc|Number=Sing
вродено,вроден,вроден,,о,вроден о,вродено,correct,adj_gender,ADV,Degree=Pos
абонатите,абонат,абонат,,ите,абонат ите,абонат ите,correct,,NOUN,Definite=Def|Gender=Masc|Number=Plur
канадския,канадски,канадски,,я,канадски я,канадски я,correct,,ADJ,Definite=Def|Degree=Pos|Gender=Masc|Number=Sing
иска,иск,иск,,а,иск а,иска,correct,,VERB,Aspect=Imp|Mood=Ind|Number=Sing|Person=3|Tense=Pres|VerbForm=Fin|Voice=Act
следствена,следствен,следствен,,а,следствен а,следствена,correct,adj_gender,ADJ,Definite=Ind|Degree=Pos|Gender=Fem|Number=Sing
болести,болест,болест,,и,болест и,болест и,correct,,NOUN,Definite=Ind|Gender=Fem|Number=Plur
факса,факс,факс,,а,факс а,факса,correct,,NOUN,Definite=Ind|Gender=Fem|Number=Sing
завеждането,завеждане,завеждане,,то,завеждане то,завеждане то,correct,,NOUN,Definite=Def|Gender=Neut|Number=Sing
ищецът,ищец,ищец,,ът,ищец ът,ищец ът,correct,,NOUN,Definite=Def|Gender=Masc|Number=Sing
акционери,акционер,акционер,,и,акционер и,акционер и,correct,,NOUN,Definite=Ind|Gender=Masc|Number=Plur
искови,исков,исков,,и,исков и,исков и,correct,,ADJ,Definite=Ind|Degree=Pos|Number=Plur
призовани,призова,призова,,ни,призова ни,призовани,correct,,VERB,Aspect=Perf|Definite=Ind|Number=Plur|VerbForm=Part|Voice=Pass
съдийката,съдийка,съдийка,,та,съдийка та,съдийка та,correct,,NOUN,Definite=Def|Gender=Fem|Number=Sing
призован,призова,призова,,н,призова н,призован,correct,,VERB,Aspect=Perf|Definite=Ind|Gender=Masc|Number=Sing|VerbForm=Part|Voice=Pass
фараона,фараон,фараон,,а,фараон а,фараон а,correct,,NOUN,Definite=Def|Gender=Masc|Number=Sing
вложители,вложител,вложител,,и,вложител и,вложител и,correct,,NOUN,Definite=Ind|Gender=Masc|Number=Plur
ъгъла,ъгъл,ъгъл,,а,ъгъл а,ъгъл а,correct,,NOUN,Definite=Def|Gender=Masc|Number=Sing
помогнал,помогна,помогна,,л,помогна л,помогна л,correct,,VERB,Aspect=Perf|Definite=Ind|Gender=Masc|Number=Sing|Tense=Past|VerbForm=Part|Voice=Act
имота,имот,имот,,а,имот а,имот а,correct,,NOUN,Definite=Def|Gender=Masc|Number=Sing
ръба,ръб,ръб,,а,ръб а,ръб а,correct,,NOUN,Definite=Def|Gender=Masc|Number=Sing
търговецът,търговец,търговец,,ът,търговец ът,търговец ът,correct,,NOUN,Definite=Def|Gender=Masc|Number=Sing
косвени,косвен,косвен,,и,косвен и,косвен и,correct,,ADJ,Definite=Ind|Degree=Pos|Number=Plur
приемствеността,приемственост,приемственост,,та,приемственост та,приемственост та,correct,,NOUN,Definite=Def|Gender=Fem|Number=Sing
процентите,процент,процент,,ите,процент ите,процент ите,correct,,NOUN,Definite=Def|Gender=Masc|Number=Plur
по-широко,широк,широк,по-,о,по- широк о,по- широко,partial,,ADV,Degree=Sup
по-широка,широк,широк,по-,а,по- широк а,по- широка,partial,,ADJ,Definite=Ind|Degree=Pos|Gender=Fem|Number=Sing
бъдещото,бъдещ,бъдещ,,ото,бъдещ ото,бъдещо то,wrong,adj_def_boundary,ADJ,Definite=Def|Degree=Pos|Gender=Neut|Number=Sing
по-дълъг,дълъг,дълъг,по-,,по- дълъг,по- дълъг,correct,,ADJ,Definite=Ind|Degree=Pos|Gender=Masc|Number=Sing
постигнато,постигна,постигна,,то,постигна то,постигнато,correct,,VERB,Aspect=Perf|Definite=Ind|Gender=Neut|Number=Sing|VerbForm=Part|Voice=Pass
изключваме,изключвам,изключвам,,е,изключвам е,изключва ме,wrong,plu1person_boundary,VERB,Aspect=Imp|Mood=Ind|Number=Plur|Person=1|Tense=Pres|VerbForm=Fin|Voice=Act
най-късият,къс,къс,най-,ият,най- къс ият,най- къс ият,correct,,ADJ,Definite=Def|Degree=Sup|Gender=Masc|Number=Sing
започналите,започна,започна,,лите,започна лите,започнали те,wrong,adj_def_boundary,ADJ,Aspect=Perf|Definite=Def|Degree=Pos|Number=Plur|Tense=Past|VerbForm=Part|Voice=Act
състезателите,състезател,състезател,,ите,състезател ите,състезател ите,correct,,NOUN,Definite=Def|Gender=Masc|Number=Plur
прибързана,прибързан,прибързан,,а,прибързан а,прибързана,correct,adj_gender,ADJ,Definite=Ind|Degree=Pos|Gender=Fem|Number=Sing
поканата,покана,покана,,та,покана та,покана та,correct,,NOUN,Definite=Def|Gender=Fem|Number=Sing
смятаме,смятам,смятам,,е,смятам е,смята ме,wrong,plu1person_boundary,VERB,Aspect=Imp|Mood=Ind|Number=Plur|Person=1|Tense=Pres|VerbForm=Fin|Voice=Act
добронамерени,добронамерен,добронамерен,,и,добронамерен и,добронамерен и,correct,,ADJ,Definite=Ind|Degree=Pos|Number=Plur
пловдивският,пловдивски,пловдивски,,ят,пловдивски ят,пловдивски ят,correct,,ADJ,Definite=Def|Degree=Pos|Gender=Masc|Number=Sing
външнополитическия,външнополитически,външнополитически,,я,външнополитически я,външнополитически я,correct,,ADJ,Definite=Def|Degree=Pos|Gender=Masc|Number=Sing
дипломатът,дипломат,дипломат,,ът,дипломат ът,дипломат ът,correct,,NOUN,Definite=Def|Gender=Masc|Number=Sing
одобряваме,одобрявам,одобрявам,,е,одобрявам е,одобрява ме,wrong,plu1person_boundary,VERB,Aspect=Imp|Mood=Ind|Number=Plur|Person=1|Tense=Pres|VerbForm=Fin|Voice=Act
крадеца,крадец,крадец,,а,крадец а,крадец а,correct,,NOUN,Definite=Def|Gender=Masc|Number=Sing
общежитието,общежитие,общежитие,,то,общежитие то,общежитие то,correct,,NOUN,Definite=Def|Gender=Neut|Number=Sing
цистерната,цистерна,цистерна,,та,цистерна та,цистерна та,correct,,NOUN,Definite=Def|Gender=Fem|Number=Sing
легнат,легна,легна,,т,легна т,легна т,correct,,VERB,Aspect=Perf|Mood=Ind|Number=Plur|Person=3|Tense=Pres|VerbForm=Fin|Voice=Act
танкове,танк,танк,,ове,танк ове,танк ове,correct,,NOUN,Definite=Ind|Gender=Masc|Number=Plur
попречат,попреча,попреча,,т,попреча т,попреча т,correct,,VERB,Aspect=Perf|Mood=Ind|Number=Plur|Person=3|Tense=Pres|VerbForm=Fin|Voice=Act
полигона,полигон,полигон,,а,полигон а,полигон а,correct,,NOUN,Definite=Def|Gender=Masc|Number=Sing
апарата,апарат,апарат,,а,апарат а,апарат а,correct,,NOUN,Definite=Def|Gender=Masc|Number=Sing
районите,район,район,,ите,район ите,район ите,correct,,NOUN,Definite=Def|Gender=Masc|Number=Plur
особености,особеност,особеност,,и,особеност и,особеност и,correct,,NOUN,Definite=Ind|Gender=Fem|Number=Plur
пресцентърът,пресцентър,пресцентър,,ът,пресцентър ът,пресцентър ът,correct,,NOUN,Definite=Def|Gender=Masc|Number=Sing
съюзите,съюз,съюз,,ите,съюз ите,съюз ите,correct,,NOUN,Definite=Def|Gender=Masc|Number=Plur
строителите,строител,строител,,ите,строител ите,строител ите,correct,,NOUN,Definite=Def|Gender=Masc|Number=Plur
фармацевтите,фармацевт,фармацевт,,ите,фармацевт ите,фармацевт ите,correct,,NOUN,Definite=Def|Gender=Masc|Number=Plur
хотели,хотел,хотел,,и,хотел и,хотел и,correct,,NOUN,Definite=Ind|Gender=Masc|Number=Plur
висшестоящия,висшестоящ,висшестоящ,,ия,висшестоящ ия,висшестоящ ия,correct,,ADJ,Definite=Def|Degree=Pos|Gender=Masc|Number=Sing
пристройката,пристройка,пристройка,,та,пристройка та,пристройка та,correct,,NOUN,Definite=Def|Gender=Fem|Number=Sing
надстройката,надстройка,надстройка,,та,надстройка та,надстройка та,correct,,NOUN,Definite=Def|Gender=Fem|Number=Sing
печатницата,печатница,печатница,,та,печатница та,печатница та,correct,,NOUN,Definite=Def|Gender=Fem|Number=Sing
стикери,стикер,стикер,,и,стикер и,стикер и,correct,,NOUN,Definite=Ind|Gender=Masc|Number=Plur
адресите,адрес,адрес,,ите,адрес ите,адрес ите,correct,,NOUN,Definite=Def|Gender=Masc|Number=Plur
преминат,премина,премина,,т,премина т,премина т,correct,,VERB,Aspect=Perf|Mood=Ind|Number=Plur|Person=3|Tense=Pres|VerbForm=Fin|Voice=Act
орбитата,орбита,орбита,,та,орбита та,орбита та,correct,,NOUN,Definite=Def|Gender=Fem|Number=Sing
агитираме,агитирам,агитирам,,е,агитирам е,агитира ме,wrong,plu1person_boundary,VERB,Aspect=Imp|Mood=Ind|Number=Plur|Person=1|Tense=Pres|VerbForm=Fin|Voice=Act
снайперисти,снайперист,снайперист,,и,снайперист и,снайперист и,correct,,NOUN,Definite=Ind|Gender=Masc|Number=Plur
отдели,отдел,отдел,,и,отдел и,отдел и,correct,,VERB,Aspect=Perf|Mood=Imp|Number=Sing|Person=2|VerbForm=Fin
споменатите,спомена,спомена,,тите,спомена тите,споменати те,wrong,adj_def_boundary,ADJ,Aspect=Perf|Definite=Def|Degree=Pos|Number=Plur|VerbForm=Part|Voice=Pass
шума,шум,шум,,а,шум а,шум а,correct,,NOUN,Definite=Def|Gender=Masc|Number=Sing
архангелският,архангелски,архангелски,,ят,архангелски ят,архангелски ят,correct,,ADJ,Definite=Def|Degree=Pos|Gender=Masc|Number=Sing
схватката,схватка,схватка,,та,схватка та,схватка та,correct,,NOUN,Definite=Def|Gender=Fem|Number=Sing
имигранти,имигрант,имигрант,,и,имигрант и,имигрант и,correct,,NOUN,Definite=Ind|Gender=Masc|Number=Plur
щабовете,щаб,щаб,,овете,щаб овете,щаб овете,correct,,NOUN,Definite=Def|Gender=Masc|Number=Plur
командващия,командващ,командващ,,ия,командващ ия,командващ ия,correct,,NOUN,Definite=Def|Gender=Masc|Number=Sing
командването,командване,командване,,то,командване то,командване то,correct,,NOUN,Definite=Def|Gender=Neut|Number=Sing
трусовете,трус,трус,,овете,трус овете,трус овете,correct,,NOUN,Definite=Def|Gender=Masc|Number=Plur
неизползваеми,неизползваем,неизползваем,,и,неизползваем и,неизползваем и,correct,,ADJ,Definite=Ind|Degree=Pos|Number=Plur
ламаринени,ламаринен,ламаринен,,и,ламаринен и,ламаринен и,correct,,ADJ,Definite=Ind|Degree=Pos|Number=Plur
газят,газя,газя,,т,газя т,газя т,correct,,VERB,Aspect=Imp|Mood=Ind|Number=Plur|Person=3|Tense=Pres|VerbForm=Fin|Voice=Act
изрязването,изрязване,изрязване,,то,изрязване то,изрязване то,correct,,NOUN,Definite=Def|Gender=Neut|Number=Sing
подводничари,подводничар,подводничар,,и,подводничар и,подводничар и,correct,,NOUN,Definite=Ind|Gender=Masc|Number=Plur
рибарските,рибарски,рибарски,,те,рибарски те,рибарск ите,wrong,adj_def_boundary,ADJ,Definite=Def|Degree=Pos|Number=Plur
крайбрежието,крайбрежие,крайбрежие,,то,крайбрежие то,крайбрежие то,correct,,NOUN,Definite=Def|Gender=Neut|Number=Sing
рибарите,рибар,рибар,,ите,рибар ите,рибар ите,correct,,NOUN,Definite=Def|Gender=Masc|Number=Plur
гибелта,гибел,гибел,,та,гибел та,гибел та,correct,,NOUN,Definite=Def|Gender=Fem|Number=Sing
унищожаването,унищожаване,унищожаване,,то,унищожаване то,унищожаване то,correct,,NOUN,Definite=Def|Gender=Neut|Number=Sing
репортажи,репортаж,репортаж,,и,репортаж и,репортаж и,correct,,NOUN,Definite=Ind|Gender=Masc|Number=Plur
концерни,концерн,концерн,,и,концерн и,концерн и,correct,,NOUN,Definite=Ind|Gender=Masc|Number=Plur
тръбопроводът,тръбопровод,тръбопровод,,ът,тръбопровод ът,тръбопровод ът,correct,,NOUN,Definite=Def|Gender=Masc|Number=Sing
ръкава,ръкав,ръкав,,а,ръкав а,ръкав а,correct,,NOUN,Definite=Def|Gender=Masc|Number=Sing
протокола,протокол,протокол,,а,протокол а,протокол а,correct,,NOUN,Definite=Def|Gender=Masc|Number=Sing
заобикалянето,заобикаляне,заобикаляне,,то,заобикаляне то,заобикаляне то,correct,,NOUN,Definite=Def|Gender=Neut|Number=Sing
заинтересовани,заинтересован,заинтересован,,и,заинтересован и,заинтересован и,correct,,ADJ,Definite=Ind|Degree=Pos|Number=Plur
насрочването,насрочване,насрочване,,то,насрочване то,насрочване то,correct,,NOUN,Definite=Def|Gender=Neut|Number=Sing
най-високо,висок,висок,най-,о,най- висок о,най- високо,partial,,ADV,Degree=Sup
бивша,бивш,бивш,,а,бивш а,бивша,correct,adj_gender,ADJ,Definite=Ind|Degree=Pos|Gender=Fem|Number=Sing
черногорските,черногорски,черногорски,,те,черногорски те,черногорск ите,wrong,adj_def_boundary,ADJ,Definite=Def|Degree=Pos|Number=Plur
регионът,регион,регион,,ът,регион ът,регион ът,correct,,NOUN,Definite=Def|Gender=Masc|Number=Sing
човешките,човешки,човешки,,те,човешки те,човешк ите,wrong,adj_def_boundary,ADJ,Definite=Def|Degree=Pos|Number=Plur
интегрирането,интегриране,интегриране,,то,интегриране то,интегриране то,correct,,NOUN,Definite=Def|Gender=Neut|Number=Sing
великите,велик,велик,,ите,велик ите,велик ите,correct,,ADJ,Definite=Def|Degree=Pos|Number=Plur
косовския,косовски,косовски,,я,косовски я,косовски я,correct,,ADJ,Definite=Def|Degree=Pos|Gender=Masc|Number=Sing
заличаването,заличаване,заличаване,,то,заличаване то,заличаване то,correct,,NOUN,Definite=Def|Gender=Neut|Number=Sing
германският,германски,германски,,ят,германски ят,германски ят,correct,,ADJ,Definite=Def|Degree=Pos|Gender=Masc|Number=Sing
тържеството,тържество,тържество,,то,тържество то,тържество то,correct,,NOUN,Definite=Def|Gender=Neut|Number=Sing
основаването,основаване,основаване,,то,основаване то,основаване то,correct,,NOUN,Definite=Def|Gender=Neut|Number=Sing
вдигането,вдигане,вдигане,,то,вдигане то,вдигане то,correct,,NOUN,Definite=Def|Gender=Neut|Number=Sing
престижа,престиж,престиж,,а,престиж а,престиж а,correct,,NOUN,Definite=Def|Gender=Masc|Number=Sing
щати,щат,щат,,и,щат и,щат и,correct,,NOUN,Definite=Ind|Gender=Masc|Number=Plur
подходящият,подходящ,подходящ,,ият,подходящ ият,подходящ ият,correct,,ADJ,Definite=Def|Degree=Pos|Gender=Masc|Number=Sing
читатели,читател,читател,,и,читател и,читател и,correct,,NOUN,Definite=Ind|Gender=Masc|Number=Plur
прането,пране,пране,,то,пране то,пране то,correct,,NOUN,Definite=Def|Gender=Neut|Number=Sing
проникването,проникване,проникване,,то,проникване то,проникване то,correct,,NOUN,Definite=Def|Gender=Neut|Number=Sing
партньорите,партньор,партньор,,ите,партньор ите,партньор ите,correct,,NOUN,Definite=Def|Gender=Masc|Number=Plur
принципът,принцип,принцип,,ът,принцип ът,принцип ът,correct,,NOUN,Definite=Def|Gender=Masc|Number=Sing
немските,немски,немски,,те,немски те,немск ите,wrong,adj_def_boundary,ADJ,Definite=Def|Degree=Pos|Number=Plur
остарбайтери,остарбайтер,остарбайтер,,и,остарбайтер и,остарбайтер и,correct,,NOUN,Definite=Ind|Gender=Masc|Number=Plur
полетът,полет,полет,,ът,полет ът,полет ът,correct,,NOUN,Definite=Def|Gender=Masc|Number=Sing
падението,падение,падение,,то,падение то,падение то,correct,,NOUN,Definite=Def|Gender=Neut|Number=Sing
непрофесионализма,непрофесионализм,непрофесионализм,,а,непрофесионализм а,непрофесионализм а,correct,,NOUN,Definite=Def|Gender=Masc|Number=Sing
користта,корист,корист,,та,корист та,корист та,correct,,NOUN,Definite=Def|Gender=Fem|Number=Sing
персонала,персонал,персонал,,а,персонал а,персонал а,correct,,NOUN,Definite=Def|Gender=Masc|Number=Sing
рискованите,рискован,рискован,,ите,рискован ите,рискован ите,correct,,ADJ,Aspect=Perf|Definite=Def|Degree=Pos|Number=Plur|VerbForm=Part|Voice=Pass
клонова,клонов,клонов,,а,клонов а,клонова,correct,adj_gender,ADJ,Definite=Ind|Degree=Pos|Gender=Fem|Number=Sing
антиквариата,антиквариат,антиквариат,,а,антиквариат а,антиквариат а,correct,,NOUN,Definite=Def|Gender=Masc|Number=Sing
остарбайтерите,остарбайтер,остарбайтер,,ите,остарбайтер ите,остарбайтер ите,correct,,NOUN,Definite=Def|Gender=Masc|Number=Plur
присъща,присъщ,присъщ,,а,присъщ а,присъща,correct,adj_gender,ADJ,Definite=Ind|Degree=Pos|Gender=Fem|Number=Sing
времената,време,време,,ната,време ната,времена та,wrong,,NOUN,Definite=Def|Gender=Neut|Number=Plur
фракцията,фракция,фракция,,та,фракция та,фракция та,correct,,NOUN,Definite=Def|Gender=Fem|Number=Sing
новосъздадената,новосъздаден,новосъздаден,,ата,новосъздаден ата,новосъздадена та,wrong,adj_def_boundary,ADJ,Aspect=Perf|Definite=Def|Degree=Pos|Gender=Fem|Number=Sing|VerbForm=Part|Voice=Pass
по-малкото,малко,малко,по-,то,по- малко то,по- малко то,correct,,ADJ,Definite=Def|Degree=Pos|Gender=Neut|Number=Sing
банкерите,банкер,банкер,,ите,банкер ите,банкер ите,correct,,NOUN,Definite=Def|Gender=Masc|Number=Plur
непознатия,непознат,непознат,,ия,непознат ия,непознат ия,correct,,ADJ,Definite=Def|Degree=Pos|Gender=Masc|Number=Sing
банкери,банкер,банкер,,и,банкер и,банкер и,correct,,NOUN,Definite=Ind|Gender=Masc|Number=Plur
превозът,превоз,превоз,,ът,превоз ът,превоз ът,correct,,NOUN,Definite=Def|Gender=Masc|Number=Sing
товари,товар,товар,,и,товар и,товар и,correct,,NOUN,Definite=Ind|Gender=Masc|Number=Plur
блокирането,блокиране,блокиране,,то,блокиране то,блокиране то,correct,,NOUN,Definite=Def|Gender=Neut|Number=Sing
корабоплаването,корабоплаване,корабоплаване,,то,корабоплаване то,корабоплаване то,correct,,NOUN,Definite=Def|Gender=Neut|Number=Sing
превозвачи,превозвач,превозвач,,и,превозвач и,превозвач и,correct,,NOUN,Definite=Ind|Gender=Masc|Number=Plur
превозите,превоз,превоз,,ите,превоз ите,превоз ите,correct,,NOUN,Definite=Def|Gender=Masc|Number=Plur
промила,промил,промил,,а,промил а,промил а,correct,,NOUN,Definite=Def|Gender=Masc|Number=Sing
кинокомпанията,кинокомпания,кинокомпания,,та,кинокомпания та,кинокомпания та,correct,,NOUN,Definite=Def|Gender=Fem|Number=Sing
инициаторката,инициаторка,инициаторка,,та,инициаторка та,инициаторка та,correct,,NOUN,Definite=Def|Gender=Fem|Number=Sing
журито,жури,жури,,то,жури то,жури то,correct,,NOUN,Definite=Def|Gender=Neut|Number=Sing
филмът,филм,филм,,ът,филм ът,филм ът,correct,,NOUN,Definite=Def|Gender=Masc|Number=Sing
прочутия,прочут,прочут,,ия,прочут ия,прочут ия,correct,,ADJ,Definite=Def|Degree=Pos|Gender=Masc|Number=Sing
пианисти,пианист,пианист,,и,пианист и,пианист и,correct,,NOUN,Definite=Ind|Gender=Masc|Number=Plur
цигулари,цигулар,цигулар,,и,цигулар и,цигулар и,correct,,NOUN,Definite=Ind|Gender=Masc|Number=Plur
необикновеното,необикновен,необикновен,,ото,необикновен ото,необикновено то,wrong,adj_def_boundary,ADJ,Definite=Def|Degree=Pos|Gender=Neut|Number=Sing
артгилдията,артгилдия,артгилдия,,та,артгилдия та,артгилдия та,correct,,NOUN,Definite=Def|Gender=Fem|Number=Sing
пропуснаха,пропусна,пропусна,,ха,пропусна ха,пропусна ха,correct,,VERB,Aspect=Perf|Mood=Ind|Number=Plur|Person=3|Tense=Past|VerbForm=Fin|Voice=Act
възпитаника,възпитаник,възпитаник,,а,възпитаник а,възпитаник а,correct,,NOUN,Definite=Def|Gender=Masc|Number=Sing
дебютът,дебют,дебют,,ът,дебют ът,дебют ът,correct,,NOUN,Definite=Def|Gender=Masc|Number=Sing
майсторските,майсторски,майсторски,,те,майсторски те,майсторск ите,wrong,adj_def_boundary,ADJ,Definite=Def|Degree=Pos|Number=Plur
класове,клас,клас,,ове,клас ове,клас ове,correct,,NOUN,Definite=Ind|Gender=Masc|Number=Plur
дружелюбността,дружелюбност,дружелюбност,,та,дружелюбност та,дружелюбност та,correct,,NOUN,Definite=Def|Gender=Fem|Number=Sing
фалшивите,фалшив,фалшив,,ите,фалшив ите,фалшив ите,correct,,ADJ,Definite=Def|Degree=Pos|Number=Plur
почитатели,почитател,почитател,,и,почитател и,почитател и,correct,,NOUN,Definite=Ind|Gender=Masc|Number=Plur
кримиисторията,кримиистория,кримиистория,,та,кримиистория та,кримиистория та,correct,,NOUN,Definite=Def|Gender=Fem|Number=Sing
магове,маг,маг,,ове,маг ове,маг ове,correct,,NOUN,Definite=Ind|Gender=Masc|Number=Plur
костюми,костюм,костюм,,и,костюм и,костюм и,correct,,NOUN,Definite=Ind|Gender=Masc|Number=Plur
песа,пес,пес,,а,пес а,пес а,correct,,NOUN,Definite=Def|Gender=Masc|Number=Sing
любящ,любя,любя,,щ,любя щ,любящ,correct,,ADJ,Aspect=Imp|Definite=Ind|Degree=Pos|Gender=Masc|Number=Sing|Tense=Pres|VerbForm=Part|Voice=Act
заточаването,заточаване,заточаване,,то,заточаване то,заточаване то,correct,,NOUN,Definite=Def|Gender=Neut|Number=Sing
листове,лист,лист,,ове,лист ове,лист ове,correct,,NOUN,Definite=Ind|Gender=Masc|Number=Plur
щастливото,щастлив,щастлив,,ото,щастлив ото,щастливо то,wrong,adj_def_boundary,ADJ,Definite=Def|Degree=Pos|Gender=Neut|Number=Sing
твореца,творец,творец,,а,творец а,творец а,correct,,NOUN,Definite=Def|Gender=Masc|Number=Sing
бракът,брак,брак,,ът,брак ът,брак ът,correct,,NOUN,Definite=Def|Gender=Masc|Number=Sing
предполагаемото,предполагаем,предполагаем,,ото,предполагаем ото,предполагаемо то,wrong,adj_def_boundary,ADJ,Definite=Def|Degree=Pos|Gender=Neut|Number=Sing
амбицията,амбиция,амбиция,,та,амбиция та,амбиция та,correct,,NOUN,Definite=Def|Gender=Fem|Number=Sing
кътове,кът,кът,,ове,кът ове,кът ове,correct,,NOUN,Definite=Ind|Gender=Masc|Number=Plur
пасажите,пасаж,пасаж,,ите,пасаж ите,пасаж ите,correct,,NOUN,Definite=Def|Gender=Masc|Number=Plur
пропуснати,пропусна,пропусна,,ти,пропусна ти,пропуснати,correct,,VERB,Aspect=Perf|Definite=Ind|Number=Plur|VerbForm=Part|Voice=Pass
плакати,плакат,плакат,,и,плакат и,плакат и,correct,,NOUN,Definite=Ind|Gender=Masc|Number=Plur
изготвянето,изготвяне,изготвяне,,то,изготвяне то,изготвяне то,correct,,NOUN,Definite=Def|Gender=Neut|Number=Sing
почетат,почета,почета,,т,почета т,почета т,correct,,VERB,Aspect=Perf|Mood=Ind|Number=Plur|Person=3|Tense=Pres|VerbForm=Fin|Voice=Act
прераснал,прерасна,прерасна,,л,прерасна л,прерасна л,correct,,VERB,Aspect=Perf|Definite=Ind|Gender=Masc|Number=Sing|Tense=Past|VerbForm=Part|Voice=Act
театърът,театър,театър,,ът,театър ът,театър ът,correct,,NOUN,Definite=Def|Gender=Masc|Number=Sing
школата,школа,школа,,та,школа та,школа та,correct,,NOUN,Definite=Def|Gender=Fem|Number=Sing
диаметърът,диаметър,диаметър,,ът,диаметър ът,диаметър ът,correct,,NOUN,Definite=Def|Gender=Masc|Number=Sing
новооткритото,новооткрит,новооткрит,,ото,новооткрит ото,новооткрито то,wrong,adj_def_boundary,ADJ,Definite=Def|Degree=Pos|Gender=Neut|Number=Sing
астрономите,астроном,астроном,,ите,астроном ите,астроном ите,correct,,NOUN,Definite=Def|Gender=Masc|Number=Plur
материалът,материал,материал,,ът,материал ът,материал ът,correct,,NOUN,Definite=Def|Gender=Masc|Number=Sing
конструктори,конструктор,конструктор,,и,конструктор и,конструктор и,correct,,NOUN,Definite=Ind|Gender=Masc|Number=Plur
пенса,пенс,пенс,,а,пенс а,пенса,correct,,NOUN,Definite=Ind|Gender=Masc|Number=Sing
резервоари,резервоар,резервоар,,и,резервоар и,резервоар и,correct,,NOUN,Definite=Ind|Gender=Masc|Number=Plur
возилото,возило,возило,,то,возило то,возило то,correct,,NOUN,Definite=Def|Gender=Neut|Number=Sing
конструирането,конструиране,конструиране,,то,конструиране то,конструиране то,correct,,NOUN,Definite=Def|Gender=Neut|Number=Sing
костта,кост,кост,,та,кост та,кост та,correct,,NOUN,Definite=Def|Gender=Fem|Number=Sing
закрият,закрия,закрия,,т,закрия т,закрия т,correct,,VERB,Aspect=Perf|Mood=Ind|Number=Plur|Person=3|Tense=Pres|VerbForm=Fin|Voice=Act
редовите,редов,редов,,ите,редов ите,редов ите,correct,,ADJ,Definite=Def|Degree=Pos|Number=Plur
залезът,залез,залез,,ът,залез ът,залез ът,correct,,NOUN,Definite=Def|Gender=Masc|Number=Sing
разформироването,разформироване,разформироване,,то,разформироване то,разформироване то,correct,,NOUN,Definite=Def|Gender=Neut|Number=Sing
редовете,ред,ред,,овете,ред овете,ред овете,correct,,NOUN,Definite=Def|Gender=Masc|Number=Plur
войнския,войнски,войнски,,я,войнски я,войнски я,correct,,ADJ,Definite=Def|Degree=Pos|Gender=Masc|Number=Sing
лежалите,лежа,лежа,,лите,лежа лите,лежали те,wrong,adj_def_boundary,ADJ,Aspect=Imp|Definite=Def|Degree=Pos|Number=Plur|Tense=Past|VerbForm=Part|Voice=Act
спят,спя,спя,,т,спя т,спя т,correct,,VERB,Aspect=Imp|Mood=Ind|Number=Plur|Person=3|Tense=Pres|VerbForm=Fin|Voice=Act
клетвения,клетвен,клетвен,,ия,клетвен ия,клетвен ия,correct,,ADJ,Definite=Def|Degree=Pos|Gender=Masc|Number=Sing
специалности,специалност,специалност,,и,специалност и,специалност и,correct,,NOUN,Definite=Ind|Gender=Fem|Number=Plur
отслужат,отслужа,отслужа,,т,отслужа т,отслужа т,correct,,VERB,Aspect=Perf|Mood=Ind|Number=Plur|Person=3|Tense=Pres|VerbForm=Fin|Voice=Act
сержанти,сержант,сержант,,и,сержант и,сержант и,correct,,NOUN,Definite=Ind|Gender=Masc|Number=Plur
врачанският,врачански,врачански,,ят,врачански ят,врачански ят,correct,,ADJ,Definite=Def|Degree=Pos|Gender=Masc|Number=Sing
умисъла,умисъл,умисъл,,а,умисъл а,умисъл а,correct,,NOUN,Definite=Def|Gender=Masc|Number=Sing
деянието,деяние,деяние,,то,деяние то,деяние то,correct,,NOUN,Definite=Def|Gender=Neut|Number=Sing
банковата,банков,банков,,ата,банков ата,банкова та,wrong,adj_def_boundary,ADJ,Definite=Def|Degree=Pos|Gender=Fem|Number=Sing
шансът,шанс,шанс,,ът,шанс ът,шанс ът,correct,,NOUN,Definite=Def|Gender=Masc|Number=Sing
изминало,измина,измина,,ло,измина ло,измина ло,correct,,VERB,Aspect=Perf|Definite=Ind|Gender=Neut|Number=Sing|Tense=Past|VerbForm=Part|Voice=Act
доказателствения,доказателствен,доказателствен,,ия,доказателствен ия,доказателствен ия,correct,,ADJ,Definite=Def|Degree=Pos|Gender=Masc|Number=Sing
тома,том,том,,а,том а,том а,correct,,NOUN,Definite=Def|Gender=Masc|Number=Sing
обвиняеми,обвиняем,обвиняем,,и,обвиняем и,обвиняем и,correct,,NOUN,Definite=Ind|Gender=Masc|Number=Plur
настъпят,настъпя,настъпя,,т,настъпя т,настъпя т,correct,,VERB,Aspect=Perf|Mood=Ind|Number=Plur|Person=3|Tense=Pres|VerbForm=Fin|Voice=Act
наказанието,наказание,наказание,,то,наказание то,наказание то,correct,,NOUN,Definite=Def|Gender=Neut|Number=Sing
полюси,полюс,полюс,,и,полюс и,полюс и,correct,,NOUN,Definite=Ind|Gender=Masc|Number=Plur
правителствената,правителствен,правителствен,,ата,правителствен ата,правителствена та,wrong,adj_def_boundary,ADJ,Definite=Def|Degree=Pos|Gender=Fem|Number=Sing
ръководителя,ръководител,ръководител,,я,ръководител я,ръководител я,correct,,NOUN,Definite=Def|Gender=Masc|Number=Sing
религията,религия,религия,,та,религия та,религия та,correct,,NOUN,Definite=Def|Gender=Fem|Number=Sing
култове,култ,култ,,ове,култ ове,култ ове,correct,,NOUN,Definite=Ind|Gender=Masc|Number=Plur
равнопоставени,равнопоставен,равнопоставен,,и,равнопоставен и,равнопоставен и,correct,,ADJ,Definite=Ind|Degree=Pos|Number=Plur
клубовете,клуб,клуб,,овете,клуб овете,клуб овете,correct,,NOUN,Definite=Def|Gender=Masc|Number=Plur
законодателството,законодателство,законодателство,,то,законодателство то,законодателство то,correct,,NOUN,Definite=Def|Gender=Neut|Number=Sing
дарението,дарение,дарение,,то,дарение то,дарение то,correct,,NOUN,Definite=Def|Gender=Neut|Number=Sing
граничат,гранича,гранича,,т,гранича т,гранича т,correct,,VERB,Aspect=Imp|Mood=Ind|Number=Plur|Person=3|Tense=Pres|VerbForm=Fin|Voice=Act
ислямът,ислям,ислям,,ът,ислям ът,ислям ът,correct,,NOUN,Definite=Def|Gender=Masc|Number=Sing
теорията,теория,теория,,та,теория та,теория та,correct,,NOUN,Definite=Def|Gender=Fem|Number=Sing
исляма,ислям,ислям,,а,ислям а,ислям а,correct,,NOUN,Definite=Def|Gender=Masc|Number=Sing
най-конкурентоспособен,конкурентоспособен,конкурентоспособен,най-,,най- конкурентоспособен,най- конкурентоспособен,correct,,ADJ,Definite=Ind|Degree=Pos|Gender=Masc|Number=Sing
епохата,епоха,епоха,,та,епоха та,епоха та,correct,,NOUN,Definite=Def|Gender=Fem|Number=Sing
преструктурираме,преструктурирам,преструктурирам,,е,преструктурирам е,преструктурира ме,wrong,plu1person_boundary,VERB,Aspect=Imp|Mood=Ind|Number=Plur|Person=1|Tense=Pres|VerbForm=Fin|Voice=Act
външноикономическите,външноикономически,външноикономически,,те,външноикономически те,външноикономическ ите,wrong,adj_def_boundary,ADJ,Definite=Def|Degree=Pos|Number=Plur
договорености,договореност,договореност,,и,договореност и,договореност и,correct,,NOUN,Definite=Ind|Gender=Fem|Number=Plur
ембаргови,ембаргов,ембаргов,,и,ембаргов и,ембаргов и,correct,,ADJ,Definite=Ind|Degree=Pos|Number=Plur
пренасочването,пренасочване,пренасочване,,то,пренасочване то,пренасочване то,correct,,NOUN,Definite=Def|Gender=Neut|Number=Sing
примерът,пример,пример,,ът,пример ът,пример ът,correct,,NOUN,Definite=Def|Gender=Masc|Number=Sing
конкурентността,конкурентност,конкурентност,,та,конкурентност та,конкурентност та,correct,,NOUN,Definite=Def|Gender=Fem|Number=Sing
гъвкава,гъвкав,гъвкав,,а,гъвкав а,гъвкава,correct,adj_gender,ADJ,Definite=Ind|Degree=Pos|Gender=Fem|Number=Sing
шокове,шок,шок,,ове,шок ове,шок ове,correct,,NOUN,Definite=Ind|Gender=Masc|Number=Plur
притежаването,притежаване,притежаване,,то,притежаване то,притежаване то,correct,,NOUN,Definite=Def|Gender=Neut|Number=Sing
прехраната,прехрана,прехрана,,та,прехрана та,прехрана та,correct,,NOUN,Definite=Def|Gender=Fem|Number=Sing
бабата,баба,баба,,та,баба та,баба та,correct,,NOUN,Definite=Def|Gender=Fem|Number=Sing
внучетата,внуче,внуче,,тата,внуче тата,внуче тата,correct,,NOUN,Definite=Def|Gender=Neut|Number=Plur
дядото,дядо,дядо,,то,дядо то,дядо то,correct,,NOUN,Definite=Def|Gender=Masc|Number=Sing
зетя,зет,зет,,я,зет я,зет я,correct,,NOUN,Definite=Def|Gender=Masc|Number=Sing
зимнината,зимнина,зимнина,,та,зимнина та,зимнина та,correct,,NOUN,Definite=Def|Gender=Fem|Number=Sing
конкурентоспособността,конкурентоспособност,конкурентоспособност,,та,конкурентоспособност та,конкурентоспособност та,correct,,NOUN,Definite=Def|Gender=Fem|Number=Sing
достигнат,достигна,достигна,,т,достигна т,достигна т,correct,,VERB,Aspect=Perf|Mood=Ind|Number=Plur|Person=3|Tense=Pres|VerbForm=Fin|Voice=Act
минимума,минимум,минимум,,а,минимум а,минимум а,correct,,NOUN,Definite=Def|Gender=Masc|Number=Sing
маркетингово,маркетингов,маркетингов,,о,маркетингов о,маркетингово,correct,adj_gender,ADJ,Definite=Ind|Degree=Pos|Gender=Neut|Number=Sing
износа,износ,износ,,а,износ а,износ а,correct,,NOUN,Definite=Def|Gender=Masc|Number=Sing
ориентацията,ориентация,ориентация,,та,ориентация та,ориентация та,correct,,NOUN,Definite=Def|Gender=Fem|Number=Sing
експорта,експорт,експорт,,а,експорт а,експорт а,correct,,NOUN,Definite=Def|Gender=Masc|Number=Sing
посочат,посоча,посоча,,т,посоча т,посоча т,correct,,VERB,Aspect=Perf|Mood=Ind|Number=Plur|Person=3|Tense=Pres|VerbForm=Fin|Voice=Act
профилът,профил,профил,,ът,профил ът,профил ът,correct,,NOUN,Definite=Def|Gender=Masc|Number=Sing
проектирането,проектиране,проектиране,,то,проектиране то,проектиране то,correct,,NOUN,Definite=Def|Gender=Neut|Number=Sing
председателството,председателство,председателство,,то,председателство то,председателство то,correct,,NOUN,Definite=Def|Gender=Neut|Number=Sing
авторитетът,авторитет,авторитет,,ът,авторитет ът,авторитет ът,correct,,NOUN,Definite=Def|Gender=Masc|Number=Sing
християнските,християнски,християнски,,те,християнски те,християнск ите,wrong,adj_def_boundary,ADJ,Definite=Def|Degree=Pos|Number=Plur
канони,канон,канон,,и,канон и,канон и,correct,,NOUN,Definite=Ind|Gender=Masc|Number=Plur
нравите,нрав,нрав,,ите,нрав ите,нрав ите,correct,,NOUN,Definite=Def|Gender=Masc|Number=Plur
ватиканския,ватикански,ватикански,,я,ватикански я,ватикански я,correct,,ADJ,Definite=Def|Degree=Pos|Gender=Masc|Number=Sing
тезиса,тезис,тезис,,а,тезис а,тезис а,correct,,NOUN,Definite=Def|Gender=Masc|Number=Sing
катедралата,катедрала,катедрала,,та,катедрала та,катедрала та,correct,,NOUN,Definite=Def|Gender=Fem|Number=Sing
бракониерите,бракониер,бракониер,,ите,бракониер ите,бракониер ите,correct,,NOUN,Definite=Def|Gender=Masc|Number=Plur
дървената,дървен,дървен,,ата,дървен ата,дървена та,wrong,adj_def_boundary,ADJ,Definite=Def|Degree=Pos|Gender=Fem|Number=Sing
крайградските,крайградски,крайградски,,те,крайградски те,крайградск ите,wrong,adj_def_boundary,ADJ,Definite=Def|Degree=Pos|Number=Plur
паркове,парк,парк,,ове,парк ове,парк ове,correct,,NOUN,Definite=Ind|Gender=Masc|Number=Plur
пожалят,пожаля,пожаля,,т,пожаля т,пожал ят,wrong,,NOUN,Definite=Def|Gender=Masc|Number=Sing
резерватите,резерват,резерват,,ите,резерват ите,резерват ите,correct,,NOUN,Definite=Def|Gender=Masc|Number=Plur
босове,бос,бос,,ове,бос ове,бос ове,correct,,NOUN,Definite=Ind|Gender=Masc|Number=Plur
секат,сека,сека,,т,сека т,сека т,correct,,VERB,Aspect=Imp|Mood=Ind|Number=Plur|Person=3|Tense=Pres|VerbForm=Fin|Voice=Act
цеховете,цех,цех,,овете,цех овете,цех овете,correct,,NOUN,Definite=Def|Gender=Masc|Number=Plur
трупи,труп,труп,,и,труп и,труп и,correct,,NOUN,Definite=Ind|Gender=Masc|Number=Plur
банцинги,банцинг,банцинг,,и,банцинг и,банцинг и,correct,,NOUN,Definite=Ind|Gender=Masc|Number=Plur
дувари,дувар,дувар,,и,дувар и,дувар и,correct,,NOUN,Definite=Ind|Gender=Masc|Number=Plur
крадат,крада,крада,,т,крада т,крада т,correct,,VERB,Aspect=Imp|Mood=Ind|Number=Plur|Person=3|Tense=Pres|VerbForm=Fin|Voice=Act
кмета,кмет,кмет,,а,кмет а,кмет а,correct,,NOUN,Definite=Def|Gender=Masc|Number=Sing
нарушителите,нарушител,нарушител,,ите,нарушител ите,нарушител ите,correct,,NOUN,Definite=Def|Gender=Masc|Number=Plur
горските,горски,горски,,те,горски те,горск ите,wrong,,NOUN,Definite=Def|Gender=Masc|Number=Plur
пикапи,пикап,пикап,,и,пикап и,пикап и,correct,,NOUN,Definite=Ind|Gender=Masc|Number=Plur
трактори,трактор,трактор,,и,трактор и,трактор и,correct,,NOUN,Definite=Ind|Gender=Masc|Number=Plur
твърда,твърд,твърд,,а,твърд а,твърда,correct,adj_gender,ADJ,Definite=Ind|Degree=Pos|Gender=Fem|Number=Sing
дървения,дървен,дървен,,ия,дървен ия,дървен ия,correct,,ADJ,Definite=Def|Degree=Pos|Gender=Masc|Number=Sing
милиардери,милиардер,милиардер,,и,милиардер и,милиардер и,correct,,NOUN,Definite=Ind|Gender=Masc|Number=Plur
обори,обор,обор,,и,обор и,обори,correct,,NOUN,Definite=Ind|Gender=Masc|Number=Sing
страдаме,страдам,страдам,,е,страдам е,страда ме,wrong,plu1person_boundary,VERB,Aspect=Imp|Mood=Ind|Number=Plur|Person=1|Tense=Pres|VerbForm=Fin|Voice=Act
стражари,стражар,стражар,,и,стражар и,стражар и,correct,,NOUN,Definite=Ind|Gender=Masc|Number=Plur
акта,акт,акт,,а,акт а,акт а,correct,,NOUN,Definite=Def|Gender=Masc|Number=Sing
лесничейството,лесничейство,лесничейство,,то,лесничейство то,лесничейство то,correct,,NOUN,Definite=Def|Gender=Neut|Number=Sing
вицеконсула,вицеконсул,вицеконсул,,а,вицеконсул а,вицеконсул а,correct,,NOUN,Definite=Def|Gender=Masc|Number=Sing
мисията,мисия,мисия,,та,мисия та,мисия та,correct,,NOUN,Definite=Def|Gender=Fem|Number=Sing
вицеконсулът,вицеконсул,вицеконсул,,ът,вицеконсул ът,вицеконсул ът,correct,,NOUN,Definite=Def|Gender=Masc|Number=Sing
отзоваването,отзоваване,отзоваване,,то,отзоваване то,отзоваване то,correct,,NOUN,Definite=Def|Gender=Neut|Number=Sing
дипломатическия,дипломатически,дипломатически,,я,дипломатически я,дипломатически я,correct,,ADJ,Definite=Def|Degree=Pos|Gender=Masc|Number=Sing
приватизирането,приватизиране,приватизиране,,то,приватизиране то,приватизиране то,correct,,NOUN,Definite=Def|Gender=Neut|Number=Sing
договорката,договорка,договорка,,та,договорка та,договорка та,correct,,NOUN,Definite=Def|Gender=Fem|Number=Sing
активисти,активист,активист,,и,активист и,активист и,correct,,NOUN,Definite=Ind|Gender=Masc|Number=Plur
бизнесинтереси,бизнесинтерес,бизнесинтерес,,и,бизнесинтерес и,бизнесинтерес и,correct,,NOUN,Definite=Ind|Gender=Masc|Number=Plur
четиричасово,четиричасов,четиричасов,,о,четиричасов о,четиричасово,correct,adj_gender,ADV,Degree=Pos
надигането,надигане,надигане,,то,надигане то,надигане то,correct,,NOUN,Definite=Def|Gender=Neut|Number=Sing
по-ценен,ценен,ценен,по-,,по- ценен,по- ценен,correct,,ADJ,Definite=Ind|Degree=Pos|Gender=Masc|Number=Sing
вариантите,вариант,вариант,,ите,вариант ите,вариант ите,correct,,NOUN,Definite=Def|Gender=Masc|Number=Plur
шефския,шефски,шефски,,я,шефски я,шефски я,correct,,ADJ,Definite=Def|Degree=Pos|Gender=Masc|Number=Sing
издигането,издигане,издигане,,то,издигане то,издигане то,correct,,NOUN,Definite=Def|Gender=Neut|Number=Sing
лидерския,лидерски,лидерски,,я,лидерски я,лидерски я,correct,,ADJ,Definite=Def|Degree=Pos|Gender=Masc|Number=Sing
изтъкнаха,изтъкна,изтъкна,,ха,изтъкна ха,изтъкна ха,correct,,VERB,Aspect=Perf|Mood=Ind|Number=Plur|Person=3|Tense=Past|VerbForm=Fin|Voice=Act
скандалите,скандал,скандал,,ите,скандал ите,скандал ите,correct,,NOUN,Definite=Def|Gender=Masc|Number=Plur
подкрепяме,подкрепям,подкрепям,,е,подкрепям е,подкрепя ме,wrong,plu1person_boundary,VERB,Aspect=Imp|Mood=Ind|Number=Plur|Person=1|Tense=Pres|VerbForm=Fin|Voice=Act
обсегът,обсег,обсег,,ът,обсег ът,обсег ът,correct,,NOUN,Definite=Def|Gender=Masc|Number=Sing
лансирането,лансиране,лансиране,,то,лансиране то,лансиране то,correct,,NOUN,Definite=Def|Gender=Neut|Number=Sing
поставянето,поставяне,поставяне,,то,поставяне то,поставяне то,correct,,NOUN,Definite=Def|Gender=Neut|Number=Sing
неподходящи,неподходящ,неподходящ,,и,неподходящ и,неподходящ и,correct,,ADJ,Definite=Ind|Degree=Pos|Number=Plur
атакуваме,атакувам,атакувам,,е,атакувам е,атакува ме,wrong,plu1person_boundary,VERB,Aspect=Imp|Mood=Ind|Number=Plur|Person=1|Tense=Pres|VerbForm=Fin|Voice=Act
работодателските,работодателски,работодателски,,те,работодателски те,работодателск ите,wrong,adj_def_boundary,ADJ,Definite=Def|Degree=Pos|Number=Plur
визовата,визов,визов,,ата,визов ата,визова та,wrong,adj_def_boundary,ADJ,Definite=Def|Degree=Pos|Gender=Fem|Number=Sing
шенгенския,шенгенски,шенгенски,,я,шенгенски я,шенгенски я,correct,,ADJ,Definite=Def|Degree=Pos|Gender=Masc|Number=Sing
конкуренти,конкурент,конкурент,,и,конкурент и,конкурент и,correct,,NOUN,Definite=Ind|Gender=Masc|Number=Plur
прессекретариата,прессекретариат,прессекретариат,,а,прессекретариат а,прессекретариат а,correct,,NOUN,Definite=Def|Gender=Masc|Number=Sing
покритието,покритие,покритие,,то,покритие то,покритие то,correct,,NOUN,Definite=Def|Gender=Neut|Number=Sing
свързването,свързване,свързване,,то,свързване то,свързване то,correct,,NOUN,Definite=Def|Gender=Neut|Number=Sing
вашият,ваш,ваш,,ият,ваш ият,ваш ият,correct,,DET,Definite=Def|Gender=Masc|Number=Sing|Person=2|Poss=Yes|PronType=Prs
мирът,мир,мир,,ът,мир ът,мир ът,correct,,NOUN,Definite=Def|Gender=Masc|Number=Sing
отклоняването,отклоняване,отклоняване,,то,отклоняване то,отклоняване то,correct,,NOUN,Definite=Def|Gender=Neut|Number=Sing
стигането,стигане,стигане,,то,стигане то,стигане то,correct,,NOUN,Definite=Def|Gender=Neut|Number=Sing
говорителя,говорител,говорител,,я,говорител я,говорител я,correct,,NOUN,Definite=Def|Gender=Masc|Number=Sing
изпитите,изпит,изпит,,ите,изпит ите,изпит ите,correct,,NOUN,Definite=Def|Gender=Masc|Number=Plur
бутиково,бутиков,бутиков,,о,бутиков о,бутиково,correct,adj_gender,ADV,Degree=Pos
лекарят,лекар,лекар,,ят,лекар ят,лекар ят,correct,,NOUN,Definite=Def|Gender=Masc|Number=Sing
наберат,набера,набера,,т,набера т,набера т,correct,,VERB,Aspect=Perf|Mood=Ind|Number=Plur|Person=3|Tense=Pres|VerbForm=Fin|Voice=Act
наематели,наемател,наемател,,и,наемател и,наемател и,correct,,NOUN,Definite=Ind|Gender=Masc|Number=Plur
дарителя,дарител,дарител,,я,дарител я,дарител я,correct,,NOUN,Definite=Def|Gender=Masc|Number=Sing
небивали,небивал,небивал,,и,небивал и,небива ли,wrong,,VERB,Aspect=Imp|Definite=Ind|Number=Plur|Tense=Past|VerbForm=Part|Voice=Act
ураганът,ураган,ураган,,ът,ураган ът,ураган ът,correct,,NOUN,Definite=Def|Gender=Masc|Number=Sing
електропроводи,електропровод,електропровод,,и,електропровод и,електропровод и,correct,,NOUN,Definite=Ind|Gender=Masc|Number=Plur
точкови,точков,точков,,и,точков и,точков и,correct,,ADJ,Definite=Ind|Degree=Pos|Number=Plur
конфликта,конфликт,конфликт,,а,конфликт а,конфликт а,correct,,NOUN,Definite=Def|Gender=Masc|Number=Sing
генщаба,генщаб,генщаб,,а,генщаб а,генщаб а,correct,,NOUN,Definite=Def|Gender=Masc|Number=Sing
поредицата,поредица,поредица,,та,поредица та,поредица та,correct,,NOUN,Definite=Def|Gender=Fem|Number=Sing
провала,провал,провал,,а,провал а,провал а,correct,,NOUN,Definite=Def|Gender=Masc|Number=Sing
опонента,опонент,опонент,,а,опонент а,опонент а,correct,,NOUN,Definite=Def|Gender=Masc|Number=Sing
заболеят,заболея,заболея,,т,заболея т,заболея т,correct,,VERB,Aspect=Imp|Mood=Ind|Number=Plur|Person=3|Tense=Pres|VerbForm=Fin|Voice=Act
изтъкнало,изтъкна,изтъкна,,ло,изтъкна ло,изтъкна ло,correct,,VERB,Aspect=Perf|Definite=Ind|Gender=Neut|Number=Sing|Tense=Past|VerbForm=Part|Voice=Act
противника,противник,противник,,а,противник а,противник а,correct,,NOUN,Definite=Def|Gender=Masc|Number=Sing
по-мекото,мек,мек,по-,ото,по- мек ото,по- меко то,partial,adj_def_boundary,ADJ,Definite=Def|Degree=Pos|Gender=Neut|Number=Sing
гърдата,гърда,гърда,,та,гърда та,гърда та,correct,,NOUN,Definite=Def|Gender=Fem|Number=Sing
матката,матка,матка,,та,матка та,матка та,correct,,NOUN,Definite=Def|Gender=Fem|Number=Sing
канцеларията,канцелария,канцелария,,та,канцелария та,канцелария та,correct,,NOUN,Definite=Def|Gender=Fem|Number=Sing
репортери,репортер,репортер,,и,репортер и,репортер и,correct,,NOUN,Definite=Ind|Gender=Masc|Number=Plur
тържествена,тържествен,тържествен,,а,тържествен а,тържествена,correct,adj_gender,ADJ,Definite=Ind|Degree=Pos|Gender=Fem|Number=Sing
напрегнатата,напрегнат,напрегнат,,ата,напрегнат ата,напрегната та,wrong,adj_def_boundary,ADJ,Aspect=Perf|Definite=Def|Degree=Pos|Gender=Fem|Number=Sing|VerbForm=Part|Voice=Pass
фактите,факт,факт,,ите,факт ите,факт ите,correct,,NOUN,Definite=Def|Gender=Masc|Number=Plur
обороти,оборот,оборот,,и,оборот и,оборот и,correct,,NOUN,Definite=Ind|Gender=Masc|Number=Plur
принципи,принцип,принцип,,и,принцип и,принцип и,correct,,NOUN,Definite=Ind|Gender=Masc|Number=Plur
караула,караул,караул,,а,караул а,караул а,correct,,NOUN,Definite=Def|Gender=Masc|Number=Sing
свикналите,свикна,свикна,,лите,свикна лите,свикнали те,wrong,adj_def_boundary,ADJ,Aspect=Perf|Definite=Def|Degree=Pos|Number=Plur|Tense=Past|VerbForm=Part|Voice=Act
статуквото,статукво,статукво,,то,статукво то,статукво то,correct,,NOUN,Definite=Def|Gender=Neut|Number=Sing
пасиви,пасив,пасив,,и,пасив и,пасив и,correct,,NOUN,Definite=Ind|Gender=Masc|Number=Plur
изходът,изход,изход,,ът,изход ът,изход ът,correct,,NOUN,Definite=Def|Gender=Masc|Number=Sing
отворени,отворен,отворен,,и,отворен и,отворен и,correct,,ADJ,Definite=Ind|Degree=Pos|Number=Plur
водолазите,водолаз,водолаз,,ите,водолаз ите,водолаз ите,correct,,NOUN,Definite=Def|Gender=Masc|Number=Plur
бомбата,бомба,бомба,,та,бомба та,бомба та,correct,,NOUN,Definite=Def|Gender=Fem|Number=Sing
югопрезидентът,югопрезидент,югопрезидент,,ът,югопрезидент ът,югопрезидент ът,correct,,NOUN,Definite=Def|Gender=Masc|Number=Sing
легализирането,легализиране,легализиране,,то,легализиране то,легализиране то,correct,,NOUN,Definite=Def|Gender=Neut|Number=Sing
изпаднала,изпадна,изпадна,,ла,изпадна ла,изпадна ла,correct,,VERB,Aspect=Perf|Definite=Ind|Gender=Fem|Number=Sing|Tense=Past|VerbForm=Part|Voice=Act
стратегията,стратегия,стратегия,,та,стратегия та,стратегия та,correct,,NOUN,Definite=Def|Gender=Fem|Number=Sing
косовските,косовски,косовски,,те,косовски те,косовск ите,wrong,adj_def_boundary,ADJ,Definite=Def|Degree=Pos|Number=Plur
умерения,умерен,умерен,,ия,умерен ия,умерен ия,correct,,ADJ,Definite=Def|Degree=Pos|Gender=Masc|Number=Sing
резолюцията,резолюция,резолюция,,та,резолюция та,резолюция та,correct,,NOUN,Definite=Def|Gender=Fem|Number=Sing
независимо,независим,независим,,о,независим о,независимо,correct,adj_gender,ADV,Degree=Pos
хардлайнери,хардлайнер,хардлайнер,,и,хардлайнер и,хардлайнер и,correct,,NOUN,Definite=Ind|Gender=Masc|Number=Plur
националисти,националист,националист,,и,националист и,националист и,correct,,NOUN,Definite=Ind|Gender=Masc|Number=Plur
австрийския,австрийски,австрийски,,я,австрийски я,австрийски я,correct,,ADJ,Definite=Def|Degree=Pos|Gender=Masc|Number=Sing
белградския,белградски,белградски,,я,белградски я,белградски я,correct,,ADJ,Definite=Def|Degree=Pos|Gender=Masc|Number=Sing
невредими,невредим,невредим,,и,невредим и,невредим и,correct,,ADJ,Definite=Ind|Degree=Pos|Number=Plur
трилиона,трилион,трилион,,а,трилион а,трилион а,correct,,NOUN,Definite=Def|Gender=Masc|Number=Sing
най-висшата,висш,висш,най-,ата,най- висш ата,най- висша та,partial,adj_def_boundary,ADJ,Definite=Def|Degree=Pos|Gender=Fem|Number=Sing
бодигардът,бодигард,бодигард,,ът,бодигард ът,бодигард ът,correct,,NOUN,Definite=Def|Gender=Masc|Number=Sing
мадридския,мадридски,мадридски,,я,мадридски я,мадридски я,correct,,ADJ,Definite=Def|Degree=Pos|Gender=Masc|Number=Sing
почерка,почерк,почерк,,а,почерк а,почерк а,correct,,NOUN,Definite=Def|Gender=Masc|Number=Sing
най-кървавият,кървав,кървав,най-,ият,най- кървав ият,най- кървав ият,correct,,ADJ,Definite=Def|Degree=Sup|Gender=Masc|Number=Sing
примирието,примирие,примирие,,то,примирие то,примирие то,correct,,NOUN,Definite=Def|Gender=Neut|Number=Sing
еврокомисията,еврокомисия,еврокомисия,,та,еврокомисия та,еврокомисия та,correct,,NOUN,Definite=Def|Gender=Fem|Number=Sing
енергоотрасъла,енергоотрасъл,енергоотрасъл,,а,енергоотрасъл а,енергоотрасъл а,correct,,NOUN,Definite=Def|Gender=Masc|Number=Sing
евтино,евтин,евтин,,о,евтин о,евтино,correct,adj_gender,ADV,Degree=Pos
криви,крив,крив,,и,крив и,крив и,correct,,ADJ,Definite=Ind|Degree=Pos|Number=Plur
евродепутатите,евродепутат,евродепутат,,ите,евродепутат ите,евродепутат ите,correct,,NOUN,Definite=Def|Gender=Masc|Number=Plur
комисарят,комисар,комисар,,ят,комисар ят,комисар ят,correct,,NOUN,Definite=Def|Gender=Masc|Number=Sing
мечтаят,мечтая,мечтая,,т,мечтая т,мечтая т,correct,,VERB,Aspect=Imp|Mood=Ind|Number=Plur|Person=3|Tense=Pres|VerbForm=Fin|Voice=Act
нежелани,нежелан,нежелан,,и,нежелан и,нежелан и,correct,,ADJ,Definite=Ind|Degree=Pos|Number=Plur
финансирането,финансиране,финансиране,,то,финансиране то,финансиране то,correct,,NOUN,Definite=Def|Gender=Neut|Number=Sing
слугата,слуга,слуга,,та,слуга та,слуга та,correct,,NOUN,Definite=Def|Gender=Masc|Number=Sing
повода,повод,повод,,а,повод а,повод а,correct,,NOUN,Definite=Def|Gender=Masc|Number=Sing
хубавата,хубав,хубав,,ата,хубав ата,хубава та,wrong,adj_def_boundary,ADJ,Definite=Def|Degree=Pos|Gender=Fem|Number=Sing
шепнат,шепна,шепна,,т,шепна т,шепна т,correct,,VERB,Aspect=Imp|Mood=Ind|Number=Plur|Person=3|Tense=Pres|VerbForm=Fin|Voice=Act
по-ниско,ниско,ниско,по-,,по- ниско,по- ниско,correct,,ADV,Degree=Sup
кукувицата,кукувица,кукувица,,та,кукувица та,кукувица та,correct,,NOUN,Definite=Def|Gender=Fem|Number=Sing
подписите,подпис,подпис,,ите,подпис ите,подпис ите,correct,,NOUN,Definite=Def|Gender=Masc|Number=Plur
трионът,трион,трион,,ът,трион ът,трион ът,correct,,NOUN,Definite=Def|Gender=Masc|Number=Sing
заковано,закова,закова,,но,закова но,заковано,correct,,VERB,Aspect=Perf|Definite=Ind|Gender=Neut|Number=Sing|VerbForm=Part|Voice=Pass
шумят,шумя,шумя,,т,шумя т,шумя т,correct,,VERB,Aspect=Imp|Mood=Ind|Number=Plur|Person=3|Tense=Pres|VerbForm=Fin|Voice=Act
ябълката,ябълка,ябълка,,та,ябълка та,ябълка та,correct,,NOUN,Definite=Def|Gender=Fem|Number=Sing
по-млад,млад,млад,по-,,по- млад,по- млад,correct,,ADJ,Definite=Ind|Degree=Pos|Gender=Masc|Number=Sing
гаснат,гасна,гасна,,т,гасна т,гасна т,correct,,VERB,Aspect=Imp|Mood=Ind|Number=Plur|Person=3|Tense=Pres|VerbForm=Fin|Voice=Act
снахата,снаха,снаха,,та,снаха та,снаха та,correct,,NOUN,Definite=Def|Gender=Fem|Number=Sing
хайдути,хайдут,хайдут,,и,хайдут и,хайдут и,correct,,NOUN,Definite=Ind|Gender=Masc|Number=Plur
корави,корав,корав,,и,корав и,корав и,correct,,ADJ,Definite=Ind|Degree=Pos|Number=Plur
топа,топ,топ,,а,топ а,топ а,correct,,NOUN,Definite=Def|Gender=Masc|Number=Sing
престанали,престана,престана,,ли,престана ли,престана ли,correct,,VERB,Aspect=Perf|Definite=Ind|Number=Plur|Tense=Past|VerbForm=Part|Voice=Act
ваятелството,ваятелство,ваятелство,,то,ваятелство то,ваятелство то,correct,,NOUN,Definite=Def|Gender=Neut|Number=Sing
вагабонтин,вагабонт,вагабонт,,ин,вагабонт ин,вагабонтин,correct,,NOUN,Definite=Ind|Gender=Masc|Number=Sing
смълчания,смълчан,смълчан,,ия,смълчан ия,смълчан ия,correct,,ADJ,Definite=Def|Degree=Pos|Gender=Masc|Number=Sing
веселбата,веселба,веселба,,та,веселба та,веселба та,correct,,NOUN,Definite=Def|Gender=Fem|Number=Sing
учудването,учудване,учудване,,то,учудване то,учудване то,correct,,NOUN,Definite=Def|Gender=Neut|Number=Sing
загърмяха,загърмя,загърмя,,ха,загърмя ха,загърмя ха,correct,,VERB,Aspect=Perf|Mood=Ind|Number=Plur|Person=3|Tense=Past|VerbForm=Fin|Voice=Act
доловете,дол,дол,,овете,дол овете,дол овете,correct,,NOUN,Definite=Def|Gender=Masc|Number=Plur
закован,закова,закова,,н,закова н,закован,correct,,VERB,Aspect=Perf|Definite=Ind|Gender=Masc|Number=Sing|VerbForm=Part|Voice=Pass
чадъра,чадър,чадър,,а,чадър а,чадър а,correct,,NOUN,Definite=Def|Gender=Masc|Number=Sing
сиянието,сияние,сияние,,то,сияние то,сияние то,correct,,NOUN,Definite=Def|Gender=Neut|Number=Sing
дрямката,дрямка,дрямка,,та,дрямка та,дрямка та,correct,,NOUN,Definite=Def|Gender=Fem|Number=Sing
бутилката,бутилка,бутилка,,та,бутилка та,бутилка та,correct,,NOUN,Definite=Def|Gender=Fem|Number=Sing
седнала,седна,седна,,ла,седна ла,седна ла,correct,,VERB,Aspect=Perf|Definite=Ind|Gender=Fem|Number=Sing|Tense=Past|VerbForm=Part|Voice=Act
упътването,упътване,упътване,,то,упътване то,упътване то,correct,,NOUN,Definite=Def|Gender=Neut|Number=Sing
каузата,кауза,кауза,,та,кауза та,кауза та,correct,,NOUN,Definite=Def|Gender=Fem|Number=Sing
революцията,революция,революция,,та,революция та,революция та,correct,,NOUN,Definite=Def|Gender=Fem|Number=Sing
по-изисканите,изискан,изискан,по-,ите,по- изискан ите,по- изискан ите,correct,,ADJ,Aspect=Imp|Definite=Def|Degree=Pos|Number=Plur|VerbForm=Part|Voice=Pass
казиното,казино,казино,,то,казино то,казино то,correct,,NOUN,Definite=Def|Gender=Neut|Number=Sing
режисьорите,режисьор,режисьор,,ите,режисьор ите,режисьор ите,correct,,NOUN,Definite=Def|Gender=Masc|Number=Plur
любопитството,любопитство,любопитство,,то,любопитство то,любопитство то,correct,,NOUN,Definite=Def|Gender=Neut|Number=Sing
издължаването,издължаване,издължаване,,то,издължаване то,издължаване то,correct,,NOUN,Definite=Def|Gender=Neut|Number=Sing
таблицата,таблица,таблица,,та,таблица та,таблица та,correct,,NOUN,Definite=Def|Gender=Fem|Number=Sing
изучаването,изучаване,изучаване,,то,изучаване то,изучаване то,correct,,NOUN,Definite=Def|Gender=Neut|Number=Sing
зиналите,зина,зина,,лите,зина лите,зинал ите,wrong,,VERB,Aspect=Perf|Definite=Def|Number=Plur|Tense=Past|VerbForm=Part|Voice=Act
рошави,рошав,рошав,,и,рошав и,рошав и,correct,,ADJ,Definite=Ind|Degree=Pos|Number=Plur
уверени,уверен,уверен,,и,уверен и,уверен и,correct,,ADJ,Definite=Ind|Degree=Pos|Number=Plur
настойчиви,настойчив,настойчив,,и,настойчив и,настойчив и,correct,,ADJ,Definite=Ind|Degree=Pos|Number=Plur
пробиви,пробив,пробив,,и,пробив и,пробив и,correct,,NOUN,Definite=Ind|Gender=Masc|Number=Plur
добиването,добиване,добиване,,то,добиване то,добиване то,correct,,NOUN,Definite=Def|Gender=Neut|Number=Sing
изхранването,изхранване,изхранване,,то,изхранване то,изхранване то,correct,,NOUN,Definite=Def|Gender=Neut|Number=Sing
немислими,немислим,немислим,,и,немислим и,немислим и,correct,,ADJ,Definite=Ind|Degree=Pos|Number=Plur
приложението,приложение,приложение,,то,приложение то,приложение то,correct,,NOUN,Definite=Def|Gender=Neut|Number=Sing
доказваме,доказвам,доказвам,,е,доказвам е,доказва ме,wrong,plu1person_boundary,VERB,Aspect=Imp|Mood=Ind|Number=Plur|Person=1|Tense=Pres|VerbForm=Fin|Voice=Act
голотата,голота,голота,,та,голота та,голота та,correct,,NOUN,Definite=Def|Gender=Fem|Number=Sing
валяха,валя,валя,,ха,валя ха,валя ха,correct,,VERB,Aspect=Imp|Mood=Ind|Number=Plur|Person=3|Tense=Imp|VerbForm=Fin|Voice=Act
красиви,красив,красив,,и,красив и,красив и,correct,,ADJ,Definite=Ind|Degree=Pos|Number=Plur
женствени,женствен,женствен,,и,женствен и,женствен и,correct,,ADJ,Definite=Ind|Degree=Pos|Number=Plur
раздвижването,раздвижване,раздвижване,,то,раздвижване то,раздвижване то,correct,,NOUN,Definite=Def|Gender=Neut|Number=Sing
инструменти,инструмент,инструмент,,и,инструмент и,инструмент и,correct,,NOUN,Definite=Ind|Gender=Masc|Number=Plur
методиката,методика,методика,,та,методика та,методика та,correct,,NOUN,Definite=Def|Gender=Fem|Number=Sing
викнал,викна,викна,,л,викна л,викна л,correct,,VERB,Aspect=Perf|Definite=Ind|Gender=Masc|Number=Sing|Tense=Past|VerbForm=Part|Voice=Act
вакуума,вакуум,вакуум,,а,вакуум а,вакуум а,correct,,NOUN,Definite=Def|Gender=Masc|Number=Sing
неподготвеността,неподготвеност,неподготвеност,,та,неподготвеност та,неподготвеност та,correct,,NOUN,Definite=Def|Gender=Fem|Number=Sing
подреждането,подреждане,подреждане,,то,подреждане то,подреждане то,correct,,NOUN,Definite=Def|Gender=Neut|Number=Sing
комплимента,комплимент,комплимент,,а,комплимент а,комплимент а,correct,,NOUN,Definite=Def|Gender=Masc|Number=Sing
орелът,орел,орел,,ът,орел ът,орел ът,correct,,NOUN,Definite=Def|Gender=Masc|Number=Sing
фирмено,фирмен,фирмен,,о,фирмен о,фирмено,correct,adj_gender,ADJ,Definite=Ind|Degree=Pos|Gender=Neut|Number=Sing
крачето,краче,краче,,то,краче то,краче то,correct,,NOUN,Definite=Def|Gender=Neut|Number=Sing
плочника,плочник,плочник,,а,плочник а,плочник а,correct,,NOUN,Definite=Def|Gender=Masc|Number=Sing
целувката,целувка,целувка,,та,целувка та,целувка та,correct,,NOUN,Definite=Def|Gender=Fem|Number=Sing
висококвалифицирани,висококвалифициран,висококвалифициран,,и,висококвалифициран и,висококвалифициран и,correct,,ADJ,Definite=Ind|Degree=Pos|Number=Plur
подлежащи,подлежа,подлежа,,щи,подлежа щи,подлежащи,correct,,ADJ,Aspect=Imp|Definite=Ind|Degree=Pos|Number=Plur|Tense=Pres|VerbForm=Part|Voice=Act
абитуриенти,абитуриент,абитуриент,,и,абитуриент и,абитуриент и,correct,,NOUN,Definite=Ind|Gender=Masc|Number=Plur
широката,широк,широк,,ата,широк ата,широка та,wrong,adj_def_boundary,ADJ,Definite=Def|Degree=Pos|Gender=Fem|Number=Sing
кредитът,кредит,кредит,,ът,кредит ът,кредит ът,correct,,NOUN,Definite=Def|Gender=Masc|Number=Sing
провиснал,провисна,провисна,,л,провисна л,провисна л,correct,,VERB,Aspect=Perf|Definite=Ind|Gender=Masc|Number=Sing|Tense=Past|VerbForm=Part|Voice=Act
докладът,доклад,доклад,,ът,доклад ът,доклад ът,correct,,NOUN,Definite=Def|Gender=Masc|Number=Sing
пожелаваме,пожелавам,пожелавам,,е,пожелавам е,пожелава ме,wrong,plu1person_boundary,VERB,Aspect=Imp|Mood=Ind|Number=Plur|Person=1|Tense=Pres|VerbForm=Fin|Voice=Act
отчитането,отчитане,отчитане,,то,отчитане то,отчитане то,correct,,NOUN,Definite=Def|Gender=Neut|Number=Sing
висшето,висш,висш,,ето,висш ето,висше то,wrong,adj_def_boundary,ADJ,Definite=Def|Degree=Pos|Gender=Neut|Number=Sing
печелят,печеля,печеля,,т,печеля т,печеля т,correct,,VERB,Aspect=Imp|Mood=Ind|Number=Plur|Person=3|Tense=Pres|VerbForm=Fin|Voice=Act
лотарията,лотария,лотария,,та,лотария та,лотария та,correct,,NOUN,Definite=Def|Gender=Fem|Number=Sing
могъща,могъщ,могъщ,,а,могъщ а,могъща,correct,adj_gender,ADJ,Definite=Ind|Degree=Pos|Gender=Fem|Number=Sing
дебелия,дебел,дебел,,ия,дебел ия,дебел ия,correct,,ADJ,Definite=Def|Degree=Pos|Gender=Masc|Number=Sing
поръмжал,поръмжа,поръмжа,,л,поръмжа л,поръмжа л,correct,,VERB,Aspect=Perf|Definite=Ind|Gender=Masc|Number=Sing|Tense=Past|VerbForm=Part|Voice=Act
трудова,трудов,трудов,,а,трудов а,трудова,correct,adj_gender,ADJ,Definite=Ind|Degree=Pos|Gender=Fem|Number=Sing
деловия,делови,делови,,я,делови я,делови я,correct,,ADJ,Definite=Def|Degree=Pos|Gender=Masc|Number=Sing
по-старите,стар,стар,по-,ите,по- стар ите,по- стар ите,correct,,ADJ,Definite=Def|Degree=Sup|Number=Plur
цветето,цвете,цвете,,то,цвете то,цвете то,correct,,NOUN,Definite=Def|Gender=Neut|Number=Sing
остатъка,остатък,остатък,,а,остатък а,остатък а,correct,,NOUN,Definite=Def|Gender=Masc|Number=Sing
лимита,лимит,лимит,,а,лимит а,лимит а,correct,,NOUN,Definite=Def|Gender=Masc|Number=Sing
частта,част,част,,та,част та,част та,correct,,NOUN,Definite=Def|Gender=Fem|Number=Sing
длъжността,длъжност,длъжност,,та,длъжност та,длъжност та,correct,,NOUN,Definite=Def|Gender=Fem|Number=Sing
ада,ад,ад,,а,ад а,ад а,correct,,NOUN,Definite=Def|Gender=Masc|Number=Sing
отговорите,отговор,отговор,,ите,отговор ите,отговор ите,correct,,NOUN,Definite=Def|Gender=Masc|Number=Plur
слънчевата,слънчев,слънчев,,ата,слънчев ата,слънчева та,wrong,adj_def_boundary,ADJ,Definite=Def|Degree=Pos|Gender=Fem|Number=Sing
безсмъртието,безсмъртие,безсмъртие,,то,безсмъртие то,безсмъртие то,correct,,NOUN,Definite=Def|Gender=Neut|Number=Sing
старостта,старост,старост,,та,старост та,старост та,correct,,NOUN,Definite=Def|Gender=Fem|Number=Sing
диетата,диета,диета,,та,диета та,диета та,correct,,NOUN,Definite=Def|Gender=Fem|Number=Sing
несъвършенството,несъвършенство,несъвършенство,,то,несъвършенство то,несъвършенство то,correct,,NOUN,Definite=Def|Gender=Neut|Number=Sing
количеството,количество,количество,,то,количество то,количество то,correct,,NOUN,Definite=Def|Gender=Neut|Number=Sing
чудото,чудо,чудо,,то,чудо то,чудо то,correct,,NOUN,Definite=Def|Gender=Neut|Number=Sing
личицето,личице,личице,,то,личице то,личице то,correct,,NOUN,Definite=Def|Gender=Neut|Number=Sing
пораснала,порасна,порасна,,ла,порасна ла,порасна ла,correct,,VERB,Aspect=Perf|Definite=Ind|Gender=Fem|Number=Sing|Tense=Past|VerbForm=Part|Voice=Act
опакото,опако,опако,,то,опако то,опако то,correct,,NOUN,Definite=Def|Gender=Neut|Number=Sing
укори,укор,укор,,и,укор и,укор и,correct,,VERB,Aspect=Perf|Mood=Ind|Number=Sing|Person=3|Tense=Past|VerbForm=Fin|Voice=Act
закъснението,закъснение,закъснение,,то,закъснение то,закъснение то,correct,,NOUN,Definite=Def|Gender=Neut|Number=Sing
длани,длан,длан,,и,длан и,длан и,correct,,NOUN,Definite=Ind|Gender=Fem|Number=Plur
верността,верност,верност,,та,верност та,верност та,correct,,NOUN,Definite=Def|Gender=Fem|Number=Sing
стоновете,стон,стон,,овете,стон овете,стон овете,correct,,NOUN,Definite=Def|Gender=Masc|Number=Plur
братята,брат,брат,,ята,брат ята,братят а,wrong,,NOUN,Definite=Def|Gender=Masc|Number=Plur
химни,химн,химн,,и,химн и,химн и,correct,,NOUN,Definite=Ind|Gender=Masc|Number=Plur
подаването,подаване,подаване,,то,подаване то,подаване то,correct,,NOUN,Definite=Def|Gender=Neut|Number=Sing
обнародването,обнародване,обнародване,,то,обнародване то,обнародване то,correct,,NOUN,Definite=Def|Gender=Neut|Number=Sing
човешкия,човешки,човешки,,я,човешки я,човешки я,correct,,ADJ,Definite=Def|Degree=Pos|Gender=Masc|Number=Sing
пълнолетието,пълнолетие,пълнолетие,,то,пълнолетие то,пълнолетие то,correct,,NOUN,Definite=Def|Gender=Neut|Number=Sing
киноиндустрията,киноиндустрия,киноиндустрия,,та,киноиндустрия та,киноиндустрия та,correct,,NOUN,Definite=Def|Gender=Fem|Number=Sing
половинчата,половинчат,половинчат,,а,половинчат а,половинчата,correct,adj_gender,ADJ,Definite=Ind|Degree=Pos|Gender=Fem|Number=Sing
способности,способност,способност,,и,способност и,способност и,correct,,NOUN,Definite=Ind|Gender=Fem|Number=Plur
часовете,час,час,,овете,час овете,час овете,correct,,NOUN,Definite=Def|Gender=Masc|Number=Plur
телевизора,телевизор,телевизор,,а,телевизор а,телевизор а,correct,,NOUN,Definite=Def|Gender=Masc|Number=Sing
несправедлива,несправедлив,несправедлив,,а,несправедлив а,несправедлива,correct,adj_gender,ADJ,Definite=Ind|Degree=Pos|Gender=Fem|Number=Sing
неизкупими,неизкупим,неизкупим,,и,неизкупим и,неизкупим и,correct,,ADJ,Definite=Ind|Degree=Pos|Number=Plur
кланета,клане,клане,,та,клане та,клане та,correct,,NOUN,Definite=Ind|Gender=Neut|Number=Plur
протестираме,протестирам,протестирам,,е,протестирам е,протестира ме,wrong,plu1person_boundary,VERB,Aspect=Imp|Mood=Ind|Number=Plur|Person=1|Tense=Pres|VerbForm=Fin|Voice=Act
термина,термин,термин,,а,термин а,термин а,correct,,NOUN,Definite=Def|Gender=Masc|Number=Sing
субективността,субективност,субективност,,та,субективност та,субективност та,correct,,NOUN,Definite=Def|Gender=Fem|Number=Sing
изследователи,изследовател,изследовател,,и,изследовател и,изследовател и,correct,,NOUN,Definite=Ind|Gender=Masc|Number=Plur
разпознаят,разпозная,разпозная,,т,разпозная т,разпозная т,correct,,VERB,Aspect=Perf|Mood=Ind|Number=Plur|Person=3|Tense=Pres|VerbForm=Fin|Voice=Act
ригидността,ригидност,ригидност,,та,ригидност та,ригидност та,correct,,NOUN,Definite=Def|Gender=Fem|Number=Sing
научаването,научаване,научаване,,то,научаване то,научаване то,correct,,NOUN,Definite=Def|Gender=Neut|Number=Sing
ролеви,ролев,ролев,,и,ролев и,ролев и,correct,,ADJ,Definite=Ind|Degree=Pos|Number=Plur
митинга,митинг,митинг,,а,митинг а,митинг а,correct,,NOUN,Definite=Def|Gender=Masc|Number=Sing
знамена,знаме,знаме,,на,знаме на,знамена,correct,,NOUN,Definite=Ind|Gender=Neut|Number=Plur
махалата,махала,махала,,та,махала та,махала та,correct,,NOUN,Definite=Def|Gender=Fem|Number=Sing
социологът,социолог,социолог,,ът,социолог ът,социолог ът,correct,,NOUN,Definite=Def|Gender=Masc|Number=Sing
ремонти,ремонт,ремонт,,и,ремонт и,ремонт и,correct,,NOUN,Definite=Ind|Gender=Masc|Number=Plur
водоемите,водоем,водоем,,ите,водоем ите,водоем ите,correct,,NOUN,Definite=Def|Gender=Masc|Number=Plur
язовири,язовир,язовир,,и,язовир и,язовир и,correct,,NOUN,Definite=Ind|Gender=Masc|Number=Plur
най-уязвимата,уязвим,уязвим,най-,ата,най- уязвим ата,най- уязвима та,partial,adj_def_boundary,ADJ,Definite=Def|Degree=Pos|Gender=Fem|Number=Sing
приемлива,приемлив,приемлив,,а,приемлив а,приемлива,correct,adj_gender,ADJ,Definite=Ind|Degree=Pos|Gender=Fem|Number=Sing
мотото,мото,мото,,то,мото то,мото то,correct,,NOUN,Definite=Def|Gender=Neut|Number=Sing
робота,робот,робот,,а,робот а,робот а,correct,,NOUN,Definite=Def|Gender=Masc|Number=Sing
превози,превоз,превоз,,и,превоз и,превоз и,correct,,NOUN,Definite=Ind|Gender=Masc|Number=Plur
добричкият,добрички,добрички,,ят,добрички ят,добрички ят,correct,,ADJ,Definite=Def|Degree=Pos|Gender=Masc|Number=Sing
законността,законност,законност,,та,законност та,законност та,correct,,NOUN,Definite=Def|Gender=Fem|Number=Sing
редовността,редовност,редовност,,та,редовност та,редовност та,correct,,NOUN,Definite=Def|Gender=Fem|Number=Sing
урната,урна,урна,,та,урна та,урна та,correct,,NOUN,Definite=Def|Gender=Fem|Number=Sing
тегленето,теглене,теглене,,то,теглене то,теглене то,correct,,NOUN,Definite=Def|Gender=Neut|Number=Sing
самоличностите,самоличност,самоличност,,ите,самоличност ите,самоличност ите,correct,,NOUN,Definite=Def|Gender=Fem|Number=Plur
ментета,менте,менте,,та,менте та,менте та,correct,,NOUN,Definite=Ind|Gender=Neut|Number=Plur
чекове,чек,чек,,ове,чек ове,чек ове,correct,,NOUN,Definite=Ind|Gender=Masc|Number=Plur
лабораторията,лаборатория,лаборатория,,та,лаборатория та,лаборатория та,correct,,NOUN,Definite=Def|Gender=Fem|Number=Sing
хонорари,хонорар,хонорар,,и,хонорар и,хонорар и,correct,,NOUN,Definite=Ind|Gender=Masc|Number=Plur
ядреният,ядрен,ядрен,,ият,ядрен ият,ядрен ият,correct,,ADJ,Definite=Def|Degree=Pos|Gender=Masc|Number=Sing
абоната,абонат,абонат,,а,абонат а,абонат а,correct,,NOUN,Definite=Def|Gender=Masc|Number=Sing
хаосът,хаос,хаос,,ът,хаос ът,хаос ът,correct,,NOUN,Definite=Def|Gender=Masc|Number=Sing
избегнат,избегна,избегна,,т,избегна т,избегнат,correct,,VERB,Aspect=Perf|Definite=Ind|Gender=Masc|Number=Sing|VerbForm=Part|Voice=Pass
ремонта,ремонт,ремонт,,а,ремонт а,ремонт а,correct,,NOUN,Definite=Def|Gender=Masc|Number=Sing
пресрещнат,пресрещна,пресрещна,,т,пресрещна т,пресрещна т,correct,,VERB,Aspect=Perf|Mood=Ind|Number=Plur|Person=3|Tense=Pres|VerbForm=Fin|Voice=Act
източването,източване,източване,,то,източване то,източване то,correct,,NOUN,Definite=Def|Gender=Neut|Number=Sing
налоговите,налогов,налогов,,ите,налогов ите,налогов ите,correct,,ADJ,Definite=Def|Degree=Pos|Number=Plur
по-недъгаво,недъгав,недъгав,по-,о,по- недъгав о,по- недъгаво,partial,,ADV,Degree=Sup
местопрестъплението,местопрестъпление,местопрестъпление,,то,местопрестъпление то,местопрестъпление то,correct,,NOUN,Definite=Def|Gender=Neut|Number=Sing
преуспяването,преуспяване,преуспяване,,то,преуспяване то,преуспяване то,correct,,NOUN,Definite=Def|Gender=Neut|Number=Sing
сборникът,сборник,сборник,,ът,сборник ът,сборник ът,correct,,NOUN,Definite=Def|Gender=Masc|Number=Sing
флакончета,флаконче,флаконче,,та,флаконче та,флаконче та,correct,,NOUN,Definite=Ind|Gender=Neut|Number=Plur
аромата,аромат,аромат,,а,аромат а,аромат а,correct,,NOUN,Definite=Def|Gender=Masc|Number=Sing
ангажимента,ангажимент,ангажимент,,а,ангажимент а,ангажимент а,correct,,NOUN,Definite=Def|Gender=Masc|Number=Sing
леката,лек,лек,,ата,лек ата,лека та,wrong,adj_def_boundary,ADJ,Definite=Def|Degree=Pos|Gender=Fem|Number=Sing
акцизите,акциз,акциз,,ите,акциз ите,акциз ите,correct,,NOUN,Definite=Def|Gender=Masc|Number=Plur
бандити,бандит,бандит,,и,бандит и,бандит и,correct,,NOUN,Definite=Ind|Gender=Masc|Number=Plur
разклона,разклон,разклон,,а,разклон а,разклон а,correct,,NOUN,Definite=Def|Gender=Masc|Number=Sing
безенесета,безенесе,безенесе,,та,безенесе та,безенесе та,correct,,NOUN,Definite=Ind|Gender=Neut|Number=Plur
еврейството,еврейство,еврейство,,то,еврейство то,еврейство то,correct,,NOUN,Definite=Def|Gender=Neut|Number=Sing
основали,основа,основа,,ли,основа ли,основа ли,correct,,VERB,Aspect=Perf|Definite=Ind|Number=Plur|Tense=Past|VerbForm=Part|Voice=Act
туристическия,туристически,туристически,,я,туристически я,туристически я,correct,,ADJ,Definite=Def|Degree=Pos|Gender=Masc|Number=Sing
животоподдържащото,животоподдържащ,животоподдържащ,,ото,животоподдържащ ото,животоподдържащо то,wrong,adj_def_boundary,ADJ,Definite=Def|Degree=Pos|Gender=Neut|Number=Sing
главорези,главорез,главорез,,и,главорез и,главорез и,correct,,NOUN,Definite=Ind|Gender=Masc|Number=Plur
пушкалото,пушкало,пушкало,,то,пушкало то,пушкало то,correct,,NOUN,Definite=Def|Gender=Neut|Number=Sing
олекнало,олекна,олекна,,ло,олекна ло,олекна ло,correct,,VERB,Aspect=Perf|Definite=Ind|Gender=Neut|Number=Sing|Tense=Past|VerbForm=Part|Voice=Act
спомогнат,спомогна,спомогна,,т,спомогна т,спомогна т,correct,,VERB,Aspect=Perf|Mood=Ind|Number=Plur|Person=3|Tense=Pres|VerbForm=Fin|Voice=Act
тонуса,тонус,тонус,,а,тонус а,тонус а,correct,,NOUN,Definite=Def|Gender=Masc|Number=Sing
кръвообръщението,кръвообръщение,кръвообръщение,,то,кръвообръщение то,кръвообръщение то,correct,,NOUN,Definite=Def|Gender=Neut|Number=Sing
топломери,топломер,топломер,,и,топломер и,топломер и,correct,,NOUN,Definite=Ind|Gender=Masc|Number=Plur
хала,хал,хал,,а,хал а,хала,correct,,NOUN,Definite=Ind|Gender=Fem|Number=Sing
безвизовото,безвизов,безвизов,,ото,безвизов ото,безвизово то,wrong,adj_def_boundary,ADJ,Definite=Def|Degree=Pos|Gender=Neut|Number=Sing
почина,почин,почин,,а,почин а,почина,correct,,VERB,Aspect=Perf|Mood=Ind|Number=Sing|Person=3|Tense=Past|VerbForm=Fin|Voice=Act
препятствието,препятствие,препятствие,,то,препятствие то,препятствие то,correct,,NOUN,Definite=Def|Gender=Neut|Number=Sing
подсъдими,подсъдим,подсъдим,,и,подсъдим и,подсъдим и,correct,,NOUN,Definite=Ind|Gender=Masc|Number=Plur
пристигнат,пристигна,пристигна,,т,пристигна т,пристигна т,correct,,VERB,Aspect=Perf|Mood=Ind|Number=Plur|Person=3|Tense=Pres|VerbForm=Fin|Voice=Act
меките,мек,мек,,ите,мек ите,мек ите,correct,,ADJ,Definite=Def|Degree=Pos|Number=Plur
по-стари,стар,стар,по-,и,по- стар и,по- стар и,correct,,ADJ,Definite=Ind|Degree=Pos|Number=Plur
мачовете,мач,мач,,овете,мач овете,мач овете,correct,,NOUN,Definite=Def|Gender=Masc|Number=Plur
добитъка,добитък,добитък,,а,добитък а,добитък а,correct,,NOUN,Definite=Def|Gender=Masc|Number=Sing
разорат,разора,разора,,т,разора т,разорат,correct,,NOUN,Definite=Ind|Gender=Masc|Number=Sing
независимият,независим,независим,,ият,независим ият,независим ият,correct,,ADJ,Definite=Def|Degree=Pos|Gender=Masc|Number=Sing
животоспасяващото,животоспасяващ,животоспасяващ,,ото,животоспасяващ ото,животоспасяващо то,wrong,adj_def_boundary,ADJ,Definite=Def|Degree=Pos|Gender=Neut|Number=Sing
изключването,изключване,изключване,,то,изключване то,изключване то,correct,,NOUN,Definite=Def|Gender=Neut|Number=Sing
преминаването,преминаване,преминаване,,то,преминаване то,преминаване то,correct,,NOUN,Definite=Def|Gender=Neut|Number=Sing
електроуреди,електроуред,електроуред,,и,електроуред и,електроуред и,correct,,NOUN,Definite=Ind|Gender=Masc|Number=Plur
минуси,минус,минус,,и,минус и,минус и,correct,,NOUN,Definite=Ind|Gender=Masc|Number=Plur
плажове,плаж,плаж,,ове,плаж ове,плаж ове,correct,,NOUN,Definite=Ind|Gender=Masc|Number=Plur
торове,тор,тор,,ове,тор ове,тор ове,correct,,NOUN,Definite=Ind|Gender=Masc|Number=Plur
подстъпи,подстъп,подстъп,,и,подстъп и,подстъп и,correct,,NOUN,Definite=Ind|Gender=Masc|Number=Plur
плевенският,плевенски,плевенски,,ят,плевенски ят,плевенски ят,correct,,ADJ,Definite=Def|Degree=Pos|Gender=Masc|Number=Sing
сериала,сериал,сериал,,а,сериал а,сериал а,correct,,NOUN,Definite=Def|Gender=Masc|Number=Sing
посевите,посев,посев,,ите,посев ите,посев ите,correct,,NOUN,Definite=Def|Gender=Masc|Number=Plur
реколтата,реколта,реколта,,та,реколта та,реколта та,correct,,NOUN,Definite=Def|Gender=Fem|Number=Sing
десетте,десет,десет,,те,десет те,десет те,correct,,NUM,Definite=Def|Number=Plur|NumType=Card
старецът,старец,старец,,ът,старец ът,старец ът,correct,,NOUN,Definite=Def|Gender=Masc|Number=Sing
сама,сам,сам,,а,сам а,сама,correct,adj_gender,ADJ,Definite=Ind|Degree=Pos|Gender=Fem|Number=Sing
непечелившите,непечеливш,непечеливш,,ите,непечеливш ите,непечеливш ите,correct,,ADJ,Definite=Def|Degree=Pos|Number=Plur
красят,крася,крася,,т,крася т,крася т,correct,,VERB,Aspect=Imp|Mood=Ind|Number=Plur|Person=3|Tense=Pres|VerbForm=Fin|Voice=Act
фоайето,фоайе,фоайе,,то,фоайе то,фоайе то,correct,,NOUN,Definite=Def|Gender=Neut|Number=Sing
лекото,лек,лек,,ото,лек ото,леко то,wrong,adj_def_boundary,ADJ,Definite=Def|Degree=Pos|Gender=Neut|Number=Sing
ценови,ценов,ценов,,и,ценов и,ценови,correct,,ADJ,Definite=Ind|Degree=Pos|Gender=Masc|Number=Sing
тестени,тестен,тестен,,и,тестен и,тестен и,correct,,ADJ,Definite=Ind|Degree=Pos|Number=Plur
мандрата,мандра,мандра,,та,мандра та,мандра та,correct,,NOUN,Definite=Def|Gender=Fem|Number=Sing
мълчаливите,мълчалив,мълчалив,,ите,мълчалив ите,мълчалив ите,correct,,ADJ,Definite=Def|Degree=Pos|Number=Plur
подпалвачите,подпалвач,подпалвач,,ите,подпалвач ите,подпалвач ите,correct,,NOUN,Definite=Def|Gender=Masc|Number=Plur
задигнат,задигна,задигна,,т,задигна т,задигна т,correct,,VERB,Aspect=Perf|Number=Plur|Person=3|VerbForm=Fin|Voice=Pass
просрочат,просроча,просроча,,т,просроча т,просрочат,correct,,NOUN,Definite=Def|Gender=Masc|Number=Sing
нефта,нефт,нефт,,а,нефт а,нефт а,correct,,NOUN,Definite=Def|Gender=Masc|Number=Sing
мургави,мургав,мургав,,и,мургав и,мургав и,correct,,ADJ,Definite=Ind|Degree=Pos|Number=Plur
сурвакарчета,сурвакарче,сурвакарче,,та,сурвакарче та,сурвакарче та,correct,,NOUN,Definite=Ind|Gender=Neut|Number=Plur
задънена,задънен,задънен,,а,задънен а,задънена,correct,adj_gender,VERB,Aspect=Perf|Definite=Ind|Gender=Fem|Number=Sing|VerbForm=Part|Voice=Pass
наркодилъра,наркодилър,наркодилър,,а,наркодилър а,наркодилър а,correct,,NOUN,Definite=Def|Gender=Masc|Number=Sing
атентатите,атентат,атентат,,ите,атентат ите,атентат ите,correct,,NOUN,Definite=Def|Gender=Masc|Number=Plur
фойерверките,фойерверк,фойерверк,,ите,фойерверк ите,фойерверк ите,correct,,NOUN,Definite=Def|Gender=Masc|Number=Plur
синдикалистът,синдикалист,синдикалист,,ът,синдикалист ът,синдикалист ът,correct,,NOUN,Definite=Def|Gender=Masc|Number=Sing
премиерския,премиерски,премиерски,,я,премиерски я,премиерски я,correct,,ADJ,Definite=Def|Degree=Pos|Gender=Masc|Number=Sing
безнаказано,безнаказан,безнаказан,,о,безнаказан о,безнаказано,correct,adj_gender,ADV,Degree=Pos
португалския,португалски,португалски,,я,португалски я,португалски я,correct,,ADJ,Definite=Def|Degree=Pos|Gender=Masc|Number=Sing
футболистът,футболист,футболист,,ът,футболист ът,футболист ът,correct,,NOUN,Definite=Def|Gender=Masc|Number=Sing
въздействието,въздействие,въздействие,,то,въздействие то,въздействие то,correct,,NOUN,Definite=Def|Gender=Neut|Number=Sing
преодоляването,преодоляване,преодоляване,,то,преодоляване то,преодоляване то,correct,,NOUN,Definite=Def|Gender=Neut|Number=Sing
пророчеството,пророчество,пророчество,,то,пророчество то,пророчество то,correct,,NOUN,Definite=Def|Gender=Neut|Number=Sing
изпращането,изпращане,изпращане,,то,изпращане то,изпращане то,correct,,NOUN,Definite=Def|Gender=Neut|Number=Sing
питиета,питие,питие,,та,питие та,питие та,correct,,NOUN,Definite=Ind|Gender=Neut|Number=Plur
сушата,суша,суша,,та,суша та,суша та,correct,,NOUN,Definite=Def|Gender=Fem|Number=Sing
кредитори,кредитор,кредитор,,и,кредитор и,кредитор и,correct,,NOUN,Definite=Ind|Gender=Masc|Number=Plur
възкръсването,възкръсване,възкръсване,,то,възкръсване то,възкръсване то,correct,,NOUN,Definite=Def|Gender=Neut|Number=Sing
зловещата,зловещ,зловещ,,ата,зловещ ата,зловеща та,wrong,adj_def_boundary,ADJ,Definite=Def|Degree=Pos|Gender=Fem|Number=Sing
царят,цар,цар,,ят,цар ят,цар ят,correct,,NOUN,Definite=Def|Gender=Masc|Number=Sing
патовата,патов,патов,,ата,патов ата,патова та,wrong,adj_def_boundary,ADJ,Definite=Def|Degree=Pos|Gender=Fem|Number=Sing
кълбят,кълбя,кълбя,,т,кълбя т,кълбя т,correct,,VERB,Aspect=Imp|Mood=Ind|Number=Plur|Person=3|Tense=Pres|VerbForm=Fin|Voice=Act
вагоните,вагон,вагон,,ите,вагон ите,вагон ите,correct,,NOUN,Definite=Def|Gender=Masc|Number=Plur
вагони,вагон,вагон,,и,вагон и,вагон и,correct,,NOUN,Definite=Ind|Gender=Masc|Number=Plur
свистят,свистя,свистя,,т,свистя т,свистя т,correct,,VERB,Aspect=Imp|Mood=Ind|Number=Plur|Person=3|Tense=Pres|VerbForm=Fin|Voice=Act
облачета,облаче,облаче,,та,облаче та,облаче та,correct,,NOUN,Definite=Ind|Gender=Neut|Number=Plur
спомени,спомен,спомен,,и,спомен и,спомен и,correct,,NOUN,Definite=Ind|Gender=Masc|Number=Plur
вратарят,вратар,вратар,,ят,вратар ят,вратар ят,correct,,NOUN,Definite=Def|Gender=Masc|Number=Sing
упоритостта,упоритост,упоритост,,та,упоритост та,упоритост та,correct,,NOUN,Definite=Def|Gender=Fem|Number=Sing
сенчестата,сенчест,сенчест,,ата,сенчест ата,сенчеста та,wrong,adj_def_boundary,ADJ,Definite=Def|Degree=Pos|Gender=Fem|Number=Sing
мафиотския,мафиотски,мафиотски,,я,мафиотски я,мафиотски я,correct,,ADJ,Definite=Def|Degree=Pos|Gender=Masc|Number=Sing
фолка,фолк,фолк,,а,фолк а,фолк а,correct,,NOUN,Definite=Def|Gender=Fem|Number=Sing
естрадата,естрада,естрада,,та,естрада та,естрада та,correct,,NOUN,Definite=Def|Gender=Fem|Number=Sing
вестникарския,вестникарски,вестникарски,,я,вестникарски я,вестникарски я,correct,,ADJ,Definite=Def|Degree=Pos|Gender=Masc|Number=Sing
революционери,революционер,революционер,,и,революционер и,революционер и,correct,,NOUN,Definite=Ind|Gender=Masc|Number=Plur
посрещането,посрещане,посрещане,,то,посрещане то,посрещане то,correct,,NOUN,Definite=Def|Gender=Neut|Number=Sing
факторът,фактор,фактор,,ът,фактор ът,фактор ът,correct,,NOUN,Definite=Def|Gender=Masc|Number=Sing
разговаряме,разговарям,разговарям,,е,разговарям е,разговаря ме,wrong,plu1person_boundary,VERB,Aspect=Imp|Mood=Ind|Number=Plur|Person=1|Tense=Pres|VerbForm=Fin|Voice=Act
войнстващия,войнстващ,войнстващ,,ия,войнстващ ия,войнстващ ия,correct,,ADJ,Definite=Def|Degree=Pos|Gender=Masc|Number=Sing
балканските,балкански,балкански,,те,балкански те,балканск ите,wrong,adj_def_boundary,ADJ,Definite=Def|Degree=Pos|Number=Plur
правителствения,правителствен,правителствен,,ия,правителствен ия,правителствен ия,correct,,ADJ,Definite=Def|Degree=Pos|Gender=Masc|Number=Sing
обикновено,обикновен,обикновен,,о,обикновен о,обикновено,correct,adj_gender,ADV,Degree=Pos
запалянковците,запалянко,запалянко,,вците,запалянко вците,запалянковци те,wrong,,NOUN,Definite=Def|Gender=Masc|Number=Plur
домове,дом,дом,,ове,дом ове,дом ове,correct,,NOUN,Definite=Ind|Gender=Masc|Number=Plur
атентатора,атентатор,атентатор,,а,атентатор а,атентатор а,correct,,NOUN,Definite=Def|Gender=Masc|Number=Sing
резиденцията,резиденция,резиденция,,та,резиденция та,резиденция та,correct,,NOUN,Definite=Def|Gender=Fem|Number=Sing
филипинския,филипински,филипински,,я,филипински я,филипински я,correct,,ADJ,Definite=Def|Degree=Pos|Gender=Masc|Number=Sing
отпуската,отпуска,отпуска,,та,отпуска та,отпуска та,correct,,NOUN,Definite=Def|Gender=Fem|Number=Sing
невидими,невидим,невидим,,и,невидим и,невидим и,correct,,ADJ,Definite=Ind|Degree=Pos|Number=Plur
тютюна,тютюн,тютюн,,а,тютюн а,тютюн а,correct,,NOUN,Definite=Def|Gender=Masc|Number=Sing
фучал,фуча,фуча,,л,фуча л,фуча л,correct,,VERB,Aspect=Imp|Definite=Ind|Gender=Masc|Number=Sing|Tense=Past|VerbForm=Part|Voice=Act
футболиста,футболист,футболист,,а,футболист а,футболист а,correct,,NOUN,Definite=Def|Gender=Masc|Number=Sing
спецкомисията,спецкомисия,спецкомисия,,та,спецкомисия та,спецкомисия та,correct,,NOUN,Definite=Def|Gender=Fem|Number=Sing
самостоятелността,самостоятелност,самостоятелност,,та,самостоятелност та,самостоятелност та,correct,,NOUN,Definite=Def|Gender=Fem|Number=Sing
измислят,измисля,измисля,,т,измисля т,измисл ят,wrong,,VERB,Aspect=Imp|Mood=Ind|Number=Plur|Person=3|Tense=Pres|VerbForm=Fin|Voice=Act
висша,висш,висш,,а,висш а,висша,correct,adj_gender,ADJ,Definite=Ind|Degree=Pos|Gender=Fem|Number=Sing
тенисисти,тенисист,тенисист,,и,тенисист и,тенисист и,correct,,NOUN,Definite=Ind|Gender=Masc|Number=Plur
лондонския,лондонски,лондонски,,я,лондонски я,лондонски я,correct,,ADJ,Definite=Def|Degree=Pos|Gender=Masc|Number=Sing
плеймейкърът,плеймейкър,плеймейкър,,ът,плеймейкър ът,плеймейкър ът,correct,,NOUN,Definite=Def|Gender=Masc|Number=Sing
либерото,либеро,либеро,,то,либеро то,либеро то,correct,,NOUN,Definite=Def|Gender=Neut|Number=Sing
свикнах,свикна,свикна,,х,свикна х,свикна х,correct,,VERB,Aspect=Perf|Mood=Ind|Number=Sing|Person=1|Tense=Past|VerbForm=Fin|Voice=Act
трусове,трус,трус,,ове,трус ове,трус ове,correct,,NOUN,Definite=Ind|Gender=Masc|Number=Plur
масовата,масов,масов,,ата,масов ата,масова та,wrong,adj_def_boundary,ADJ,Definite=Def|Degree=Pos|Gender=Fem|Number=Sing
рискована,рискован,рискован,,а,рискован а,рискована,correct,adj_gender,VERB,Aspect=Perf|Definite=Ind|Gender=Fem|Number=Sing|VerbForm=Part|Voice=Pass
познатата,познат,познат,,ата,познат ата,позната та,wrong,adj_def_boundary,ADJ,Definite=Def|Degree=Pos|Gender=Fem|Number=Sing
празникът,празник,празник,,ът,празник ът,празник ът,correct,,NOUN,Definite=Def|Gender=Masc|Number=Sing
експеримента,експеримент,експеримент,,а,експеримент а,експеримент а,correct,,NOUN,Definite=Def|Gender=Masc|Number=Sing
панели,панел,панел,,и,панел и,панел и,correct,,NOUN,Definite=Ind|Gender=Masc|Number=Plur
оста,ос,ос,,та,ос та,ос та,correct,,NOUN,Definite=Def|Gender=Fem|Number=Sing
таксиметрови,таксиметров,таксиметров,,и,таксиметров и,таксиметров и,correct,,ADJ,Definite=Ind|Degree=Pos|Number=Plur
водачи,водач,водач,,и,водач и,водач и,correct,,NOUN,Definite=Ind|Gender=Masc|Number=Plur
изминалото,измина,измина,,лото,измина лото,изминало то,wrong,adj_def_boundary,ADJ,Aspect=Perf|Definite=Def|Degree=Pos|Gender=Neut|Number=Sing|Tense=Past|VerbForm=Part|Voice=Act
атлетите,атлет,атлет,,ите,атлет ите,атлет ите,correct,,NOUN,Definite=Def|Gender=Masc|Number=Plur
уругвайския,уругвайски,уругвайски,,я,уругвайски я,уругвайски я,correct,,ADJ,Definite=Def|Degree=Pos|Gender=Masc|Number=Sing
реваншът,реванш,реванш,,ът,реванш ът,реванш ът,correct,,NOUN,Definite=Def|Gender=Masc|Number=Sing
нашумяло,нашумя,нашумя,,ло,нашумя ло,нашумя ло,correct,,VERB,Aspect=Perf|Definite=Ind|Gender=Neut|Number=Sing|Tense=Past|VerbForm=Part|Voice=Act
стартът,старт,старт,,ът,старт ът,старт ът,correct,,NOUN,Definite=Def|Gender=Masc|Number=Sing
писателят,писател,писател,,ят,писател ят,писател ят,correct,,NOUN,Definite=Def|Gender=Masc|Number=Sing
баска,баск,баск,,а,баск а,баска,correct,adj_gender,ADJ,Definite=Ind|Degree=Pos|Gender=Fem|Number=Sing
животното,животно,животно,,то,животно то,животно то,correct,,NOUN,Definite=Def|Gender=Neut|Number=Sing
най-оптимистичен,оптимистичен,оптимистичен,най-,,най- оптимистичен,най- оптимистичен,correct,,ADJ,Definite=Ind|Degree=Pos|Gender=Masc|Number=Sing
погнаха,погна,погна,,ха,погна ха,погна ха,correct,,VERB,Aspect=Perf|Mood=Ind|Number=Plur|Person=3|Tense=Past|VerbForm=Fin|Voice=Act
анализатори,анализатор,анализатор,,и,анализатор и,анализатор и,correct,,NOUN,Definite=Ind|Gender=Masc|Number=Plur
вестникарските,вестникарски,вестникарски,,те,вестникарски те,вестникарск ите,wrong,adj_def_boundary,ADJ,Definite=Def|Degree=Pos|Number=Plur
смесена,смесен,смесен,,а,смесен а,смесена,correct,adj_gender,ADJ,Definite=Ind|Degree=Pos|Gender=Fem|Number=Sing
транзита,транзит,транзит,,а,транзит а,транзит а,correct,,NOUN,Definite=Def|Gender=Masc|Number=Sing
маршрути,маршрут,маршрут,,и,маршрут и,маршрут и,correct,,NOUN,Definite=Ind|Gender=Masc|Number=Plur
касови,касов,касов,,и,касов и,касов и,correct,,ADJ,Definite=Ind|Degree=Pos|Number=Plur
лицензи,лиценз,лиценз,,и,лиценз и,лиценз и,correct,,NOUN,Definite=Ind|Gender=Masc|Number=Plur
етапи,етап,етап,,и,етап и,етап и,correct,,NOUN,Definite=Ind|Gender=Masc|Number=Plur
сагата,сага,сага,,та,сага та,сага та,correct,,NOUN,Definite=Def|Gender=Fem|Number=Sing
източникът,източник,източник,,ът,източник ът,източник ът,correct,,NOUN,Definite=Def|Gender=Masc|Number=Sing
албанчето,албанче,албанче,,то,албанче то,албанче то,correct,,NOUN,Definite=Def|Gender=Neut|Number=Sing
залогът,залог,залог,,ът,залог ът,залог ът,correct,,NOUN,Definite=Def|Gender=Masc|Number=Sing
започването,започване,започване,,то,започване то,започване то,correct,,NOUN,Definite=Def|Gender=Neut|Number=Sing
кметския,кметски,кметски,,я,кметски я,кметски я,correct,,ADJ,Definite=Def|Degree=Pos|Gender=Masc|Number=Sing
архитекта,архитект,архитект,,а,архитект а,архитект а,correct,,NOUN,Definite=Def|Gender=Masc|Number=Sing
изгонването,изгонване,изгонване,,то,изгонване то,изгонване то,correct,,NOUN,Definite=Def|Gender=Neut|Number=Sing
стикерът,стикер,стикер,,ът,стикер ът,стикер ът,correct,,NOUN,Definite=Def|Gender=Masc|Number=Sing
сигналите,сигнал,сигнал,,ите,сигнал ите,сигнал ите,correct,,NOUN,Definite=Def|Gender=Masc|Number=Plur
изписването,изписване,изписване,,то,изписване то,изписване то,correct,,NOUN,Definite=Def|Gender=Neut|Number=Sing
претендента,претендент,претендент,,а,претендент а,претендент а,correct,,NOUN,Definite=Def|Gender=Masc|Number=Sing
предстояща,предстоя,предстоя,,ща,предстоя ща,предстояща,correct,,ADJ,Aspect=Imp|Definite=Ind|Degree=Pos|Gender=Fem|Number=Sing|Tense=Pres|VerbForm=Part|Voice=Act
донякъде,някъде,някъде,до,,до някъде,донякъде,correct,,ADV,PronType=Ind
оценят,оценя,оценя,,т,оценя т,оценя т,correct,,VERB,Aspect=Perf|Mood=Ind|Number=Plur|Person=3|Tense=Pres|VerbForm=Fin|Voice=Act
камерата,камера,камера,,та,камера та,камера та,correct,,NOUN,Definite=Def|Gender=Fem|Number=Sing
казармени,казармен,казармен,,и,казармен и,казармен и,correct,,ADJ,Definite=Ind|Degree=Pos|Number=Plur
сингъла,сингъл,сингъл,,а,сингъл а,сингъл а,correct,,NOUN,Definite=Def|Gender=Masc|Number=Sing
екземпляра,екземпляр,екземпляр,,а,екземпляр а,екземпляр а,correct,,NOUN,Definite=Def|Gender=Masc|Number=Sing
ценял,ценя,ценя,,л,ценя л,ценя л,correct,,VERB,Aspect=Imp|Definite=Ind|Gender=Masc|Number=Sing|Tense=Past|VerbForm=Part|Voice=Act
игривите,игрив,игрив,,ите,игрив ите,игрив ите,correct,,ADJ,Definite=Def|Degree=Pos|Number=Plur
тоалети,тоалет,тоалет,,и,тоалет и,тоалет и,correct,,NOUN,Definite=Ind|Gender=Masc|Number=Plur
сестрата,сестра,сестра,,та,сестра та,сестра та,correct,,NOUN,Definite=Def|Gender=Fem|Number=Sing
бялото,бял,бял,,ото,бял ото,бяло то,wrong,adj_def_boundary,ADJ,Definite=Def|Degree=Pos|Gender=Neut|Number=Sing
мечтата,мечта,мечта,,та,мечта та,мечта та,correct,,NOUN,Definite=Def|Gender=Fem|Number=Sing
лагерите,лагер,лагер,,ите,лагер ите,лагер ите,correct,,NOUN,Definite=Def|Gender=Masc|Number=Plur
пропагандата,пропаганда,пропаганда,,та,пропаганда та,пропаганда та,correct,,NOUN,Definite=Def|Gender=Fem|Number=Sing
образи,образ,образ,,и,образ и,образ и,correct,,NOUN,Definite=Ind|Gender=Masc|Number=Plur
русокоси,русокос,русокос,,и,русокос и,русокос и,correct,,NOUN,Definite=Ind|Gender=Masc|Number=Plur
нацистите,нацист,нацист,,ите,нацист ите,нацист ите,correct,,NOUN,Definite=Def|Gender=Masc|Number=Plur
портала,портал,портал,,а,портал а,портал а,correct,,NOUN,Definite=Def|Gender=Masc|Number=Sing
уродлива,уродлив,уродлив,,а,уродлив а,уродлива,correct,adj_gender,ADJ,Definite=Ind|Degree=Pos|Gender=Fem|Number=Sing
преориентацията,преориентация,преориентация,,та,преориентация та,преориентация та,correct,,NOUN,Definite=Def|Gender=Fem|Number=Sing
възникнат,възникна,възникна,,т,възникна т,възникна т,correct,,VERB,Aspect=Perf|Mood=Ind|Number=Plur|Person=3|Tense=Pres|VerbForm=Fin|Voice=Act
разгрома,разгром,разгром,,а,разгром а,разгром а,correct,,NOUN,Definite=Def|Gender=Masc|Number=Sing
четата,чета,чета,,та,чета та,чета та,correct,,NOUN,Definite=Def|Gender=Fem|Number=Sing
цеха,цех,цех,,а,цех а,цех а,correct,,NOUN,Definite=Def|Gender=Masc|Number=Sing
денонощието,денонощие,денонощие,,то,денонощие то,денонощие то,correct,,NOUN,Definite=Def|Gender=Neut|Number=Sing
бизнесинтересите,бизнесинтерес,бизнесинтерес,,ите,бизнесинтерес ите,бизнесинтерес ите,correct,,NOUN,Definite=Def|Gender=Masc|Number=Plur
съвместяването,съвместяване,съвместяване,,то,съвместяване то,съвместяване то,correct,,NOUN,Definite=Def|Gender=Neut|Number=Sing
недопустимо,недопустим,недопустим,,о,недопустим о,недопустимо,correct,adj_gender,ADV,Degree=Pos
съществена,съществен,съществен,,а,съществен а,съществена,correct,adj_gender,ADJ,Definite=Ind|Degree=Pos|Gender=Fem|Number=Sing
куха,кух,кух,,а,кух а,куха,correct,adj_gender,ADJ,Definite=Ind|Degree=Pos|Gender=Fem|Number=Sing
абитуриентите,абитуриент,абитуриент,,ите,абитуриент ите,абитуриент ите,correct,,NOUN,Definite=Def|Gender=Masc|Number=Plur
потънал,потъна,потъна,,л,потъна л,потъна л,correct,,VERB,Aspect=Perf|Definite=Ind|Gender=Masc|Number=Sing|Tense=Past|VerbForm=Part|Voice=Act
ивицата,ивица,ивица,,та,ивица та,ивица та,correct,,NOUN,Definite=Def|Gender=Fem|Number=Sing
ветеранът,ветеран,ветеран,,ът,ветеран ът,ветеран ът,correct,,NOUN,Definite=Def|Gender=Masc|Number=Sing
осигуровката,осигуровка,осигуровка,,та,осигуровка та,осигуровка та,correct,,NOUN,Definite=Def|Gender=Fem|Number=Sing
нюйоркските,нюйоркски,нюйоркски,,те,нюйоркски те,нюйоркск ите,wrong,adj_def_boundary,ADJ,Definite=Def|Degree=Pos|Number=Plur
останалата,остана,остана,,лата,остана лата,останала та,wrong,adj_def_boundary,ADJ,Aspect=Perf|Definite=Def|Degree=Pos|Gender=Fem|Number=Sing|Tense=Past|VerbForm=Part|Voice=Act
квартала,квартал,квартал,,а,квартал а,квартал а,correct,,NOUN,Definite=Def|Gender=Masc|Number=Sing
повести,повест,повест,,и,повест и,повест и,correct,,NOUN,Definite=Ind|Gender=Fem|Number=Plur
дружината,дружина,дружина,,та,дружина та,дружина та,correct,,NOUN,Definite=Def|Gender=Fem|Number=Sing
непробиваема,непробиваем,непробиваем,,а,непробиваем а,непробиваема,correct,adj_gender,ADJ,Definite=Ind|Degree=Pos|Gender=Fem|Number=Sing
плодът,плод,плод,,ът,плод ът,плод ът,correct,,NOUN,Definite=Def|Gender=Masc|Number=Sing
мечката,мечка,мечка,,та,мечка та,мечка та,correct,,NOUN,Definite=Def|Gender=Fem|Number=Sing
кожата,кожа,кожа,,та,кожа та,кожа та,correct,,NOUN,Definite=Def|Gender=Fem|Number=Sing
заседнало,заседна,заседна,,ло,заседна ло,заседна ло,correct,,VERB,Aspect=Perf|Definite=Ind|Gender=Neut|Number=Sing|Tense=Past|VerbForm=Part|Voice=Act
дебела,дебел,дебел,,а,дебел а,дебела,correct,adj_gender,ADJ,Definite=Ind|Degree=Pos|Gender=Fem|Number=Sing
комитетските,комитетски,комитетски,,те,комитетски те,комитетск ите,wrong,adj_def_boundary,ADJ,Definite=Def|Degree=Pos|Number=Plur
изминах,измина,измина,,х,измина х,измина х,correct,,VERB,Aspect=Perf|Mood=Ind|Number=Sing|Person=1|Tense=Past|VerbForm=Fin|Voice=Act
неголямото,неголям,неголям,,ото,неголям ото,неголямо то,wrong,adj_def_boundary,ADJ,Definite=Def|Degree=Pos|Gender=Neut|Number=Sing
дебелите,дебел,дебел,,ите,дебел ите,дебел ите,correct,,ADJ,Definite=Def|Degree=Pos|Number=Plur
ястребови,ястребов,ястребов,,и,ястребов и,ястребов и,correct,,ADJ,Definite=Ind|Degree=Pos|Number=Plur
лъкове,лък,лък,,ове,лък ове,лък ове,correct,,NOUN,Definite=Ind|Gender=Masc|Number=Plur
мечове,меч,меч,,ове,меч ове,меч ове,correct,,NOUN,Definite=Ind|Gender=Masc|Number=Plur
боздугани,боздуган,боздуган,,и,боздуган и,боздуган и,correct,,NOUN,Definite=Ind|Gender=Masc|Number=Plur
пролома,пролом,пролом,,а,пролом а,пролом а,correct,,NOUN,Definite=Def|Gender=Masc|Number=Sing
пътят,път,път,,ят,път ят,път ят,correct,,NOUN,Definite=Def|Gender=Masc|Number=Sing
склонове,склон,склон,,ове,склон ове,склон ове,correct,,NOUN,Definite=Ind|Gender=Masc|Number=Plur
пусти,пуст,пуст,,и,пуст и,пуст и,correct,,ADJ,Definite=Ind|Degree=Pos|Number=Plur
власите,влас,влас,,ите,влас ите,влас ите,correct,,NOUN,Definite=Def|Gender=Masc|Number=Plur
гъркомани,гъркоман,гъркоман,,и,гъркоман и,гъркоман и,correct,,NOUN,Definite=Ind|Gender=Masc|Number=Plur
пратят,пратя,пратя,,т,пратя т,пратя т,correct,,VERB,Aspect=Perf|Mood=Ind|Number=Plur|Person=3|Tense=Pres|VerbForm=Fin|Voice=Act
смисъла,смисъл,смисъл,,а,смисъл а,смисъл а,correct,,NOUN,Definite=Def|Gender=Masc|Number=Sing
заминали,замина,замина,,ли,замина ли,замина ли,correct,,VERB,Aspect=Perf|Definite=Ind|Number=Plur|Tense=Past|VerbForm=Part|Voice=Act
потенциали,потенциал,потенциал,,и,потенциал и,потенциал и,correct,,NOUN,Definite=Ind|Gender=Masc|Number=Plur
възмущението,възмущение,възмущение,,то,възмущение то,възмущение то,correct,,NOUN,Definite=Def|Gender=Neut|Number=Sing
флирта,флирт,флирт,,а,флирт а,флирт а,correct,,NOUN,Definite=Def|Gender=Masc|Number=Sing
хеликоптерът,хеликоптер,хеликоптер,,ът,хеликоптер ът,хеликоптер ът,correct,,NOUN,Definite=Def|Gender=Masc|Number=Sing
пилота,пилот,пилот,,а,пилот а,пилот а,correct,,NOUN,Definite=Def|Gender=Masc|Number=Sing
настилката,настилка,настилка,,та,настилка та,настилка та,correct,,NOUN,Definite=Def|Gender=Fem|Number=Sing
оборудването,оборудване,оборудване,,то,оборудване то,оборудване то,correct,,NOUN,Definite=Def|Gender=Neut|Number=Sing
красива,красив,красив,,а,красив а,красива,correct,adj_gender,ADJ,Definite=Ind|Degree=Pos|Gender=Fem|Number=Sing
мълчаха,мълча,мълча,,ха,мълча ха,мълча ха,correct,,VERB,Aspect=Imp|Mood=Ind|Number=Plur|Person=3|Tense=Imp|VerbForm=Fin|Voice=Act
ненарушимостта,ненарушимост,ненарушимост,,та,ненарушимост та,ненарушимост та,correct,,NOUN,Definite=Def|Gender=Fem|Number=Sing
корумпирането,корумпиране,корумпиране,,то,корумпиране то,корумпиране то,correct,,NOUN,Definite=Def|Gender=Neut|Number=Sing
поомекнал,поомекна,поомекна,,л,поомекна л,поомекна л,correct,,VERB,Aspect=Perf|Definite=Ind|Gender=Masc|Number=Sing|Tense=Past|VerbForm=Part|Voice=Act
висял,вися,вися,,л,вися л,вися л,correct,,VERB,Aspect=Imp|Definite=Ind|Gender=Masc|Number=Sing|Tense=Past|VerbForm=Part|Voice=Act
портретът,портрет,портрет,,ът,портрет ът,портрет ът,correct,,NOUN,Definite=Def|Gender=Masc|Number=Sing
неограничено,неограничен,неограничен,,о,неограничен о,неограничено,correct,adj_gender,ADV,Degree=Pos
тръгването,тръгване,тръгване,,то,тръгване то,тръгване то,correct,,NOUN,Definite=Def|Gender=Neut|Number=Sing
идеали,идеал,идеал,,и,идеал и,идеал и,correct,,NOUN,Definite=Ind|Gender=Masc|Number=Plur
реалността,реалност,реалност,,та,реалност та,реалност та,correct,,NOUN,Definite=Def|Gender=Fem|Number=Sing
избързването,избързване,избързване,,то,избързване то,избързване то,correct,,NOUN,Definite=Def|Gender=Neut|Number=Sing
етажите,етаж,етаж,,ите,етаж ите,етаж ите,correct,,NOUN,Definite=Def|Gender=Masc|Number=Plur
воденето,водене,водене,,то,водене то,водене то,correct,,NOUN,Definite=Def|Gender=Neut|Number=Sing
старшинството,старшинство,старшинство,,то,старшинство то,старшинство то,correct,,NOUN,Definite=Def|Gender=Neut|Number=Sing
неверието,неверие,неверие,,то,неверие то,неверие то,correct,,NOUN,Definite=Def|Gender=Neut|Number=Sing
новостите,новост,новост,,ите,новост ите,новост ите,correct,,NOUN,Definite=Def|Gender=Fem|Number=Plur
осъществима,осъществим,осъществим,,а,осъществим а,осъществима,correct,adj_gender,ADJ,Definite=Ind|Degree=Pos|Gender=Fem|Number=Sing
инспектори,инспектор,инспектор,,и,инспектор и,инспектор и,correct,,NOUN,Definite=Ind|Gender=Masc|Number=Plur
ускоряването,ускоряване,ускоряване,,то,ускоряване то,ускоряване то,correct,,NOUN,Definite=Def|Gender=Neut|Number=Sing
улеснят,улесня,улесня,,т,улесня т,улесня т,correct,,VERB,Aspect=Perf|Mood=Ind|Number=Plur|Person=3|Tense=Pres|VerbForm=Fin|Voice=Act
папируса,папирус,папирус,,а,папирус а,папирус а,correct,,NOUN,Definite=Def|Gender=Masc|Number=Sing
филмите,филм,филм,,ите,филм ите,филм ите,correct,,NOUN,Definite=Def|Gender=Masc|Number=Plur
кутийката,кутийка,кутийка,,та,кутийка та,кутийка та,correct,,NOUN,Definite=Def|Gender=Fem|Number=Sing
актуализирани,актуализира,актуализира,,ни,актуализира ни,актуализирани,correct,,VERB,Aspect=Perf|Definite=Ind|Number=Plur|VerbForm=Part|Voice=Pass
повишаването,повишаване,повишаване,,то,повишаване то,повишаване то,correct,,NOUN,Definite=Def|Gender=Neut|Number=Sing
информираността,информираност,информираност,,та,информираност та,информираност та,correct,,NOUN,Definite=Def|Gender=Fem|Number=Sing
добронамереността,добронамереност,добронамереност,,та,добронамереност та,добронамереност та,correct,,NOUN,Definite=Def|Gender=Fem|Number=Sing
достигнали,достигна,достигна,,ли,достигна ли,достигна ли,correct,,VERB,Aspect=Perf|Definite=Ind|Number=Plur|Tense=Past|VerbForm=Part|Voice=Act
ограничаването,ограничаване,ограничаване,,то,ограничаване то,ограничаване то,correct,,NOUN,Definite=Def|Gender=Neut|Number=Sing
отнемането,отнемане,отнемане,,то,отнемане то,отнемане то,correct,,NOUN,Definite=Def|Gender=Neut|Number=Sing
военнослужащи,военнослужащ,военнослужащ,,и,военнослужащ и,военнослужащ и,correct,,NOUN,Definite=Ind|Gender=Masc|Number=Plur
неуловимия,неуловим,неуловим,,ия,неуловим ия,неуловим ия,correct,,ADJ,Definite=Def|Degree=Pos|Gender=Masc|Number=Sing
шумяло,шумя,шумя,,ло,шумя ло,шумя ло,correct,,VERB,Aspect=Imp|Definite=Ind|Gender=Neut|Number=Sing|Tense=Past|VerbForm=Part|Voice=Act
простите,прост,прост,,ите,прост ите,прост ите,correct,,ADJ,Definite=Def|Degree=Pos|Number=Plur
неуките,неук,неук,,ите,неук ите,неук ите,correct,,ADJ,Definite=Def|Degree=Pos|Number=Plur
поземления,поземлен,поземлен,,ия,поземлен ия,поземления,correct,,NOUN,Definite=Ind|Gender=Neut|Number=Plur
акциза,акциз,акциз,,а,акциз а,акциз а,correct,,NOUN,Definite=Def|Gender=Masc|Number=Sing
сока,сок,сок,,а,сок а,сок а,correct,,NOUN,Definite=Def|Gender=Masc|Number=Sing
белетриста,белетрист,белетрист,,а,белетрист а,белетрист а,correct,,NOUN,Definite=Def|Gender=Masc|Number=Sing
кафето,кафе,кафе,,то,кафе то,кафе то,correct,,NOUN,Definite=Def|Gender=Neut|Number=Sing
дола,дол,дол,,а,дол а,дол а,correct,,NOUN,Definite=Def|Gender=Masc|Number=Sing
мотиви,мотив,мотив,,и,мотив и,мотив и,correct,,NOUN,Definite=Ind|Gender=Masc|Number=Plur
бягаме,бягам,бягам,,е,бягам е,бяга ме,wrong,plu1person_boundary,VERB,Aspect=Imp|Mood=Ind|Number=Plur|Person=1|Tense=Pres|VerbForm=Fin|Voice=Act
синоними,синоним,синоним,,и,синоним и,синоним и,correct,,NOUN,Definite=Ind|Gender=Masc|Number=Plur
незаменима,незаменим,незаменим,,а,незаменим а,незаменима,correct,adj_gender,ADJ,Definite=Ind|Degree=Pos|Gender=Fem|Number=Sing
нерви,нерв,нерв,,и,нерв и,нерв и,correct,,NOUN,Definite=Ind|Gender=Fem|Number=Plur
камъчето,камъче,камъче,,то,камъче то,камъче то,correct,,NOUN,Definite=Def|Gender=Neut|Number=Sing
хартийката,хартийка,хартийка,,та,хартийка та,хартийка та,correct,,NOUN,Definite=Def|Gender=Fem|Number=Sing
звънеца,звънец,звънец,,а,звънец а,звънец а,correct,,NOUN,Definite=Def|Gender=Masc|Number=Sing
заповеди,заповед,заповед,,и,заповед и,заповед и,correct,,NOUN,Definite=Ind|Gender=Fem|Number=Plur
произведат,произведа,произведа,,т,произведа т,произведа т,correct,,VERB,Aspect=Perf|Mood=Ind|Number=Plur|Person=3|Tense=Pres|VerbForm=Fin|Voice=Act
тъмночервено,тъмночервен,тъмночервен,,о,тъмночервен о,тъмночервено,correct,adj_gender,ADV,Degree=Pos
отпадането,отпадане,отпадане,,то,отпадане то,отпадане то,correct,,NOUN,Definite=Def|Gender=Neut|Number=Sing
конкретизирането,конкретизиране,конкретизиране,,то,конкретизиране то,конкретизиране то,correct,,NOUN,Definite=Def|Gender=Neut|Number=Sing
по-прагматично,прагматично,прагматично,по-,,по- прагматично,по- прагматично,correct,,ADV,Degree=Sup
парламенти,парламент,парламент,,и,парламент и,парламент и,correct,,NOUN,Definite=Ind|Gender=Masc|Number=Plur
преразглеждането,преразглеждане,преразглеждане,,то,преразглеждане то,преразглеждане то,correct,,NOUN,Definite=Def|Gender=Neut|Number=Sing
основополагащите,основополагащ,основополагащ,,ите,основополагащ ите,основополагащ ите,correct,,ADJ,Definite=Def|Degree=Pos|Number=Plur
комисарите,комисар,комисар,,ите,комисар ите,комисар ите,correct,,NOUN,Definite=Def|Gender=Masc|Number=Plur
съюзът,съюз,съюз,,ът,съюз ът,съюз ът,correct,,NOUN,Definite=Def|Gender=Masc|Number=Sing
тестовете,тест,тест,,овете,тест овете,тест овете,correct,,NOUN,Definite=Def|Gender=Masc|Number=Plur
крепости,крепост,крепост,,и,крепост и,крепост и,correct,,NOUN,Definite=Ind|Gender=Fem|Number=Plur
подчиняването,подчиняване,подчиняване,,то,подчиняване то,подчиняване то,correct,,NOUN,Definite=Def|Gender=Neut|Number=Sing
разума,разум,разум,,а,разум а,разум а,correct,,NOUN,Definite=Def|Gender=Masc|Number=Sing
възвишеното,възвишен,възвишен,,ото,възвишен ото,възвишено то,wrong,adj_def_boundary,ADJ,Definite=Def|Degree=Pos|Gender=Neut|Number=Sing
дисидентството,дисидентство,дисидентство,,то,дисидентство то,дисидентство то,correct,,NOUN,Definite=Def|Gender=Neut|Number=Sing
защитаваме,защитавам,защитавам,,е,защитавам е,защитава ме,wrong,plu1person_boundary,VERB,Aspect=Imp|Mood=Ind|Number=Plur|Person=1|Tense=Pres|VerbForm=Fin|Voice=Act
пасажа,пасаж,пасаж,,а,пасаж а,пасаж а,correct,,NOUN,Definite=Def|Gender=Masc|Number=Sing
проклета,проклет,проклет,,а,проклет а,проклета,correct,adj_gender,ADJ,Definite=Ind|Degree=Pos|Gender=Fem|Number=Sing
грубия,груб,груб,,ия,груб ия,груб ия,correct,,ADJ,Definite=Def|Degree=Pos|Gender=Masc|Number=Sing
управляването,управляване,управляване,,то,управляване то,управляване то,correct,,NOUN,Definite=Def|Gender=Neut|Number=Sing
изразяването,изразяване,изразяване,,то,изразяване то,изразяване то,correct,,NOUN,Definite=Def|Gender=Neut|Number=Sing
предприемането,предприемане,предприемане,,то,предприемане то,предприемане то,correct,,NOUN,Definite=Def|Gender=Neut|Number=Sing
прочита,прочит,прочит,,а,прочит а,прочита,correct,,VERB,Aspect=Imp|Mood=Ind|Number=Sing|Person=3|Tense=Pres|VerbForm=Fin|Voice=Act
европейският,европейски,европейски,,ят,европейски ят,европейски ят,correct,,ADJ,Definite=Def|Degree=Pos|Gender=Masc|Number=Sing
забавянето,забавяне,забавяне,,то,забавяне то,забавяне то,correct,,NOUN,Definite=Def|Gender=Neut|Number=Sing
едночасови,едночасов,едночасов,,и,едночасов и,едночасов и,correct,,ADJ,Definite=Ind|Degree=Pos|Number=Plur
потънали,потъна,потъна,,ли,потъна ли,потъна ли,correct,,VERB,Aspect=Perf|Definite=Ind|Number=Plur|Tense=Past|VerbForm=Part|Voice=Act
еврокомисари,еврокомисар,еврокомисар,,и,еврокомисар и,еврокомисар и,correct,,NOUN,Definite=Ind|Gender=Masc|Number=Plur
пилотът,пилот,пилот,,ът,пилот ът,пилот ът,correct,,NOUN,Definite=Def|Gender=Masc|Number=Sing
колесника,колесник,колесник,,а,колесник а,колесник а,correct,,NOUN,Definite=Def|Gender=Masc|Number=Sing
феномена,феномен,феномен,,а,феномен а,феномен а,correct,,NOUN,Definite=Def|Gender=Masc|Number=Sing
искът,иск,иск,,ът,иск ът,иск ът,correct,,NOUN,Definite=Def|Gender=Masc|Number=Sing
човешкият,човешки,човешки,,ят,човешки ят,човешки ят,correct,,ADJ,Definite=Def|Degree=Pos|Gender=Masc|Number=Sing
ученият,учен,учен,,ият,учен ият,учен ият,correct,,NOUN,Definite=Def|Gender=Masc|Number=Sing
спазването,спазване,спазване,,то,спазване то,спазване то,correct,,NOUN,Definite=Def|Gender=Neut|Number=Sing
спестители,спестител,спестител,,и,спестител и,спестител и,correct,,NOUN,Definite=Ind|Gender=Masc|Number=Plur
извършването,извършване,извършване,,то,извършване то,извършване то,correct,,NOUN,Definite=Def|Gender=Neut|Number=Sing
наблюдателността,наблюдателност,наблюдателност,,та,наблюдателност та,наблюдателност та,correct,,NOUN,Definite=Def|Gender=Fem|Number=Sing
неприемливи,неприемлив,неприемлив,,и,неприемлив и,неприемлив и,correct,,ADJ,Definite=Ind|Degree=Pos|Number=Plur
производствените,производствен,производствен,,ите,производствен ите,производствен ите,correct,,ADJ,Definite=Def|Degree=Pos|Number=Plur
производителността,производителност,производителност,,та,производителност та,производителност та,correct,,NOUN,Definite=Def|Gender=Fem|Number=Sing
царуването,царуване,царуване,,то,царуване то,царуване то,correct,,NOUN,Definite=Def|Gender=Neut|Number=Sing
нищожността,нищожност,нищожност,,та,нищожност та,нищожност та,correct,,NOUN,Definite=Def|Gender=Fem|Number=Sing
висше,висш,висш,,е,висш е,висше,correct,adj_gender,ADJ,Definite=Ind|Degree=Pos|Gender=Neut|Number=Sing
специалността,специалност,специалност,,та,специалност та,специалност та,correct,,NOUN,Definite=Def|Gender=Fem|Number=Sing
битови,битов,битов,,и,битов и,битов и,correct,,ADJ,Definite=Ind|Degree=Pos|Number=Plur
реконструкцията,реконструкция,реконструкция,,та,реконструкция та,реконструкция та,correct,,NOUN,Definite=Def|Gender=Fem|Number=Sing
електропровода,електропровод,електропровод,,а,електропровод а,електропровод а,correct,,NOUN,Definite=Def|Gender=Masc|Number=Sing
републиканския,републикански,републикански,,я,републикански я,републикански я,correct,,ADJ,Definite=Def|Degree=Pos|Gender=Masc|Number=Sing
торовият,торов,торов,,ият,торов ият,торов ият,correct,,ADJ,Definite=Def|Degree=Pos|Gender=Masc|Number=Sing
самоличността,самоличност,самоличност,,та,самоличност та,самоличност та,correct,,NOUN,Definite=Def|Gender=Fem|Number=Sing
племенникът,племенник,племенник,,ът,племенник ът,племенник ът,correct,,NOUN,Definite=Def|Gender=Masc|Number=Sing
таблоидите,таблоид,таблоид,,ите,таблоид ите,таблоид ите,correct,,NOUN,Definite=Def|Gender=Masc|Number=Plur
издателите,издател,издател,,ите,издател ите,издател ите,correct,,NOUN,Definite=Def|Gender=Masc|Number=Plur
неистови,неистов,неистов,,и,неистов и,неистов и,correct,,ADJ,Definite=Ind|Degree=Pos|Number=Plur
трудово,трудов,трудов,,о,трудов о,трудово,correct,adj_gender,ADJ,Definite=Ind|Degree=Pos|Gender=Neut|Number=Sing
произхода,произход,произход,,а,произход а,произход а,correct,,NOUN,Definite=Def|Gender=Masc|Number=Sing
договорите,договор,договор,,ите,договор ите,договор ите,correct,,NOUN,Definite=Def|Gender=Masc|Number=Plur
разписанието,разписание,разписание,,то,разписание то,разписание то,correct,,NOUN,Definite=Def|Gender=Neut|Number=Sing
полети,полет,полет,,и,полет и,полет и,correct,,NOUN,Definite=Ind|Gender=Masc|Number=Plur
нашествието,нашествие,нашествие,,то,нашествие то,нашествие то,correct,,NOUN,Definite=Def|Gender=Neut|Number=Sing
транша,транш,транш,,а,транш а,транш а,correct,,NOUN,Definite=Def|Gender=Masc|Number=Sing
полусезона,полусезон,полусезон,,а,полусезон а,полусезон а,correct,,NOUN,Definite=Def|Gender=Masc|Number=Sing
адреси,адрес,адрес,,и,адрес и,адрес и,correct,,NOUN,Definite=Ind|Gender=Masc|Number=Plur
милионите,милион,милион,,ите,милион ите,милион ите,correct,,NOUN,Definite=Def|Gender=Masc|Number=Plur
докога,кога,кога,до,,до кога,докога,correct,,ADV,_
престъпника,престъпник,престъпник,,а,престъпник а,престъпник а,correct,,NOUN,Definite=Def|Gender=Masc|Number=Sing
израснали,израсна,израсна,,ли,израсна ли,израсна ли,correct,,VERB,Aspect=Perf|Definite=Ind|Number=Plur|Tense=Past|VerbForm=Part|Voice=Act
уюта,уют,уют,,а,уют а,уют а,correct,,NOUN,Definite=Def|Gender=Masc|Number=Sing
раздаването,раздаване,раздаване,,то,раздаване то,раздаване то,correct,,NOUN,Definite=Def|Gender=Neut|Number=Sing
изчакаме,изчакам,изчакам,,е,изчакам е,изчака ме,wrong,plu1person_boundary,VERB,Aspect=Perf|Mood=Ind|Number=Plur|Person=1|Tense=Pres|VerbForm=Fin|Voice=Act
ваятеля,ваятел,ваятел,,я,ваятел я,ваятел я,correct,,NOUN,Definite=Def|Gender=Masc|Number=Sing
ръководителят,ръководител,ръководител,,ят,ръководител ят,ръководител ят,correct,,NOUN,Definite=Def|Gender=Masc|Number=Sing
най-талантливият,талантлив,талантлив,най-,ият,най- талантлив ият,най- талантлив ият,correct,,ADJ,Definite=Def|Degree=Sup|Gender=Masc|Number=Sing
крайдунавския,крайдунавски,крайдунавски,,я,крайдунавски я,крайдунавски я,correct,,ADJ,Definite=Def|Degree=Pos|Gender=Masc|Number=Sing
епизода,епизод,епизод,,а,епизод а,епизод а,correct,,NOUN,Definite=Def|Gender=Masc|Number=Sing
обичта,обич,обич,,та,обич та,обич та,correct,,NOUN,Definite=Def|Gender=Fem|Number=Sing
зърното,зърно,зърно,,то,зърно то,зърно то,correct,,NOUN,Definite=Def|Gender=Neut|Number=Sing
обитателите,обитател,обитател,,ите,обитател ите,обитател ите,correct,,NOUN,Definite=Def|Gender=Masc|Number=Plur
фиша,фиш,фиш,,а,фиш а,фиш а,correct,,NOUN,Definite=Def|Gender=Masc|Number=Sing
професори,професор,професор,,и,професор и,професор и,correct,,NOUN,Definite=Ind|Gender=Masc|Number=Plur
месото,месо,месо,,то,месо то,месо то,correct,,NOUN,Definite=Def|Gender=Neut|Number=Sing
най-чувствително,чувствително,чувствително,най-,,най- чувствително,най- чувствително,correct,,ADV,Degree=Sup
фигуранти,фигурант,фигурант,,и,фигурант и,фигурант и,correct,,NOUN,Definite=Ind|Gender=Masc|Number=Plur
червеният,червен,червен,,ият,червен ият,червен ият,correct,,ADJ,Definite=Def|Degree=Pos|Gender=Masc|Number=Sing
мерцедеси,мерцедес,мерцедес,,и,мерцедес и,мерцедес и,correct,,NOUN,Definite=Ind|Gender=Masc|Number=Plur
изпирането,изпиране,изпиране,,то,изпиране то,изпиране то,correct,,NOUN,Definite=Def|Gender=Neut|Number=Sing
спестят,спестя,спестя,,т,спестя т,спестя т,correct,,VERB,Aspect=Perf|Mood=Ind|Number=Plur|Person=3|Tense=Pres|VerbForm=Fin|Voice=Act
сгъваема,сгъваем,сгъваем,,а,сгъваем а,сгъваема,correct,adj_gender,ADJ,Definite=Ind|Degree=Pos|Gender=Fem|Number=Sing
екзекуцията,екзекуция,екзекуция,,та,екзекуция та,екзекуция та,correct,,NOUN,Definite=Def|Gender=Fem|Number=Sing
водохващането,водохващане,водохващане,,то,водохващане то,водохващане то,correct,,NOUN,Definite=Def|Gender=Neut|Number=Sing
монархистите,монархист,монархист,,ите,монархист ите,монархист ите,correct,,NOUN,Definite=Def|Gender=Masc|Number=Plur
производствения,производствен,производствен,,ия,производствен ия,производствен ия,correct,,ADJ,Definite=Def|Degree=Pos|Gender=Masc|Number=Sing
технологията,технология,технология,,та,технология та,технология та,correct,,NOUN,Definite=Def|Gender=Fem|Number=Sing
титулярите,титуляр,титуляр,,ите,титуляр ите,титуляр ите,correct,,NOUN,Definite=Def|Gender=Masc|Number=Plur
упадъкът,упадък,упадък,,ът,упадък ът,упадък ът,correct,,NOUN,Definite=Def|Gender=Masc|Number=Sing
атракцията,атракция,атракция,,та,атракция та,атракция та,correct,,NOUN,Definite=Def|Gender=Fem|Number=Sing
посетители,посетител,посетител,,и,посетител и,посетител и,correct,,NOUN,Definite=Ind|Gender=Masc|Number=Plur
предстоящи,предстоя,предстоя,,щи,предстоя щи,предстоящи,correct,,ADJ,Aspect=Imp|Definite=Ind|Degree=Pos|Number=Plur|Tense=Pres|VerbForm=Part|Voice=Act
устието,устие,устие,,то,устие то,устие то,correct,,NOUN,Definite=Def|Gender=Neut|Number=Sing
метали,метал,метал,,и,метал и,метал и,correct,,NOUN,Definite=Ind|Gender=Masc|Number=Plur
по-специално,специално,специално,по-,,по- специално,по- специално,correct,,ADV,Degree=Sup
богаташи,богаташ,богаташ,,и,богаташ и,богаташ и,correct,,NOUN,Definite=Ind|Gender=Masc|Number=Plur
рентгенова,рентгенов,рентгенов,,а,рентгенов а,рентгенова,correct,adj_gender,ADJ,Definite=Ind|Degree=Pos|Gender=Fem|Number=Sing
непреодолима,непреодолим,непреодолим,,а,непреодолим а,непреодолима,correct,adj_gender,ADJ,Definite=Ind|Degree=Pos|Gender=Fem|Number=Sing
жандармеристи,жандармерист,жандармерист,,и,жандармерист и,жандармерист и,correct,,NOUN,Definite=Ind|Gender=Masc|Number=Plur
туркменистанския,туркменистански,туркменистански,,я,туркменистански я,туркменистански я,correct,,ADJ,Definite=Def|Degree=Pos|Gender=Masc|Number=Sing
вота,вот,вот,,а,вот а,вот а,correct,,NOUN,Definite=Def|Gender=Masc|Number=Sing
прехвърчаха,прехвърча,прехвърча,,ха,прехвърча ха,прехвърчаха,correct,,VERB,Aspect=Imp|Mood=Ind|Number=Plur|Person=3|Tense=Imp|VerbForm=Fin|Voice=Act
радиобоса,радиобос,радиобос,,а,радиобос а,радиобос а,correct,,NOUN,Definite=Def|Gender=Masc|Number=Sing
кралят,крал,крал,,ят,крал ят,крал ят,correct,,NOUN,Definite=Def|Gender=Masc|Number=Sing
откраднатото,открадна,открадна,,тото,открадна тото,откраднато то,wrong,adj_def_boundary,ADJ,Aspect=Perf|Definite=Def|Degree=Pos|Gender=Neut|Number=Sing|VerbForm=Part|Voice=Pass
новоселските,новоселски,новоселски,,те,новоселски те,новоселск ите,wrong,adj_def_boundary,ADJ,Definite=Def|Degree=Pos|Number=Plur
коалицията,коалиция,коалиция,,та,коалиция та,коалиция та,correct,,NOUN,Definite=Def|Gender=Fem|Number=Sing
екстремисти,екстремист,екстремист,,и,екстремист и,екстремист и,correct,,NOUN,Definite=Ind|Gender=Masc|Number=Plur
ветерани,ветеран,ветеран,,и,ветеран и,ветеран и,correct,,NOUN,Definite=Ind|Gender=Masc|Number=Plur
юношата,юноша,юноша,,та,юноша та,юноша та,correct,,NOUN,Definite=Def|Gender=Masc|Number=Sing
юношеския,юношески,юношески,,я,юношески я,юношески я,correct,,ADJ,Definite=Def|Degree=Pos|Gender=Masc|Number=Sing
представителя,представител,представител,,я,представител я,представител я,correct,,NOUN,Definite=Def|Gender=Masc|Number=Sing
хотелите,хотел,хотел,,ите,хотел ите,хотел ите,correct,,NOUN,Definite=Def|Gender=Masc|Number=Plur
отседналите,отседна,отседна,,лите,отседна лите,отседнали те,wrong,adj_def_boundary,ADJ,Aspect=Perf|Definite=Def|Degree=Pos|Number=Plur|Tense=Past|VerbForm=Part|Voice=Act
изритаме,изритам,изритам,,е,изритам е,изрита ме,wrong,plu1person_boundary,VERB,Aspect=Perf|Mood=Ind|Number=Plur|Person=1|Tense=Pres|VerbForm=Fin|Voice=Act
изопачат,изопача,изопача,,т,изопача т,изопача т,correct,,VERB,Aspect=Imp|Mood=Ind|Number=Plur|Person=3|Tense=Pres|VerbForm=Fin|Voice=Act
вредата,вреда,вреда,,та,вреда та,вреда та,correct,,NOUN,Definite=Def|Gender=Fem|Number=Sing
мехури,мехур,мехур,,и,мехур и,мехур и,correct,,NOUN,Definite=Ind|Gender=Fem|Number=Plur
пенсионирането,пенсиониране,пенсиониране,,то,пенсиониране то,пенсиониране то,correct,,NOUN,Definite=Def|Gender=Neut|Number=Sing
служителят,служител,служител,,ят,служител ят,служител ят,correct,,NOUN,Definite=Def|Gender=Masc|Number=Sing
басейни,басейн,басейн,,и,басейн и,басейн и,correct,,NOUN,Definite=Ind|Gender=Fem|Number=Plur
барбекюта,барбекю,барбекю,,та,барбекю та,барбекю та,correct,,NOUN,Definite=Ind|Gender=Neut|Number=Plur
максималисти,максималист,максималист,,и,максималист и,максималист и,correct,,NOUN,Definite=Ind|Gender=Masc|Number=Plur
формулярите,формуляр,формуляр,,ите,формуляр ите,формуляр ите,correct,,NOUN,Definite=Def|Gender=Masc|Number=Plur
моментът,момент,момент,,ът,момент ът,момент ът,correct,,NOUN,Definite=Def|Gender=Masc|Number=Sing
тескерето,тескере,тескере,,то,тескере то,тескере то,correct,,NOUN,Definite=Def|Gender=Neut|Number=Sing
документът,документ,документ,,ът,документ ът,документ ът,correct,,NOUN,Definite=Def|Gender=Masc|Number=Sing
неизлечима,неизлечим,неизлечим,,а,неизлечим а,неизлечима,correct,adj_gender,ADJ,Definite=Ind|Degree=Pos|Gender=Fem|Number=Sing
нощите,нощ,нощ,,ите,нощ ите,нощ ите,correct,,NOUN,Definite=Def|Gender=Fem|Number=Plur
етническите,етнически,етнически,,те,етнически те,етническ ите,wrong,adj_def_boundary,ADJ,Definite=Def|Degree=Pos|Number=Plur
телефоните,телефон,телефон,,ите,телефон ите,телефон ите,correct,,NOUN,Definite=Def|Gender=Masc|Number=Plur
звънят,звъня,звъня,,т,звъня т,звъня т,correct,,VERB,Aspect=Imp|Mood=Ind|Number=Plur|Person=3|Tense=Pres|VerbForm=Fin|Voice=Act
интегрираме,интегрирам,интегрирам,,е,интегрирам е,интегрира ме,wrong,plu1person_boundary,VERB,Aspect=Imp|Mood=Ind|Number=Plur|Person=1|Tense=Pres|VerbForm=Fin|Voice=Act
дозирането,дозиране,дозиране,,то,дозиране то,дозиране то,correct,,NOUN,Definite=Def|Gender=Neut|Number=Sing
имиджа,имидж,имидж,,а,имидж а,имидж а,correct,,NOUN,Definite=Def|Gender=Masc|Number=Sing
стоманени,стоманен,стоманен,,и,стоманен и,стоманен и,correct,,ADJ,Definite=Ind|Degree=Pos|Number=Plur
алуминиеви,алуминиев,алуминиев,,и,алуминиев и,алуминиев и,correct,,ADJ,Definite=Ind|Degree=Pos|Number=Plur
профили,профил,профил,,и,профил и,профил и,correct,,NOUN,Definite=Ind|Gender=Masc|Number=Plur
неосъществими,неосъществим,неосъществим,,и,неосъществим и,неосъществим и,correct,,ADJ,Definite=Ind|Degree=Pos|Number=Plur
сроковете,срок,срок,,овете,срок овете,срок овете,correct,,NOUN,Definite=Def|Gender=Masc|Number=Plur
изработката,изработка,изработка,,та,изработка та,изработка та,correct,,NOUN,Definite=Def|Gender=Fem|Number=Sing
животът,живот,живот,,ът,живот ът,живот ът,correct,,NOUN,Definite=Def|Gender=Masc|Number=Sing
женския,женски,женски,,я,женски я,женски я,correct,,ADJ,Definite=Def|Degree=Pos|Gender=Masc|Number=Sing
колумбийският,колумбийски,колумбийски,,ят,колумбийски ят,колумбийски ят,correct,,ADJ,Definite=Def|Degree=Pos|Gender=Masc|Number=Sing
неизяснени,неизяснен,неизяснен,,и,неизяснен и,неизяснен и,correct,,ADJ,Definite=Ind|Degree=Pos|Number=Plur
знака,знак,знак,,а,знак а,знак а,correct,,NOUN,Definite=Def|Gender=Masc|Number=Sing
уязвимите,уязвим,уязвим,,ите,уязвим ите,уязвим ите,correct,,ADJ,Definite=Def|Degree=Pos|Number=Plur
заявят,заявя,заявя,,т,заявя т,заявя т,correct,,VERB,Aspect=Perf|Mood=Ind|Number=Plur|Person=3|Tense=Pres|VerbForm=Fin|Voice=Act
сепаратисти,сепаратист,сепаратист,,и,сепаратист и,сепаратист и,correct,,NOUN,Definite=Ind|Gender=Masc|Number=Plur
попадаме,попадам,попадам,,е,попадам е,попада ме,wrong,plu1person_boundary,VERB,Aspect=Imp|Mood=Ind|Number=Plur|Person=1|Tense=Pres|VerbForm=Fin|Voice=Act
рейтинга,рейтинг,рейтинг,,а,рейтинг а,рейтинг а,correct,,NOUN,Definite=Def|Gender=Masc|Number=Sing
висшите,висш,висш,,ите,висш ите,висш ите,correct,,ADJ,Definite=Def|Degree=Pos|Number=Plur
етажи,етаж,етаж,,и,етаж и,етаж и,correct,,NOUN,Definite=Ind|Gender=Masc|Number=Plur
решимостта,решимост,решимост,,та,решимост та,решимост та,correct,,NOUN,Definite=Def|Gender=Fem|Number=Sing
живите,жив,жив,,ите,жив ите,жив ите,correct,,ADJ,Definite=Def|Degree=Pos|Number=Plur
залеза,залез,залез,,а,залез а,залез а,correct,,NOUN,Definite=Def|Gender=Masc|Number=Sing
дилърите,дилър,дилър,,ите,дилър ите,дилър ите,correct,,NOUN,Definite=Def|Gender=Masc|Number=Plur
допуснат,допусна,допусна,,т,допусна т,допуснат,correct,,VERB,Aspect=Perf|Definite=Ind|Gender=Masc|Number=Sing|VerbForm=Part|Voice=Pass
заболяването,заболяване,заболяване,,то,заболяване то,заболяване то,correct,,NOUN,Definite=Def|Gender=Neut|Number=Sing
фронтове,фронт,фронт,,ове,фронт ове,фронт ове,correct,,NOUN,Definite=Ind|Gender=Masc|Number=Plur
стикера,стикер,стикер,,а,стикер а,стикер а,correct,,NOUN,Definite=Def|Gender=Masc|Number=Sing
заявлението,заявление,заявление,,то,заявление то,заявление то,correct,,NOUN,Definite=Def|Gender=Neut|Number=Sing
номера,номер,номер,,а,номер а,номера,correct,,NOUN,Definite=Ind|Gender=Masc|Number=Plur
държавника,държавник,държавник,,а,държавник а,държавник а,correct,,NOUN,Definite=Def|Gender=Masc|Number=Sing
санктпетербургския,санктпетербургски,санктпетербургски,,я,санктпетербургски я,санктпетербургски я,correct,,ADJ,Definite=Def|Degree=Pos|Gender=Masc|Number=Sing
педагогическите,педагогически,педагогически,,те,педагогически те,педагогическ ите,wrong,adj_def_boundary,ADJ,Definite=Def|Degree=Pos|Number=Plur
шведския,шведски,шведски,,я,шведски я,шведски я,correct,,ADJ,Definite=Def|Degree=Pos|Gender=Masc|Number=Sing
по-разкошен,разкошен,разкошен,по-,,по- разкошен,по- разкошен,correct,,ADJ,Definite=Ind|Degree=Pos|Gender=Masc|Number=Sing
офисът,офис,офис,,ът,офис ът,офис ът,correct,,NOUN,Definite=Def|Gender=Masc|Number=Sing
по-близо,близо,близо,по-,,по- близо,по- близо,correct,,ADV,Degree=Pos
заемополучателите,заемополучател,заемополучател,,ите,заемополучател ите,заемополучател ите,correct,,NOUN,Definite=Def|Gender=Masc|Number=Plur
свирят,свиря,свиря,,т,свиря т,свиря т,correct,,VERB,Aspect=Imp|Mood=Ind|Number=Plur|Person=3|Tense=Pres|VerbForm=Fin|Voice=Act
младия,млад,млад,,ия,млад ия,млад ия,correct,,ADJ,Definite=Def|Degree=Pos|Gender=Masc|Number=Sing
напусналия,напусна,напусна,,лия,напусна лия,напуснали я,wrong,adj_def_boundary,ADJ,Aspect=Perf|Definite=Def|Degree=Pos|Gender=Masc|Number=Sing|Tense=Past|VerbForm=Part|Voice=Act
стерлинги,стерлинг,стерлинг,,и,стерлинг и,стерлинг и,correct,,NOUN,Definite=Ind|Gender=Masc|Number=Plur
предприемачеството,предприемачество,предприемачество,,то,предприемачество то,предприемачество то,correct,,NOUN,Definite=Def|Gender=Neut|Number=Sing
локомотива,локомотив,локомотив,,а,локомотив а,локомотив а,correct,,NOUN,Definite=Def|Gender=Masc|Number=Sing
печелившите,печеливш,печеливш,,ите,печеливш ите,печеливш ите,correct,,ADJ,Definite=Def|Degree=Pos|Number=Plur
достигането,достигане,достигане,,то,достигане то,достигане то,correct,,NOUN,Definite=Def|Gender=Neut|Number=Sing
заповедите,заповед,заповед,,ите,заповед ите,заповед ите,correct,,NOUN,Definite=Def|Gender=Fem|Number=Plur
разрешаването,разрешаване,разрешаване,,то,разрешаване то,разрешаване то,correct,,NOUN,Definite=Def|Gender=Neut|Number=Sing
палати,палат,палат,,и,палат и,палат и,correct,,NOUN,Definite=Ind|Gender=Masc|Number=Plur
разглеждаме,разглеждам,разглеждам,,е,разглеждам е,разглежда ме,wrong,plu1person_boundary,VERB,Aspect=Imp|Mood=Ind|Number=Plur|Person=1|Tense=Pres|VerbForm=Fin|Voice=Act
пресслужбата,пресслужба,пресслужба,,та,пресслужба та,пресслужба та,correct,,NOUN,Definite=Def|Gender=Fem|Number=Sing
преразгледаме,преразгледам,преразгледам,,е,преразгледам е,преразгледа ме,wrong,plu1person_boundary,VERB,Aspect=Perf|Mood=Ind|Number=Plur|Person=1|Tense=Pres|VerbForm=Fin|Voice=Act
рекетът,рекет,рекет,,ът,рекет ът,рекет ът,correct,,NOUN,Definite=Def|Gender=Masc|Number=Sing
наемателите,наемател,наемател,,ите,наемател ите,наемател ите,correct,,NOUN,Definite=Def|Gender=Masc|Number=Plur
съветникът,съветник,съветник,,ът,съветник ът,съветник ът,correct,,NOUN,Definite=Def|Gender=Masc|Number=Sing
покриви,покрив,покрив,,и,покрив и,покрив и,correct,,NOUN,Definite=Ind|Gender=Masc|Number=Plur
окаяно,окаян,окаян,,о,окаян о,окаяно,correct,adj_gender,ADV,Degree=Pos
