utterance_id,Name,Age,Participant,Utterance,TokenisedUtt,TokenisedUttLower,TokenisedUttNoPunct,UttLen,UtterancesCyrillic,TokenisedUttCyr,UtterancesCyrillicCleaned,UtterancesCyrillicCleanedNormalised,Manually_corrected,utt_cyr_norm_lowercase_nopunct
UTT_034816,SIM,2;07.29,SIM,da si vzemesh vilicata.,"['da', 'si', 'vzemesh', 'vilicata', '.']","['da', 'si', 'vzemesh', 'vilicata', '.']","['da', 'si', 'vzemesh', 'vilicata']",4,Да си вземеш вилицата.,"['да', 'си', 'вземеш', 'вилицата']",Да си вземеш вилицата .,Да си вземеш вилицата .,,да си вземеш вилицата
UTT_026459,SIM,1;09.25,SIM,"eej, tam, eeej, tam .","['eej', ',', 'tam', ',', 'eeej', ',', 'tam', '.']","['eej', ',', 'tam', ',', 'eeej', ',', 'tam', '.']","['eej', 'tam', 'eeej', 'tam']",4,"Еей, там, ееей, там .","['еей', 'там', 'ееей', 'там']","Еей , там , ееей , там .","Еей , там , ееей , там .",,еей там ееей там
UTT_028704,SIM,2;00.06,SIM,mama pravi azhinki [: snezhinka] .,"['mama', 'pravi', 'snezhinka', '.']","['mama', 'pravi', 'snezhinka', '.']","['mama', 'pravi', 'snezhinka']",3,Мама прави ажинки [: снежинка] .,"['мама', 'прави', 'ажинки', 'снежинка']",Мама прави ажинки .,Мама прави снежинка .,,мама прави снежинка
UTT_010296,BOG,2;04.11,BOG,lodkata iskala da tyne [: trygne] .,"['lodkata', 'iskala', 'da', 'trygne', '.']","['lodkata', 'iskala', 'da', 'trygne', '.']","['lodkata', 'iskala', 'da', 'trygne']",4,Лодката искала да тъне [: тръгне] .,"['лодката', 'искала', 'да', 'тъне', 'тръгне']",Лодката искала да тъне .,Лодката искала да тръгне .,,лодката искала да тръгне
UTT_032450,SIM,2;05.28,SIM,shte vyrtja pedalite.,"['shte', 'vyrtja', 'pedalite', '.']","['shte', 'vyrtja', 'pedalite', '.']","['shte', 'vyrtja', 'pedalite']",3,Ще въртя педалите.,"['ще', 'въртя', 'педалите']",Ще въртя педалите .,Ще въртя педалите .,,ще въртя педалите
UTT_020003,SIM,1;04.25,SIM,"dodi [: dojde], dodi [: dojde], dodi [: dojde], dodi [: dojde] .","['dojde', ',', 'dojde', ',', 'dojde', ',', 'dojde', '.']","['dojde', ',', 'dojde', ',', 'dojde', ',', 'dojde', '.']","['dojde', 'dojde', 'dojde', 'dojde']",4,"Доди [: дойде], доди [: дойде], доди [: дойде], доди [: дойде] .","['доди', 'дойде', 'доди', 'дойде', 'доди', 'дойде', 'доди', 'дойде']","Доди , доди , доди , доди .",дойде дойде дойде дойде .,,дойде дойде дойде дойде
UTT_007092,ALE,2;03.12,ALE,kakvo tova ?,"['kakvo', 'tova', '?']","['kakvo', 'tova', '?']","['kakvo', 'tova']",2,Какво това ?,"['какво', 'това']",Какво това ?,Какво това ?,Какво това ?,какво това
UTT_026129,SIM,1;09.21,SIM,celi mama topkata .,"['celi', 'mama', 'topkata', '.']","['celi', 'mama', 'topkata', '.']","['celi', 'mama', 'topkata']",3,Цели мама топката .,"['цели', 'мама', 'топката']",Цели мама топката .,Цели мама топката .,,цели мама топката
UTT_035752,SIM,2;09.18,SIM,zashto imam bodi?,"['zashto', 'imam', 'bod', '?']","['zashto', 'imam', 'bod', '?']","['zashto', 'imam', 'bod']",3,Защо имам боди?,"['защо', 'имам', 'боди']",Защо имам боди ?,Защо имам боди ?,Защо имам боди ?,защо имам боди
UTT_020302,SIM,1;05.02,SIM,"pisi [: spi si], pisi [: spi si] .","['spi', 'si', ',', 'spi', 'si', '.']","['spi', 'si', ',', 'spi', 'si', '.']","['spi', 'si', 'spi', 'si']",4,"Писи [: спи си], писи [: спи си] .","['писи', 'спи', 'си', 'писи', 'спи', 'си']","Писи , писи .",спи спи си .,,спи спи си
UTT_002397,ALE,1;07.20,ALE,da budi momicheto .,"['da', 'budi', 'momicheto', '.']","['da', 'budi', 'momicheto', '.']","['da', 'budi', 'momicheto']",3,Да буди момичето .,"['да', 'буди', 'момичето']",Да буди момичето .,Да буди момичето .,,да буди момичето
UTT_009487,BOG,2;03.01,BOG,pesushaj [: preslushaj] ja !,"['preslushaj', 'ja', '!']","['preslushaj', 'ja', '!']","['preslushaj', 'ja']",2,Песушай [: преслушай] я !,"['песушай', 'преслушай', 'я']",Песушай я !,преслушай я !,,преслушай я
UTT_005904,ALE,2;02.24,ALE,"ne, ne .","['ne', ',', 'ne', '.']","['ne', ',', 'ne', '.']","['ne', 'ne']",2,"Не, не .","['не', 'не']","Не , не .","Не , не .","Не , не .",не не
UTT_034225,SIM,2;07.07,SIM,baba shte ja vzimame li?,"['baba', 'shte', 'ja', 'vzimame', 'l', '?']","['baba', 'shte', 'ja', 'vzimame', 'l', '?']","['baba', 'shte', 'ja', 'vzimame', 'l']",5,Баба ще я взимаме ли?,"['баба', 'ще', 'я', 'взимаме', 'ли']",Баба ще я взимаме ли ?,Баба ще я взимаме ли ?,,баба ще я взимаме ли
UTT_026975,SIM,1;10.09,SIM,dupeto stanalo kalno .,"['dupeto', 'stanalo', 'kalno', '.']","['dupeto', 'stanalo', 'kalno', '.']","['dupeto', 'stanalo', 'kalno']",3,Дупето станало кално .,"['дупето', 'станало', 'кално']",Дупето станало кално .,Дупето станало кално .,,дупето станало кално
UTT_040688,TEF,,TEF,"muvam [: da risuvam], ikam [: iskam] muvam [: da risuvam] .","['da', 'risuvam', ',', 'iskam', 'da', 'risuvam', '.']","['da', 'risuvam', ',', 'iskam', 'da', 'risuvam', '.']","['da', 'risuvam', 'iskam', 'da', 'risuvam']",5,"Мувам [: да рисувам], икам [: искам] мувам [: да рисувам] .","['мувам', 'да', 'рисувам', 'икам', 'искам', 'мувам', 'да', 'рисувам']","Мувам , икам мувам .",да рисувам да рисувам .,,да рисувам да рисувам
UTT_037147,SIM,3;01.00,SIM,sega shte ti dam Zajo Bajo da mylchish.,"['sega', 'shte', 'ti', 'dam', 'Zajo', 'Bajo', 'da', 'mylchish', '.']","['sega', 'shte', 'ti', 'dam', 'zajo', 'bajo', 'da', 'mylchish', '.']","['sega', 'shte', 'ti', 'dam', 'zajo', 'bajo', 'da', 'mylchish']",8,Сега ще ти дам зайо байо да мълчиш.,"['сега', 'ще', 'ти', 'дам', 'зайо', 'байо', 'да', 'мълчиш']",Сега ще ти дам зайо байо да мълчиш .,Сега ще ти дам зайо байо да мълчиш .,,сега ще ти дам зайо байо да мълчиш
UTT_036504,SIM,2;10.09,SIM,"tova, tova.","['tova', ',', 'tova', '.']","['tova', ',', 'tova', '.']","['tova', 'tova']",2,"Това, това.","['това', 'това']","Това , това .","Това , това .",,това това
UTT_001283,ALE,1;05.08,ALE,mecho Pin [: Rykspin] .,"['mecho', 'Rykspin', '.']","['mecho', 'rykspin', '.']","['mecho', 'rykspin']",2,Мечо пин [: ръкспин] .,"['мечо', 'пин', 'ръкспин']",Мечо пин .,Мечо ръкспин .,,мечо ръкспин
UTT_003895,ALE,1;09.19,ALE,kucheto tova .,"['kucheto', 'tova', '.']","['kucheto', 'tova', '.']","['kucheto', 'tova']",2,Кучето това .,"['кучето', 'това']",Кучето това .,Кучето това .,,кучето това
UTT_024789,SIM,1;09.02,SIM,bija bebcho .,"['bija', 'bebcho', '.']","['bija', 'bebcho', '.']","['bija', 'bebcho']",2,Бия бебчо .,"['бия', 'бебчо']",Бия бебчо .,Бия бебчо .,,бия бебчо
UTT_034362,SIM,2;07.19,SIM,ikam [: iskam] da sedna ot drugata strana.,"['iskam', 'da', 'sedna', 'ot', 'drugata', 'strana', '.']","['iskam', 'da', 'sedna', 'ot', 'drugata', 'strana', '.']","['iskam', 'da', 'sedna', 'ot', 'drugata', 'strana']",6,Икам [: искам] да седна от другата страна.,"['икам', 'искам', 'да', 'седна', 'от', 'другата', 'страна']",Икам да седна от другата страна .,искам да седна от другата страна .,,искам да седна от другата страна
UTT_030166,SIM,2;02.15,SIM,"Kalojancho, Kalojancho, Kalojancho, Kalojancho, Kalojancho, Kalojancho.","['Kalojancho', ',', 'Kalojancho', ',', 'Kalojancho', ',', 'Kalojancho', ',', 'Kalojancho', ',', 'Kalojancho', '.']","['kalojancho', ',', 'kalojancho', ',', 'kalojancho', ',', 'kalojancho', ',', 'kalojancho', ',', 'kalojancho', '.']","['kalojancho', 'kalojancho', 'kalojancho', 'kalojancho', 'kalojancho', 'kalojancho']",6,"Калоянчо, калоянчо, калоянчо, калоянчо, калоянчо, калоянчо.","['калоянчо', 'калоянчо', 'калоянчо', 'калоянчо', 'калоянчо', 'калоянчо']","Калоянчо , калоянчо , калоянчо , калоянчо , калоянчо , калоянчо .","Калоянчо , калоянчо , калоянчо , калоянчо , калоянчо , калоянчо .","Калоянчо , калоянчо , калоянчо , калоянчо , калоянчо , калоянчо .",калоянчо калоянчо калоянчо калоянчо калоянчо калоянчо
UTT_024650,SIM,1;09.02,SIM,shtipka zelena .,"['shtipka', 'zelena', '.']","['shtipka', 'zelena', '.']","['shtipka', 'zelena']",2,Щипка зелена .,"['щипка', 'зелена']",Щипка зелена .,Щипка зелена .,,щипка зелена
UTT_033609,SIM,2;06.19,SIM,koj e goljam prystite.,"['koj', 'e', 'goljam', 'prystite', '.']","['koj', 'e', 'goljam', 'prystite', '.']","['koj', 'e', 'goljam', 'prystite']",4,Кой е голям пръстите.,"['кой', 'е', 'голям', 'пръстите']",Кой е голям пръстите .,Кой е голям пръстите .,,кой е голям пръстите
UTT_040967,TEF,,TEF,jemem [: Da vzemem] jajkite [: mozajkite] !,"['Da', 'vzemem', 'mozajkite', '!']","['da', 'vzemem', 'mozajkite', '!']","['da', 'vzemem', 'mozajkite']",3,Йемем [: да вземем] яйките [: мозайките] !,"['йемем', 'да', 'вземем', 'яйките', 'мозайките']",Йемем яйките !,да вземем мозайките !,,да вземем мозайките
UTT_030709,SIM,2;02.20,SIM,"odarja [: blagodarja], odarja [: blagodarJa].","['blagodarja', ',', 'blagodarJa', '.']","['blagodarja', ',', 'blagodarja', '.']","['blagodarja', 'blagodarja']",2,"Одаря [: благодаря], одаря [: благодаря].","['одаря', 'благодаря', 'одаря', 'благодаря']","Одаря , одаря .",благодаря благодаря,,благодаря благодаря
UTT_041385,TEF,2;01.16,TEF,moja [: molja] sipi ok [: sok] !,"['molja', 'sipi', 'sok', '!']","['molja', 'sipi', 'sok', '!']","['molja', 'sipi', 'sok']",3,Моя [: моля] сипи ок [: сок] !,"['моя', 'моля', 'сипи', 'ок', 'сок']",Моя сипи ок !,моля сипи сок !,,моля сипи сок
UTT_028825,SIM,2;00.09,SIM,"Kaljancho [: Kalojancho], iskash li ?","['Kalojancho', ',', 'iskash', 'li', '?']","['kalojancho', ',', 'iskash', 'li', '?']","['kalojancho', 'iskash', 'li']",3,"Калянчо [: калоянчо], искаш ли ?","['калянчо', 'калоянчо', 'искаш', 'ли']","Калянчо , искаш ли ?",калоянчо искаш ли ?,,калоянчо искаш ли
UTT_019767,SIM,1;04.19,SIM,"mako [: mljako], mako [: mljako] .","['mljako', ',', 'mljako', '.']","['mljako', ',', 'mljako', '.']","['mljako', 'mljako']",2,"Мако [: мляко], мако [: мляко] .","['мако', 'мляко', 'мако', 'мляко']","Мако , мако .",мляко мляко .,,мляко мляко
UTT_041642,TEF,2;01.16,TEF,ne jalo [: dalo] .,"['ne', 'dalo', '.']","['ne', 'dalo', '.']","['ne', 'dalo']",2,Не яло [: дало] .,"['не', 'яло', 'дало']",Не яло .,Не дало .,,не дало
UTT_024150,SIM,1;08.14,SIM,bra [: obra] gi .,"['obra', 'gi', '.']","['obra', 'gi', '.']","['obra', 'gi']",2,Бра [: обра] ги .,"['бра', 'обра', 'ги']",Бра ги .,обра ги .,,обра ги
UTT_024893,SIM,1;09.03,SIM,"eto mi, eto mi .","['eto', 'mi', ',', 'eto', 'mi', '.']","['eto', 'mi', ',', 'eto', 'mi', '.']","['eto', 'mi', 'eto', 'mi']",4,"Ето ми, ето ми .","['ето', 'ми', 'ето', 'ми']","Ето ми , ето ми .","Ето ми , ето ми .",,ето ми ето ми
UTT_021093,SIM,1;05.21,SIM,"baga [: bjaga], baga [: bjaga], baga [: bjaga], baga [: bjaga] .","['bjaga', ',', 'bjaga', ',', 'bjaga', ',', 'bjaga', '.']","['bjaga', ',', 'bjaga', ',', 'bjaga', ',', 'bjaga', '.']","['bjaga', 'bjaga', 'bjaga', 'bjaga']",4,"Бага [: бяга], бага [: бяга], бага [: бяга], бага [: бяга] .","['бага', 'бяга', 'бага', 'бяга', 'бага', 'бяга', 'бага', 'бяга']","Бага , бага , бага , бага .",бяга бяга бяга бяга .,"Бяга , бяга , бяга , бяга .",бяга бяга бяга бяга
UTT_035781,SIM,2;09.20,SIM,"boc, boc, boc.","['boc', ',', 'boc', ',', 'boc', '.']","['boc', ',', 'boc', ',', 'boc', '.']","['boc', 'boc', 'boc']",3,"Боц, боц, боц.","['боц', 'боц', 'боц']","Боц , боц , боц .","Боц , боц , боц .",,боц боц боц
UTT_028811,SIM,2;00.09,SIM,"zajchenceto bjalo, cjal den igralo, slynceto skrilo .","['zajchenceto', 'bjalo', ',', 'cjal', 'den', 'igralo', ',', 'slynceto', 'skrilo', '.']","['zajchenceto', 'bjalo', ',', 'cjal', 'den', 'igralo', ',', 'slynceto', 'skrilo', '.']","['zajchenceto', 'bjalo', 'cjal', 'den', 'igralo', 'slynceto', 'skrilo']",7,"Зайченцето бяло, цял ден играло, слънцето скрило .","['зайченцето', 'бяло', 'цял', 'ден', 'играло', 'слънцето', 'скрило']","Зайченцето бяло , цял ден играло , слънцето скрило .","Зайченцето бяло , цял ден играло , слънцето скрило .",,зайченцето бяло цял ден играло слънцето скрило
UTT_032073,SIM,2;05.22,SIM,Monchito pravi brashno.,"['Monchito', 'pravi', 'brashno', '.']","['monchito', 'pravi', 'brashno', '.']","['monchito', 'pravi', 'brashno']",3,Мончито прави брашно.,"['мончито', 'прави', 'брашно']",Мончито прави брашно .,Мончито прави брашно .,Мончито прави брашно .,мончито прави брашно
UTT_022504,SIM,1;07.18,SIM,"topkata, topkata .","['topkata', ',', 'topkata', '.']","['topkata', ',', 'topkata', '.']","['topkata', 'topkata']",2,"Топката, топката .","['топката', 'топката']","Топката , топката .","Топката , топката .",,топката топката
UTT_020077,SIM,1;04.25,SIM,"ezhi [: rezhi], ezhi [: rezhi], ezhi [: rezhi] .","['rezhi', ',', 'rezhi', ',', 'rezhi', '.']","['rezhi', ',', 'rezhi', ',', 'rezhi', '.']","['rezhi', 'rezhi', 'rezhi']",3,"Ежи [: режи], ежи [: режи], ежи [: режи] .","['ежи', 'режи', 'ежи', 'режи', 'ежи', 'режи']","Ежи , ежи , ежи .",режи режи режи .,,режи режи режи
UTT_036225,SIM,2;10.04,SIM,ne sa xodili [: idvali] v nashata kyshta.,"['ne', 'sa', 'idvali', 'v', 'nashata', 'kyshta', '.']","['ne', 'sa', 'idvali', 'v', 'nashata', 'kyshta', '.']","['ne', 'sa', 'idvali', 'v', 'nashata', 'kyshta']",6,Не са xодили [: идвали] в нашата къща.,"['не', 'са', 'xодили', 'идвали', 'в', 'нашата', 'къща']",Не са xодили в нашата къща .,Не са идвали в нашата къща .,,не са идвали в нашата къща
UTT_009002,BOG,2;01.13,BOG,"+"" az sym syncho +...","['az', 'sym', 'syncho', '...']","['az', 'sym', 'syncho', '...']","['az', 'sym', 'syncho', '...']",4,"+"" аз съм сънчо +...","['аз', 'съм', 'сънчо']",""" аз съм сънчо . . .",""" аз съм сънчо . . .",,аз съм сънчо
UTT_034668,SIM,2;07.27,SIM,pak mu svyrshi vodata.,"['pak', 'mu', 'svyrshi', 'vodata', '.']","['pak', 'mu', 'svyrshi', 'vodata', '.']","['pak', 'mu', 'svyrshi', 'vodata']",4,Пак му свърши водата.,"['пак', 'му', 'свърши', 'водата']",Пак му свърши водата .,Пак му свърши водата .,,пак му свърши водата
UTT_026355,SIM,1;09.24,SIM,"uh, trudno, uh, trudno .","['uh', ',', 'trudno', ',', 'uh', ',', 'trudno', '.']","['uh', ',', 'trudno', ',', 'uh', ',', 'trudno', '.']","['uh', 'trudno', 'uh', 'trudno']",4,"Ух, трудно, ух, трудно .","['ух', 'трудно', 'ух', 'трудно']","Ух , трудно , ух , трудно .","Ух , трудно , ух , трудно .","Ух , трудно , ух , трудно .",ух трудно ух трудно
UTT_034167,SIM,2;07.03,SIM,a tvojta ne si ja izcapala.,"['a', 'tvojta', 'ne', 'si', 'ja', 'izcapala', '.']","['a', 'tvojta', 'ne', 'si', 'ja', 'izcapala', '.']","['a', 'tvojta', 'ne', 'si', 'ja', 'izcapala']",6,А твойта не си я изцапала.,"['а', 'твойта', 'не', 'си', 'я', 'изцапала']",А твойта не си я изцапала .,А твойта не си я изцапала .,А твойта не си я изцапала .,а твойта не си я изцапала
UTT_034836,SIM,2;07.29,SIM,ikash [: iskash] li samo katevichki [: krastavichki]?,"['iskash', 'li', 'samo', 'krastavichki', '?']","['iskash', 'li', 'samo', 'krastavichki', '?']","['iskash', 'li', 'samo', 'krastavichki']",4,Икаш [: искаш] ли само катевички [: краставички]?,"['икаш', 'искаш', 'ли', 'само', 'катевички', 'краставички']",Икаш ли само катевички ?,искаш ли само краставички,,искаш ли само краставички
UTT_000638,ALE,1;01.29,ALE,"Chu, chuuk .","['Chu', ',', 'chuuk', '.']","['chu', ',', 'chuuk', '.']","['chu', 'chuuk']",2,"Чу, чуук .","['чу', 'чуук']","Чу , чуук .","Чу , чуук .",,чу чуук
UTT_003937,ALE,1;09.19,ALE,ni dava picheska [: pricheska] paim [: pravim] !,"['ni', 'dava', 'pricheska', 'pravim', '!']","['ni', 'dava', 'pricheska', 'pravim', '!']","['ni', 'dava', 'pricheska', 'pravim']",4,Ни дава пическа [: прическа] паим [: правим] !,"['ни', 'дава', 'пическа', 'прическа', 'паим', 'правим']",Ни дава пическа паим !,Ни дава прическа правим !,,ни дава прическа правим
UTT_032748,SIM,2;06.00,SIM,prasence na gashtite.,"['prasence', 'na', 'gashtite', '.']","['prasence', 'na', 'gashtite', '.']","['prasence', 'na', 'gashtite']",3,Прасенце на гащите.,"['прасенце', 'на', 'гащите']",Прасенце на гащите .,Прасенце на гащите .,,прасенце на гащите
UTT_020457,SIM,1;05.10,SIM,"chila [: ochila], chila [: ochila], chila [: ochila], chila [: ochila] .","['ochila', ',', 'ochila', ',', 'ochila', ',', 'ochila', '.']","['ochila', ',', 'ochila', ',', 'ochila', ',', 'ochila', '.']","['ochila', 'ochila', 'ochila', 'ochila']",4,"Чила [: очила], чила [: очила], чила [: очила], чила [: очила] .","['чила', 'очила', 'чила', 'очила', 'чила', 'очила', 'чила', 'очила']","Чила , чила , чила , чила .",очила очила очила очила .,,очила очила очила очила
UTT_008275,BOG,2;01.12,BOG,kaj-ko-ko +...,"['kaj-ko-ko', '...']","['kaj-ko-ko', '...']","['kaj-ko-ko', '...']",2,Кай-ко-ко +...,['кай-ко-ко'],Кай-ко-ко . . .,Кай-ко-ко . . .,,кай ко ко
UTT_020708,SIM,1;05.16,SIM,"ochi [: oshte], ochi [: oshte], ochi [: oshte] .","['oshte', ',', 'oshte', ',', 'oshte', '.']","['oshte', ',', 'oshte', ',', 'oshte', '.']","['oshte', 'oshte', 'oshte']",3,"Очи [: още], очи [: още], очи [: още] .","['очи', 'още', 'очи', 'още', 'очи', 'още']","Очи , очи , очи .",още още още .,,още още още
UTT_030337,SIM,2;02.15,SIM,ej tam.,"['ej', 'tam', '.']","['ej', 'tam', '.']","['ej', 'tam']",2,Ей там.,"['ей', 'там']",Ей там .,Ей там .,,ей там
UTT_021724,SIM,1;06.19,SIM,"cete [: cvete], cetja [: cvetja], cete [: cvete] .","['cvete', ',', 'cvetja', ',', 'cvete', '.']","['cvete', ',', 'cvetja', ',', 'cvete', '.']","['cvete', 'cvetja', 'cvete']",3,"Цете [: цвете], цетя [: цветя], цете [: цвете] .","['цете', 'цвете', 'цетя', 'цветя', 'цете', 'цвете']","Цете , цетя , цете .",цвете цветя цвете .,,цвете цветя цвете
UTT_009666,BOG,2;03.06,BOG,ikam [: iskam] y [: da] go vidja !,"['iskam', 'da', 'go', 'vidja', '!']","['iskam', 'da', 'go', 'vidja', '!']","['iskam', 'da', 'go', 'vidja']",4,Икам [: искам] ъ [: да] го видя !,"['икам', 'искам', 'ъ', 'да', 'го', 'видя']",Икам ъ го видя !,искам да го видя !,,искам да го видя
UTT_035438,SIM,2;08.29,SIM,kyde sa moite dreshki?,"['kyde', 'sa', 'moite', 'dreshk', '?']","['kyde', 'sa', 'moite', 'dreshk', '?']","['kyde', 'sa', 'moite', 'dreshk']",4,Къде са моите дрешки?,"['къде', 'са', 'моите', 'дрешки']",Къде са моите дрешки ?,Къде са моите дрешки ?,Къде са моите дрешки ?,къде са моите дрешки
UTT_029188,SIM,2;01.05,SIM,"kotence, ela.","['kotence', ',', 'ela', '.']","['kotence', ',', 'ela', '.']","['kotence', 'ela']",2,"Котенце, ела.","['котенце', 'ела']","Котенце , ела .","Котенце , ела .",,котенце ела
UTT_006774,ALE,2;03.12,ALE,da mu narisuvam rycete na Roli .,"['da', 'mu', 'narisuvam', 'rycete', 'na', 'Roli', '.']","['da', 'mu', 'narisuvam', 'rycete', 'na', 'roli', '.']","['da', 'mu', 'narisuvam', 'rycete', 'na', 'roli']",6,Да му нарисувам ръцете на роли .,"['да', 'му', 'нарисувам', 'ръцете', 'на', 'роли']",Да му нарисувам ръцете на роли .,Да му нарисувам ръцете на роли .,,да му нарисувам ръцете на роли
UTT_036859,SIM,2;11.22,SIM,"zashto mislja, che e vytre?","['zashto', 'mislja', ',', 'che', 'e', 'vytr', '?']","['zashto', 'mislja', ',', 'che', 'e', 'vytr', '?']","['zashto', 'mislja', 'che', 'e', 'vytr']",5,"Защо мисля, че е вътре?","['защо', 'мисля', 'че', 'е', 'вътре']","Защо мисля , че е вътре ?","Защо мисля , че е вътре ?",,защо мисля че е вътре
UTT_034094,SIM,2;07.00,SIM,slozhi mu oshte.,"['slozhi', 'mu', 'oshte', '.']","['slozhi', 'mu', 'oshte', '.']","['slozhi', 'mu', 'oshte']",3,Сложи му още.,"['сложи', 'му', 'още']",Сложи му още .,Сложи му още .,,сложи му още
UTT_008661,BOG,2;01.13,BOG,maminka mimi podii [: podari] .,"['maminka', 'mimi', 'podari', '.']","['maminka', 'mimi', 'podari', '.']","['maminka', 'mimi', 'podari']",3,Маминка мими подии [: подари] .,"['маминка', 'мими', 'подии', 'подари']",Маминка мими подии .,Маминка мими подари .,,маминка мими подари
UTT_030485,SIM,2;02.17,SIM,daj mi go.,"['daj', 'mi', 'go', '.']","['daj', 'mi', 'go', '.']","['daj', 'mi', 'go']",3,Дай ми го.,"['дай', 'ми', 'го']",Дай ми го .,Дай ми го .,,дай ми го
UTT_038573,TEF,1;11.04,TEF,Ima gada [: nagrada] .,"['Ima', 'nagrada', '.']","['ima', 'nagrada', '.']","['ima', 'nagrada']",2,Има гада [: награда] .,"['има', 'гада', 'награда']",Има гада .,Има награда .,Има награда .,има награда
UTT_031976,SIM,2;05.21,SIM,a sega pticheto.,"['a', 'sega', 'pticheto', '.']","['a', 'sega', 'pticheto', '.']","['a', 'sega', 'pticheto']",3,А сега птичето.,"['а', 'сега', 'птичето']",А сега птичето .,А сега птичето .,,а сега птичето
UTT_024804,SIM,1;09.02,SIM,"bija, bija .","['bija', ',', 'bija', '.']","['bija', ',', 'bija', '.']","['bija', 'bija']",2,"Бия, бия .","['бия', 'бия']","Бия , бия .","Бия , бия .",,бия бия
UTT_023654,SIM,1;08.07,SIM,"ochi [: oshte], ochi [: oshte] .","['oshte', ',', 'oshte', '.']","['oshte', ',', 'oshte', '.']","['oshte', 'oshte']",2,"Очи [: още], очи [: още] .","['очи', 'още', 'очи', 'още']","Очи , очи .",още още .,,още още
UTT_023754,SIM,1;08.10,SIM,"pyta [: pytja], pyta [: pytja] .","['pytja', ',', 'pytja', '.']","['pytja', ',', 'pytja', '.']","['pytja', 'pytja']",2,"Пъта [: пътя], пъта [: пътя] .","['пъта', 'пътя', 'пъта', 'пътя']","Пъта , пъта .",пътя пътя .,,пътя пътя
UTT_010255,BOG,2;04.11,BOG,pak za jazhko [: ezhko] !,"['pak', 'za', 'ezhko', '!']","['pak', 'za', 'ezhko', '!']","['pak', 'za', 'ezhko']",3,Пак за яжко [: ежко] !,"['пак', 'за', 'яжко', 'ежко']",Пак за яжко !,Пак за ежко !,,пак за ежко
UTT_034703,SIM,2;07.29,SIM,kato nashite.,"['kato', 'nashite', '.']","['kato', 'nashite', '.']","['kato', 'nashite']",2,Като нашите.,"['като', 'нашите']",Като нашите .,Като нашите .,,като нашите
UTT_041669,TEF,2;01.16,TEF,"Tam, tam xxx .","['Tam', ',', 'tam', '.']","['tam', ',', 'tam', '.']","['tam', 'tam']",2,"Там, там xxx .","['там', 'там']","Там , там xxx .","Там , там xxx .",,там там xxx
UTT_005588,ALE,2;00.13,ALE,"da, pi [: pri] djado Sasho she idam [: ida] .","['da', ',', 'pri', 'djado', 'Sasho', 'she', 'ida', '.']","['da', ',', 'pri', 'djado', 'sasho', 'she', 'ida', '.']","['da', 'pri', 'djado', 'sasho', 'she', 'ida']",6,"Да, пи [: при] дядо сашо ше идам [: ида] .","['да', 'пи', 'при', 'дядо', 'сашо', 'ше', 'идам', 'ида']","Да , пи дядо сашо ше идам .","Да , при дядо сашо ше ида .",,да при дядо сашо ше ида
UTT_033730,SIM,2;06.21,SIM,nego ne natiska kopcheto.,"['nego', 'ne', 'natiska', 'kopcheto', '.']","['nego', 'ne', 'natiska', 'kopcheto', '.']","['nego', 'ne', 'natiska', 'kopcheto']",4,Него не натиска копчето.,"['него', 'не', 'натиска', 'копчето']",Него не натиска копчето .,Него не натиска копчето .,,него не натиска копчето
UTT_010013,BOG,2;04.05,BOG,mucunkata +...,"['mucunkata', '...']","['mucunkata', '...']","['mucunkata', '...']",2,Муцунката +...,['муцунката'],Муцунката . . .,Муцунката . . .,,муцунката
UTT_044758,TEF,2;05.25,TEF,"iskam plajam [: opravja] mamunkata [: majmunkata], mamo !","['iskam', 'opravja', 'majmunkata', ',', 'mamo', '!']","['iskam', 'opravja', 'majmunkata', ',', 'mamo', '!']","['iskam', 'opravja', 'majmunkata', 'mamo']",4,"Искам плаям [: оправя] мамунката [: маймунката], мамо !","['искам', 'плаям', 'оправя', 'мамунката', 'маймунката', 'мамо']","Искам плаям мамунката , мамо !",Искам оправя маймунката мамо !,,искам оправя маймунката мамо
UTT_034375,SIM,2;07.19,SIM,"mamo, njama kyde da sedna!","['mamo', ',', 'njama', 'kyde', 'da', 'sedna!']","['mamo', ',', 'njama', 'kyde', 'da', 'sedna!']","['mamo', 'njama', 'kyde', 'da', 'sedna!']",5,"Мамо, няма къде да седна!","['мамо', 'няма', 'къде', 'да', 'седна']","Мамо , няма къде да седна !","Мамо , няма къде да седна !",,мамо няма къде да седна
UTT_033406,SIM,2;06.14,SIM,kolko byrzo!,"['kolko', 'byrzo!']","['kolko', 'byrzo!']","['kolko', 'byrzo!']",2,Колко бързо!,"['колко', 'бързо']",Колко бързо !,Колко бързо !,,колко бързо
UTT_001789,ALE,1;06.21,ALE,oti ino rejs [: oshte edin rejs] .,"['oti', 'ino', 'oshte', 'edin', 'rejs', '.']","['oti', 'ino', 'oshte', 'edin', 'rejs', '.']","['oti', 'ino', 'oshte', 'edin', 'rejs']",5,Оти ино рейс [: още един рейс] .,"['оти', 'ино', 'рейс', 'още', 'един', 'рейс']",Оти ино рейс .,още един рейс .,,още един рейс
UTT_006044,ALE,2;02.24,ALE,ne iskam da slagate !,"['ne', 'iskam', 'da', 'slagate', '!']","['ne', 'iskam', 'da', 'slagate', '!']","['ne', 'iskam', 'da', 'slagate']",4,Не искам да слагате !,"['не', 'искам', 'да', 'слагате']",Не искам да слагате !,Не искам да слагате !,,не искам да слагате
UTT_002681,ALE,1;07.20,ALE,kaja [: kara] kijon [: kamion] .,"['kara', 'kamion', '.']","['kara', 'kamion', '.']","['kara', 'kamion']",2,Кая [: кара] кийон [: камион] .,"['кая', 'кара', 'кийон', 'камион']",Кая кийон .,кара камион .,,кара камион
UTT_035938,SIM,2;09.26,SIM,"i posle shte se izmija, mamo.","['i', 'posle', 'shte', 'se', 'izmija', ',', 'mamo', '.']","['i', 'posle', 'shte', 'se', 'izmija', ',', 'mamo', '.']","['i', 'posle', 'shte', 'se', 'izmija', 'mamo']",6,"И после ще се измия, мамо.","['и', 'после', 'ще', 'се', 'измия', 'мамо']","И после ще се измия , мамо .","И после ще се измия , мамо .","И после ще се измия , мамо .",и после ще се измия мамо
UTT_033201,SIM,2;06.09,SIM,"mamo, vizh kak se pravi.","['mamo', ',', 'vizh', 'kak', 'se', 'pravi', '.']","['mamo', ',', 'vizh', 'kak', 'se', 'pravi', '.']","['mamo', 'vizh', 'kak', 'se', 'pravi']",5,"Мамо, виж как се прави.","['мамо', 'виж', 'как', 'се', 'прави']","Мамо , виж как се прави .","Мамо , виж как се прави .",,мамо виж как се прави
UTT_030754,SIM,2;02.21,SIM,"osem, s.","['osem', ',', 's', '.']","['osem', ',', 's', '.']","['osem', 's']",2,"Осем, с.","['осем', 'с']","Осем , с .","Осем , с .",,осем с
UTT_040651,TEF,,TEF,eto ga [: ja] kakata .,"['eto', 'ja', 'kakata', '.']","['eto', 'ja', 'kakata', '.']","['eto', 'ja', 'kakata']",3,Ето га [: я] каката .,"['ето', 'га', 'я', 'каката']",Ето га каката .,Ето я каката .,,ето я каката
UTT_003609,ALE,1;09.19,ALE,Tova j mama Kozha [: Koza] .,"['Tova', 'j', 'mama', 'Koza', '.']","['tova', 'j', 'mama', 'koza', '.']","['tova', 'j', 'mama', 'koza']",4,Това й мама кожа [: коза] .,"['това', 'й', 'мама', 'кожа', 'коза']",Това й мама кожа .,Това й мама коза .,,това й мама коза
UTT_025982,SIM,1;09.17,SIM,vidi kak pinka [: spinka] .,"['vidi', 'kak', 'spinka', '.']","['vidi', 'kak', 'spinka', '.']","['vidi', 'kak', 'spinka']",3,Види как пинка [: спинка] .,"['види', 'как', 'пинка', 'спинка']",Види как пинка .,Види как спинка .,,види как спинка
UTT_019521,SIM,1;04.14,SIM,"Zai [: zajo], ajo [: zajo], zai [: zajo] njaba [: njama] .","['zajo', ',', 'zajo', ',', 'zajo', 'njama', '.']","['zajo', ',', 'zajo', ',', 'zajo', 'njama', '.']","['zajo', 'zajo', 'zajo', 'njama']",4,"Заи [: зайо], айо [: зайо], заи [: зайо] няба [: няма] .","['заи', 'зайо', 'айо', 'зайо', 'заи', 'зайо', 'няба', 'няма']","Заи , айо , заи няба .",зайо зайо зайо няма .,,зайо зайо зайо няма
UTT_001340,ALE,1;05.08,ALE,kaka Techi .,"['kaka', 'Techi', '.']","['kaka', 'techi', '.']","['kaka', 'techi']",2,Кака течи .,"['кака', 'течи']",Кака течи .,Кака течи .,,кака течи
UTT_022627,SIM,1;07.19,SIM,bjaga baba .,"['bjaga', 'baba', '.']","['bjaga', 'baba', '.']","['bjaga', 'baba']",2,Бяга баба .,"['бяга', 'баба']",Бяга баба .,Бяга баба .,,бяга баба
UTT_003885,ALE,1;09.19,ALE,koitka [: kolichka] tova .,"['kolichka', 'tova', '.']","['kolichka', 'tova', '.']","['kolichka', 'tova']",2,Коитка [: количка] това .,"['коитка', 'количка', 'това']",Коитка това .,количка това .,,количка това
UTT_027078,SIM,1;10.12,SIM,ikam [: iskam] nimki [: snimki] .,"['iskam', 'snimki', '.']","['iskam', 'snimki', '.']","['iskam', 'snimki']",2,Икам [: искам] нимки [: снимки] .,"['икам', 'искам', 'нимки', 'снимки']",Икам нимки .,искам снимки .,,искам снимки
UTT_003355,ALE,1;08.22,ALE,"mamo, daj !","['mamo', ',', 'daj', '!']","['mamo', ',', 'daj', '!']","['mamo', 'daj']",2,"Мамо, дай !","['мамо', 'дай']","Мамо , дай !","Мамо , дай !",,мамо дай
UTT_030650,SIM,2;02.19,SIM,nosja domati.,"['nosja', 'domati', '.']","['nosja', 'domati', '.']","['nosja', 'domati']",2,Нося домати.,"['нося', 'домати']",Нося домати .,Нося домати .,,нося домати
UTT_003640,ALE,1;09.19,ALE,"do, re, mi, si, do .","['do', ',', 're', ',', 'mi', ',', 'si', ',', 'do', '.']","['do', ',', 're', ',', 'mi', ',', 'si', ',', 'do', '.']","['do', 're', 'mi', 'si', 'do']",5,"До, ре, ми, си, до .","['до', 'ре', 'ми', 'си', 'до']","До , ре , ми , си , до .","До , ре , ми , си , до .",,до ре ми си до
UTT_009417,BOG,2;03.00,BOG,dakal sa [: izaka se] !,"['dakal', 'izaka', 'se', '!']","['dakal', 'izaka', 'se', '!']","['dakal', 'izaka', 'se']",3,Дакал са [: изака се] !,"['дакал', 'са', 'изака', 'се']",Дакал са !,изака се !,,изака се
UTT_034286,SIM,2;07.19,SIM,"chuk, chuk, bebe!","['chuk', ',', 'chuk', ',', 'bebe!']","['chuk', ',', 'chuk', ',', 'bebe!']","['chuk', 'chuk', 'bebe!']",3,"Чук, чук, бебе!","['чук', 'чук', 'бебе']","Чук , чук , бебе !","Чук , чук , бебе !",,чук чук бебе
UTT_038065,TEF,1;11.04,TEF,njama da go vadja tam .,"['njama', 'da', 'go', 'vadja', 'tam', '.']","['njama', 'da', 'go', 'vadja', 'tam', '.']","['njama', 'da', 'go', 'vadja', 'tam']",5,Няма да го вадя там .,"['няма', 'да', 'го', 'вадя', 'там']",Няма да го вадя там .,Няма да го вадя там .,,няма да го вадя там
UTT_023452,SIM,1;08.06,SIM,kydejj [: kyde e] shapaa [: shapka] .,"['kyde', 'e', 'shapka', '.']","['kyde', 'e', 'shapka', '.']","['kyde', 'e', 'shapka']",3,Къдейй [: къде е] шапаа [: шапка] .,"['къдейй', 'къде', 'е', 'шапаа', 'шапка']",Къдейй шапаа .,къде е шапка .,,къде е шапка
UTT_026292,SIM,1;09.23,SIM,"davame kali [: kalinkata], davame kali [: kalinkata], davame kali [: kalinkata], davame kali [: kalinkata] .","['davame', 'kalinkata', ',', 'davame', 'kalinkata', ',', 'davame', 'kalinkata', ',', 'davame', 'kalinkata', '.']","['davame', 'kalinkata', ',', 'davame', 'kalinkata', ',', 'davame', 'kalinkata', ',', 'davame', 'kalinkata', '.']","['davame', 'kalinkata', 'davame', 'kalinkata', 'davame', 'kalinkata', 'davame', 'kalinkata']",8,"Даваме кали [: калинката], даваме кали [: калинката], даваме кали [: калинката], даваме кали [: калинката] .","['даваме', 'кали', 'калинката', 'даваме', 'кали', 'калинката', 'даваме', 'кали', 'калинката', 'даваме', 'кали', 'калинката']","Даваме кали , даваме кали , даваме кали , даваме кали .",Даваме калинката даваме калинката даваме калинката даваме калинката .,,даваме калинката даваме калинката даваме калинката даваме калинката
UTT_020000,SIM,1;04.25,SIM,"xop, xop, xop, xop .","['xop', ',', 'xop', ',', 'xop', ',', 'xop', '.']","['xop', ',', 'xop', ',', 'xop', ',', 'xop', '.']","['xop', 'xop', 'xop', 'xop']",4,"Xоп, xоп, xоп, xоп .","['xоп', 'xоп', 'xоп', 'xоп']","Xоп , xоп , xоп , xоп .","Xоп , xоп , xоп , xоп .",,xоп xоп xоп xоп
UTT_021320,SIM,1;06.06,SIM,"ej tam, ej tam, ej tam .","['ej', 'tam', ',', 'ej', 'tam', ',', 'ej', 'tam', '.']","['ej', 'tam', ',', 'ej', 'tam', ',', 'ej', 'tam', '.']","['ej', 'tam', 'ej', 'tam', 'ej', 'tam']",6,"Ей там, ей там, ей там .","['ей', 'там', 'ей', 'там', 'ей', 'там']","Ей там , ей там , ей там .","Ей там , ей там , ей там .",,ей там ей там ей там
UTT_021130,SIM,1;05.21,SIM,"moki [: morkovi], moki [: morkovi], moki [: morkovi], moki [: morkovi] .","['morkovi', ',', 'morkovi', ',', 'morkovi', ',', 'morkovi', '.']","['morkovi', ',', 'morkovi', ',', 'morkovi', ',', 'morkovi', '.']","['morkovi', 'morkovi', 'morkovi', 'morkovi']",4,"Моки [: моркови], моки [: моркови], моки [: моркови], моки [: моркови] .","['моки', 'моркови', 'моки', 'моркови', 'моки', 'моркови', 'моки', 'моркови']","Моки , моки , моки , моки .",моркови моркови моркови моркови .,,моркови моркови моркови моркови
UTT_030616,SIM,2;02.19,SIM,"davaj, byrkaj.","['davaj', ',', 'byrkaj', '.']","['davaj', ',', 'byrkaj', '.']","['davaj', 'byrkaj']",2,"Давай, бъркай.","['давай', 'бъркай']","Давай , бъркай .","Давай , бъркай .",,давай бъркай
UTT_023344,SIM,1;08.01,SIM,"ne ika [: ne iska], ne ika [: ne iska] .","['ne', 'ne', 'iska', ',', 'ne', 'ne', 'iska', '.']","['ne', 'ne', 'iska', ',', 'ne', 'ne', 'iska', '.']","['ne', 'ne', 'iska', 'ne', 'ne', 'iska']",6,"Не ика [: не иска], не ика [: не иска] .","['не', 'ика', 'не', 'иска', 'не', 'ика', 'не', 'иска']","Не ика , не ика .",не иска не иска .,,не иска не иска
UTT_019537,SIM,1;04.14,SIM,"Mako [: mljako], ne .","['mljako', ',', 'ne', '.']","['mljako', ',', 'ne', '.']","['mljako', 'ne']",2,"Мако [: мляко], не .","['мако', 'мляко', 'не']","Мако , не .",мляко не .,,мляко не
UTT_035804,SIM,2;09.20,SIM,kak shte go gledam da jade na stola?,"['kak', 'shte', 'go', 'gledam', 'da', 'jade', 'na', 'stol', '?']","['kak', 'shte', 'go', 'gledam', 'da', 'jade', 'na', 'stol', '?']","['kak', 'shte', 'go', 'gledam', 'da', 'jade', 'na', 'stol']",8,Как ще го гледам да яде на стола?,"['как', 'ще', 'го', 'гледам', 'да', 'яде', 'на', 'стола']",Как ще го гледам да яде на стола ?,Как ще го гледам да яде на стола ?,,как ще го гледам да яде на стола
UTT_025694,SIM,1;09.17,SIM,"kote, kote, kote .","['kote', ',', 'kote', ',', 'kote', '.']","['kote', ',', 'kote', ',', 'kote', '.']","['kote', 'kote', 'kote']",3,"Коте, коте, коте .","['коте', 'коте', 'коте']","Коте , коте , коте .","Коте , коте , коте .",,коте коте коте
UTT_036228,SIM,2;10.04,SIM,seloto se kazva.,"['seloto', 'se', 'kazva', '.']","['seloto', 'se', 'kazva', '.']","['seloto', 'se', 'kazva']",3,Селото се казва.,"['селото', 'се', 'казва']",Селото се казва .,Селото се казва .,,селото се казва
UTT_044710,TEF,2;05.25,TEF,"eto, mamunke [: majmunke], eto !","['eto', ',', 'majmunke', ',', 'eto', '!']","['eto', ',', 'majmunke', ',', 'eto', '!']","['eto', 'majmunke', 'eto']",3,"Ето, мамунке [: маймунке], ето !","['ето', 'мамунке', 'маймунке', 'ето']","Ето , мамунке , ето !","Ето , маймунке ето !",,ето маймунке ето
UTT_030288,SIM,2;02.15,SIM,"tati, celi mi motora.","['tati', ',', 'celi', 'mi', 'motora', '.']","['tati', ',', 'celi', 'mi', 'motora', '.']","['tati', 'celi', 'mi', 'motora']",4,"Тати, цели ми мотора.","['тати', 'цели', 'ми', 'мотора']","Тати , цели ми мотора .","Тати , цели ми мотора .",,тати цели ми мотора
UTT_023483,SIM,1;08.06,SIM,"poliva, poliva .","['poliva', ',', 'poliva', '.']","['poliva', ',', 'poliva', '.']","['poliva', 'poliva']",2,"Полива, полива .","['полива', 'полива']","Полива , полива .","Полива , полива .",,полива полива
UTT_044884,TEF,2;05.25,TEF,na asodka [: razxodka] .,"['na', 'razxodka', '.']","['na', 'razxodka', '.']","['na', 'razxodka']",2,На асодка [: разxодка] .,"['на', 'асодка', 'разxодка']",На асодка .,На разxодка .,На разxодка .,на разxодка
UTT_005521,ALE,2;00.13,ALE,"nee, mamence !","['nee', ',', 'mamence', '!']","['nee', ',', 'mamence', '!']","['nee', 'mamence']",2,"Нее, маменце !","['нее', 'маменце']","Нее , маменце !","Нее , маменце !",,нее маменце
UTT_024635,SIM,1;09.02,SIM,"tyrsi, tyrsi .","['tyrsi', ',', 'tyrsi', '.']","['tyrsi', ',', 'tyrsi', '.']","['tyrsi', 'tyrsi']",2,"Търси, търси .","['търси', 'търси']","Търси , търси .","Търси , търси .",,търси търси
UTT_029780,SIM,2;02.06,SIM,"mamo, slozhi Kaljanchito [: Kalojancheto] tuka.","['mamo', ',', 'slozhi', 'Kalojancheto', 'tuka', '.']","['mamo', ',', 'slozhi', 'kalojancheto', 'tuka', '.']","['mamo', 'slozhi', 'kalojancheto', 'tuka']",4,"Мамо, сложи калянчито [: калоянчето] тука.","['мамо', 'сложи', 'калянчито', 'калоянчето', 'тука']","Мамо , сложи калянчито тука .","Мамо , сложи калоянчето тука .",,мамо сложи калоянчето тука
UTT_043428,TEF,2;03.24,TEF,boi [: boli] ti [: ot teb] !,"['boli', 'ot', 'teb', '!']","['boli', 'ot', 'teb', '!']","['boli', 'ot', 'teb']",3,Бои [: боли] ти [: от теб] !,"['бои', 'боли', 'ти', 'от', 'теб']",Бои ти !,от теб !, Боли ти !,от теб
UTT_044163,TEF,2;05.25,TEF,nogo [: mnogo] xubavi .,"['mnogo', 'xubavi', '.']","['mnogo', 'xubavi', '.']","['mnogo', 'xubavi']",2,Ного [: много] xубави .,"['ного', 'много', 'xубави']",Ного xубави .,много xубави .,,много xубави
UTT_026762,SIM,1;10.03,SIM,"vzema apim [: lepim] bujkata [: obuvkata], apim [: lepim] bujkata [: obuvkata] .","['vzema', 'lepim', 'obuvkata', ',', 'lepim', 'obuvkata', '.']","['vzema', 'lepim', 'obuvkata', ',', 'lepim', 'obuvkata', '.']","['vzema', 'lepim', 'obuvkata', 'lepim', 'obuvkata']",5,"Взема апим [: лепим] буйката [: обувката], апим [: лепим] буйката [: обувката] .","['взема', 'апим', 'лепим', 'буйката', 'обувката', 'апим', 'лепим', 'буйката', 'обувката']","Взема апим буйката , апим буйката .",Взема лепим обувката лепим обувката .,,взема лепим обувката лепим обувката
UTT_023969,SIM,1;08.13,SIM,"vyta [: vryshta], vyta [: vryshta] .","['vryshta', ',', 'vryshta', '.']","['vryshta', ',', 'vryshta', '.']","['vryshta', 'vryshta']",2,"Въта [: връща], въта [: връща] .","['въта', 'връща', 'въта', 'връща']","Въта , въта .",връща връща .,,връща връща
UTT_024085,SIM,1;08.14,SIM,"ej, tuka .","['ej', ',', 'tuka', '.']","['ej', ',', 'tuka', '.']","['ej', 'tuka']",2,"Ей, тука .","['ей', 'тука']","Ей , тука .","Ей , тука .",,ей тука
UTT_031846,SIM,2;05.03,SIM,ikam [: iskam] da go slozhish i nego.,"['iskam', 'da', 'go', 'slozhish', 'i', 'nego', '.']","['iskam', 'da', 'go', 'slozhish', 'i', 'nego', '.']","['iskam', 'da', 'go', 'slozhish', 'i', 'nego']",6,Икам [: искам] да го сложиш и него.,"['икам', 'искам', 'да', 'го', 'сложиш', 'и', 'него']",Икам да го сложиш и него .,искам да го сложиш и него .,,искам да го сложиш и него
UTT_024822,SIM,1;09.02,SIM,"op, mushne mama, mushne, mushne vynka .","['op', ',', 'mushne', 'mama', ',', 'mushne', ',', 'mushne', 'vynka', '.']","['op', ',', 'mushne', 'mama', ',', 'mushne', ',', 'mushne', 'vynka', '.']","['op', 'mushne', 'mama', 'mushne', 'mushne', 'vynka']",6,"Оп, мушне мама, мушне, мушне вънка .","['оп', 'мушне', 'мама', 'мушне', 'мушне', 'вънка']","Оп , мушне мама , мушне , мушне вънка .","Оп , мушне мама , мушне , мушне вънка .",,оп мушне мама мушне мушне вънка
UTT_020490,SIM,1;05.10,SIM,"gore, gore, gore, gore .","['gore', ',', 'gore', ',', 'gore', ',', 'gore', '.']","['gore', ',', 'gore', ',', 'gore', ',', 'gore', '.']","['gore', 'gore', 'gore', 'gore']",4,"Горе, горе, горе, горе .","['горе', 'горе', 'горе', 'горе']","Горе , горе , горе , горе .","Горе , горе , горе , горе .",,горе горе горе горе
UTT_003462,ALE,1;08.22,ALE,ne shi [: izshi] .,"['ne', 'izshi', '.']","['ne', 'izshi', '.']","['ne', 'izshi']",2,Не ши [: изши] .,"['не', 'ши', 'изши']",Не ши .,Не изши .,,не изши
UTT_003073,ALE,1;08.22,ALE,I [: na] Baju Baju [: Zajo Bajo] pachenceto [: parchenceto] .,"['na', 'Baju', 'Zajo', 'Bajo', 'parchenceto', '.']","['na', 'baju', 'zajo', 'bajo', 'parchenceto', '.']","['na', 'baju', 'zajo', 'bajo', 'parchenceto']",5,И [: на] байу байу [: зайо байо] паченцето [: парченцето] .,"['и', 'на', 'байу', 'байу', 'зайо', 'байо', 'паченцето', 'парченцето']",И байу байу паченцето .,на зайо байо парченцето .,И Зайо Байо парченцето .,на зайо байо парченцето
UTT_034673,SIM,2;07.28,SIM,ami edni golemi topki.,"['ami', 'edni', 'golemi', 'topki', '.']","['ami', 'edni', 'golemi', 'topki', '.']","['ami', 'edni', 'golemi', 'topki']",4,Ами едни големи топки.,"['ами', 'едни', 'големи', 'топки']",Ами едни големи топки .,Ами едни големи топки .,,ами едни големи топки
UTT_000566,ALE,1;01.29,ALE,kako Tete .,"['kako', 'Tete', '.']","['kako', 'tete', '.']","['kako', 'tete']",2,Како тете .,"['како', 'тете']",Како тете .,Како тете .,,како тете
UTT_000664,ALE,1;01.29,ALE,ej tona .,"['ej', 'tona', '.']","['ej', 'tona', '.']","['ej', 'tona']",2,Ей тона .,"['ей', 'тона']",Ей тона .,Ей тона .,,ей тона
UTT_004221,ALE,1;10.12,ALE,gojam [: goljam] podauyk [: podaryk] .,"['goljam', 'podaryk', '.']","['goljam', 'podaryk', '.']","['goljam', 'podaryk']",2,Гоям [: голям] подауък [: подарък] .,"['гоям', 'голям', 'подауък', 'подарък']",Гоям подауък .,голям подарък .,,голям подарък
UTT_007127,ALE,2;03.12,ALE,"kako Teche, vika kuchenceto .","['kako', 'Teche', ',', 'vika', 'kuchenceto', '.']","['kako', 'teche', ',', 'vika', 'kuchenceto', '.']","['kako', 'teche', 'vika', 'kuchenceto']",4,"Како тече, вика кученцето .","['како', 'тече', 'вика', 'кученцето']","Како тече , вика кученцето .","Како тече , вика кученцето .",,како тече вика кученцето
UTT_036391,SIM,2;10.07,SIM,"vidja li, che iska sok?","['vidja', 'li', ',', 'che', 'iska', 'so', '?']","['vidja', 'li', ',', 'che', 'iska', 'so', '?']","['vidja', 'li', 'che', 'iska', 'so']",5,"Видя ли, че иска сок?","['видя', 'ли', 'че', 'иска', 'сок']","Видя ли , че иска сок ?","Видя ли , че иска сок ?",,видя ли че иска сок
UTT_043987,TEF,2;04.21,TEF,moi be .,"['moi', 'be', '.']","['moi', 'be', '.']","['moi', 'be']",2,Мои бе .,"['мои', 'бе']",Мои бе .,Мои бе .,Мои бе .,мои бе
UTT_034808,SIM,2;07.29,SIM,"taka, taka, taka.","['taka', ',', 'taka', ',', 'taka', '.']","['taka', ',', 'taka', ',', 'taka', '.']","['taka', 'taka', 'taka']",3,"Така, така, така.","['така', 'така', 'така']","Така , така , така .","Така , така , така .",,така така така
UTT_044855,TEF,2;05.25,TEF,tuka mojto bebe .,"['tuka', 'mojto', 'bebe', '.']","['tuka', 'mojto', 'bebe', '.']","['tuka', 'mojto', 'bebe']",3,Тука мойто бебе .,"['тука', 'мойто', 'бебе']",Тука мойто бебе .,Тука мойто бебе .,,тука мойто бебе
UTT_020023,SIM,1;04.25,SIM,"pepe [: pricheska], pepe [: pricheska] .","['pricheska', ',', 'pricheska', '.']","['pricheska', ',', 'pricheska', '.']","['pricheska', 'pricheska']",2,"Пепе [: прическа], пепе [: прическа] .","['пепе', 'прическа', 'пепе', 'прическа']","Пепе , пепе .",прическа прическа .,,прическа прическа
UTT_006630,ALE,2;03.12,ALE,dvete vyrvjat .,"['dvete', 'vyrvjat', '.']","['dvete', 'vyrvjat', '.']","['dvete', 'vyrvjat']",2,Двете вървят .,"['двете', 'вървят']",Двете вървят .,Двете вървят .,,двете вървят
UTT_006741,ALE,2;03.12,ALE,I az shte si vzema .,"['I', 'az', 'shte', 'si', 'vzema', '.']","['i', 'az', 'shte', 'si', 'vzema', '.']","['i', 'az', 'shte', 'si', 'vzema']",5,И аз ще си взема .,"['и', 'аз', 'ще', 'си', 'взема']",И аз ще си взема .,И аз ще си взема .,,и аз ще си взема
UTT_038162,TEF,1;11.04,TEF,eto aptito [: xapcheto] !,"['eto', 'xapcheto', '!']","['eto', 'xapcheto', '!']","['eto', 'xapcheto']",2,Ето аптито [: xапчето] !,"['ето', 'аптито', 'xапчето']",Ето аптито !,Ето xапчето !,,ето xапчето
UTT_009588,BOG,2;03.06,BOG,itenkata [: antenkata] sega she [: shte] pavi [: izpravim] .,"['antenkata', 'sega', 'shte', 'izpravim', '.']","['antenkata', 'sega', 'shte', 'izpravim', '.']","['antenkata', 'sega', 'shte', 'izpravim']",4,Итенката [: антенката] сега ше [: ще] пави [: изправим] .,"['итенката', 'антенката', 'сега', 'ше', 'ще', 'пави', 'изправим']",Итенката сега ше пави .,антенката сега ще изправим .,,антенката сега ще изправим
UTT_026148,SIM,1;09.21,SIM,"kola neja dzhip, neja dzhip .","['kola', 'neja', 'dzhip', ',', 'neja', 'dzhip', '.']","['kola', 'neja', 'dzhip', ',', 'neja', 'dzhip', '.']","['kola', 'neja', 'dzhip', 'neja', 'dzhip']",5,"Кола нея джип, нея джип .","['кола', 'нея', 'джип', 'нея', 'джип']","Кола нея джип , нея джип .","Кола нея джип , нея джип .",,кола нея джип нея джип
UTT_029069,SIM,2;00.24,SIM,Kaljancho [: Kalojancho] xvyrlim.,"['Kalojancho', 'xvyrlim', '.']","['kalojancho', 'xvyrlim', '.']","['kalojancho', 'xvyrlim']",2,Калянчо [: калоянчо] xвърлим.,"['калянчо', 'калоянчо', 'xвърлим']",Калянчо xвърлим .,калоянчо xвърлим .,,калоянчо xвърлим
UTT_021779,SIM,1;06.19,SIM,"mako [: mljako], mako [: mljako], mako [: mljako], mako [: mljako] .","['mljako', ',', 'mljako', ',', 'mljako', ',', 'mljako', '.']","['mljako', ',', 'mljako', ',', 'mljako', ',', 'mljako', '.']","['mljako', 'mljako', 'mljako', 'mljako']",4,"Мако [: мляко], мако [: мляко], мако [: мляко], мако [: мляко] .","['мако', 'мляко', 'мако', 'мляко', 'мако', 'мляко', 'мако', 'мляко']","Мако , мако , мако , мако .",мляко мляко мляко мляко .,,мляко мляко мляко мляко
UTT_029119,SIM,2;00.26,SIM,gushni Maca.,"['gushni', 'Maca', '.']","['gushni', 'maca', '.']","['gushni', 'maca']",2,Гушни маца.,"['гушни', 'маца']",Гушни маца .,Гушни маца .,,гушни маца
UTT_036176,SIM,2;10.03,SIM,"iska gi, mamo, iska gi.","['iska', 'gi', ',', 'mamo', ',', 'iska', 'gi', '.']","['iska', 'gi', ',', 'mamo', ',', 'iska', 'gi', '.']","['iska', 'gi', 'mamo', 'iska', 'gi']",5,"Иска ги, мамо, иска ги.","['иска', 'ги', 'мамо', 'иска', 'ги']","Иска ги , мамо , иска ги .","Иска ги , мамо , иска ги .",,иска ги мамо иска ги
UTT_022439,SIM,1;07.11,SIM,"kypa [: kyrpa], kypa [: kyrpa], kypa [: kyrpa] .","['kyrpa', ',', 'kyrpa', ',', 'kyrpa', '.']","['kyrpa', ',', 'kyrpa', ',', 'kyrpa', '.']","['kyrpa', 'kyrpa', 'kyrpa']",3,"Къпа [: кърпа], къпа [: кърпа], къпа [: кърпа] .","['къпа', 'кърпа', 'къпа', 'кърпа', 'къпа', 'кърпа']","Къпа , къпа , къпа .",кърпа кърпа кърпа .,,кърпа кърпа кърпа
UTT_001220,ALE,1;05.08,ALE,"ikam [: iskam] tatkoto, kote, batkoto, kote, batkoto, kote !","['iskam', 'tatkoto', ',', 'kote', ',', 'batkoto', ',', 'kote', ',', 'batkoto', ',', 'kote', '!']","['iskam', 'tatkoto', ',', 'kote', ',', 'batkoto', ',', 'kote', ',', 'batkoto', ',', 'kote', '!']","['iskam', 'tatkoto', 'kote', 'batkoto', 'kote', 'batkoto', 'kote']",7,"Икам [: искам] таткото, коте, баткото, коте, баткото, коте !","['икам', 'искам', 'таткото', 'коте', 'баткото', 'коте', 'баткото', 'коте']","Икам таткото , коте , баткото , коте , баткото , коте !","искам таткото , коте , баткото , коте , баткото , коте !",,искам таткото коте баткото коте баткото коте
UTT_002500,ALE,1;07.20,ALE,aukite [: malkite] michenca [: mechenca] .,"['malkite', 'mechenca', '.']","['malkite', 'mechenca', '.']","['malkite', 'mechenca']",2,Ауките [: малките] миченца [: меченца] .,"['ауките', 'малките', 'миченца', 'меченца']",Ауките миченца .,малките меченца .,Малките меченца .,малките меченца
UTT_027633,SIM,1;11.02,SIM,sh nosja az kolikata [: kolichkata] na a gazina [: magazina] .,"['sh', 'nosja', 'az', 'kolichkata', 'na', 'a', 'magazina', '.']","['sh', 'nosja', 'az', 'kolichkata', 'na', 'a', 'magazina', '.']","['sh', 'nosja', 'az', 'kolichkata', 'na', 'a', 'magazina']",7,Ш нося аз коликата [: количката] на а газина [: магазина] .,"['ш', 'нося', 'аз', 'коликата', 'количката', 'на', 'а', 'газина', 'магазина']",Ш нося аз коликата на а газина .,Ш нося аз количката на а магазина .,,ш нося аз количката на а магазина
UTT_004386,ALE,1;10.12,ALE,chupi [: da otchupi/da otchupja] a [: ot] pitkata pachenca [: parchenca] !,"['da', 'otchupi/da', 'otchupja', 'ot', 'pitkata', 'parchenca', '!']","['da', 'otchupi/da', 'otchupja', 'ot', 'pitkata', 'parchenca', '!']","['da', 'otchupi/da', 'otchupja', 'ot', 'pitkata', 'parchenca']",6,Чупи [: да отчупи/да отчупя] а [: от] питката паченца [: парченца] !,"['чупи', 'да', 'отчупи/да', 'отчупя', 'а', 'от', 'питката', 'паченца', 'парченца']",Чупи а питката паченца !,да отчупи да отчупя от питката парченца !,,да отчупи да отчупя от питката парченца
UTT_024366,SIM,1;08.22,SIM,"a, dugoto [: drugoto] .","['a', ',', 'drugoto', '.']","['a', ',', 'drugoto', '.']","['a', 'drugoto']",2,"А, дугото [: другото] .","['а', 'дугото', 'другото']","А , дугото .","А , другото .",,а другото
UTT_042253,TEF,2;02.16,TEF,ikam bijemi [: da priberem] .,"['ikam', 'da', 'priberem', '.']","['ikam', 'da', 'priberem', '.']","['ikam', 'da', 'priberem']",3,Икам бийеми [: да приберем] .,"['икам', 'бийеми', 'да', 'приберем']",Икам бийеми .,да приберем .,,да приберем
UTT_033789,SIM,2;06.24,SIM,toj e vnimatelen.,"['toj', 'e', 'vnimatelen', '.']","['toj', 'e', 'vnimatelen', '.']","['toj', 'e', 'vnimatelen']",3,Той е внимателен.,"['той', 'е', 'внимателен']",Той е внимателен .,Той е внимателен .,Той е внимателен .,той е внимателен
UTT_029661,SIM,2;01.25,SIM,"ej tuka, mamo.","['ej', 'tuka', ',', 'mamo', '.']","['ej', 'tuka', ',', 'mamo', '.']","['ej', 'tuka', 'mamo']",3,"Ей тука, мамо.","['ей', 'тука', 'мамо']","Ей тука , мамо .","Ей тука , мамо .",,ей тука мамо
UTT_001472,ALE,1;05.08,ALE,jejaj [: ljagaj] tuka !,"['ljagaj', 'tuka', '!']","['ljagaj', 'tuka', '!']","['ljagaj', 'tuka']",2,Йеяй [: лягай] тука !,"['йеяй', 'лягай', 'тука']",Йеяй тука !,лягай тука !,,лягай тука
UTT_043241,TEF,2;03.24,TEF,tez igachki [: igrachki] ne pibax [: pribrax] !,"['tez', 'igrachki', 'ne', 'pribrax', '!']","['tez', 'igrachki', 'ne', 'pribrax', '!']","['tez', 'igrachki', 'ne', 'pribrax']",4,Тез игачки [: играчки] не пибаx [: прибраx] !,"['тез', 'игачки', 'играчки', 'не', 'пибаx', 'прибраx']",Тез игачки не пибаx !,Тез играчки не прибраx !,,тез играчки не прибраx
UTT_034051,SIM,2;06.26,SIM,spinka mi se.,"['spinka', 'mi', 'se', '.']","['spinka', 'mi', 'se', '.']","['spinka', 'mi', 'se']",3,Спинка ми се.,"['спинка', 'ми', 'се']",Спинка ми се .,Спинка ми се .,,спинка ми се
UTT_004880,ALE,1;11.14,ALE,njama go !,"['njama', 'go', '!']","['njama', 'go', '!']","['njama', 'go']",2,Няма го !,"['няма', 'го']",Няма го !,Няма го !,,няма го
UTT_005506,ALE,2;00.13,ALE,I sega shi izde [: I sega iskam da jam] .,"['I', 'sega', 'shi', 'I', 'sega', 'iskam', 'da', 'jam', '.']","['i', 'sega', 'shi', 'i', 'sega', 'iskam', 'da', 'jam', '.']","['i', 'sega', 'shi', 'i', 'sega', 'iskam', 'da', 'jam']",8,И сега ши изде [: и сега искам да ям] .,"['и', 'сега', 'ши', 'изде', 'и', 'сега', 'искам', 'да', 'ям']",И сега ши изде .,и сега искам да ям .,,и сега искам да ям
UTT_032789,SIM,2;06.00,SIM,namerix si.,"['namerix', 'si', '.']","['namerix', 'si', '.']","['namerix', 'si']",2,Намериx си.,"['намериx', 'си']",Намериx си .,Намериx си .,,намериx си
UTT_036265,SIM,2;10.04,SIM,kato bjax malka li?,"['kato', 'bjax', 'malka', 'l', '?']","['kato', 'bjax', 'malka', 'l', '?']","['kato', 'bjax', 'malka', 'l']",4,Като бяx малка ли?,"['като', 'бяx', 'малка', 'ли']",Като бяx малка ли ?,Като бяx малка ли ?,,като бяx малка ли
UTT_006195,ALE,2;02.24,ALE,"ne, ne obicham djado .","['ne', ',', 'ne', 'obicham', 'djado', '.']","['ne', ',', 'ne', 'obicham', 'djado', '.']","['ne', 'ne', 'obicham', 'djado']",4,"Не, не обичам дядо .","['не', 'не', 'обичам', 'дядо']","Не , не обичам дядо .","Не , не обичам дядо .",,не не обичам дядо
UTT_035659,SIM,2;09.12,SIM,"vizh, vizh.","['vizh', ',', 'vizh', '.']","['vizh', ',', 'vizh', '.']","['vizh', 'vizh']",2,"Виж, виж.","['виж', 'виж']","Виж , виж .","Виж , виж .",,виж виж
UTT_033917,SIM,2;06.26,SIM,shte se vyrne s nejnija dzhip.,"['shte', 'se', 'vyrne', 's', 'nejnija', 'dzhip', '.']","['shte', 'se', 'vyrne', 's', 'nejnija', 'dzhip', '.']","['shte', 'se', 'vyrne', 's', 'nejnija', 'dzhip']",6,Ще се върне с нейния джип.,"['ще', 'се', 'върне', 'с', 'нейния', 'джип']",Ще се върне с нейния джип .,Ще се върне с нейния джип .,Ще се върне с нейния джип .,ще се върне с нейния джип
UTT_026252,SIM,1;09.21,SIM,steli [: posteli] Moni .,"['posteli', 'Moni', '.']","['posteli', 'moni', '.']","['posteli', 'moni']",2,Стели [: постели] мони .,"['стели', 'постели', 'мони']",Стели мони .,постели мони .,,постели мони
UTT_033285,SIM,2;06.14,SIM,"porastnali sa malki noktite, malki.","['porastnali', 'sa', 'malki', 'noktite', ',', 'malki', '.']","['porastnali', 'sa', 'malki', 'noktite', ',', 'malki', '.']","['porastnali', 'sa', 'malki', 'noktite', 'malki']",5,"Порастнали са малки ноктите, малки.","['порастнали', 'са', 'малки', 'ноктите', 'малки']","Порастнали са малки ноктите , малки .","Порастнали са малки ноктите , малки .",,порастнали са малки ноктите малки
UTT_032870,SIM,2;06.01,SIM,na masata.,"['na', 'masata', '.']","['na', 'masata', '.']","['na', 'masata']",2,На масата.,"['на', 'масата']",На масата .,На масата .,,на масата
UTT_036175,SIM,2;10.03,SIM,iska da gi obue.,"['iska', 'da', 'gi', 'obue', '.']","['iska', 'da', 'gi', 'obue', '.']","['iska', 'da', 'gi', 'obue']",4,Иска да ги обуе.,"['иска', 'да', 'ги', 'обуе']",Иска да ги обуе .,Иска да ги обуе .,,иска да ги обуе
UTT_037464,TEF,1;08.00,TEF,pish [: Pisha mi se] !,"['Pisha', 'mi', 'se', '!']","['pisha', 'mi', 'se', '!']","['pisha', 'mi', 'se']",3,Пиш [: пиша ми се] !,"['пиш', 'пиша', 'ми', 'се']",Пиш !,пиша ми се !,,пиша ми се
UTT_027998,SIM,1;11.07,SIM,"ikam [: iskam], ikam [: iskam] pampis [: pampers] .","['iskam', ',', 'iskam', 'pampers', '.']","['iskam', ',', 'iskam', 'pampers', '.']","['iskam', 'iskam', 'pampers']",3,"Икам [: искам], икам [: искам] пампис [: памперс] .","['икам', 'искам', 'икам', 'искам', 'пампис', 'памперс']","Икам , икам пампис .",искам искам памперс .,,искам искам памперс
UTT_002222,ALE,1;06.21,ALE,maxa [: da maxna] puapite [: chorapite] !,"['da', 'maxna', 'chorapite', '!']","['da', 'maxna', 'chorapite', '!']","['da', 'maxna', 'chorapite']",3,Маxа [: да маxна] пуапите [: чорапите] !,"['маxа', 'да', 'маxна', 'пуапите', 'чорапите']",Маxа пуапите !,да маxна чорапите !,,да маxна чорапите
UTT_036329,SIM,2;10.04,SIM,zashto s dumichki?,"['zashto', 's', 'dumichk', '?']","['zashto', 's', 'dumichk', '?']","['zashto', 's', 'dumichk']",3,Защо с думички?,"['защо', 'с', 'думички']",Защо с думички ?,Защо с думички ?,,защо с думички
UTT_008117,BOG,2;01.09,BOG,eto matutka [: mishutka]+//.,"['eto', 'mishutka', '//.']","['eto', 'mishutka', '//.']","['eto', 'mishutka', '//.']",3,Ето матутка [: мишутка]+//.,"['ето', 'матутка', 'мишутка']",Ето матутка .,Ето мишутка,,ето мишутка
UTT_042346,TEF,2;02.16,TEF,"tuka n mozhe, n mozhe !","['tuka', 'n', 'mozhe', ',', 'n', 'mozhe', '!']","['tuka', 'n', 'mozhe', ',', 'n', 'mozhe', '!']","['tuka', 'n', 'mozhe', 'n', 'mozhe']",5,"Тука н може, н може !","['тука', 'н', 'може', 'н', 'може']","Тука н може , н може !","Тука н може , н може !",,тука н може н може
UTT_032277,SIM,2;05.28,SIM,nali sym mu kaka.,"['nali', 'sym', 'mu', 'kaka', '.']","['nali', 'sym', 'mu', 'kaka', '.']","['nali', 'sym', 'mu', 'kaka']",4,Нали съм му кака.,"['нали', 'съм', 'му', 'кака']",Нали съм му кака .,Нали съм му кака .,,нали съм му кака
UTT_003319,ALE,1;08.22,ALE,sama tata [: vratata] toi [: se otvori] .,"['sama', 'vratata', 'se', 'otvori', '.']","['sama', 'vratata', 'se', 'otvori', '.']","['sama', 'vratata', 'se', 'otvori']",4,Сама тата [: вратата] тои [: се отвори] .,"['сама', 'тата', 'вратата', 'тои', 'се', 'отвори']",Сама тата тои .,Сама се отвори .,,сама се отвори
UTT_002182,ALE,1;06.21,ALE,panna [: padna] biitkata [: biskvitkata] .,"['padna', 'biskvitkata', '.']","['padna', 'biskvitkata', '.']","['padna', 'biskvitkata']",2,Панна [: падна] биитката [: бисквитката] .,"['панна', 'падна', 'биитката', 'бисквитката']",Панна биитката .,падна бисквитката .,,падна бисквитката
UTT_035706,SIM,2;09.12,SIM,iskash li da skachame?,"['iskash', 'li', 'da', 'skacham', '?']","['iskash', 'li', 'da', 'skacham', '?']","['iskash', 'li', 'da', 'skacham']",4,Искаш ли да скачаме?,"['искаш', 'ли', 'да', 'скачаме']",Искаш ли да скачаме ?,Искаш ли да скачаме ?,,искаш ли да скачаме
UTT_009853,BOG,2;04.05,BOG,"jeichkata [: lelichkata], jeichkata [: lelichkata] +...","['lelichkata', ',', 'lelichkata', '...']","['lelichkata', ',', 'lelichkata', '...']","['lelichkata', 'lelichkata', '...']",3,"Йеичката [: леличката], йеичката [: леличката] +...","['йеичката', 'леличката', 'йеичката', 'леличката']","Йеичката , йеичката . . .",леличката леличката . . .,,леличката леличката
UTT_040148,TEF,2;00.09,TEF,ej tova !,"['ej', 'tova', '!']","['ej', 'tova', '!']","['ej', 'tova']",2,Ей това !,"['ей', 'това']",Ей това !,Ей това !,,ей това
UTT_024487,SIM,1;08.22,SIM,ti rezhe kopche tam .,"['ti', 'rezhe', 'kopche', 'tam', '.']","['ti', 'rezhe', 'kopche', 'tam', '.']","['ti', 'rezhe', 'kopche', 'tam']",4,Ти реже копче там .,"['ти', 'реже', 'копче', 'там']",Ти реже копче там .,Ти реже копче там .,,ти реже копче там
UTT_019906,SIM,1;04.25,SIM,mynda [: myrda] batche [: bratche] .,"['myrda', 'bratche', '.']","['myrda', 'bratche', '.']","['myrda', 'bratche']",2,Мънда [: мърда] батче [: братче] .,"['мънда', 'мърда', 'батче', 'братче']",Мънда батче .,мърда братче .,Мърда братче .,мърда братче
UTT_023920,SIM,1;08.13,SIM,"bymchi [: brymchi], bymchi [: brymchi] .","['brymchi', ',', 'brymchi', '.']","['brymchi', ',', 'brymchi', '.']","['brymchi', 'brymchi']",2,"Бъмчи [: бръмчи], бъмчи [: бръмчи] .","['бъмчи', 'бръмчи', 'бъмчи', 'бръмчи']","Бъмчи , бъмчи .",бръмчи бръмчи .,"Бръмчи , бръмчи .",бръмчи бръмчи
UTT_037927,TEF,1;11.04,TEF,baba ej tam !,"['baba', 'ej', 'tam', '!']","['baba', 'ej', 'tam', '!']","['baba', 'ej', 'tam']",3,Баба ей там !,"['баба', 'ей', 'там']",Баба ей там !,Баба ей там !,,баба ей там
UTT_026305,SIM,1;09.24,SIM,"pusni, be .","['pusni', ',', 'be', '.']","['pusni', ',', 'be', '.']","['pusni', 'be']",2,"Пусни, бе .","['пусни', 'бе']","Пусни , бе .","Пусни , бе .",,пусни бе
UTT_036333,SIM,2;10.04,SIM,krija se da ne me vizhdash.,"['krija', 'se', 'da', 'ne', 'me', 'vizhdash', '.']","['krija', 'se', 'da', 'ne', 'me', 'vizhdash', '.']","['krija', 'se', 'da', 'ne', 'me', 'vizhdash']",6,Крия се да не ме виждаш.,"['крия', 'се', 'да', 'не', 'ме', 'виждаш']",Крия се да не ме виждаш .,Крия се да не ме виждаш .,,крия се да не ме виждаш
UTT_028919,SIM,2;00.20,SIM,mama telefoncheto.,"['mama', 'telefoncheto', '.']","['mama', 'telefoncheto', '.']","['mama', 'telefoncheto']",2,Мама телефончето.,"['мама', 'телефончето']",Мама телефончето .,Мама телефончето .,,мама телефончето
UTT_024597,SIM,1;08.26,SIM,"djado, dado [: djado], djado .","['djado', ',', 'djado', ',', 'djado', '.']","['djado', ',', 'djado', ',', 'djado', '.']","['djado', 'djado', 'djado']",3,"Дядо, дадо [: дядо], дядо .","['дядо', 'дадо', 'дядо', 'дядо']","Дядо , дадо , дядо .","Дядо , дядо дядо .",,дядо дядо дядо
UTT_037104,SIM,3;00.01,SIM,"Kalojanche, shte ti davam i tuk.","['Kalojanche', ',', 'shte', 'ti', 'davam', 'i', 'tuk', '.']","['kalojanche', ',', 'shte', 'ti', 'davam', 'i', 'tuk', '.']","['kalojanche', 'shte', 'ti', 'davam', 'i', 'tuk']",6,"Калоянче, ще ти давам и тук.","['калоянче', 'ще', 'ти', 'давам', 'и', 'тук']","Калоянче , ще ти давам и тук .","Калоянче , ще ти давам и тук .",,калоянче ще ти давам и тук
UTT_033018,SIM,2;06.02,SIM,"Kalojancho, stoj.","['Kalojancho', ',', 'stoj', '.']","['kalojancho', ',', 'stoj', '.']","['kalojancho', 'stoj']",2,"Калоянчо, стой.","['калоянчо', 'стой']","Калоянчо , стой .","Калоянчо , стой .",,калоянчо стой
UTT_006610,ALE,2;03.12,ALE,"mamo, eto edno slynce .","['mamo', ',', 'eto', 'edno', 'slynce', '.']","['mamo', ',', 'eto', 'edno', 'slynce', '.']","['mamo', 'eto', 'edno', 'slynce']",4,"Мамо, ето едно слънце .","['мамо', 'ето', 'едно', 'слънце']","Мамо , ето едно слънце .","Мамо , ето едно слънце .",,мамо ето едно слънце
UTT_002443,ALE,1;07.20,ALE,majkata goti [: gotvi] pitki .,"['majkata', 'gotvi', 'pitki', '.']","['majkata', 'gotvi', 'pitki', '.']","['majkata', 'gotvi', 'pitki']",3,Майката готи [: готви] питки .,"['майката', 'готи', 'готви', 'питки']",Майката готи питки .,Майката готви питки .,,майката готви питки
UTT_020706,SIM,1;05.16,SIM,"ishi [: svyrshi], syrshi [: svyrshi] .","['svyrshi', ',', 'svyrshi', '.']","['svyrshi', ',', 'svyrshi', '.']","['svyrshi', 'svyrshi']",2,"Иши [: свърши], сърши [: свърши] .","['иши', 'свърши', 'сърши', 'свърши']","Иши , сърши .",свърши свърши .,,свърши свърши
UTT_022511,SIM,1;07.18,SIM,aa topkata .,"['aa', 'topkata', '.']","['aa', 'topkata', '.']","['aa', 'topkata']",2,Аа топката .,"['аа', 'топката']",Аа топката .,Аа топката .,,аа топката
UTT_044198,TEF,2;05.25,TEF,dam gogava [: togava] sojeta [: soleta] .,"['dam', 'togava', 'soleta', '.']","['dam', 'togava', 'soleta', '.']","['dam', 'togava', 'soleta']",3,Дам гогава [: тогава] сойета [: солета] .,"['дам', 'гогава', 'тогава', 'сойета', 'солета']",Дам гогава сойета .,Дам тогава солета .,,дам тогава солета
UTT_024835,SIM,1;09.02,SIM,"Arina, Arina, Arina .","['Arina', ',', 'Arina', ',', 'Arina', '.']","['arina', ',', 'arina', ',', 'arina', '.']","['arina', 'arina', 'arina']",3,"Арина, арина, арина .","['арина', 'арина', 'арина']","Арина , арина , арина .","Арина , арина , арина .",,арина арина арина
UTT_027069,SIM,1;10.12,SIM,dobro utro !,"['dobro', 'utro', '!']","['dobro', 'utro', '!']","['dobro', 'utro']",2,Добро утро !,"['добро', 'утро']",Добро утро !,Добро утро !,,добро утро
UTT_007166,ALE,2;03.12,ALE,na sedem i polovina .,"['na', 'sedem', 'i', 'polovina', '.']","['na', 'sedem', 'i', 'polovina', '.']","['na', 'sedem', 'i', 'polovina']",4,На седем и половина .,"['на', 'седем', 'и', 'половина']",На седем и половина .,На седем и половина .,,на седем и половина
UTT_031954,SIM,2;05.21,SIM,"da, tova e mojata bukvichka na ablijski [: anglijski].","['da', ',', 'tova', 'e', 'mojata', 'bukvichka', 'na', 'anglijski', '.']","['da', ',', 'tova', 'e', 'mojata', 'bukvichka', 'na', 'anglijski', '.']","['da', 'tova', 'e', 'mojata', 'bukvichka', 'na', 'anglijski']",7,"Да, това е моята буквичка на аблийски [: английски].","['да', 'това', 'е', 'моята', 'буквичка', 'на', 'аблийски', 'английски']","Да , това е моята буквичка на аблийски .","Да , това е моята буквичка на английски",,да това е моята буквичка на английски
UTT_007748,ALE,2;04.09,ALE,eto gi ustata mu na Roli .,"['eto', 'gi', 'ustata', 'mu', 'na', 'Roli', '.']","['eto', 'gi', 'ustata', 'mu', 'na', 'roli', '.']","['eto', 'gi', 'ustata', 'mu', 'na', 'roli']",6,Ето ги устата му на роли .,"['ето', 'ги', 'устата', 'му', 'на', 'роли']",Ето ги устата му на роли .,Ето ги устата му на роли .,,ето ги устата му на роли
UTT_017802,ELI,1;07.08,ELI,"e, tam .","['e', ',', 'tam', '.']","['e', ',', 'tam', '.']","['e', 'tam']",2,"Е, там .","['е', 'там']","Е , там .","Е , там .",,е там
UTT_038911,TEF,1;11.25,TEF,daj mi !,"['daj', 'mi', '!']","['daj', 'mi', '!']","['daj', 'mi']",2,Дай ми !,"['дай', 'ми']",Дай ми !,Дай ми !,Дай ми !,дай ми
UTT_028146,SIM,1;11.08,SIM,edno i chetiri .,"['edno', 'i', 'chetiri', '.']","['edno', 'i', 'chetiri', '.']","['edno', 'i', 'chetiri']",3,Едно и четири .,"['едно', 'и', 'четири']",Едно и четири .,Едно и четири .,,едно и четири
UTT_041280,TEF,2;01.16,TEF,"dete, dete [: dvete] !","['dete', ',', 'dvete', '!']","['dete', ',', 'dvete', '!']","['dete', 'dvete']",2,"Дете, дете [: двете] !","['дете', 'дете', 'двете']","Дете , дете !","Дете , двете !","Двете , двете !",дете двете
UTT_000747,ALE,1;05.08,ALE,majma [: mama] dodi [: da dojde] !,"['mama', 'da', 'dojde', '!']","['mama', 'da', 'dojde', '!']","['mama', 'da', 'dojde']",3,Майма [: мама] доди [: да дойде] !,"['майма', 'мама', 'доди', 'да', 'дойде']",Майма доди !,да дойде !,,да дойде
UTT_010130,BOG,2;04.05,BOG,jeshniche [: leshniche] iskam .,"['leshniche', 'iskam', '.']","['leshniche', 'iskam', '.']","['leshniche', 'iskam']",2,Йешниче [: лешниче] искам .,"['йешниче', 'лешниче', 'искам']",Йешниче искам .,лешниче искам .,,лешниче искам
UTT_033851,SIM,2;06.24,SIM,ti me vizhdash.,"['ti', 'me', 'vizhdash', '.']","['ti', 'me', 'vizhdash', '.']","['ti', 'me', 'vizhdash']",3,Ти ме виждаш.,"['ти', 'ме', 'виждаш']",Ти ме виждаш .,Ти ме виждаш .,,ти ме виждаш
UTT_034856,SIM,2;08.05,SIM,pij si vodata!,"['pij', 'si', 'vodata!']","['pij', 'si', 'vodata!']","['pij', 'si', 'vodata!']",3,Пий си водата!,"['пий', 'си', 'водата']",Пий си водата !,Пий си водата !,,пий си водата
UTT_025293,SIM,1;09.05,SIM,ne ikam [: ne iskam] .,"['ne', 'ne', 'iskam', '.']","['ne', 'ne', 'iskam', '.']","['ne', 'ne', 'iskam']",3,Не икам [: не искам] .,"['не', 'икам', 'не', 'искам']",Не икам .,не искам .,,не искам
UTT_027980,SIM,1;11.07,SIM,"ikam [: iskam] pampi [: pampers], ikam [: iskam] az pampi [: pampers] .","['iskam', 'pampers', ',', 'iskam', 'az', 'pampers', '.']","['iskam', 'pampers', ',', 'iskam', 'az', 'pampers', '.']","['iskam', 'pampers', 'iskam', 'az', 'pampers']",5,"Икам [: искам] пампи [: памперс], икам [: искам] аз пампи [: памперс] .","['икам', 'искам', 'пампи', 'памперс', 'икам', 'искам', 'аз', 'пампи', 'памперс']","Икам пампи , икам аз пампи .",искам памперс искам аз памперс .,,искам памперс искам аз памперс
UTT_037027,SIM,2;11.29,SIM,maxni si mucunata.,"['maxni', 'si', 'mucunata', '.']","['maxni', 'si', 'mucunata', '.']","['maxni', 'si', 'mucunata']",3,Маxни си муцуната.,"['маxни', 'си', 'муцуната']",Маxни си муцуната .,Маxни си муцуната .,,маxни си муцуната
UTT_003581,ALE,1;09.19,ALE,"tatko Mecho, myninkoto meche, Masha .","['tatko', 'Mecho', ',', 'myninkoto', 'meche', ',', 'Masha', '.']","['tatko', 'mecho', ',', 'myninkoto', 'meche', ',', 'masha', '.']","['tatko', 'mecho', 'myninkoto', 'meche', 'masha']",5,"Татко мечо, мънинкото мече, маша .","['татко', 'мечо', 'мънинкото', 'мече', 'маша']","Татко мечо , мънинкото мече , маша .","Татко мечо , мънинкото мече , маша .",,татко мечо мънинкото мече маша
UTT_031009,SIM,2;03.16,SIM,shte stane po-malyk.,"['shte', 'stane', 'po-malyk', '.']","['shte', 'stane', 'po-malyk', '.']","['shte', 'stane', 'po-malyk']",3,Ще стане по-малък.,"['ще', 'стане', 'по-малък']",Ще стане по-малък .,Ще стане по-малък .,,ще стане по малък
UTT_002480,ALE,1;07.20,ALE,tava [: shte stava] .,"['shte', 'stava', '.']","['shte', 'stava', '.']","['shte', 'stava']",2,Тава [: ще става] .,"['тава', 'ще', 'става']",Тава .,ще става .,,ще става
UTT_029644,SIM,2;01.25,SIM,"ej, malko, malko.","['ej', ',', 'malko', ',', 'malko', '.']","['ej', ',', 'malko', ',', 'malko', '.']","['ej', 'malko', 'malko']",3,"Ей, малко, малко.","['ей', 'малко', 'малко']","Ей , малко , малко .","Ей , малко , малко .",,ей малко малко
UTT_026326,SIM,1;09.24,SIM,"bebe, bebe, bebe .","['bebe', ',', 'bebe', ',', 'bebe', '.']","['bebe', ',', 'bebe', ',', 'bebe', '.']","['bebe', 'bebe', 'bebe']",3,"Бебе, бебе, бебе .","['бебе', 'бебе', 'бебе']","Бебе , бебе , бебе .","Бебе , бебе , бебе .",,бебе бебе бебе
UTT_020632,SIM,1;05.16,SIM,"pau [: pandelka], pauka [: pandelka] .","['pandelka', ',', 'pandelka', '.']","['pandelka', ',', 'pandelka', '.']","['pandelka', 'pandelka']",2,"Пау [: панделка], паука [: панделка] .","['пау', 'панделка', 'паука', 'панделка']","Пау , паука .",панделка панделка .,,панделка панделка
UTT_008291,BOG,2;01.12,BOG,I natatik [: natatyk]+/?,"['I', 'natatyk', '/?']","['i', 'natatyk', '/?']","['i', 'natatyk', '/?']",3,И нататик [: нататък]+/?,"['и', 'нататик', 'нататък']",И нататик ?,И нататък,,и нататък
UTT_035878,SIM,2;09.24,SIM,zashto slagash sos na kartofite?,"['zashto', 'slagash', 'sos', 'na', 'kartofit', '?']","['zashto', 'slagash', 'sos', 'na', 'kartofit', '?']","['zashto', 'slagash', 'sos', 'na', 'kartofit']",5,Защо слагаш сос на картофите?,"['защо', 'слагаш', 'сос', 'на', 'картофите']",Защо слагаш сос на картофите ?,Защо слагаш сос на картофите ?,Защо слагаш сос на картофите ?,защо слагаш сос на картофите
UTT_023305,SIM,1;08.01,SIM,"gyby [: gyrba], gyby [: gyrba] .","['gyrba', ',', 'gyrba', '.']","['gyrba', ',', 'gyrba', '.']","['gyrba', 'gyrba']",2,"Гъбъ [: гърба], гъбъ [: гърба] .","['гъбъ', 'гърба', 'гъбъ', 'гърба']","Гъбъ , гъбъ .",гърба гърба .,,гърба гърба
UTT_006461,ALE,2;03.12,ALE,da ide [: jade] .,"['da', 'jade', '.']","['da', 'jade', '.']","['da', 'jade']",2,Да иде [: яде] .,"['да', 'иде', 'яде']",Да иде .,Да яде .,Да яде .,да яде
UTT_002519,ALE,1;07.20,ALE,oti [: oshte] ino [: edno edin] puon [: pantalon] .,"['oshte', 'edno', 'edin', 'pantalon', '.']","['oshte', 'edno', 'edin', 'pantalon', '.']","['oshte', 'edno', 'edin', 'pantalon']",4,Оти [: още] ино [: едно един] пуон [: панталон] .,"['оти', 'още', 'ино', 'едно', 'един', 'пуон', 'панталон']",Оти ино пуон .,едно един панталон .,,едно един панталон
UTT_031072,SIM,2;03.16,SIM,chisti drugite kofi.,"['chisti', 'drugite', 'kofi', '.']","['chisti', 'drugite', 'kofi', '.']","['chisti', 'drugite', 'kofi']",3,Чисти другите кофи.,"['чисти', 'другите', 'кофи']",Чисти другите кофи .,Чисти другите кофи .,,чисти другите кофи
UTT_039359,TEF,1;11.25,TEF,tetito ika [: iska] oshte !,"['tetito', 'iska', 'oshte', '!']","['tetito', 'iska', 'oshte', '!']","['tetito', 'iska', 'oshte']",3,Тетито ика [: иска] още !,"['тетито', 'ика', 'иска', 'още']",Тетито ика още !,Тетито иска още !,,тетито иска още
UTT_006679,ALE,2;03.12,ALE,"mamo, kaka se udari .","['mamo', ',', 'kaka', 'se', 'udari', '.']","['mamo', ',', 'kaka', 'se', 'udari', '.']","['mamo', 'kaka', 'se', 'udari']",4,"Мамо, кака се удари .","['мамо', 'кака', 'се', 'удари']","Мамо , кака се удари .","Мамо , кака се удари .",,мамо кака се удари
UTT_009933,BOG,2;04.05,BOG,ej sega shi [: shte] dodi [: dojde]pi [: pri] mene .,"['ej', 'sega', 'shte', 'dojde', 'pri', 'mene', '.']","['ej', 'sega', 'shte', 'dojde', 'pri', 'mene', '.']","['ej', 'sega', 'shte', 'dojde', 'pri', 'mene']",6,Ей сега ши [: ще] доди [: дойде]пи [: при] мене .,"['ей', 'сега', 'ши', 'ще', 'доди', 'дойде', 'пи', 'при', 'мене']",Ей сега ши доди пи мене .,Ей сега ще при мене .,,ей сега ще при мене
UTT_029080,SIM,2;00.24,SIM,"mamo, boli me kracheto tam.","['mamo', ',', 'boli', 'me', 'kracheto', 'tam', '.']","['mamo', ',', 'boli', 'me', 'kracheto', 'tam', '.']","['mamo', 'boli', 'me', 'kracheto', 'tam']",5,"Мамо, боли ме крачето там.","['мамо', 'боли', 'ме', 'крачето', 'там']","Мамо , боли ме крачето там .","Мамо , боли ме крачето там .",,мамо боли ме крачето там
UTT_031673,SIM,2;04.23,SIM,chicho Emo.,"['chicho', 'Emo', '.']","['chicho', 'emo', '.']","['chicho', 'emo']",2,Чичо емо.,"['чичо', 'емо']",Чичо емо .,Чичо емо .,,чичо емо
UTT_043125,TEF,2;03.24,TEF,az nema ti imash dugo [: drugo] detence .,"['az', 'nema', 'ti', 'imash', 'drugo', 'detence', '.']","['az', 'nema', 'ti', 'imash', 'drugo', 'detence', '.']","['az', 'nema', 'ti', 'imash', 'drugo', 'detence']",6,Аз нема ти имаш дуго [: друго] детенце .,"['аз', 'нема', 'ти', 'имаш', 'дуго', 'друго', 'детенце']",Аз нема ти имаш дуго детенце .,Аз нема ти имаш друго детенце .,Аз нема ти имаш друго детенце .,аз нема ти имаш друго детенце
UTT_017132,ELI,1;07.03,ELI,"e, kati .","['e', ',', 'kati', '.']","['e', ',', 'kati', '.']","['e', 'kati']",2,"Е, кати .","['е', 'кати']","Е , кати .","Е , кати .",,е кати
UTT_018127,ELI,1;07.08,ELI,"tati, tati, tati, tati, tati .","['tati', ',', 'tati', ',', 'tati', ',', 'tati', ',', 'tati', '.']","['tati', ',', 'tati', ',', 'tati', ',', 'tati', ',', 'tati', '.']","['tati', 'tati', 'tati', 'tati', 'tati']",5,"Тати, тати, тати, тати, тати .","['тати', 'тати', 'тати', 'тати', 'тати']","Тати , тати , тати , тати , тати .","Тати , тати , тати , тати , тати .",,тати тати тати тати тати
UTT_005317,ALE,1;11.14,ALE,zex [: vzex] cjala nizhka [: knizhka] .,"['vzex', 'cjala', 'knizhka', '.']","['vzex', 'cjala', 'knizhka', '.']","['vzex', 'cjala', 'knizhka']",3,Зеx [: взеx] цяла нижка [: книжка] .,"['зеx', 'взеx', 'цяла', 'нижка', 'книжка']",Зеx цяла нижка .,взеx цяла книжка .,,взеx цяла книжка
UTT_036472,SIM,2;10.09,SIM,toj mi se padna.,"['toj', 'mi', 'se', 'padna', '.']","['toj', 'mi', 'se', 'padna', '.']","['toj', 'mi', 'se', 'padna']",4,Той ми се падна.,"['той', 'ми', 'се', 'падна']",Той ми се падна .,Той ми се падна .,,той ми се падна
UTT_031088,SIM,2;03.16,SIM,"otivam na rabota, pri tati na rabota.","['otivam', 'na', 'rabota', ',', 'pri', 'tati', 'na', 'rabota', '.']","['otivam', 'na', 'rabota', ',', 'pri', 'tati', 'na', 'rabota', '.']","['otivam', 'na', 'rabota', 'pri', 'tati', 'na', 'rabota']",7,"Отивам на работа, при тати на работа.","['отивам', 'на', 'работа', 'при', 'тати', 'на', 'работа']","Отивам на работа , при тати на работа .","Отивам на работа , при тати на работа .",,отивам на работа при тати на работа
UTT_042737,TEF,2;03.24,TEF,ne Mimito .,"['ne', 'Mimito', '.']","['ne', 'mimito', '.']","['ne', 'mimito']",2,Не мимито .,"['не', 'мимито']",Не мимито .,Не мимито .,,не мимито
UTT_020078,SIM,1;04.25,SIM,"nozh, nozh .","['nozh', ',', 'nozh', '.']","['nozh', ',', 'nozh', '.']","['nozh', 'nozh']",2,"Нож, нож .","['нож', 'нож']","Нож , нож .","Нож , нож .",,нож нож
UTT_026422,SIM,1;09.25,SIM,dyzhi [: dyrzhi] bebcheto .,"['dyrzhi', 'bebcheto', '.']","['dyrzhi', 'bebcheto', '.']","['dyrzhi', 'bebcheto']",2,Дъжи [: държи] бебчето .,"['дъжи', 'държи', 'бебчето']",Дъжи бебчето .,държи бебчето .,Държи бебчето .,държи бебчето
UTT_035780,SIM,2;09.20,SIM,"am, am, am.","['am', ',', 'am', ',', 'am', '.']","['am', ',', 'am', ',', 'am', '.']","['am', 'am', 'am']",3,"Ам, ам, ам.","['ам', 'ам', 'ам']","Ам , ам , ам .","Ам , ам , ам .",,ам ам ам
UTT_008626,BOG,2;01.13,BOG,Ima li peperudka na tazi kartinka ?,"['Ima', 'li', 'peperudka', 'na', 'tazi', 'kartinka', '?']","['ima', 'li', 'peperudka', 'na', 'tazi', 'kartinka', '?']","['ima', 'li', 'peperudka', 'na', 'tazi', 'kartinka']",6,Има ли пеперудка на тази картинка ?,"['има', 'ли', 'пеперудка', 'на', 'тази', 'картинка']",Има ли пеперудка на тази картинка ?,Има ли пеперудка на тази картинка ?,Има ли пеперудка на тази картинка ?,има ли пеперудка на тази картинка
UTT_007175,ALE,2;03.12,ALE,"a-u, kuchenceto mi !","['a-u', ',', 'kuchenceto', 'mi', '!']","['a-u', ',', 'kuchenceto', 'mi', '!']","['a-u', 'kuchenceto', 'mi']",3,"А-у, кученцето ми !","['а-у', 'кученцето', 'ми']","А-у , кученцето ми !","А-у , кученцето ми !",,а у кученцето ми
UTT_036780,SIM,2;11.22,SIM,"az tam shte gotvja i v tova, Kalojan tam.","['az', 'tam', 'shte', 'gotvja', 'i', 'v', 'tova', ',', 'Kalojan', 'tam', '.']","['az', 'tam', 'shte', 'gotvja', 'i', 'v', 'tova', ',', 'kalojan', 'tam', '.']","['az', 'tam', 'shte', 'gotvja', 'i', 'v', 'tova', 'kalojan', 'tam']",9,"Аз там ще готвя и в това, калоян там.","['аз', 'там', 'ще', 'готвя', 'и', 'в', 'това', 'калоян', 'там']","Аз там ще готвя и в това , калоян там .","Аз там ще готвя и в това , калоян там .",,аз там ще готвя и в това калоян там
UTT_004268,ALE,1;10.12,ALE,"doube [: dobre], mamo .","['dobre', ',', 'mamo', '.']","['dobre', ',', 'mamo', '.']","['dobre', 'mamo']",2,"Доубе [: добре], мамо .","['доубе', 'добре', 'мамо']","Доубе , мамо .",добре мамо .,,добре мамо
UTT_043188,TEF,2;03.24,TEF,samo tez xubavi !,"['samo', 'tez', 'xubavi', '!']","['samo', 'tez', 'xubavi', '!']","['samo', 'tez', 'xubavi']",3,Само тез xубави !,"['само', 'тез', 'xубави']",Само тез xубави !,Само тез xубави !,,само тез xубави
UTT_029622,SIM,2;01.25,SIM,drugo kuche namerja.,"['drugo', 'kuche', 'namerja', '.']","['drugo', 'kuche', 'namerja', '.']","['drugo', 'kuche', 'namerja']",3,Друго куче намеря.,"['друго', 'куче', 'намеря']",Друго куче намеря .,Друго куче намеря .,,друго куче намеря
UTT_036586,SIM,2;10.09,SIM,gushni me.,"['gushni', 'me', '.']","['gushni', 'me', '.']","['gushni', 'me']",2,Гушни ме.,"['гушни', 'ме']",Гушни ме .,Гушни ме .,,гушни ме
UTT_008731,BOG,2;01.13,BOG,toa [: tova]+//?,"['tova', '//?']","['tova', '//?']","['tova', '//?']",2,Тоа [: това]+//?,"['тоа', 'това']",Тоа ?,това,,това
UTT_026601,SIM,1;10.01,SIM,++ a neto [: na nebeto] .,"['a', 'na', 'nebeto', '.']","['a', 'na', 'nebeto', '.']","['a', 'na', 'nebeto']",3,++ а нето [: на небето] .,"['а', 'нето', 'на', 'небето']",а нето .,на небето .,,на небето
UTT_036723,SIM,2;11.22,SIM,iskam da sym na kilima.,"['iskam', 'da', 'sym', 'na', 'kilima', '.']","['iskam', 'da', 'sym', 'na', 'kilima', '.']","['iskam', 'da', 'sym', 'na', 'kilima']",5,Искам да съм на килима.,"['искам', 'да', 'съм', 'на', 'килима']",Искам да съм на килима .,Искам да съм на килима .,,искам да съм на килима
UTT_022161,SIM,1;07.08,SIM,"budi, budi .","['budi', ',', 'budi', '.']","['budi', ',', 'budi', '.']","['budi', 'budi']",2,"Буди, буди .","['буди', 'буди']","Буди , буди .","Буди , буди .",,буди буди
UTT_019428,SIM,1;04.14,SIM,"alo, alo, alo, alo .","['alo', ',', 'alo', ',', 'alo', ',', 'alo', '.']","['alo', ',', 'alo', ',', 'alo', ',', 'alo', '.']","['alo', 'alo', 'alo', 'alo']",4,"Ало, ало, ало, ало .","['ало', 'ало', 'ало', 'ало']","Ало , ало , ало , ало .","Ало , ало , ало , ало .","Ало , ало , ало , ало .",ало ало ало ало
UTT_029227,SIM,2;01.06,SIM,"mamo, chorapkite amogat [: ne mogat] a [: da] vljazat, chorapkite.","['mamo', ',', 'chorapkite', 'ne', 'mogat', 'da', 'vljazat', ',', 'chorapkite', '.']","['mamo', ',', 'chorapkite', 'ne', 'mogat', 'da', 'vljazat', ',', 'chorapkite', '.']","['mamo', 'chorapkite', 'ne', 'mogat', 'da', 'vljazat', 'chorapkite']",7,"Мамо, чорапките амогат [: не могат] а [: да] влязат, чорапките.","['мамо', 'чорапките', 'амогат', 'не', 'могат', 'а', 'да', 'влязат', 'чорапките']","Мамо , чорапките амогат а влязат , чорапките .","Мамо , не могат да влязат , чорапките .",,мамо не могат да влязат чорапките
UTT_031821,SIM,2;05.03,SIM,"Kalojancho, be!","['Kalojancho', ',', 'be!']","['kalojancho', ',', 'be!']","['kalojancho', 'be!']",2,"Калоянчо, бе!","['калоянчо', 'бе']","Калоянчо , бе !","Калоянчо , бе !",,калоянчо бе
UTT_007676,ALE,2;04.09,ALE,she [: shte] chesha teb .,"['shte', 'chesha', 'teb', '.']","['shte', 'chesha', 'teb', '.']","['shte', 'chesha', 'teb']",3,Ше [: ще] чеша теб .,"['ше', 'ще', 'чеша', 'теб']",Ше чеша теб .,ще чеша теб .,,ще чеша теб
UTT_038713,TEF,1;11.08,TEF,"a-u, kominche !","['a-u', ',', 'kominche', '!']","['a-u', ',', 'kominche', '!']","['a-u', 'kominche']",2,"А-у, коминче !","['а-у', 'коминче']","А-у , коминче !","А-у , коминче !",,а у коминче
UTT_036676,SIM,2;11.19,SIM,ot Sliven.,"['ot', 'Sliven', '.']","['ot', 'sliven', '.']","['ot', 'sliven']",2,От сливен.,"['от', 'сливен']",От сливен .,От сливен .,,от сливен
UTT_019739,SIM,1;04.19,SIM,"am, abba [: banica], abba [: banica] .","['am', ',', 'banica', ',', 'banica', '.']","['am', ',', 'banica', ',', 'banica', '.']","['am', 'banica', 'banica']",3,"Ам, абба [: баница], абба [: баница] .","['ам', 'абба', 'баница', 'абба', 'баница']","Ам , абба , абба .","Ам , баница баница .",,ам баница баница
UTT_003485,ALE,1;08.22,ALE,udi kyvacha [: kylvacha] .,"['udi', 'kylvacha', '.']","['udi', 'kylvacha', '.']","['udi', 'kylvacha']",2,Уди къвача [: кълвача] .,"['уди', 'къвача', 'кълвача']",Уди къвача .,Уди кълвача .,,уди кълвача
UTT_004251,ALE,1;10.12,ALE,++ Edna majka .,"['Edna', 'majka', '.']","['edna', 'majka', '.']","['edna', 'majka']",2,++ една майка .,"['една', 'майка']",една майка .,една майка .,,една майка
UTT_029596,SIM,2;01.25,SIM,"Simonchi gore, ej tam, pri tati.","['Simonchi', 'gore', ',', 'ej', 'tam', ',', 'pri', 'tati', '.']","['simonchi', 'gore', ',', 'ej', 'tam', ',', 'pri', 'tati', '.']","['simonchi', 'gore', 'ej', 'tam', 'pri', 'tati']",6,"Симончи горе, ей там, при тати.","['симончи', 'горе', 'ей', 'там', 'при', 'тати']","Симончи горе , ей там , при тати .","Симончи горе , ей там , при тати .",,симончи горе ей там при тати
UTT_044791,TEF,2;05.25,TEF,"a, pii [: napravi] go pak !","['a', ',', 'napravi', 'go', 'pak', '!']","['a', ',', 'napravi', 'go', 'pak', '!']","['a', 'napravi', 'go', 'pak']",4,"А, пии [: направи] го пак !","['а', 'пии', 'направи', 'го', 'пак']","А , пии го пак !","А , направи го пак !",,а направи го пак
UTT_022891,SIM,1;07.23,SIM,"apche [: xapche], apche [: xapche] .","['xapche', ',', 'xapche', '.']","['xapche', ',', 'xapche', '.']","['xapche', 'xapche']",2,"Апче [: xапче], апче [: xапче] .","['апче', 'xапче', 'апче', 'xапче']","Апче , апче .",xапче xапче .,"Хапче , xапче .",xапче xапче
UTT_040463,TEF,2;00.09,TEF,ochi [: oshte] moki [: mokri] .,"['oshte', 'mokri', '.']","['oshte', 'mokri', '.']","['oshte', 'mokri']",2,Очи [: още] моки [: мокри] .,"['очи', 'още', 'моки', 'мокри']",Очи моки .,още мокри .,,още мокри
UTT_021862,SIM,1;06.27,SIM,"òchi [: oshche], òchi [: oshche] .","['oshche', ',', 'oshche', '.']","['oshche', ',', 'oshche', '.']","['oshche', 'oshche']",2,"Òчи [: ошче], òчи [: ошче] .","['òчи', 'ошче', 'òчи', 'ошче']","Òчи , òчи .",ошче ошче .,,ошче ошче
UTT_031834,SIM,2;05.03,SIM,"ne, ikam [: iskam] v kolichkata da go +...","['ne', ',', 'iskam', 'v', 'kolichkata', 'da', 'go', '...']","['ne', ',', 'iskam', 'v', 'kolichkata', 'da', 'go', '...']","['ne', 'iskam', 'v', 'kolichkata', 'da', 'go', '...']",7,"Не, икам [: искам] в количката да го +...","['не', 'икам', 'искам', 'в', 'количката', 'да', 'го']","Не , икам в количката да го . . .","Не , искам в количката да го . . .",,не искам в количката да го
UTT_040407,TEF,2;00.09,TEF,tetito pomoni [: pomogne] .,"['tetito', 'pomogne', '.']","['tetito', 'pomogne', '.']","['tetito', 'pomogne']",2,Тетито помони [: помогне] .,"['тетито', 'помони', 'помогне']",Тетито помони .,Тетито помогне .,,тетито помогне
UTT_042352,TEF,2;02.16,TEF,eto kala [: ximikala] !,"['eto', 'ximikala', '!']","['eto', 'ximikala', '!']","['eto', 'ximikala']",2,Ето кала [: xимикала] !,"['ето', 'кала', 'xимикала']",Ето кала !,Ето xимикала !,,ето xимикала
UTT_025059,SIM,1;09.03,SIM,"goni, goni Moni .","['goni', ',', 'goni', 'Moni', '.']","['goni', ',', 'goni', 'moni', '.']","['goni', 'goni', 'moni']",3,"Гони, гони мони .","['гони', 'гони', 'мони']","Гони , гони мони .","Гони , гони мони .",,гони гони мони
UTT_034913,SIM,2;08.06,SIM,"tova e smok, smok.","['tova', 'e', 'smok', ',', 'smok', '.']","['tova', 'e', 'smok', ',', 'smok', '.']","['tova', 'e', 'smok', 'smok']",4,"Това е смок, смок.","['това', 'е', 'смок', 'смок']","Това е смок , смок .","Това е смок , смок .",,това е смок смок
UTT_033982,SIM,2;06.26,SIM,ne iskash li?,"['ne', 'iskash', 'l', '?']","['ne', 'iskash', 'l', '?']","['ne', 'iskash', 'l']",3,Не искаш ли?,"['не', 'искаш', 'ли']",Не искаш ли ?,Не искаш ли ?,Не искаш ли ?,не искаш ли
UTT_029179,SIM,2;01.05,SIM,"mamo, dade.","['mamo', ',', 'dade', '.']","['mamo', ',', 'dade', '.']","['mamo', 'dade']",2,"Мамо, даде.","['мамо', 'даде']","Мамо , даде .","Мамо , даде .",,мамо даде
UTT_042912,TEF,2;03.24,TEF,to pigalchi [: papagalche] .,"['to', 'papagalche', '.']","['to', 'papagalche', '.']","['to', 'papagalche']",2,То пигалчи [: папагалче] .,"['то', 'пигалчи', 'папагалче']",То пигалчи .,То папагалче .,,то папагалче
UTT_019721,SIM,1;04.19,SIM,"kaa [: kosa], kakaa [: kosa] .","['kosa', ',', 'kosa', '.']","['kosa', ',', 'kosa', '.']","['kosa', 'kosa']",2,"Каа [: коса], какаа [: коса] .","['каа', 'коса', 'какаа', 'коса']","Каа , какаа .",коса коса .,,коса коса
UTT_030449,SIM,2;02.17,SIM,"gushi, gushi!","['gushi', ',', 'gushi!']","['gushi', ',', 'gushi!']","['gushi', 'gushi!']",2,"Гуши, гуши!","['гуши', 'гуши']","Гуши , гуши !","Гуши , гуши !",,гуши гуши
UTT_002439,ALE,1;07.20,ALE,igae [: igrae] koteto .,"['igrae', 'koteto', '.']","['igrae', 'koteto', '.']","['igrae', 'koteto']",2,Игае [: играе] котето .,"['игае', 'играе', 'котето']",Игае котето .,играе котето .,,играе котето
UTT_032027,SIM,2;05.21,SIM,na men.,"['na', 'men', '.']","['na', 'men', '.']","['na', 'men']",2,На мен.,"['на', 'мен']",На мен .,На мен .,,на мен
UTT_034107,SIM,2;07.00,SIM,mojte sa porastnali.,"['mojte', 'sa', 'porastnali', '.']","['mojte', 'sa', 'porastnali', '.']","['mojte', 'sa', 'porastnali']",3,Мойте са порастнали.,"['мойте', 'са', 'порастнали']",Мойте са порастнали .,Мойте са порастнали .,,мойте са порастнали
UTT_026190,SIM,1;09.21,SIM,"kochim [: skochim], kochim [: skochim] vynka [: vyn] .","['skochim', ',', 'skochim', 'vyn', '.']","['skochim', ',', 'skochim', 'vyn', '.']","['skochim', 'skochim', 'vyn']",3,"Кочим [: скочим], кочим [: скочим] вънка [: вън] .","['кочим', 'скочим', 'кочим', 'скочим', 'вънка', 'вън']","Кочим , кочим вънка .",скочим скочим вън ., скочим вън .,скочим скочим вън
UTT_021178,SIM,1;05.21,SIM,"mamo, mamo .","['mamo', ',', 'mamo', '.']","['mamo', ',', 'mamo', '.']","['mamo', 'mamo']",2,"Мамо, мамо .","['мамо', 'мамо']","Мамо , мамо .","Мамо , мамо .",,мамо мамо
UTT_038920,TEF,1;11.25,TEF,ej tam !,"['ej', 'tam', '!']","['ej', 'tam', '!']","['ej', 'tam']",2,Ей там !,"['ей', 'там']",Ей там !,Ей там !,,ей там
UTT_034319,SIM,2;07.19,SIM,no v garata.,"['no', 'v', 'garata', '.']","['no', 'v', 'garata', '.']","['no', 'v', 'garata']",3,Но в гарата.,"['но', 'в', 'гарата']",Но в гарата .,Но в гарата .,,но в гарата
UTT_035806,SIM,2;09.20,SIM,"ko [: kakvo] pravish, mamo?","['kakvo', 'pravish', ',', 'mam', '?']","['kakvo', 'pravish', ',', 'mam', '?']","['kakvo', 'pravish', 'mam']",3,"Ко [: какво] правиш, мамо?","['ко', 'какво', 'правиш', 'мамо']","Ко правиш , мамо ?","какво правиш , мамо ?",,какво правиш мамо
UTT_043654,TEF,2;04.21,TEF,az sam bosa .,"['az', 'sam', 'bosa', '.']","['az', 'sam', 'bosa', '.']","['az', 'sam', 'bosa']",3,Аз сам боса .,"['аз', 'сам', 'боса']",Аз сам боса .,Аз сам боса .,,аз сам боса
UTT_044701,TEF,2;05.25,TEF,eto plajx [: napravix] .,"['eto', 'napravix', '.']","['eto', 'napravix', '.']","['eto', 'napravix']",2,Ето плайx [: направиx] .,"['ето', 'плайx', 'направиx']",Ето плайx .,Ето направиx .,,ето направиx
UTT_034468,SIM,2;07.20,SIM,"mozhe, mamo.","['mozhe', ',', 'mamo', '.']","['mozhe', ',', 'mamo', '.']","['mozhe', 'mamo']",2,"Може, мамо.","['може', 'мамо']","Може , мамо .","Може , мамо .",,може мамо
UTT_002816,ALE,1;08.22,ALE,she gedam [: shte gledam] Xaj Bynbo .,"['she', 'shte', 'gledam', 'Xaj', 'Bynbo', '.']","['she', 'shte', 'gledam', 'xaj', 'bynbo', '.']","['she', 'shte', 'gledam', 'xaj', 'bynbo']",5,Ше гедам [: ще гледам] xай бънбо .,"['ше', 'гедам', 'ще', 'гледам', 'xай', 'бънбо']",Ше гедам xай бънбо .,ще гледам xай бънбо .,,ще гледам xай бънбо
UTT_030233,SIM,2;02.15,SIM,"mama, ikam [: iskam] kartofite.","['mama', ',', 'iskam', 'kartofite', '.']","['mama', ',', 'iskam', 'kartofite', '.']","['mama', 'iskam', 'kartofite']",3,"Мама, икам [: искам] картофите.","['мама', 'икам', 'искам', 'картофите']","Мама , икам картофите .","Мама , искам картофите .","Мама , искам картофите .",мама искам картофите
UTT_038152,TEF,1;11.04,TEF,bebeto sozhi [: slozhi] .,"['bebeto', 'slozhi', '.']","['bebeto', 'slozhi', '.']","['bebeto', 'slozhi']",2,Бебето сожи [: сложи] .,"['бебето', 'сожи', 'сложи']",Бебето сожи .,Бебето сложи .,,бебето сложи
UTT_001337,ALE,1;05.08,ALE,a [: na] emjata [: zemjata] tuka !,"['na', 'zemjata', 'tuka', '!']","['na', 'zemjata', 'tuka', '!']","['na', 'zemjata', 'tuka']",3,А [: на] емята [: земята] тука !,"['а', 'на', 'емята', 'земята', 'тука']",А емята тука !,на земята тука !,,на земята тука
UTT_031563,SIM,2;04.15,SIM,"tova e tikso, tikso.","['tova', 'e', 'tikso', ',', 'tikso', '.']","['tova', 'e', 'tikso', ',', 'tikso', '.']","['tova', 'e', 'tikso', 'tikso']",4,"Това е тиксо, тиксо.","['това', 'е', 'тиксо', 'тиксо']","Това е тиксо , тиксо .","Това е тиксо , тиксо .",,това е тиксо тиксо
UTT_022509,SIM,1;07.18,SIM,"shapka, shapka, shapka, shapka !","['shapka', ',', 'shapka', ',', 'shapka', ',', 'shapka', '!']","['shapka', ',', 'shapka', ',', 'shapka', ',', 'shapka', '!']","['shapka', 'shapka', 'shapka', 'shapka']",4,"Шапка, шапка, шапка, шапка !","['шапка', 'шапка', 'шапка', 'шапка']","Шапка , шапка , шапка , шапка !","Шапка , шапка , шапка , шапка !",,шапка шапка шапка шапка
UTT_028500,SIM,1;11.23,SIM,"babo, otori mi [: otvori mi] .","['babo', ',', 'otori', 'otvori', 'mi', '.']","['babo', ',', 'otori', 'otvori', 'mi', '.']","['babo', 'otori', 'otvori', 'mi']",4,"Бабо, отори ми [: отвори ми] .","['бабо', 'отори', 'ми', 'отвори', 'ми']","Бабо , отори ми .","Бабо , отвори ми .",,бабо отвори ми
UTT_024849,SIM,1;09.02,SIM,"pipa, pipa, pipa .","['pipa', ',', 'pipa', ',', 'pipa', '.']","['pipa', ',', 'pipa', ',', 'pipa', '.']","['pipa', 'pipa', 'pipa']",3,"Пипа, пипа, пипа .","['пипа', 'пипа', 'пипа']","Пипа , пипа , пипа .","Пипа , пипа , пипа .",,пипа пипа пипа
UTT_021714,SIM,1;06.19,SIM,"kam [: kamyk], kam [: kamyk], kam [: kamyk], kam [: kamyk] .","['kamyk', ',', 'kamyk', ',', 'kamyk', ',', 'kamyk', '.']","['kamyk', ',', 'kamyk', ',', 'kamyk', ',', 'kamyk', '.']","['kamyk', 'kamyk', 'kamyk', 'kamyk']",4,"Кам [: камък], кам [: камък], кам [: камък], кам [: камък] .","['кам', 'камък', 'кам', 'камък', 'кам', 'камък', 'кам', 'камък']","Кам , кам , кам , кам .",камък камък камък камък .,,камък камък камък камък
UTT_008349,BOG,2;01.12,BOG,toua [: tova]+//?,"['tova', '//?']","['tova', '//?']","['tova', '//?']",2,Тоуа [: това]+//?,"['тоуа', 'това']",Тоуа ?,това,,това
UTT_022356,SIM,1;07.11,SIM,katofche [: kartofche] golamo [: goljamo] .,"['kartofche', 'goljamo', '.']","['kartofche', 'goljamo', '.']","['kartofche', 'goljamo']",2,Катофче [: картофче] голамо [: голямо] .,"['катофче', 'картофче', 'голамо', 'голямо']",Катофче голамо .,картофче голямо .,,картофче голямо
UTT_009473,BOG,2;03.01,BOG,daj ja !,"['daj', 'ja', '!']","['daj', 'ja', '!']","['daj', 'ja']",2,Дай я !,"['дай', 'я']",Дай я !,Дай я !,,дай я
UTT_003270,ALE,1;08.22,ALE,Tana [: shte/da stana] !,"['shte/da', 'stana', '!']","['shte/da', 'stana', '!']","['shte/da', 'stana']",2,Тана [: ще/да стана] !,"['тана', 'ще/да', 'стана']",Тана !,ще да стана !,,ще да стана
UTT_009341,BOG,2;03.00,BOG,"kyshtichka, zhabok +/.","['kyshtichka', ',', 'zhabok', '/.']","['kyshtichka', ',', 'zhabok', '/.']","['kyshtichka', 'zhabok', '/.']",3,"Къщичка, жабок +/.","['къщичка', 'жабок']","Къщичка , жабок .","Къщичка , жабок .",,къщичка жабок
UTT_036353,SIM,2;10.07,SIM,nie sme triygylnik.,"['nie', 'sme', 'triygylnik', '.']","['nie', 'sme', 'triygylnik', '.']","['nie', 'sme', 'triygylnik']",3,Ние сме триъгълник.,"['ние', 'сме', 'триъгълник']",Ние сме триъгълник .,Ние сме триъгълник .,,ние сме триъгълник
UTT_003727,ALE,1;09.19,ALE,ne shte .,"['ne', 'shte', '.']","['ne', 'shte', '.']","['ne', 'shte']",2,Не ще .,"['не', 'ще']",Не ще .,Не ще .,,не ще
UTT_016119,ELI,1;06.17,ELI,"o-pa, o-pa [: otvori] .","['o-pa', ',', 'otvori', '.']","['o-pa', ',', 'otvori', '.']","['o-pa', 'otvori']",2,"О-па, о-па [: отвори] .","['о-па', 'о-па', 'отвори']","О-па , о-па .","О-па , отвори .",,о па отвори
UTT_026217,SIM,1;09.21,SIM,"goni, goni, kachi sokovo [: visokoto] .","['goni', ',', 'goni', ',', 'kachi', 'visokoto', '.']","['goni', ',', 'goni', ',', 'kachi', 'visokoto', '.']","['goni', 'goni', 'kachi', 'visokoto']",4,"Гони, гони, качи соково [: високото] .","['гони', 'гони', 'качи', 'соково', 'високото']","Гони , гони , качи соково .","Гони , гони , качи високото .","Гони , гони , качи високото .",гони гони качи високото
UTT_022522,SIM,1;07.18,SIM,mamo zemi [: vzemi] .,"['mamo', 'vzemi', '.']","['mamo', 'vzemi', '.']","['mamo', 'vzemi']",2,Мамо земи [: вземи] .,"['мамо', 'земи', 'вземи']",Мамо земи .,Мамо вземи .,,мамо вземи
UTT_034985,SIM,2;08.16,SIM,az imam i az ot takava chasha.,"['az', 'imam', 'i', 'az', 'ot', 'takava', 'chasha', '.']","['az', 'imam', 'i', 'az', 'ot', 'takava', 'chasha', '.']","['az', 'imam', 'i', 'az', 'ot', 'takava', 'chasha']",7,Аз имам и аз от такава чаша.,"['аз', 'имам', 'и', 'аз', 'от', 'такава', 'чаша']",Аз имам и аз от такава чаша .,Аз имам и аз от такава чаша .,Аз имам и аз от такава чаша .,аз имам и аз от такава чаша
UTT_033301,SIM,2;06.14,SIM,ikash [: iskash] li da donesa njakakvo lekarstvo da gi namazhem krachencata mi?,"['iskash', 'li', 'da', 'donesa', 'njakakvo', 'lekarstvo', 'da', 'gi', 'namazhem', 'krachencata', 'm', '?']","['iskash', 'li', 'da', 'donesa', 'njakakvo', 'lekarstvo', 'da', 'gi', 'namazhem', 'krachencata', 'm', '?']","['iskash', 'li', 'da', 'donesa', 'njakakvo', 'lekarstvo', 'da', 'gi', 'namazhem', 'krachencata', 'm']",11,Икаш [: искаш] ли да донеса някакво лекарство да ги намажем краченцата ми?,"['икаш', 'искаш', 'ли', 'да', 'донеса', 'някакво', 'лекарство', 'да', 'ги', 'намажем', 'краченцата', 'ми']",Икаш ли да донеса някакво лекарство да ги намажем краченцата ми ?,искаш ли да донеса някакво лекарство да ги намажем краченцата ми ?,,искаш ли да донеса някакво лекарство да ги намажем краченцата ми
UTT_022753,SIM,1;07.21,SIM,eeee eeee eeee !,"['eeee', 'eeee', 'eeee', '!']","['eeee', 'eeee', 'eeee', '!']","['eeee', 'eeee', 'eeee']",3,Ееее ееее ееее !,"['ееее', 'ееее', 'ееее']",Ееее ееее ееее !,Ееее ееее ееее !,,ееее ееее ееее
UTT_030001,SIM,2;02.14,SIM,ot golemija doktor.,"['ot', 'golemija', 'doktor', '.']","['ot', 'golemija', 'doktor', '.']","['ot', 'golemija', 'doktor']",3,От големия доктор.,"['от', 'големия', 'доктор']",От големия доктор .,От големия доктор .,,от големия доктор
UTT_005664,ALE,2;02.24,ALE,am bukvichkite da belja .,"['am', 'bukvichkite', 'da', 'belja', '.']","['am', 'bukvichkite', 'da', 'belja', '.']","['am', 'bukvichkite', 'da', 'belja']",4,Ам буквичките да беля .,"['ам', 'буквичките', 'да', 'беля']",Ам буквичките да беля .,Ам буквичките да беля .,,ам буквичките да беля
UTT_021222,SIM,1;05.21,SIM,"tavi [: ostavi], tavi [: ostavi], tavi [: ostavi] .","['ostavi', ',', 'ostavi', ',', 'ostavi', '.']","['ostavi', ',', 'ostavi', ',', 'ostavi', '.']","['ostavi', 'ostavi', 'ostavi']",3,"Тави [: остави], тави [: остави], тави [: остави] .","['тави', 'остави', 'тави', 'остави', 'тави', 'остави']","Тави , тави , тави .",остави остави остави .,"Остави , остави , остави .",остави остави остави
UTT_035545,SIM,2;09.10,SIM,"metla, metlata.","['metla', ',', 'metlata', '.']","['metla', ',', 'metlata', '.']","['metla', 'metlata']",2,"Метла, метлата.","['метла', 'метлата']","Метла , метлата .","Метла , метлата .","Метла , метлата .",метла метлата
UTT_008977,BOG,2;01.13,BOG,Tova e mynitko [: mynichko] elenche .,"['Tova', 'e', 'mynichko', 'elenche', '.']","['tova', 'e', 'mynichko', 'elenche', '.']","['tova', 'e', 'mynichko', 'elenche']",4,Това е мънитко [: мъничко] еленче .,"['това', 'е', 'мънитко', 'мъничко', 'еленче']",Това е мънитко еленче .,Това е мъничко еленче .,,това е мъничко еленче
UTT_007576,ALE,2;04.09,ALE,I debelanka mu dam .,"['I', 'debelanka', 'mu', 'dam', '.']","['i', 'debelanka', 'mu', 'dam', '.']","['i', 'debelanka', 'mu', 'dam']",4,И дебеланка му дам .,"['и', 'дебеланка', 'му', 'дам']",И дебеланка му дам .,И дебеланка му дам .,,и дебеланка му дам
UTT_027690,SIM,1;11.02,SIM,eto remonta .,"['eto', 'remonta', '.']","['eto', 'remonta', '.']","['eto', 'remonta']",2,Ето ремонта .,"['ето', 'ремонта']",Ето ремонта .,Ето ремонта .,,ето ремонта
UTT_031291,SIM,2;03.26,SIM,v tjax ima pjasyk.,"['v', 'tjax', 'ima', 'pjasyk', '.']","['v', 'tjax', 'ima', 'pjasyk', '.']","['v', 'tjax', 'ima', 'pjasyk']",4,В тяx има пясък.,"['в', 'тяx', 'има', 'пясък']",В тяx има пясък .,В тяx има пясък .,,в тяx има пясък
UTT_000527,ALE,1;01.29,ALE,"mamo, mamo !","['mamo', ',', 'mamo', '!']","['mamo', ',', 'mamo', '!']","['mamo', 'mamo']",2,"Мамо, мамо !","['мамо', 'мамо']","Мамо , мамо !","Мамо , мамо !",,мамо мамо
UTT_042244,TEF,2;02.16,TEF,tetito maka [: malka] !,"['tetito', 'malka', '!']","['tetito', 'malka', '!']","['tetito', 'malka']",2,Тетито мака [: малка] !,"['тетито', 'мака', 'малка']",Тетито мака !,Тетито малка !,,тетито малка
UTT_022594,SIM,1;07.19,SIM,"tuka, tuk, tuk .","['tuka', ',', 'tuk', ',', 'tuk', '.']","['tuka', ',', 'tuk', ',', 'tuk', '.']","['tuka', 'tuk', 'tuk']",3,"Тука, тук, тук .","['тука', 'тук', 'тук']","Тука , тук , тук .","Тука , тук , тук .",,тука тук тук
UTT_026121,SIM,1;09.21,SIM,tazi krasivata vze .,"['tazi', 'krasivata', 'vze', '.']","['tazi', 'krasivata', 'vze', '.']","['tazi', 'krasivata', 'vze']",3,Тази красивата взе .,"['тази', 'красивата', 'взе']",Тази красивата взе .,Тази красивата взе .,,тази красивата взе
UTT_032105,SIM,2;05.22,SIM,chicho Emo.,"['chicho', 'Emo', '.']","['chicho', 'emo', '.']","['chicho', 'emo']",2,Чичо емо.,"['чичо', 'емо']",Чичо емо .,Чичо емо .,,чичо емо
UTT_028625,SIM,2;00.01,SIM,"ne ikam [: ne iskam], ne ikam [: ne iskam] .","['ne', 'ne', 'iskam', ',', 'ne', 'ne', 'iskam', '.']","['ne', 'ne', 'iskam', ',', 'ne', 'ne', 'iskam', '.']","['ne', 'ne', 'iskam', 'ne', 'ne', 'iskam']",6,"Не икам [: не искам], не икам [: не искам] .","['не', 'икам', 'не', 'искам', 'не', 'икам', 'не', 'искам']","Не икам , не икам .",не искам не искам .,,не искам не искам
UTT_009453,BOG,2;03.01,BOG,po kojemcheto [: koremcheto] !,"['po', 'koremcheto', '!']","['po', 'koremcheto', '!']","['po', 'koremcheto']",2,По койемчето [: коремчето] !,"['по', 'койемчето', 'коремчето']",По койемчето !,По коремчето !,,по коремчето
UTT_031723,SIM,2;04.23,SIM,shte gotvim supa.,"['shte', 'gotvim', 'supa', '.']","['shte', 'gotvim', 'supa', '.']","['shte', 'gotvim', 'supa']",3,Ще готвим супа.,"['ще', 'готвим', 'супа']",Ще готвим супа .,Ще готвим супа .,,ще готвим супа
UTT_021685,SIM,1;06.19,SIM,"kuchi [: zakljuchi], kuchi [: zakljuchi] .","['zakljuchi', ',', 'zakljuchi', '.']","['zakljuchi', ',', 'zakljuchi', '.']","['zakljuchi', 'zakljuchi']",2,"Кучи [: закльучи], кучи [: закльучи] .","['кучи', 'закльучи', 'кучи', 'закльучи']","Кучи , кучи .",закльучи закльучи .,,закльучи закльучи
UTT_007249,ALE,2;04.09,ALE,gledame kak se kypjat .,"['gledame', 'kak', 'se', 'kypjat', '.']","['gledame', 'kak', 'se', 'kypjat', '.']","['gledame', 'kak', 'se', 'kypjat']",4,Гледаме как се къпят .,"['гледаме', 'как', 'се', 'къпят']",Гледаме как се къпят .,Гледаме как се къпят .,,гледаме как се къпят
UTT_027454,SIM,1;10.22,SIM,"mami, a tebe .","['mami', ',', 'a', 'tebe', '.']","['mami', ',', 'a', 'tebe', '.']","['mami', 'a', 'tebe']",3,"Мами, а тебе .","['мами', 'а', 'тебе']","Мами , а тебе .","Мами , а тебе .",,мами а тебе
UTT_003250,ALE,1;08.22,ALE,"I [: ne] davam kaka, mamo !","['ne', 'davam', 'kaka', ',', 'mamo', '!']","['ne', 'davam', 'kaka', ',', 'mamo', '!']","['ne', 'davam', 'kaka', 'mamo']",4,"И [: не] давам кака, мамо !","['и', 'не', 'давам', 'кака', 'мамо']","И давам кака , мамо !","не давам кака , мамо !",,не давам кака мамо
UTT_021003,SIM,1;05.21,SIM,"pishe, pishe .","['pishe', ',', 'pishe', '.']","['pishe', ',', 'pishe', '.']","['pishe', 'pishe']",2,"Пише, пише .","['пише', 'пише']","Пише , пише .","Пише , пише .","Пише , пише .",пише пише
UTT_021198,SIM,1;05.21,SIM,"brym, brym .","['brym', ',', 'brym', '.']","['brym', ',', 'brym', '.']","['brym', 'brym']",2,"Бръм, бръм .","['бръм', 'бръм']","Бръм , бръм .","Бръм , бръм .",,бръм бръм
UTT_034541,SIM,2;07.22,SIM,"ti, kato si bila malka si gi slagala.","['ti', ',', 'kato', 'si', 'bila', 'malka', 'si', 'gi', 'slagala', '.']","['ti', ',', 'kato', 'si', 'bila', 'malka', 'si', 'gi', 'slagala', '.']","['ti', 'kato', 'si', 'bila', 'malka', 'si', 'gi', 'slagala']",8,"Ти, като си била малка си ги слагала.","['ти', 'като', 'си', 'била', 'малка', 'си', 'ги', 'слагала']","Ти , като си била малка си ги слагала .","Ти , като си била малка си ги слагала .",,ти като си била малка си ги слагала
UTT_035853,SIM,2;09.24,SIM,"au, sybu si chorapite, ej!","['au', ',', 'sybu', 'si', 'chorapite', ',', 'ej!']","['au', ',', 'sybu', 'si', 'chorapite', ',', 'ej!']","['au', 'sybu', 'si', 'chorapite', 'ej!']",5,"Ау, събу си чорапите, ей!","['ау', 'събу', 'си', 'чорапите', 'ей']","Ау , събу си чорапите , ей !","Ау , събу си чорапите , ей !",,ау събу си чорапите ей
UTT_031050,SIM,2;03.16,SIM,"az xodix tam, tam gore.","['az', 'xodix', 'tam', ',', 'tam', 'gore', '.']","['az', 'xodix', 'tam', ',', 'tam', 'gore', '.']","['az', 'xodix', 'tam', 'tam', 'gore']",5,"Аз xодиx там, там горе.","['аз', 'xодиx', 'там', 'там', 'горе']","Аз xодиx там , там горе .","Аз xодиx там , там горе .",,аз xодиx там там горе
UTT_021713,SIM,1;06.19,SIM,"kotee, kotee, kotee .","['kotee', ',', 'kotee', ',', 'kotee', '.']","['kotee', ',', 'kotee', ',', 'kotee', '.']","['kotee', 'kotee', 'kotee']",3,"Котее, котее, котее .","['котее', 'котее', 'котее']","Котее , котее , котее .","Котее , котее , котее .","Котее , котее , котее .",котее котее котее
UTT_044355,TEF,2;05.25,TEF,ej tuka !,"['ej', 'tuka', '!']","['ej', 'tuka', '!']","['ej', 'tuka']",2,Ей тука !,"['ей', 'тука']",Ей тука !,Ей тука !,,ей тука
UTT_035984,SIM,2;10.02,SIM,"men gushkaj, a az toj.","['men', 'gushkaj', ',', 'a', 'az', 'toj', '.']","['men', 'gushkaj', ',', 'a', 'az', 'toj', '.']","['men', 'gushkaj', 'a', 'az', 'toj']",5,"Мен гушкай, а аз той.","['мен', 'гушкай', 'а', 'аз', 'той']","Мен гушкай , а аз той .","Мен гушкай , а аз той .",,мен гушкай а аз той
UTT_005009,ALE,1;11.14,ALE,gedam [: gledam] teefona [: telefona] .,"['gledam', 'telefona', '.']","['gledam', 'telefona', '.']","['gledam', 'telefona']",2,Гедам [: гледам] теефона [: телефона] .,"['гедам', 'гледам', 'теефона', 'телефона']",Гедам теефона .,гледам телефона .,,гледам телефона
UTT_026428,SIM,1;09.25,SIM,"Moni, Moni .","['Moni', ',', 'Moni', '.']","['moni', ',', 'moni', '.']","['moni', 'moni']",2,"Мони, мони .","['мони', 'мони']","Мони , мони .","Мони , мони .",,мони мони
UTT_009438,BOG,2;03.01,BOG,mama da ja poslusha [: preslusha] !,"['mama', 'da', 'ja', 'preslusha', '!']","['mama', 'da', 'ja', 'preslusha', '!']","['mama', 'da', 'ja', 'preslusha']",4,Мама да я послуша [: преслуша] !,"['мама', 'да', 'я', 'послуша', 'преслуша']",Мама да я послуша !,Мама да я преслуша !,Мама да я преслуша !,мама да я преслуша
UTT_023076,SIM,1;07.28,SIM,"topka, topka, topka, topka .","['topka', ',', 'topka', ',', 'topka', ',', 'topka', '.']","['topka', ',', 'topka', ',', 'topka', ',', 'topka', '.']","['topka', 'topka', 'topka', 'topka']",4,"Топка, топка, топка, топка .","['топка', 'топка', 'топка', 'топка']","Топка , топка , топка , топка .","Топка , топка , топка , топка .",,топка топка топка топка
UTT_029041,SIM,2;00.24,SIM,lajat kuchetata.,"['lajat', 'kuchetata', '.']","['lajat', 'kuchetata', '.']","['lajat', 'kuchetata']",2,Лаят кучетата.,"['лаят', 'кучетата']",Лаят кучетата .,Лаят кучетата .,,лаят кучетата
UTT_004076,ALE,1;09.19,ALE,daj mijata [: zmijata] !,"['daj', 'zmijata', '!']","['daj', 'zmijata', '!']","['daj', 'zmijata']",2,Дай мията [: змията] !,"['дай', 'мията', 'змията']",Дай мията !,Дай змията !,,дай змията
UTT_006135,ALE,2;02.24,ALE,shtot ne go iskam .,"['shtot', 'ne', 'go', 'iskam', '.']","['shtot', 'ne', 'go', 'iskam', '.']","['shtot', 'ne', 'go', 'iskam']",4,Щот не го искам .,"['щот', 'не', 'го', 'искам']",Щот не го искам .,Щот не го искам .,,щот не го искам
UTT_039369,TEF,1;11.25,TEF,daj tova !,"['daj', 'tova', '!']","['daj', 'tova', '!']","['daj', 'tova']",2,Дай това !,"['дай', 'това']",Дай това !,Дай това !,,дай това
UTT_019350,SIM,1;02.25,SIM,"taj [: chaj], mamo .","['chaj', ',', 'mamo', '.']","['chaj', ',', 'mamo', '.']","['chaj', 'mamo']",2,"Тай [: чай], мамо .","['тай', 'чай', 'мамо']","Тай , мамо .",чай мамо .,,чай мамо
UTT_023948,SIM,1;08.13,SIM,"chinchinka [: chinijka], chinchinka [: chinijka] .","['chinijka', ',', 'chinijka', '.']","['chinijka', ',', 'chinijka', '.']","['chinijka', 'chinijka']",2,"Чинчинка [: чинийка], чинчинка [: чинийка] .","['чинчинка', 'чинийка', 'чинчинка', 'чинийка']","Чинчинка , чинчинка .",чинийка чинийка .,,чинийка чинийка
UTT_022165,SIM,1;07.08,SIM,"papi [: chorapi], papi [: chorapi] .","['chorapi', ',', 'chorapi', '.']","['chorapi', ',', 'chorapi', '.']","['chorapi', 'chorapi']",2,"Папи [: чорапи], папи [: чорапи] .","['папи', 'чорапи', 'папи', 'чорапи']","Папи , папи .",чорапи чорапи .,"Чорапи , чорапи .",чорапи чорапи
UTT_021171,SIM,1;05.21,SIM,"taja, taja, taja .","['taja', ',', 'taja', ',', 'taja', '.']","['taja', ',', 'taja', ',', 'taja', '.']","['taja', 'taja', 'taja']",3,"Тая, тая, тая .","['тая', 'тая', 'тая']","Тая , тая , тая .","Тая , тая , тая .","Тая , тая , тая .",тая тая тая
UTT_031320,SIM,2;04.00,SIM,"zaek, zaek, daj zaek, daj, zaek.","['zaek', ',', 'zaek', ',', 'daj', 'zaek', ',', 'daj', ',', 'zaek', '.']","['zaek', ',', 'zaek', ',', 'daj', 'zaek', ',', 'daj', ',', 'zaek', '.']","['zaek', 'zaek', 'daj', 'zaek', 'daj', 'zaek']",6,"Заек, заек, дай заек, дай, заек.","['заек', 'заек', 'дай', 'заек', 'дай', 'заек']","Заек , заек , дай заек , дай , заек .","Заек , заек , дай заек , дай , заек .",,заек заек дай заек дай заек
UTT_036234,SIM,2;10.04,SIM,nashata kyshta mnogo e krasiva.,"['nashata', 'kyshta', 'mnogo', 'e', 'krasiva', '.']","['nashata', 'kyshta', 'mnogo', 'e', 'krasiva', '.']","['nashata', 'kyshta', 'mnogo', 'e', 'krasiva']",5,Нашата къща много е красива.,"['нашата', 'къща', 'много', 'е', 'красива']",Нашата къща много е красива .,Нашата къща много е красива .,,нашата къща много е красива
UTT_033126,SIM,2;06.09,SIM,i nie go apakovaxme [: razopakovaxme].,"['i', 'nie', 'go', 'razopakovaxme', '.']","['i', 'nie', 'go', 'razopakovaxme', '.']","['i', 'nie', 'go', 'razopakovaxme']",4,И ние го апаковаxме [: разопаковаxме].,"['и', 'ние', 'го', 'апаковаxме', 'разопаковаxме']",И ние го апаковаxме .,И ние го разопаковаxме,,и ние го разопаковаxме
UTT_019383,SIM,1;04.14,SIM,"jajlo [: odealo], jajlo [: odealo], jajlo [: odealo], jajlo [: odealo] .","['odealo', ',', 'odealo', ',', 'odealo', ',', 'odealo', '.']","['odealo', ',', 'odealo', ',', 'odealo', ',', 'odealo', '.']","['odealo', 'odealo', 'odealo', 'odealo']",4,"Яйло [: одеало], яйло [: одеало], яйло [: одеало], яйло [: одеало] .","['яйло', 'одеало', 'яйло', 'одеало', 'яйло', 'одеало', 'яйло', 'одеало']","Яйло , яйло , яйло , яйло .",одеало одеало одеало одеало .,,одеало одеало одеало одеало
UTT_029760,SIM,2;02.06,SIM,a nosi.,"['a', 'nosi', '.']","['a', 'nosi', '.']","['a', 'nosi']",2,А носи.,"['а', 'носи']",А носи .,А носи .,,а носи
UTT_006936,ALE,2;03.12,ALE,"ne, shte rezha s nozhicata .","['ne', ',', 'shte', 'rezha', 's', 'nozhicata', '.']","['ne', ',', 'shte', 'rezha', 's', 'nozhicata', '.']","['ne', 'shte', 'rezha', 's', 'nozhicata']",5,"Не, ще режа с ножицата .","['не', 'ще', 'режа', 'с', 'ножицата']","Не , ще режа с ножицата .","Не , ще режа с ножицата .","Не , ще режа с ножицата .",не ще режа с ножицата
UTT_027603,SIM,1;10.29,SIM,imam tonki [: maratonki] .,"['imam', 'maratonki', '.']","['imam', 'maratonki', '.']","['imam', 'maratonki']",2,Имам тонки [: маратонки] .,"['имам', 'тонки', 'маратонки']",Имам тонки .,Имам маратонки .,,имам маратонки
UTT_006998,ALE,2;03.12,ALE,daj mi go Fredo !,"['daj', 'mi', 'go', 'Fredo', '!']","['daj', 'mi', 'go', 'fredo', '!']","['daj', 'mi', 'go', 'fredo']",4,Дай ми го фредо !,"['дай', 'ми', 'го', 'фредо']",Дай ми го фредо !,Дай ми го фредо !,,дай ми го фредо
UTT_028304,SIM,1;11.14,SIM,cunix [: celunax] buzkata a Kaljancho [: Kalojancho] .,"['celunax', 'buzkata', 'a', 'Kalojancho', '.']","['celunax', 'buzkata', 'a', 'kalojancho', '.']","['celunax', 'buzkata', 'a', 'kalojancho']",4,Цуниx [: целунаx] бузката а калянчо [: калоянчо] .,"['цуниx', 'целунаx', 'бузката', 'а', 'калянчо', 'калоянчо']",Цуниx бузката а калянчо .,целунаx бузката а калоянчо .,,целунаx бузката а калоянчо
UTT_003724,ALE,1;09.19,ALE,tatko pijmo [: pismo] .,"['tatko', 'pismo', '.']","['tatko', 'pismo', '.']","['tatko', 'pismo']",2,Татко пиймо [: писмо] .,"['татко', 'пиймо', 'писмо']",Татко пиймо .,Татко писмо .,,татко писмо
UTT_035177,SIM,2;08.19,SIM,chakaj de.,"['chakaj', 'de', '.']","['chakaj', 'de', '.']","['chakaj', 'de']",2,Чакай де.,"['чакай', 'де']",Чакай де .,Чакай де .,,чакай де
UTT_033247,SIM,2;06.14,SIM,na Kalojancho.,"['na', 'Kalojancho', '.']","['na', 'kalojancho', '.']","['na', 'kalojancho']",2,На калоянчо.,"['на', 'калоянчо']",На калоянчо .,На калоянчо .,,на калоянчо
UTT_022664,SIM,1;07.19,SIM,"mush, mush .","['mush', ',', 'mush', '.']","['mush', ',', 'mush', '.']","['mush', 'mush']",2,"Муш, муш .","['муш', 'муш']","Муш , муш .","Муш , муш .",,муш муш
UTT_006020,ALE,2;02.24,ALE,da spja .,"['da', 'spja', '.']","['da', 'spja', '.']","['da', 'spja']",2,Да спя .,"['да', 'спя']",Да спя .,Да спя .,,да спя
UTT_009477,BOG,2;03.01,BOG,moja [: molja] daj !,"['molja', 'daj', '!']","['molja', 'daj', '!']","['molja', 'daj']",2,Моя [: моля] дай !,"['моя', 'моля', 'дай']",Моя дай !,моля дай !,,моля дай
UTT_023465,SIM,1;08.06,SIM,daska [: draska] mama tuka .,"['draska', 'mama', 'tuka', '.']","['draska', 'mama', 'tuka', '.']","['draska', 'mama', 'tuka']",3,Даска [: драска] мама тука .,"['даска', 'драска', 'мама', 'тука']",Даска мама тука .,драска мама тука .,,драска мама тука
UTT_024247,SIM,1;08.17,SIM,myseni [: mrysni] Moni cete [: rycete] cete [: rycete] .,"['mrysni', 'Moni', 'rycete', 'rycete', '.']","['mrysni', 'moni', 'rycete', 'rycete', '.']","['mrysni', 'moni', 'rycete', 'rycete']",4,Мъсени [: мръсни] мони цете [: ръцете] цете [: ръцете] .,"['мъсени', 'мръсни', 'мони', 'цете', 'ръцете', 'цете', 'ръцете']",Мъсени мони цете цете .,мръсни мони ръцете ръцете .,,мръсни мони ръцете ръцете
UTT_028179,SIM,1;11.08,SIM,"zvynche, zvynche .","['zvynche', ',', 'zvynche', '.']","['zvynche', ',', 'zvynche', '.']","['zvynche', 'zvynche']",2,"Звънче, звънче .","['звънче', 'звънче']","Звънче , звънче .","Звънче , звънче .",,звънче звънче
UTT_002393,ALE,1;07.20,ALE,papa moukouchi [: morkovche] .,"['papa', 'morkovche', '.']","['papa', 'morkovche', '.']","['papa', 'morkovche']",2,Папа моукоучи [: морковче] .,"['папа', 'моукоучи', 'морковче']",Папа моукоучи .,Папа морковче .,Папа морковче .,папа морковче
UTT_043434,TEF,2;03.24,TEF,njama didzhini [: dovizhdane] !,"['njama', 'dovizhdane', '!']","['njama', 'dovizhdane', '!']","['njama', 'dovizhdane']",2,Няма диджини [: довиждане] !,"['няма', 'диджини', 'довиждане']",Няма диджини !,Няма довиждане !,,няма довиждане
UTT_033637,SIM,2;06.21,SIM,Kalojancho pipa amukachkata [: praxosmukachkata].,"['Kalojancho', 'pipa', 'praxosmukachkata', '.']","['kalojancho', 'pipa', 'praxosmukachkata', '.']","['kalojancho', 'pipa', 'praxosmukachkata']",3,Калоянчо пипа амукачката [: праxосмукачката].,"['калоянчо', 'пипа', 'амукачката', 'праxосмукачката']",Калоянчо пипа амукачката .,Калоянчо пипа праxосмукачката,,калоянчо пипа праxосмукачката
UTT_007404,ALE,2;04.09,ALE,vizh kakvi gamadni [: gramadni] zmii !,"['vizh', 'kakvi', 'gramadni', 'zmii', '!']","['vizh', 'kakvi', 'gramadni', 'zmii', '!']","['vizh', 'kakvi', 'gramadni', 'zmii']",4,Виж какви гамадни [: грамадни] змии !,"['виж', 'какви', 'гамадни', 'грамадни', 'змии']",Виж какви гамадни змии !,Виж какви грамадни змии !,,виж какви грамадни змии
UTT_002509,ALE,1;07.20,ALE,"daj, mamo, sitskite [: vsichkite] .","['daj', ',', 'mamo', ',', 'vsichkite', '.']","['daj', ',', 'mamo', ',', 'vsichkite', '.']","['daj', 'mamo', 'vsichkite']",3,"Дай, мамо, сицките [: всичките] .","['дай', 'мамо', 'сицките', 'всичките']","Дай , мамо , сицките .","Дай , мамо , всичките .",,дай мамо всичките
UTT_003845,ALE,1;09.19,ALE,eto ja kokoshkata .,"['eto', 'ja', 'kokoshkata', '.']","['eto', 'ja', 'kokoshkata', '.']","['eto', 'ja', 'kokoshkata']",3,Ето я кокошката .,"['ето', 'я', 'кокошката']",Ето я кокошката .,Ето я кокошката .,,ето я кокошката
UTT_016267,ELI,1;06.17,ELI,"mamo, tati .","['mamo', ',', 'tati', '.']","['mamo', ',', 'tati', '.']","['mamo', 'tati']",2,"Мамо, тати .","['мамо', 'тати']","Мамо , тати .","Мамо , тати .","Мамо , тати .",мамо тати
UTT_037959,TEF,1;11.04,TEF,Ida jejata [: da vidja leljata] !,"['Ida', 'da', 'vidja', 'leljata', '!']","['ida', 'da', 'vidja', 'leljata', '!']","['ida', 'da', 'vidja', 'leljata']",4,Ида йеята [: да видя лелята] !,"['ида', 'йеята', 'да', 'видя', 'лелята']",Ида йеята !,да видя лелята !,,да видя лелята
UTT_044687,TEF,2;05.25,TEF,kako [: kakvo] e tuka tuj ?,"['kakvo', 'e', 'tuka', 'tuj', '?']","['kakvo', 'e', 'tuka', 'tuj', '?']","['kakvo', 'e', 'tuka', 'tuj']",4,Како [: какво] е тука туй ?,"['како', 'какво', 'е', 'тука', 'туй']",Како е тука туй ?,какво е тука туй ?,,какво е тука туй
UTT_029278,SIM,2;01.06,SIM,"mamo, sjadaj.","['mamo', ',', 'sjadaj', '.']","['mamo', ',', 'sjadaj', '.']","['mamo', 'sjadaj']",2,"Мамо, сядай.","['мамо', 'сядай']","Мамо , сядай .","Мамо , сядай .",,мамо сядай
UTT_033312,SIM,2;06.14,SIM,"po rykata, mamo.","['po', 'rykata', ',', 'mamo', '.']","['po', 'rykata', ',', 'mamo', '.']","['po', 'rykata', 'mamo']",3,"По ръката, мамо.","['по', 'ръката', 'мамо']","По ръката , мамо .","По ръката , мамо .","По ръката , мамо .",по ръката мамо
UTT_003729,ALE,1;09.19,ALE,ne shte i kapki i nos [: ne shta kapki za nos] .,"['ne', 'shte', 'i', 'kapki', 'i', 'ne', 'shta', 'kapki', 'za', 'nos', '.']","['ne', 'shte', 'i', 'kapki', 'i', 'ne', 'shta', 'kapki', 'za', 'nos', '.']","['ne', 'shte', 'i', 'kapki', 'i', 'ne', 'shta', 'kapki', 'za', 'nos']",10,Не ще и капки и нос [: не ща капки за нос] .,"['не', 'ще', 'и', 'капки', 'и', 'нос', 'не', 'ща', 'капки', 'за', 'нос']",Не ще и капки и нос .,Не не ща капки за нос .,,не не ща капки за нос
UTT_007644,ALE,2;04.09,ALE,iska da si ljaga bebeto .,"['iska', 'da', 'si', 'ljaga', 'bebeto', '.']","['iska', 'da', 'si', 'ljaga', 'bebeto', '.']","['iska', 'da', 'si', 'ljaga', 'bebeto']",5,Иска да си ляга бебето .,"['иска', 'да', 'си', 'ляга', 'бебето']",Иска да си ляга бебето .,Иска да си ляга бебето .,,иска да си ляга бебето
UTT_032039,SIM,2;05.22,SIM,daj mi malko da gledam i az.,"['daj', 'mi', 'malko', 'da', 'gledam', 'i', 'az', '.']","['daj', 'mi', 'malko', 'da', 'gledam', 'i', 'az', '.']","['daj', 'mi', 'malko', 'da', 'gledam', 'i', 'az']",7,Дай ми малко да гледам и аз.,"['дай', 'ми', 'малко', 'да', 'гледам', 'и', 'аз']",Дай ми малко да гледам и аз .,Дай ми малко да гледам и аз .,,дай ми малко да гледам и аз
UTT_004389,ALE,1;10.12,ALE,"mamo, chupi !","['mamo', ',', 'chupi', '!']","['mamo', ',', 'chupi', '!']","['mamo', 'chupi']",2,"Мамо, чупи !","['мамо', 'чупи']","Мамо , чупи !","Мамо , чупи !",,мамо чупи
UTT_000356,ALE,1;01.29,ALE,"mamo, mamo .","['mamo', ',', 'mamo', '.']","['mamo', ',', 'mamo', '.']","['mamo', 'mamo']",2,"Мамо, мамо .","['мамо', 'мамо']","Мамо , мамо .","Мамо , мамо .",,мамо мамо
UTT_005915,ALE,2;02.24,ALE,I na patenceto da j dam li ?,"['I', 'na', 'patenceto', 'da', 'j', 'dam', 'li', '?']","['i', 'na', 'patenceto', 'da', 'j', 'dam', 'li', '?']","['i', 'na', 'patenceto', 'da', 'j', 'dam', 'li']",7,И на патенцето да й дам ли ?,"['и', 'на', 'патенцето', 'да', 'й', 'дам', 'ли']",И на патенцето да й дам ли ?,И на патенцето да й дам ли ?,,и на патенцето да й дам ли
UTT_040639,TEF,,TEF,teti senni [: da sedne] .,"['teti', 'da', 'sedne', '.']","['teti', 'da', 'sedne', '.']","['teti', 'da', 'sedne']",3,Тети сенни [: да седне] .,"['тети', 'сенни', 'да', 'седне']",Тети сенни .,да седне .,,да седне
UTT_041140,TEF,,TEF,"ox, ne moga toja .","['ox', ',', 'ne', 'moga', 'toja', '.']","['ox', ',', 'ne', 'moga', 'toja', '.']","['ox', 'ne', 'moga', 'toja']",4,"Оx, не мога тоя .","['оx', 'не', 'мога', 'тоя']","Оx , не мога тоя .","Оx , не мога тоя .",,оx не мога тоя
UTT_030299,SIM,2;02.15,SIM,ucelixme ja.,"['ucelixme', 'ja', '.']","['ucelixme', 'ja', '.']","['ucelixme', 'ja']",2,Уцелиxме я.,"['уцелиxме', 'я']",Уцелиxме я .,Уцелиxме я .,,уцелиxме я
UTT_021841,SIM,1;06.27,SIM,"baba, baba .","['baba', ',', 'baba', '.']","['baba', ',', 'baba', '.']","['baba', 'baba']",2,"Баба, баба .","['баба', 'баба']","Баба , баба .","Баба , баба .",,баба баба
UTT_028869,SIM,2;00.20,SIM,vyn ima snjag.,"['vyn', 'ima', 'snjag', '.']","['vyn', 'ima', 'snjag', '.']","['vyn', 'ima', 'snjag']",3,Вън има сняг.,"['вън', 'има', 'сняг']",Вън има сняг .,Вън има сняг .,,вън има сняг
UTT_041341,TEF,2;01.16,TEF,"imam, imam !","['imam', ',', 'imam', '!']","['imam', ',', 'imam', '!']","['imam', 'imam']",2,"Имам, имам !","['имам', 'имам']","Имам , имам !","Имам , имам !",,имам имам
UTT_031953,SIM,2;05.21,SIM,"Kalojanche, nameri druga bukvichka.","['Kalojanche', ',', 'nameri', 'druga', 'bukvichka', '.']","['kalojanche', ',', 'nameri', 'druga', 'bukvichka', '.']","['kalojanche', 'nameri', 'druga', 'bukvichka']",4,"Калоянче, намери друга буквичка.","['калоянче', 'намери', 'друга', 'буквичка']","Калоянче , намери друга буквичка .","Калоянче , намери друга буквичка .",,калоянче намери друга буквичка
UTT_039174,TEF,1;11.25,TEF,Tova tuka .,"['Tova', 'tuka', '.']","['tova', 'tuka', '.']","['tova', 'tuka']",2,Това тука .,"['това', 'тука']",Това тука .,Това тука .,,това тука
UTT_028457,SIM,1;11.23,SIM,"babo, otori mi [: otvori mi] kapacheto .","['babo', ',', 'otori', 'otvori', 'mi', 'kapacheto', '.']","['babo', ',', 'otori', 'otvori', 'mi', 'kapacheto', '.']","['babo', 'otori', 'otvori', 'mi', 'kapacheto']",5,"Бабо, отори ми [: отвори ми] капачето .","['бабо', 'отори', 'ми', 'отвори', 'ми', 'капачето']","Бабо , отори ми капачето .","Бабо , отвори ми капачето .",,бабо отвори ми капачето
UTT_010158,BOG,2;04.05,BOG,ot dancheto mi kupi ot dancheto !,"['ot', 'dancheto', 'mi', 'kupi', 'ot', 'dancheto', '!']","['ot', 'dancheto', 'mi', 'kupi', 'ot', 'dancheto', '!']","['ot', 'dancheto', 'mi', 'kupi', 'ot', 'dancheto']",6,От данчето ми купи от данчето !,"['от', 'данчето', 'ми', 'купи', 'от', 'данчето']",От данчето ми купи от данчето !,От данчето ми купи от данчето !,,от данчето ми купи от данчето
UTT_041717,TEF,2;01.16,TEF,ne iskam buba .,"['ne', 'iskam', 'buba', '.']","['ne', 'iskam', 'buba', '.']","['ne', 'iskam', 'buba']",3,Не искам буба .,"['не', 'искам', 'буба']",Не искам буба .,Не искам буба .,,не искам буба
UTT_040426,TEF,2;00.09,TEF,teti tuka tolcheto [: stolcheto] .,"['teti', 'tuka', 'stolcheto', '.']","['teti', 'tuka', 'stolcheto', '.']","['teti', 'tuka', 'stolcheto']",3,Тети тука толчето [: столчето] .,"['тети', 'тука', 'толчето', 'столчето']",Тети тука толчето .,Тети тука столчето .,,тети тука столчето
UTT_033784,SIM,2;06.24,SIM,toj ne pada.,"['toj', 'ne', 'pada', '.']","['toj', 'ne', 'pada', '.']","['toj', 'ne', 'pada']",3,Той не пада.,"['той', 'не', 'пада']",Той не пада .,Той не пада .,,той не пада
UTT_031346,SIM,2;04.00,SIM,"ej, tam sa, ej tam sa.","['ej', ',', 'tam', 'sa', ',', 'ej', 'tam', 'sa', '.']","['ej', ',', 'tam', 'sa', ',', 'ej', 'tam', 'sa', '.']","['ej', 'tam', 'sa', 'ej', 'tam', 'sa']",6,"Ей, там са, ей там са.","['ей', 'там', 'са', 'ей', 'там', 'са']","Ей , там са , ей там са .","Ей , там са , ей там са .",,ей там са ей там са
UTT_019731,SIM,1;04.19,SIM,"mako [: mljako], mako [: mljako], mako [: mljako] .","['mljako', ',', 'mljako', ',', 'mljako', '.']","['mljako', ',', 'mljako', ',', 'mljako', '.']","['mljako', 'mljako', 'mljako']",3,"Мако [: мляко], мако [: мляко], мако [: мляко] .","['мако', 'мляко', 'мако', 'мляко', 'мако', 'мляко']","Мако , мако , мако .",мляко мляко мляко .,,мляко мляко мляко
UTT_029527,SIM,2;01.12,SIM,Kaljancho [: Kalojancho] rita.,"['Kalojancho', 'rita', '.']","['kalojancho', 'rita', '.']","['kalojancho', 'rita']",2,Калянчо [: калоянчо] рита.,"['калянчо', 'калоянчо', 'рита']",Калянчо рита .,калоянчо рита .,,калоянчо рита
UTT_010203,BOG,2;04.11,BOG,Tam e chicho dotor [: doktor] .,"['Tam', 'e', 'chicho', 'doktor', '.']","['tam', 'e', 'chicho', 'doktor', '.']","['tam', 'e', 'chicho', 'doktor']",4,Там е чичо дотор [: доктор] .,"['там', 'е', 'чичо', 'дотор', 'доктор']",Там е чичо дотор .,Там е чичо доктор .,,там е чичо доктор
UTT_004620,ALE,1;10.12,ALE,"didej [: nedej], mamo !","['nedej', ',', 'mamo', '!']","['nedej', ',', 'mamo', '!']","['nedej', 'mamo']",2,"Дидей [: недей], мамо !","['дидей', 'недей', 'мамо']","Дидей , мамо !",недей мамо !,,недей мамо
UTT_009828,BOG,2;03.12,BOG,namam [: njamam] da pisham !,"['njamam', 'da', 'pisham', '!']","['njamam', 'da', 'pisham', '!']","['njamam', 'da', 'pisham']",3,Намам [: нямам] да пишам !,"['намам', 'нямам', 'да', 'пишам']",Намам да пишам !,нямам да пишам !,,нямам да пишам
UTT_007781,ALE,2;04.09,ALE,kakvo e ?,"['kakvo', 'e', '?']","['kakvo', 'e', '?']","['kakvo', 'e']",2,Какво е ?,"['какво', 'е']",Какво е ?,Какво е ?,,какво е
UTT_025478,SIM,1;09.16,SIM,"bebcho, bebcho .","['bebcho', ',', 'bebcho', '.']","['bebcho', ',', 'bebcho', '.']","['bebcho', 'bebcho']",2,"Бебчо, бебчо .","['бебчо', 'бебчо']","Бебчо , бебчо .","Бебчо , бебчо .",,бебчо бебчо
UTT_027900,SIM,1;11.04,SIM,"ima, ima terija [: baterija] nuzhda njakoj ani [: smeni] terijata [: baterijata] .","['ima', ',', 'ima', 'baterija', 'nuzhda', 'njakoj', 'smeni', 'baterijata', '.']","['ima', ',', 'ima', 'baterija', 'nuzhda', 'njakoj', 'smeni', 'baterijata', '.']","['ima', 'ima', 'baterija', 'nuzhda', 'njakoj', 'smeni', 'baterijata']",7,"Има, има терия [: батерия] нужда някой ани [: смени] терията [: батерията] .","['има', 'има', 'терия', 'батерия', 'нужда', 'някой', 'ани', 'смени', 'терията', 'батерията']","Има , има терия нужда някой ани терията .","Има , има батерия нужда някой смени батерията .",,има има батерия нужда някой смени батерията
UTT_003568,ALE,1;09.19,ALE,baba paj [: pravi] pitki 0na tuj [: tova] puzhojchi [: prozorche] .,"['baba', 'pravi', 'pitki', '0na', 'tova', 'prozorche', '.']","['baba', 'pravi', 'pitki', '0na', 'tova', 'prozorche', '.']","['baba', 'pravi', 'pitki', '0na', 'tova', 'prozorche']",6,Баба пай [: прави] питки 0на туй [: това] пужойчи [: прозорче] .,"['баба', 'пай', 'прави', 'питки', '0на', 'туй', 'това', 'пужойчи', 'прозорче']",Баба пай питки туй пужойчи .,Баба прави питки това прозорче .,Баба прави питки това прозорче .,баба прави питки това прозорче
UTT_001276,ALE,1;05.08,ALE,"mamo, daj Pigi !","['mamo', ',', 'daj', 'Pigi', '!']","['mamo', ',', 'daj', 'pigi', '!']","['mamo', 'daj', 'pigi']",3,"Мамо, дай пиги !","['мамо', 'дай', 'пиги']","Мамо , дай пиги !","Мамо , дай пиги !",,мамо дай пиги
UTT_031933,SIM,2;05.21,SIM,"mamo, iskam da si pri men, mamo.","['mamo', ',', 'iskam', 'da', 'si', 'pri', 'men', ',', 'mamo', '.']","['mamo', ',', 'iskam', 'da', 'si', 'pri', 'men', ',', 'mamo', '.']","['mamo', 'iskam', 'da', 'si', 'pri', 'men', 'mamo']",7,"Мамо, искам да си при мен, мамо.","['мамо', 'искам', 'да', 'си', 'при', 'мен', 'мамо']","Мамо , искам да си при мен , мамо .","Мамо , искам да си при мен , мамо .",,мамо искам да си при мен мамо
UTT_011259,ELI,1;02.08,ELI,"ne, ne .","['ne', ',', 'ne', '.']","['ne', ',', 'ne', '.']","['ne', 'ne']",2,"Не, не .","['не', 'не']","Не , не .","Не , не .",,не не
UTT_019426,SIM,1;04.14,SIM,"alo, alo !","['alo', ',', 'alo', '!']","['alo', ',', 'alo', '!']","['alo', 'alo']",2,"Ало, ало !","['ало', 'ало']","Ало , ало !","Ало , ало !","Ало , ало !",ало ало
UTT_004018,ALE,1;09.19,ALE,sybicha [: syblicha] go .,"['syblicha', 'go', '.']","['syblicha', 'go', '.']","['syblicha', 'go']",2,Събича [: съблича] го .,"['събича', 'съблича', 'го']",Събича го .,съблича го .,,съблича го
UTT_028566,SIM,2;00.00,SIM,nosja tozi .,"['nosja', 'tozi', '.']","['nosja', 'tozi', '.']","['nosja', 'tozi']",2,Нося този .,"['нося', 'този']",Нося този .,Нося този .,,нося този
UTT_008373,BOG,2;01.12,BOG,she sa kaam [: karam] !,"['she', 'sa', 'karam', '!']","['she', 'sa', 'karam', '!']","['she', 'sa', 'karam']",3,Ше са каам [: карам] !,"['ше', 'са', 'каам', 'карам']",Ше са каам !,Ше са карам !,,ше са карам
UTT_006706,ALE,2;03.12,ALE,taja kakva e ?,"['taja', 'kakva', 'e', '?']","['taja', 'kakva', 'e', '?']","['taja', 'kakva', 'e']",3,Тая каква е ?,"['тая', 'каква', 'е']",Тая каква е ?,Тая каква е ?,,тая каква е
UTT_003132,ALE,1;08.22,ALE,ma [: mamo] daj data [: vodata] !,"['mamo', 'daj', 'vodata', '!']","['mamo', 'daj', 'vodata', '!']","['mamo', 'daj', 'vodata']",3,Ма [: мамо] дай дата [: водата] !,"['ма', 'мамо', 'дай', 'дата', 'водата']",Ма дай дата !,мамо дай водата !,,мамо дай водата
UTT_026489,SIM,1;09.29,SIM,"naduva, naduva .","['naduva', ',', 'naduva', '.']","['naduva', ',', 'naduva', '.']","['naduva', 'naduva']",2,"Надува, надува .","['надува', 'надува']","Надува , надува .","Надува , надува .",,надува надува
UTT_039859,TEF,2;00.09,TEF,ika [: Iska] bebeto bonka [: bonbonka] .,"['Iska', 'bebeto', 'bonbonka', '.']","['iska', 'bebeto', 'bonbonka', '.']","['iska', 'bebeto', 'bonbonka']",3,Ика [: иска] бебето бонка [: бонбонка] .,"['ика', 'иска', 'бебето', 'бонка', 'бонбонка']",Ика бебето бонка .,иска бебето бонбонка .,,иска бебето бонбонка
UTT_004973,ALE,1;11.14,ALE,I az sh skija [: shte skrija] igata [: igrata] !,"['I', 'az', 'sh', 'shte', 'skrija', 'igrata', '!']","['i', 'az', 'sh', 'shte', 'skrija', 'igrata', '!']","['i', 'az', 'sh', 'shte', 'skrija', 'igrata']",6,И аз ш ския [: ще скрия] игата [: играта] !,"['и', 'аз', 'ш', 'ския', 'ще', 'скрия', 'игата', 'играта']",И аз ш ския игата !,И аз ще скрия играта !,,и аз ще скрия играта
UTT_036201,SIM,2;10.04,SIM,ikam [: iskam] samo na gosti da ostanat.,"['iskam', 'samo', 'na', 'gosti', 'da', 'ostanat', '.']","['iskam', 'samo', 'na', 'gosti', 'da', 'ostanat', '.']","['iskam', 'samo', 'na', 'gosti', 'da', 'ostanat']",6,Икам [: искам] само на гости да останат.,"['икам', 'искам', 'само', 'на', 'гости', 'да', 'останат']",Икам само на гости да останат .,искам само на гости да останат .,,искам само на гости да останат
UTT_006817,ALE,2;03.12,ALE,eto gi pilencata: skok-podskok-skok .,"['eto', 'gi', 'pilencata', 'skok-podskok-skok', '.']","['eto', 'gi', 'pilencata', 'skok-podskok-skok', '.']","['eto', 'gi', 'pilencata', 'skok-podskok-skok']",4,Ето ги пиленцата: скок-подскок-скок .,"['ето', 'ги', 'пиленцата', 'скок-подскок-скок']",Ето ги пиленцата : скок-подскок-скок .,Ето ги пиленцата : скок-подскок-скок .,,ето ги пиленцата скок подскок скок
UTT_035050,SIM,2;08.16,SIM,chakame sega tati.,"['chakame', 'sega', 'tati', '.']","['chakame', 'sega', 'tati', '.']","['chakame', 'sega', 'tati']",3,Чакаме сега тати.,"['чакаме', 'сега', 'тати']",Чакаме сега тати .,Чакаме сега тати .,,чакаме сега тати
UTT_023128,SIM,1;07.28,SIM,ganica [: vyzglavnica] bebcho .,"['vyzglavnica', 'bebcho', '.']","['vyzglavnica', 'bebcho', '.']","['vyzglavnica', 'bebcho']",2,Ганица [: възглавница] бебчо .,"['ганица', 'възглавница', 'бебчо']",Ганица бебчо .,възглавница бебчо .,,възглавница бебчо
UTT_003397,ALE,1;08.22,ALE,oshte ne si !,"['oshte', 'ne', 'si', '!']","['oshte', 'ne', 'si', '!']","['oshte', 'ne', 'si']",3,Още не си !,"['още', 'не', 'си']",Още не си !,Още не си !,,още не си
UTT_022456,SIM,1;07.11,SIM,"doda [: voda], doda [: voda], doda [: voda] .","['voda', ',', 'voda', ',', 'voda', '.']","['voda', ',', 'voda', ',', 'voda', '.']","['voda', 'voda', 'voda']",3,"Дода [: вода], дода [: вода], дода [: вода] .","['дода', 'вода', 'дода', 'вода', 'дода', 'вода']","Дода , дода , дода .",вода вода вода .,,вода вода вода
UTT_010048,BOG,2;04.05,BOG,Tova e gigancho [: gligancho] .,"['Tova', 'e', 'gligancho', '.']","['tova', 'e', 'gligancho', '.']","['tova', 'e', 'gligancho']",3,Това е гиганчо [: глиганчо] .,"['това', 'е', 'гиганчо', 'глиганчо']",Това е гиганчо .,Това е глиганчо .,Това е глиганчо .,това е глиганчо
UTT_025809,SIM,1;09.17,SIM,Maus momche njama .,"['Maus', 'momche', 'njama', '.']","['maus', 'momche', 'njama', '.']","['maus', 'momche', 'njama']",3,Маус момче няма .,"['маус', 'момче', 'няма']",Маус момче няма .,Маус момче няма .,,маус момче няма
UTT_027924,SIM,1;11.04,SIM,vujcho abira [: sybira] kamyni .,"['vujcho', 'sybira', 'kamyni', '.']","['vujcho', 'sybira', 'kamyni', '.']","['vujcho', 'sybira', 'kamyni']",3,Вуйчо абира [: събира] камъни .,"['вуйчо', 'абира', 'събира', 'камъни']",Вуйчо абира камъни .,Вуйчо събира камъни .,,вуйчо събира камъни
UTT_020245,SIM,1;05.02,SIM,"kaka, kaka, kaka !","['kaka', ',', 'kaka', ',', 'kaka', '!']","['kaka', ',', 'kaka', ',', 'kaka', '!']","['kaka', 'kaka', 'kaka']",3,"Кака, кака, кака !","['кака', 'кака', 'кака']","Кака , кака , кака !","Кака , кака , кака !",,кака кака кака
UTT_006925,ALE,2;03.12,ALE,"mamo, mamo, djado Sasho si schupil kraka .","['mamo', ',', 'mamo', ',', 'djado', 'Sasho', 'si', 'schupil', 'kraka', '.']","['mamo', ',', 'mamo', ',', 'djado', 'sasho', 'si', 'schupil', 'kraka', '.']","['mamo', 'mamo', 'djado', 'sasho', 'si', 'schupil', 'kraka']",7,"Мамо, мамо, дядо сашо си счупил крака .","['мамо', 'мамо', 'дядо', 'сашо', 'си', 'счупил', 'крака']","Мамо , мамо , дядо сашо си счупил крака .","Мамо , мамо , дядо сашо си счупил крака .",,мамо мамо дядо сашо си счупил крака
UTT_041211,TEF,,TEF,to kal [: ximikal] .,"['to', 'ximikal', '.']","['to', 'ximikal', '.']","['to', 'ximikal']",2,То кал [: xимикал] .,"['то', 'кал', 'xимикал']",То кал .,То xимикал .,,то xимикал
UTT_034924,SIM,2;08.06,SIM,"ej, malyk!","['ej', ',', 'malyk!']","['ej', ',', 'malyk!']","['ej', 'malyk!']",2,"Ей, малък!","['ей', 'малък']","Ей , малък !","Ей , малък !",,ей малък
UTT_039067,TEF,1;11.25,TEF,Tova ne ikam [: iskam] .,"['Tova', 'ne', 'iskam', '.']","['tova', 'ne', 'iskam', '.']","['tova', 'ne', 'iskam']",3,Това не икам [: искам] .,"['това', 'не', 'икам', 'искам']",Това не икам .,Това не искам .,,това не искам
UTT_040620,TEF,,TEF,djado Maz [: Mraz] .,"['djado', 'Mraz', '.']","['djado', 'mraz', '.']","['djado', 'mraz']",2,Дядо маз [: мраз] .,"['дядо', 'маз', 'мраз']",Дядо маз .,Дядо мраз .,,дядо мраз
UTT_003624,ALE,1;09.19,ALE,ej sega dugoto [: drugoto] !,"['ej', 'sega', 'drugoto', '!']","['ej', 'sega', 'drugoto', '!']","['ej', 'sega', 'drugoto']",3,Ей сега дугото [: другото] !,"['ей', 'сега', 'дугото', 'другото']",Ей сега дугото !,Ей сега другото !,,ей сега другото
UTT_027308,SIM,1;10.16,SIM,djaloto [: odealoto] kydej [: kyde e] ?,"['odealoto', 'kyde', 'e', '?']","['odealoto', 'kyde', 'e', '?']","['odealoto', 'kyde', 'e']",3,Дялото [: одеалото] къдей [: къде е] ?,"['дялото', 'одеалото', 'къдей', 'къде', 'е']",Дялото къдей ?,къде е ?,,къде е
UTT_040421,TEF,2;00.09,TEF,Tam goe [: gore] .,"['Tam', 'gore', '.']","['tam', 'gore', '.']","['tam', 'gore']",2,Там гое [: горе] .,"['там', 'гое', 'горе']",Там гое .,Там горе .,,там горе
UTT_036107,SIM,2;10.03,SIM,shte ti pokazha ja.,"['shte', 'ti', 'pokazha', 'ja', '.']","['shte', 'ti', 'pokazha', 'ja', '.']","['shte', 'ti', 'pokazha', 'ja']",4,Ще ти покажа я.,"['ще', 'ти', 'покажа', 'я']",Ще ти покажа я .,Ще ти покажа я .,,ще ти покажа я
UTT_034221,SIM,2;07.07,SIM,i s Kalojancho li?,"['i', 's', 'Kalojancho', 'l', '?']","['i', 's', 'kalojancho', 'l', '?']","['i', 's', 'kalojancho', 'l']",4,И с калоянчо ли?,"['и', 'с', 'калоянчо', 'ли']",И с калоянчо ли ?,И с калоянчо ли ?,,и с калоянчо ли
UTT_019635,SIM,1;04.19,SIM,"mach [: machkam], mach [: machkam], mach [: machkam], mach [: machkam] .","['machkam', ',', 'machkam', ',', 'machkam', ',', 'machkam', '.']","['machkam', ',', 'machkam', ',', 'machkam', ',', 'machkam', '.']","['machkam', 'machkam', 'machkam', 'machkam']",4,"Мач [: мачкам], мач [: мачкам], мач [: мачкам], мач [: мачкам] .","['мач', 'мачкам', 'мач', 'мачкам', 'мач', 'мачкам', 'мач', 'мачкам']","Мач , мач , мач , мач .",мачкам мачкам мачкам мачкам .,"Мачкам , мачкам , мачкам , мачкам .",мачкам мачкам мачкам мачкам
UTT_029112,SIM,2;00.26,SIM,Kaljancho [: Kalojancho] drexi.,"['Kalojancho', 'drexi', '.']","['kalojancho', 'drexi', '.']","['kalojancho', 'drexi']",2,Калянчо [: калоянчо] дреxи.,"['калянчо', 'калоянчо', 'дреxи']",Калянчо дреxи .,калоянчо дреxи .,,калоянчо дреxи
UTT_005968,ALE,2;02.24,ALE,na mene .,"['na', 'mene', '.']","['na', 'mene', '.']","['na', 'mene']",2,На мене .,"['на', 'мене']",На мене .,На мене .,,на мене
UTT_032670,SIM,2;06.00,SIM,ot praskovki.,"['ot', 'praskovki', '.']","['ot', 'praskovki', '.']","['ot', 'praskovki']",2,От прасковки.,"['от', 'прасковки']",От прасковки .,От прасковки .,,от прасковки
UTT_004092,ALE,1;09.19,ALE,I [: v] gatite [: gashtite] .,"['v', 'gashtite', '.']","['v', 'gashtite', '.']","['v', 'gashtite']",2,И [: в] гатите [: гащите] .,"['и', 'в', 'гатите', 'гащите']",И гатите .,в гащите .,,в гащите
UTT_026915,SIM,1;10.08,SIM,"tati, tati .","['tati', ',', 'tati', '.']","['tati', ',', 'tati', '.']","['tati', 'tati']",2,"Тати, тати .","['тати', 'тати']","Тати , тати .","Тати , тати .",,тати тати
UTT_002879,ALE,1;08.22,ALE,"mamo, iskam xxx .","['mamo', ',', 'iskam', '.']","['mamo', ',', 'iskam', '.']","['mamo', 'iskam']",2,"Мамо, искам xxx .","['мамо', 'искам']","Мамо , искам xxx .","Мамо , искам xxx .",,мамо искам xxx
UTT_030470,SIM,2;02.17,SIM,a dojde djado Mraz.,"['a', 'dojde', 'djado', 'Mraz', '.']","['a', 'dojde', 'djado', 'mraz', '.']","['a', 'dojde', 'djado', 'mraz']",4,А дойде дядо мраз.,"['а', 'дойде', 'дядо', 'мраз']",А дойде дядо мраз .,А дойде дядо мраз .,,а дойде дядо мраз
UTT_039602,TEF,1;11.25,TEF,tuj pibeem [: priberem] .,"['tuj', 'priberem', '.']","['tuj', 'priberem', '.']","['tuj', 'priberem']",2,Туй пибеем [: приберем] .,"['туй', 'пибеем', 'приберем']",Туй пибеем .,Туй приберем .,,туй приберем
UTT_029211,SIM,2;01.06,SIM,"mamo, muzikata kyde e, muzikata?","['mamo', ',', 'muzikata', 'kyde', 'e', ',', 'muzikat', '?']","['mamo', ',', 'muzikata', 'kyde', 'e', ',', 'muzikat', '?']","['mamo', 'muzikata', 'kyde', 'e', 'muzikat']",5,"Мамо, музиката къде е, музиката?","['мамо', 'музиката', 'къде', 'е', 'музиката']","Мамо , музиката къде е , музиката ?","Мамо , музиката къде е , музиката ?","Мамо , музиката къде е , музиката ?",мамо музиката къде е музиката
UTT_036165,SIM,2;10.03,SIM,iska i toj botushi.,"['iska', 'i', 'toj', 'botushi', '.']","['iska', 'i', 'toj', 'botushi', '.']","['iska', 'i', 'toj', 'botushi']",4,Иска и той ботуши.,"['иска', 'и', 'той', 'ботуши']",Иска и той ботуши .,Иска и той ботуши .,,иска и той ботуши
UTT_023355,SIM,1;08.01,SIM,"baba, baba, baba .","['baba', ',', 'baba', ',', 'baba', '.']","['baba', ',', 'baba', ',', 'baba', '.']","['baba', 'baba', 'baba']",3,"Баба, баба, баба .","['баба', 'баба', 'баба']","Баба , баба , баба .","Баба , баба , баба .",,баба баба баба
UTT_024607,SIM,1;08.26,SIM,koja pesen peesh ?,"['koja', 'pesen', 'peesh', '?']","['koja', 'pesen', 'peesh', '?']","['koja', 'pesen', 'peesh']",3,Коя песен пееш ?,"['коя', 'песен', 'пееш']",Коя песен пееш ?,Коя песен пееш ?,,коя песен пееш
UTT_036700,SIM,2;11.19,SIM,samo otdolu mozhe.,"['samo', 'otdolu', 'mozhe', '.']","['samo', 'otdolu', 'mozhe', '.']","['samo', 'otdolu', 'mozhe']",3,Само отдолу може.,"['само', 'отдолу', 'може']",Само отдолу може .,Само отдолу може .,,само отдолу може
UTT_034574,SIM,2;07.22,SIM,"vidJa li, che gorchi.","['vidJa', 'li', ',', 'che', 'gorchi', '.']","['vidja', 'li', ',', 'che', 'gorchi', '.']","['vidja', 'li', 'che', 'gorchi']",4,"Видя ли, че горчи.","['видя', 'ли', 'че', 'горчи']","Видя ли , че горчи .","Видя ли , че горчи .",,видя ли че горчи
UTT_034148,SIM,2;07.03,SIM,nakyde sa moite drexi?,"['nakyde', 'sa', 'moite', 'drex', '?']","['nakyde', 'sa', 'moite', 'drex', '?']","['nakyde', 'sa', 'moite', 'drex']",4,Накъде са моите дреxи?,"['накъде', 'са', 'моите', 'дреxи']",Накъде са моите дреxи ?,Накъде са моите дреxи ?,,накъде са моите дреxи
UTT_044563,TEF,2;05.25,TEF,"njama, njama !","['njama', ',', 'njama', '!']","['njama', ',', 'njama', '!']","['njama', 'njama']",2,"Няма, няма !","['няма', 'няма']","Няма , няма !","Няма , няма !",,няма няма
UTT_027765,SIM,1;11.04,SIM,stava li ?,"['stava', 'li', '?']","['stava', 'li', '?']","['stava', 'li']",2,Става ли ?,"['става', 'ли']",Става ли ?,Става ли ?,,става ли
UTT_001266,ALE,1;05.08,ALE,oshe [: oshte] enno [: edno] !,"['oshte', 'edno', '!']","['oshte', 'edno', '!']","['oshte', 'edno']",2,Оше [: още] енно [: едно] !,"['оше', 'още', 'енно', 'едно']",Оше енно !,още едно !,,още едно
UTT_006412,ALE,2;03.12,ALE,to jade .,"['to', 'jade', '.']","['to', 'jade', '.']","['to', 'jade']",2,То яде .,"['то', 'яде']",То яде .,То яде .,,то яде
UTT_033067,SIM,2;06.03,SIM,"da, pimpesa [: princesa] sym.","['da', ',', 'princesa', 'sym', '.']","['da', ',', 'princesa', 'sym', '.']","['da', 'princesa', 'sym']",3,"Да, пимпеса [: принцеса] съм.","['да', 'пимпеса', 'принцеса', 'съм']","Да , пимпеса съм .","Да , принцеса съм .","Да , принцеса съм .",да принцеса съм
UTT_016536,ELI,1;06.21,ELI,"ne, ne .","['ne', ',', 'ne', '.']","['ne', ',', 'ne', '.']","['ne', 'ne']",2,"Не, не .","['не', 'не']","Не , не .","Не , не .",,не не
UTT_036519,SIM,2;10.09,SIM,"taka shte go spukash, taka shte go spukash.","['taka', 'shte', 'go', 'spukash', ',', 'taka', 'shte', 'go', 'spukash', '.']","['taka', 'shte', 'go', 'spukash', ',', 'taka', 'shte', 'go', 'spukash', '.']","['taka', 'shte', 'go', 'spukash', 'taka', 'shte', 'go', 'spukash']",8,"Така ще го спукаш, така ще го спукаш.","['така', 'ще', 'го', 'спукаш', 'така', 'ще', 'го', 'спукаш']","Така ще го спукаш , така ще го спукаш .","Така ще го спукаш , така ще го спукаш .",,така ще го спукаш така ще го спукаш
UTT_035850,SIM,2;09.24,SIM,zashto sled malko?,"['zashto', 'sled', 'malk', '?']","['zashto', 'sled', 'malk', '?']","['zashto', 'sled', 'malk']",3,Защо след малко?,"['защо', 'след', 'малко']",Защо след малко ?,Защо след малко ?,,защо след малко
UTT_027909,SIM,1;11.04,SIM,edinija a mama .,"['edinija', 'a', 'mama', '.']","['edinija', 'a', 'mama', '.']","['edinija', 'a', 'mama']",3,Единия а мама .,"['единия', 'а', 'мама']",Единия а мама .,Единия а мама .,,единия а мама
UTT_029029,SIM,2;00.23,SIM,"mamo, obuj si, mnogo e mrysno.","['mamo', ',', 'obuj', 'si', ',', 'mnogo', 'e', 'mrysno', '.']","['mamo', ',', 'obuj', 'si', ',', 'mnogo', 'e', 'mrysno', '.']","['mamo', 'obuj', 'si', 'mnogo', 'e', 'mrysno']",6,"Мамо, обуй си, много е мръсно.","['мамо', 'обуй', 'си', 'много', 'е', 'мръсно']","Мамо , обуй си , много е мръсно .","Мамо , обуй си , много е мръсно .",,мамо обуй си много е мръсно
UTT_036350,SIM,2;10.07,SIM,"gush, gush, gush, gush.","['gush', ',', 'gush', ',', 'gush', ',', 'gush', '.']","['gush', ',', 'gush', ',', 'gush', ',', 'gush', '.']","['gush', 'gush', 'gush', 'gush']",4,"Гуш, гуш, гуш, гуш.","['гуш', 'гуш', 'гуш', 'гуш']","Гуш , гуш , гуш , гуш .","Гуш , гуш , гуш , гуш .",,гуш гуш гуш гуш
UTT_033115,SIM,2;06.09,SIM,"Kalojancho, maxni se.","['Kalojancho', ',', 'maxni', 'se', '.']","['kalojancho', ',', 'maxni', 'se', '.']","['kalojancho', 'maxni', 'se']",3,"Калоянчо, маxни се.","['калоянчо', 'маxни', 'се']","Калоянчо , маxни се .","Калоянчо , маxни се .",,калоянчо маxни се
UTT_007671,ALE,2;04.09,ALE,az si izjadox dyvkata .,"['az', 'si', 'izjadox', 'dyvkata', '.']","['az', 'si', 'izjadox', 'dyvkata', '.']","['az', 'si', 'izjadox', 'dyvkata']",4,Аз си изядоx дъвката .,"['аз', 'си', 'изядоx', 'дъвката']",Аз си изядоx дъвката .,Аз си изядоx дъвката .,,аз си изядоx дъвката
UTT_031240,SIM,2;03.26,SIM,da vzema jaketata.,"['da', 'vzema', 'jaketata', '.']","['da', 'vzema', 'jaketata', '.']","['da', 'vzema', 'jaketata']",3,Да взема якетата.,"['да', 'взема', 'якетата']",Да взема якетата .,Да взема якетата .,,да взема якетата
UTT_028890,SIM,2;00.20,SIM,"Kaljancho [: Kalojancho], iskash li a pipnesh snega?","['Kalojancho', ',', 'iskash', 'li', 'a', 'pipnesh', 'sneg', '?']","['kalojancho', ',', 'iskash', 'li', 'a', 'pipnesh', 'sneg', '?']","['kalojancho', 'iskash', 'li', 'a', 'pipnesh', 'sneg']",6,"Калянчо [: калоянчо], искаш ли а пипнеш снега?","['калянчо', 'калоянчо', 'искаш', 'ли', 'а', 'пипнеш', 'снега']","Калянчо , искаш ли а пипнеш снега ?",калоянчо искаш ли а пипнеш снега ?,,калоянчо искаш ли а пипнеш снега
UTT_019720,SIM,1;04.19,SIM,"mami, mami, mami .","['mami', ',', 'mami', ',', 'mami', '.']","['mami', ',', 'mami', ',', 'mami', '.']","['mami', 'mami', 'mami']",3,"Мами, мами, мами .","['мами', 'мами', 'мами']","Мами , мами , мами .","Мами , мами , мами .",,мами мами мами
UTT_034723,SIM,2;07.29,SIM,iska da go.,"['iska', 'da', 'go', '.']","['iska', 'da', 'go', '.']","['iska', 'da', 'go']",3,Иска да го.,"['иска', 'да', 'го']",Иска да го .,Иска да го .,,иска да го
UTT_034690,SIM,2;07.29,SIM,golemite mi korabi do malkite igrachki.,"['golemite', 'mi', 'korabi', 'do', 'malkite', 'igrachki', '.']","['golemite', 'mi', 'korabi', 'do', 'malkite', 'igrachki', '.']","['golemite', 'mi', 'korabi', 'do', 'malkite', 'igrachki']",6,Големите ми кораби до малките играчки.,"['големите', 'ми', 'кораби', 'до', 'малките', 'играчки']",Големите ми кораби до малките играчки .,Големите ми кораби до малките играчки .,,големите ми кораби до малките играчки
UTT_037473,TEF,1;08.00,TEF,"papa, papa .","['papa', ',', 'papa', '.']","['papa', ',', 'papa', '.']","['papa', 'papa']",2,"Папа, папа .","['папа', 'папа']","Папа , папа .","Папа , папа .","Папа , папа .",папа папа
UTT_033985,SIM,2;06.26,SIM,iska kartof.,"['iska', 'kartof', '.']","['iska', 'kartof', '.']","['iska', 'kartof']",2,Иска картоф.,"['иска', 'картоф']",Иска картоф .,Иска картоф .,,иска картоф
UTT_024179,SIM,1;08.14,SIM,"ketchi [: buketche], ketchi [: buketche], ketchi [: buketche] .","['buketche', ',', 'buketche', ',', 'buketche', '.']","['buketche', ',', 'buketche', ',', 'buketche', '.']","['buketche', 'buketche', 'buketche']",3,"Кетчи [: букетче], кетчи [: букетче], кетчи [: букетче] .","['кетчи', 'букетче', 'кетчи', 'букетче', 'кетчи', 'букетче']","Кетчи , кетчи , кетчи .",букетче букетче букетче .,"Букетче , букетче букетче .",букетче букетче букетче
UTT_025802,SIM,1;09.17,SIM,a dugata [: drugata] .,"['a', 'drugata', '.']","['a', 'drugata', '.']","['a', 'drugata']",2,А дугата [: другата] .,"['а', 'дугата', 'другата']",А дугата .,А другата .,,а другата
UTT_020477,SIM,1;05.10,SIM,"chicho, chicho, chicho .","['chicho', ',', 'chicho', ',', 'chicho', '.']","['chicho', ',', 'chicho', ',', 'chicho', '.']","['chicho', 'chicho', 'chicho']",3,"Чичо, чичо, чичо .","['чичо', 'чичо', 'чичо']","Чичо , чичо , чичо .","Чичо , чичо , чичо .",,чичо чичо чичо
UTT_030788,SIM,2;02.21,SIM,ne davam.,"['ne', 'davam', '.']","['ne', 'davam', '.']","['ne', 'davam']",2,Не давам.,"['не', 'давам']",Не давам .,Не давам .,,не давам
UTT_007083,ALE,2;03.12,ALE,"stolche, mravka .","['stolche', ',', 'mravka', '.']","['stolche', ',', 'mravka', '.']","['stolche', 'mravka']",2,"Столче, мравка .","['столче', 'мравка']","Столче , мравка .","Столче , мравка .",,столче мравка
UTT_034499,SIM,2;07.20,SIM,tova moeto li e?,"['tova', 'moeto', 'li', '?']","['tova', 'moeto', 'li', '?']","['tova', 'moeto', 'li']",3,Това моето ли е?,"['това', 'моето', 'ли', 'е']",Това моето ли е ?,Това моето ли е ?,,това моето ли е
UTT_029670,SIM,2;01.25,SIM,"izjada [: izjam] cjalata mama, az sym vylk.","['izjam', 'cjalata', 'mama', ',', 'az', 'sym', 'vylk', '.']","['izjam', 'cjalata', 'mama', ',', 'az', 'sym', 'vylk', '.']","['izjam', 'cjalata', 'mama', 'az', 'sym', 'vylk']",6,"Изяда [: изям] цялата мама, аз съм вълк.","['изяда', 'изям', 'цялата', 'мама', 'аз', 'съм', 'вълк']","Изяда цялата мама , аз съм вълк .","изям цялата мама , аз съм вълк .",,изям цялата мама аз съм вълк
UTT_033583,SIM,2;06.19,SIM,"ajde, slozhi mi go.","['ajde', ',', 'slozhi', 'mi', 'go', '.']","['ajde', ',', 'slozhi', 'mi', 'go', '.']","['ajde', 'slozhi', 'mi', 'go']",4,"Айде, сложи ми го.","['айде', 'сложи', 'ми', 'го']","Айде , сложи ми го .","Айде , сложи ми го .",,айде сложи ми го
UTT_026753,SIM,1;10.03,SIM,tuka kakaoto byrkalkata .,"['tuka', 'kakaoto', 'byrkalkata', '.']","['tuka', 'kakaoto', 'byrkalkata', '.']","['tuka', 'kakaoto', 'byrkalkata']",3,Тука какаото бъркалката .,"['тука', 'какаото', 'бъркалката']",Тука какаото бъркалката .,Тука какаото бъркалката .,,тука какаото бъркалката
UTT_032728,SIM,2;06.00,SIM,"mamo, kyde e baba Keti?","['mamo', ',', 'kyde', 'e', 'baba', 'Ket', '?']","['mamo', ',', 'kyde', 'e', 'baba', 'ket', '?']","['mamo', 'kyde', 'e', 'baba', 'ket']",5,"Мамо, къде е баба кети?","['мамо', 'къде', 'е', 'баба', 'кети']","Мамо , къде е баба кети ?","Мамо , къде е баба кети ?","Мамо , къде е баба кети ?",мамо къде е баба кети
UTT_034185,SIM,2;07.03,SIM,pyrvo da maxnem tezi drexi.,"['pyrvo', 'da', 'maxnem', 'tezi', 'drexi', '.']","['pyrvo', 'da', 'maxnem', 'tezi', 'drexi', '.']","['pyrvo', 'da', 'maxnem', 'tezi', 'drexi']",5,Първо да маxнем тези дреxи.,"['първо', 'да', 'маxнем', 'тези', 'дреxи']",Първо да маxнем тези дреxи .,Първо да маxнем тези дреxи .,,първо да маxнем тези дреxи
UTT_002964,ALE,1;08.22,ALE,buli bujaka [: morjaka] .,"['buli', 'morjaka', '.']","['buli', 'morjaka', '.']","['buli', 'morjaka']",2,Були буяка [: моряка] .,"['були', 'буяка', 'моряка']",Були буяка .,Були моряка .,,були моряка
UTT_040321,TEF,2;00.09,TEF,tetito tuka byka [: byrka] .,"['tetito', 'tuka', 'byrka', '.']","['tetito', 'tuka', 'byrka', '.']","['tetito', 'tuka', 'byrka']",3,Тетито тука бъка [: бърка] .,"['тетито', 'тука', 'бъка', 'бърка']",Тетито тука бъка .,Тетито тука бърка .,,тетито тука бърка
UTT_019538,SIM,1;04.14,SIM,"jazh, jazh .","['jazh', ',', 'jazh', '.']","['jazh', ',', 'jazh', '.']","['jazh', 'jazh']",2,"Яж, яж .","['яж', 'яж']","Яж , яж .","Яж , яж .",,яж яж
UTT_032922,SIM,2;06.02,SIM,"ne, pravja ja s +...","['ne', ',', 'pravja', 'ja', 's', '...']","['ne', ',', 'pravja', 'ja', 's', '...']","['ne', 'pravja', 'ja', 's', '...']",5,"Не, правя я с +...","['не', 'правя', 'я', 'с']","Не , правя я с . . .","Не , правя я с . . .","Не , правя я с ххх ",не правя я с
UTT_023293,SIM,1;08.01,SIM,"momar [: komar], momar [: komar] .","['komar', ',', 'komar', '.']","['komar', ',', 'komar', '.']","['komar', 'komar']",2,"Момар [: комар], момар [: комар] .","['момар', 'комар', 'момар', 'комар']","Момар , момар .",комар комар .,,комар комар
UTT_024034,SIM,1;08.13,SIM,"orira [: shofira], orira [: shofira], orira [: shofira], orira [: shofira] .","['shofira', ',', 'shofira', ',', 'shofira', ',', 'shofira', '.']","['shofira', ',', 'shofira', ',', 'shofira', ',', 'shofira', '.']","['shofira', 'shofira', 'shofira', 'shofira']",4,"Орира [: шофира], орира [: шофира], орира [: шофира], орира [: шофира] .","['орира', 'шофира', 'орира', 'шофира', 'орира', 'шофира', 'орира', 'шофира']","Орира , орира , орира , орира .",шофира шофира шофира шофира .,,шофира шофира шофира шофира
UTT_001341,ALE,1;05.08,ALE,"sako [: svako], baba, djado, baba, baba .","['svako', ',', 'baba', ',', 'djado', ',', 'baba', ',', 'baba', '.']","['svako', ',', 'baba', ',', 'djado', ',', 'baba', ',', 'baba', '.']","['svako', 'baba', 'djado', 'baba', 'baba']",5,"Сако [: свако], баба, дядо, баба, баба .","['сако', 'свако', 'баба', 'дядо', 'баба', 'баба']","Сако , баба , дядо , баба , баба .","свако баба , дядо , баба , баба .",,свако баба дядо баба баба
UTT_031097,SIM,2;03.16,SIM,kyde e boba.,"['kyde', 'e', 'boba', '.']","['kyde', 'e', 'boba', '.']","['kyde', 'e', 'boba']",3,Къде е боба.,"['къде', 'е', 'боба']",Къде е боба .,Къде е боба .,,къде е боба
UTT_008718,BOG,2;01.13,BOG,"izjade tebe pyscheto [: prystcheto], mamo !","['izjade', 'tebe', 'prystcheto', ',', 'mamo', '!']","['izjade', 'tebe', 'prystcheto', ',', 'mamo', '!']","['izjade', 'tebe', 'prystcheto', 'mamo']",4,"Изяде тебе пъсчето [: пръстчето], мамо !","['изяде', 'тебе', 'пъсчето', 'пръстчето', 'мамо']","Изяде тебе пъсчето , мамо !",Изяде тебе пръстчето мамо !,,изяде тебе пръстчето мамо
UTT_039446,TEF,1;11.25,TEF,ej kova [: takova] !,"['ej', 'takova', '!']","['ej', 'takova', '!']","['ej', 'takova']",2,Ей кова [: такова] !,"['ей', 'кова', 'такова']",Ей кова !,Ей такова !,,ей такова
UTT_033467,SIM,2;06.18,SIM,da sa se udarili i da plachat.,"['da', 'sa', 'se', 'udarili', 'i', 'da', 'plachat', '.']","['da', 'sa', 'se', 'udarili', 'i', 'da', 'plachat', '.']","['da', 'sa', 'se', 'udarili', 'i', 'da', 'plachat']",7,Да са се ударили и да плачат.,"['да', 'са', 'се', 'ударили', 'и', 'да', 'плачат']",Да са се ударили и да плачат .,Да са се ударили и да плачат .,Да са се ударили и да плачат .,да са се ударили и да плачат
UTT_006136,ALE,2;02.24,ALE,mnogo mi e pijatno [: prijatno] !,"['mnogo', 'mi', 'e', 'prijatno', '!']","['mnogo', 'mi', 'e', 'prijatno', '!']","['mnogo', 'mi', 'e', 'prijatno']",4,Много ми е пиятно [: приятно] !,"['много', 'ми', 'е', 'пиятно', 'приятно']",Много ми е пиятно !,Много ми е приятно !,,много ми е приятно
UTT_025816,SIM,1;09.17,SIM,"nee, ne .","['nee', ',', 'ne', '.']","['nee', ',', 'ne', '.']","['nee', 'ne']",2,"Нее, не .","['нее', 'не']","Нее , не .","Нее , не .",,нее не
UTT_032011,SIM,2;05.21,SIM,"tazi e goljamata, tazi e malkata.","['tazi', 'e', 'goljamata', ',', 'tazi', 'e', 'malkata', '.']","['tazi', 'e', 'goljamata', ',', 'tazi', 'e', 'malkata', '.']","['tazi', 'e', 'goljamata', 'tazi', 'e', 'malkata']",6,"Тази е голямата, тази е малката.","['тази', 'е', 'голямата', 'тази', 'е', 'малката']","Тази е голямата , тази е малката .","Тази е голямата , тази е малката .","Тази е голямата , тази е малката .",тази е голямата тази е малката
UTT_005805,ALE,2;02.24,ALE,ne iskam da mi namazhesh gyltoto [: gyrloto] .,"['ne', 'iskam', 'da', 'mi', 'namazhesh', 'gyrloto', '.']","['ne', 'iskam', 'da', 'mi', 'namazhesh', 'gyrloto', '.']","['ne', 'iskam', 'da', 'mi', 'namazhesh', 'gyrloto']",6,Не искам да ми намажеш гълтото [: гърлото] .,"['не', 'искам', 'да', 'ми', 'намажеш', 'гълтото', 'гърлото']",Не искам да ми намажеш гълтото .,Не искам да ми намажеш гърлото .,,не искам да ми намажеш гърлото
UTT_024387,SIM,1;08.22,SIM,"ej, bebe .","['ej', ',', 'bebe', '.']","['ej', ',', 'bebe', '.']","['ej', 'bebe']",2,"Ей, бебе .","['ей', 'бебе']","Ей , бебе .","Ей , бебе .",,ей бебе
UTT_034945,SIM,2;08.06,SIM,eto gi golemite j topcheta.,"['eto', 'gi', 'golemite', 'j', 'topcheta', '.']","['eto', 'gi', 'golemite', 'j', 'topcheta', '.']","['eto', 'gi', 'golemite', 'j', 'topcheta']",5,Ето ги големите й топчета.,"['ето', 'ги', 'големите', 'й', 'топчета']",Ето ги големите й топчета .,Ето ги големите й топчета .,,ето ги големите й топчета
UTT_032268,SIM,2;05.28,SIM,na dve.,"['na', 'dve', '.']","['na', 'dve', '.']","['na', 'dve']",2,На две.,"['на', 'две']",На две .,На две .,,на две
UTT_031242,SIM,2;03.26,SIM,otivam da vzema jaketata.,"['otivam', 'da', 'vzema', 'jaketata', '.']","['otivam', 'da', 'vzema', 'jaketata', '.']","['otivam', 'da', 'vzema', 'jaketata']",4,Отивам да взема якетата.,"['отивам', 'да', 'взема', 'якетата']",Отивам да взема якетата .,Отивам да взема якетата .,,отивам да взема якетата
UTT_031308,SIM,2;04.00,SIM,"igraem s mrysnoto balonche, igraem s mrysnoto.","['igraem', 's', 'mrysnoto', 'balonche', ',', 'igraem', 's', 'mrysnoto', '.']","['igraem', 's', 'mrysnoto', 'balonche', ',', 'igraem', 's', 'mrysnoto', '.']","['igraem', 's', 'mrysnoto', 'balonche', 'igraem', 's', 'mrysnoto']",7,"Играем с мръсното балонче, играем с мръсното.","['играем', 'с', 'мръсното', 'балонче', 'играем', 'с', 'мръсното']","Играем с мръсното балонче , играем с мръсното .","Играем с мръсното балонче , играем с мръсното .",,играем с мръсното балонче играем с мръсното
UTT_033955,SIM,2;06.26,SIM,az se naxranix.,"['az', 'se', 'naxranix', '.']","['az', 'se', 'naxranix', '.']","['az', 'se', 'naxranix']",3,Аз се наxраниx.,"['аз', 'се', 'наxраниx']",Аз се наxраниx .,Аз се наxраниx .,,аз се наxраниx
UTT_043895,TEF,2;04.21,TEF,"ti, dunda, ti, dunda, ti, dunda !","['ti', ',', 'dunda', ',', 'ti', ',', 'dunda', ',', 'ti', ',', 'dunda', '!']","['ti', ',', 'dunda', ',', 'ti', ',', 'dunda', ',', 'ti', ',', 'dunda', '!']","['ti', 'dunda', 'ti', 'dunda', 'ti', 'dunda']",6,"Ти, дунда, ти, дунда, ти, дунда !","['ти', 'дунда', 'ти', 'дунда', 'ти', 'дунда']","Ти , дунда , ти , дунда , ти , дунда !","Ти , дунда , ти , дунда , ти , дунда !",,ти дунда ти дунда ти дунда
UTT_024330,SIM,1;08.17,SIM,"koteto, koteto, koteto .","['koteto', ',', 'koteto', ',', 'koteto', '.']","['koteto', ',', 'koteto', ',', 'koteto', '.']","['koteto', 'koteto', 'koteto']",3,"Котето, котето, котето .","['котето', 'котето', 'котето']","Котето , котето , котето .","Котето , котето , котето .",,котето котето котето
UTT_029018,SIM,2;00.23,SIM,i pochna a meta.,"['i', 'pochna', 'a', 'meta', '.']","['i', 'pochna', 'a', 'meta', '.']","['i', 'pochna', 'a', 'meta']",4,И почна а мета.,"['и', 'почна', 'а', 'мета']",И почна а мета .,И почна а мета .,,и почна а мета
UTT_020734,SIM,1;05.16,SIM,"slusha, slusha .","['slusha', ',', 'slusha', '.']","['slusha', ',', 'slusha', '.']","['slusha', 'slusha']",2,"Слуша, слуша .","['слуша', 'слуша']","Слуша , слуша .","Слуша , слуша .",,слуша слуша
UTT_002910,ALE,1;08.22,ALE,doba [: dobra] e .,"['dobra', 'e', '.']","['dobra', 'e', '.']","['dobra', 'e']",2,Доба [: добра] е .,"['доба', 'добра', 'е']",Доба е .,добра е .,,добра е
UTT_041238,TEF,2;01.16,TEF,dam shokolata [: shokolada] .,"['dam', 'shokolada', '.']","['dam', 'shokolada', '.']","['dam', 'shokolada']",2,Дам шоколата [: шоколада] .,"['дам', 'шоколата', 'шоколада']",Дам шоколата .,Дам шоколада .,Дам шоколада .,дам шоколада
UTT_042693,TEF,2;03.24,TEF,izh [: vizh] ima bada [: brada] tuj !,"['vizh', 'ima', 'brada', 'tuj', '!']","['vizh', 'ima', 'brada', 'tuj', '!']","['vizh', 'ima', 'brada', 'tuj']",4,Иж [: виж] има бада [: брада] туй !,"['иж', 'виж', 'има', 'бада', 'брада', 'туй']",Иж има бада туй !,виж има брада туй !,,виж има брада туй
UTT_031319,SIM,2;04.00,SIM,vizh kyshti nash.,"['vizh', 'kyshti', 'nash', '.']","['vizh', 'kyshti', 'nash', '.']","['vizh', 'kyshti', 'nash']",3,Виж къщи наш.,"['виж', 'къщи', 'наш']",Виж къщи наш .,Виж къщи наш .,,виж къщи наш
UTT_009740,BOG,2;03.12,BOG,na akata [: rykata] .,"['na', 'rykata', '.']","['na', 'rykata', '.']","['na', 'rykata']",2,На аката [: ръката] .,"['на', 'аката', 'ръката']",На аката .,На ръката .,,на ръката
UTT_004150,ALE,1;10.12,ALE,goni gi .,"['goni', 'gi', '.']","['goni', 'gi', '.']","['goni', 'gi']",2,Гони ги .,"['гони', 'ги']",Гони ги .,Гони ги .,,гони ги
UTT_042329,TEF,2;02.16,TEF,chupi [: schupi se] .,"['schupi', 'se', '.']","['schupi', 'se', '.']","['schupi', 'se']",2,Чупи [: счупи се] .,"['чупи', 'счупи', 'се']",Чупи .,счупи се .,,счупи се
UTT_005733,ALE,2;02.24,ALE,kakvo e tova tuka ?,"['kakvo', 'e', 'tova', 'tuka', '?']","['kakvo', 'e', 'tova', 'tuka', '?']","['kakvo', 'e', 'tova', 'tuka']",4,Какво е това тука ?,"['какво', 'е', 'това', 'тука']",Какво е това тука ?,Какво е това тука ?,,какво е това тука
UTT_026270,SIM,1;09.23,SIM,"kako kasiva [: krasiva], kasiva [: krasiva] .","['kako', 'krasiva', ',', 'krasiva', '.']","['kako', 'krasiva', ',', 'krasiva', '.']","['kako', 'krasiva', 'krasiva']",3,"Како касива [: красива], касива [: красива] .","['како', 'касива', 'красива', 'касива', 'красива']","Како касива , касива .",Како красива красива .,"Како красива , красива .",како красива красива
UTT_041185,TEF,,TEF,mogna [: pomogna] ticata [: na decata] .,"['pomogna', 'na', 'decata', '.']","['pomogna', 'na', 'decata', '.']","['pomogna', 'na', 'decata']",3,Могна [: помогна] тицата [: на децата] .,"['могна', 'помогна', 'тицата', 'на', 'децата']",Могна тицата .,на децата .,,на децата
UTT_044088,TEF,2;04.21,TEF,njama mijsh [: da miesh] kosata !,"['njama', 'da', 'miesh', 'kosata', '!']","['njama', 'da', 'miesh', 'kosata', '!']","['njama', 'da', 'miesh', 'kosata']",4,Няма мийш [: да миеш] косата !,"['няма', 'мийш', 'да', 'миеш', 'косата']",Няма мийш косата !,да миеш косата !,,да миеш косата
UTT_029184,SIM,2;01.05,SIM,kotetata chakat.,"['kotetata', 'chakat', '.']","['kotetata', 'chakat', '.']","['kotetata', 'chakat']",2,Котетата чакат.,"['котетата', 'чакат']",Котетата чакат .,Котетата чакат .,Котетата чакат .,котетата чакат
UTT_043724,TEF,2;04.21,TEF,nula pet .,"['nula', 'pet', '.']","['nula', 'pet', '.']","['nula', 'pet']",2,Нула пет .,"['нула', 'пет']",Нула пет .,Нула пет .,,нула пет
UTT_025410,SIM,1;09.16,SIM,mama mazhe .,"['mama', 'mazhe', '.']","['mama', 'mazhe', '.']","['mama', 'mazhe']",2,Мама маже .,"['мама', 'маже']",Мама маже .,Мама маже .,Мама маже .,мама маже
UTT_040109,TEF,2;00.09,TEF,bee [: Shte se sybere] !,"['Shte', 'se', 'sybere', '!']","['shte', 'se', 'sybere', '!']","['shte', 'se', 'sybere']",3,Бее [: ще се събере] !,"['бее', 'ще', 'се', 'събере']",Бее !,ще се събере !,,ще се събере
UTT_031874,SIM,2;05.03,SIM,ne go amkaj [: izjazhdaj]!,"['ne', 'go', 'izjazhdaj', '!']","['ne', 'go', 'izjazhdaj', '!']","['ne', 'go', 'izjazhdaj']",3,Не го амкай [: изяждай]!,"['не', 'го', 'амкай', 'изяждай']",Не го амкай !,Не го изяждай,,не го изяждай
UTT_044026,TEF,2;04.21,TEF,ne nam [: znam] be .,"['ne', 'znam', 'be', '.']","['ne', 'znam', 'be', '.']","['ne', 'znam', 'be']",3,Не нам [: знам] бе .,"['не', 'нам', 'знам', 'бе']",Не нам бе .,Не знам бе .,,не знам бе
UTT_007706,ALE,2;04.09,ALE,kakvo narisuva pak ?,"['kakvo', 'narisuva', 'pak', '?']","['kakvo', 'narisuva', 'pak', '?']","['kakvo', 'narisuva', 'pak']",3,Какво нарисува пак ?,"['какво', 'нарисува', 'пак']",Какво нарисува пак ?,Какво нарисува пак ?,,какво нарисува пак
UTT_025180,SIM,1;09.04,SIM,"aaa, kola vleze mama .","['aaa', ',', 'kola', 'vleze', 'mama', '.']","['aaa', ',', 'kola', 'vleze', 'mama', '.']","['aaa', 'kola', 'vleze', 'mama']",4,"Ааа, кола влезе мама .","['ааа', 'кола', 'влезе', 'мама']","Ааа , кола влезе мама .","Ааа , кола влезе мама .",,ааа кола влезе мама
UTT_010055,BOG,2;04.05,BOG,"gozde [: grozde], gozde [: grozde] !","['grozde', ',', 'grozde', '!']","['grozde', ',', 'grozde', '!']","['grozde', 'grozde']",2,"Гозде [: грозде], гозде [: грозде] !","['гозде', 'грозде', 'гозде', 'грозде']","Гозде , гозде !",грозде грозде !,,грозде грозде
UTT_031343,SIM,2;04.00,SIM,"aj, mnogo igraesh ti!","['aj', ',', 'mnogo', 'igraesh', 'ti!']","['aj', ',', 'mnogo', 'igraesh', 'ti!']","['aj', 'mnogo', 'igraesh', 'ti!']",4,"Ай, много играеш ти!","['ай', 'много', 'играеш', 'ти']","Ай , много играеш ти !","Ай , много играеш ти !",,ай много играеш ти
UTT_033977,SIM,2;06.26,SIM,shte dam.,"['shte', 'dam', '.']","['shte', 'dam', '.']","['shte', 'dam']",2,Ще дам.,"['ще', 'дам']",Ще дам .,Ще дам .,Ще дам .,ще дам
UTT_027440,SIM,1;10.22,SIM,vsichki sednali .,"['vsichki', 'sednali', '.']","['vsichki', 'sednali', '.']","['vsichki', 'sednali']",2,Всички седнали .,"['всички', 'седнали']",Всички седнали .,Всички седнали .,,всички седнали
UTT_009277,BOG,2;03.00,BOG,u varna .,"['u', 'varna', '.']","['u', 'varna', '.']","['u', 'varna']",2,У варна .,"['у', 'варна']",У варна .,У варна .,,у варна
UTT_036450,SIM,2;10.09,SIM,ko [: kakvo] tova e?,"['kakvo', 'tova', '?']","['kakvo', 'tova', '?']","['kakvo', 'tova']",2,Ко [: какво] това е?,"['ко', 'какво', 'това', 'е']",Ко това е ?,какво това е ?,,какво това е
UTT_034080,SIM,2;07.00,SIM,Kalojan ima li obuvki?,"['Kalojan', 'ima', 'li', 'obuvk', '?']","['kalojan', 'ima', 'li', 'obuvk', '?']","['kalojan', 'ima', 'li', 'obuvk']",4,Калоян има ли обувки?,"['калоян', 'има', 'ли', 'обувки']",Калоян има ли обувки ?,Калоян има ли обувки ?,,калоян има ли обувки
UTT_002730,ALE,1;07.20,ALE,"mamo, senna [: da sedna] .","['mamo', ',', 'da', 'sedna', '.']","['mamo', ',', 'da', 'sedna', '.']","['mamo', 'da', 'sedna']",3,"Мамо, сенна [: да седна] .","['мамо', 'сенна', 'да', 'седна']","Мамо , сенна .",да седна .,,да седна
UTT_009955,BOG,2;04.05,BOG,a [: na] tati .,"['na', 'tati', '.']","['na', 'tati', '.']","['na', 'tati']",2,А [: на] тати .,"['а', 'на', 'тати']",А тати .,на тати .,,на тати
UTT_008303,BOG,2;01.12,BOG,mama kava [: krava] .,"['mama', 'krava', '.']","['mama', 'krava', '.']","['mama', 'krava']",2,Мама кава [: крава] .,"['мама', 'кава', 'крава']",Мама кава .,Мама крава .,,мама крава
UTT_032908,SIM,2;06.02,SIM,"kyde e negovata bukvichka, kyde e negovata?","['kyde', 'e', 'negovata', 'bukvichka', ',', 'kyde', 'e', 'negovat', '?']","['kyde', 'e', 'negovata', 'bukvichka', ',', 'kyde', 'e', 'negovat', '?']","['kyde', 'e', 'negovata', 'bukvichka', 'kyde', 'e', 'negovat']",7,"Къде е неговата буквичка, къде е неговата?","['къде', 'е', 'неговата', 'буквичка', 'къде', 'е', 'неговата']","Къде е неговата буквичка , къде е неговата ?","Къде е неговата буквичка , къде е неговата ?",,къде е неговата буквичка къде е неговата
UTT_001308,ALE,1;05.08,ALE,"ej, kaka Techi i tja tuk .","['ej', ',', 'kaka', 'Techi', 'i', 'tja', 'tuk', '.']","['ej', ',', 'kaka', 'techi', 'i', 'tja', 'tuk', '.']","['ej', 'kaka', 'techi', 'i', 'tja', 'tuk']",6,"Ей, кака течи и тя тук .","['ей', 'кака', 'течи', 'и', 'тя', 'тук']","Ей , кака течи и тя тук .","Ей , кака течи и тя тук .",,ей кака течи и тя тук
UTT_039095,TEF,1;11.25,TEF,ika [: iskam] pak bekam [: da byrkam] !,"['iskam', 'pak', 'da', 'byrkam', '!']","['iskam', 'pak', 'da', 'byrkam', '!']","['iskam', 'pak', 'da', 'byrkam']",4,Ика [: искам] пак бекам [: да бъркам] !,"['ика', 'искам', 'пак', 'бекам', 'да', 'бъркам']",Ика пак бекам !,искам да бъркам !,,искам да бъркам
UTT_006275,ALE,2;02.24,ALE,na uchilishte .,"['na', 'uchilishte', '.']","['na', 'uchilishte', '.']","['na', 'uchilishte']",2,На училище .,"['на', 'училище']",На училище .,На училище .,,на училище
UTT_020842,SIM,1;05.18,SIM,"papi [: chorapi], papi [: chorapi] .","['chorapi', ',', 'chorapi', '.']","['chorapi', ',', 'chorapi', '.']","['chorapi', 'chorapi']",2,"Папи [: чорапи], папи [: чорапи] .","['папи', 'чорапи', 'папи', 'чорапи']","Папи , папи .",чорапи чорапи .,,чорапи чорапи
UTT_004145,ALE,1;10.12,ALE,"mamo, panna [: padna] tyubichkata [: stylbichkata] .","['mamo', ',', 'padna', 'stylbichkata', '.']","['mamo', ',', 'padna', 'stylbichkata', '.']","['mamo', 'padna', 'stylbichkata']",3,"Мамо, панна [: падна] тюбичката [: стълбичката] .","['мамо', 'панна', 'падна', 'тюбичката', 'стълбичката']","Мамо , панна тюбичката .","Мамо , падна стълбичката .",,мамо падна стълбичката
UTT_025841,SIM,1;09.17,SIM,"dypam [: dyrpam], dypam [: dyrpam] .","['dyrpam', ',', 'dyrpam', '.']","['dyrpam', ',', 'dyrpam', '.']","['dyrpam', 'dyrpam']",2,"Дъпам [: дърпам], дъпам [: дърпам] .","['дъпам', 'дърпам', 'дъпам', 'дърпам']","Дъпам , дъпам .",дърпам дърпам .,,дърпам дърпам
UTT_028307,SIM,1;11.14,SIM,bebcho plache kak .,"['bebcho', 'plache', 'kak', '.']","['bebcho', 'plache', 'kak', '.']","['bebcho', 'plache', 'kak']",3,Бебчо плаче как .,"['бебчо', 'плаче', 'как']",Бебчо плаче как .,Бебчо плаче как .,,бебчо плаче как
UTT_033346,SIM,2;06.14,SIM,tazi li ili onazi?,"['tazi', 'li', 'ili', 'onaz', '?']","['tazi', 'li', 'ili', 'onaz', '?']","['tazi', 'li', 'ili', 'onaz']",4,Тази ли или онази?,"['тази', 'ли', 'или', 'онази']",Тази ли или онази ?,Тази ли или онази ?,,тази ли или онази
UTT_029399,SIM,2;01.10,SIM,"ima dupka, mamo.","['ima', 'dupka', ',', 'mamo', '.']","['ima', 'dupka', ',', 'mamo', '.']","['ima', 'dupka', 'mamo']",3,"Има дупка, мамо.","['има', 'дупка', 'мамо']","Има дупка , мамо .","Има дупка , мамо .",,има дупка мамо
UTT_025470,SIM,1;09.16,SIM,"pusni shalkata [: slushalkata], pusni .","['pusni', 'slushalkata', ',', 'pusni', '.']","['pusni', 'slushalkata', ',', 'pusni', '.']","['pusni', 'slushalkata', 'pusni']",3,"Пусни шалката [: слушалката], пусни .","['пусни', 'шалката', 'слушалката', 'пусни']","Пусни шалката , пусни .",Пусни слушалката пусни .,,пусни слушалката пусни
UTT_041557,TEF,2;01.16,TEF,ko [: kakvo] tam ima ?,"['kakvo', 'tam', 'ima', '?']","['kakvo', 'tam', 'ima', '?']","['kakvo', 'tam', 'ima']",3,Ко [: какво] там има ?,"['ко', 'какво', 'там', 'има']",Ко там има ?,какво там има ?,,какво там има
UTT_030842,SIM,2;03.00,SIM,toj myrda.,"['toj', 'myrda', '.']","['toj', 'myrda', '.']","['toj', 'myrda']",2,Той мърда.,"['той', 'мърда']",Той мърда .,Той мърда .,,той мърда
UTT_031994,SIM,2;05.21,SIM,"mamo, az se amorix [: izmorix].","['mamo', ',', 'az', 'se', 'izmorix', '.']","['mamo', ',', 'az', 'se', 'izmorix', '.']","['mamo', 'az', 'se', 'izmorix']",4,"Мамо, аз се амориx [: измориx].","['мамо', 'аз', 'се', 'амориx', 'измориx']","Мамо , аз се амориx .","Мамо , аз се измориx",,мамо аз се измориx
UTT_030206,SIM,2;02.15,SIM,"mamo, molja te, molja te!","['mamo', ',', 'molja', 'te', ',', 'molja', 'te!']","['mamo', ',', 'molja', 'te', ',', 'molja', 'te!']","['mamo', 'molja', 'te', 'molja', 'te!']",5,"Мамо, моля те, моля те!","['мамо', 'моля', 'те', 'моля', 'те']","Мамо , моля те , моля те !","Мамо , моля те , моля те !",,мамо моля те моля те
UTT_022802,SIM,1;07.21,SIM,"mach, mach !","['mach', ',', 'mach', '!']","['mach', ',', 'mach', '!']","['mach', 'mach']",2,"Мач, мач !","['мач', 'мач']","Мач , мач !","Мач , мач !",,мач мач
UTT_030667,SIM,2;02.20,SIM,a lapa mama.,"['a', 'lapa', 'mama', '.']","['a', 'lapa', 'mama', '.']","['a', 'lapa', 'mama']",3,А лапа мама.,"['а', 'лапа', 'мама']",А лапа мама .,А лапа мама .,,а лапа мама
UTT_019763,SIM,1;04.19,SIM,"ljolio [: olio], ljolio [: olio] .","['olio', ',', 'olio', '.']","['olio', ',', 'olio', '.']","['olio', 'olio']",2,"Льолио [: олио], льолио [: олио] .","['льолио', 'олио', 'льолио', 'олио']","Льолио , льолио .",олио олио .,,олио олио
UTT_025763,SIM,1;09.17,SIM,"vidjax go, Milkata .","['vidjax', 'go', ',', 'Milkata', '.']","['vidjax', 'go', ',', 'milkata', '.']","['vidjax', 'go', 'milkata']",3,"Видяx го, милката .","['видяx', 'го', 'милката']","Видяx го , милката .","Видяx го , милката .",,видяx го милката
UTT_040443,TEF,2;00.09,TEF,tetito davam .,"['tetito', 'davam', '.']","['tetito', 'davam', '.']","['tetito', 'davam']",2,Тетито давам .,"['тетито', 'давам']",Тетито давам .,Тетито давам .,,тетито давам
UTT_028326,SIM,1;11.14,SIM,vzema tozi Kaljancho [: Kalojancho] .,"['vzema', 'tozi', 'Kalojancho', '.']","['vzema', 'tozi', 'kalojancho', '.']","['vzema', 'tozi', 'kalojancho']",3,Взема този калянчо [: калоянчо] .,"['взема', 'този', 'калянчо', 'калоянчо']",Взема този калянчо .,Взема този калоянчо .,,взема този калоянчо
UTT_036291,SIM,2;10.04,SIM,"tri, osem.","['tri', ',', 'osem', '.']","['tri', ',', 'osem', '.']","['tri', 'osem']",2,"Три, осем.","['три', 'осем']","Три , осем .","Три , осем .",,три осем
UTT_001064,ALE,1;05.08,ALE,"babo, chaj !","['babo', ',', 'chaj', '!']","['babo', ',', 'chaj', '!']","['babo', 'chaj']",2,"Бабо, чай !","['бабо', 'чай']","Бабо , чай !","Бабо , чай !",,бабо чай
UTT_034958,SIM,2;08.06,SIM,tuk e s malkoto slynce.,"['tuk', 'e', 's', 'malkoto', 'slynce', '.']","['tuk', 'e', 's', 'malkoto', 'slynce', '.']","['tuk', 'e', 's', 'malkoto', 'slynce']",5,Тук е с малкото слънце.,"['тук', 'е', 'с', 'малкото', 'слънце']",Тук е с малкото слънце .,Тук е с малкото слънце .,Тук е с малкото слънце .,тук е с малкото слънце
UTT_007756,ALE,2;04.09,ALE,"mamo, da narisuvam li edno petlence na Roli ?","['mamo', ',', 'da', 'narisuvam', 'li', 'edno', 'petlence', 'na', 'Roli', '?']","['mamo', ',', 'da', 'narisuvam', 'li', 'edno', 'petlence', 'na', 'roli', '?']","['mamo', 'da', 'narisuvam', 'li', 'edno', 'petlence', 'na', 'roli']",8,"Мамо, да нарисувам ли едно петленце на роли ?","['мамо', 'да', 'нарисувам', 'ли', 'едно', 'петленце', 'на', 'роли']","Мамо , да нарисувам ли едно петленце на роли ?","Мамо , да нарисувам ли едно петленце на роли ?",,мамо да нарисувам ли едно петленце на роли
UTT_023348,SIM,1;08.01,SIM,"chao, chao, chao .","['chao', ',', 'chao', ',', 'chao', '.']","['chao', ',', 'chao', ',', 'chao', '.']","['chao', 'chao', 'chao']",3,"Чао, чао, чао .","['чао', 'чао', 'чао']","Чао , чао , чао .","Чао , чао , чао .",,чао чао чао
UTT_025175,SIM,1;09.04,SIM,kolata vyrvi .,"['kolata', 'vyrvi', '.']","['kolata', 'vyrvi', '.']","['kolata', 'vyrvi']",2,Колата върви .,"['колата', 'върви']",Колата върви .,Колата върви .,Колата върви .,колата върви
UTT_009300,BOG,2;03.00,BOG,sobodno [: svobodno] e .,"['svobodno', 'e', '.']","['svobodno', 'e', '.']","['svobodno', 'e']",2,Сободно [: свободно] е .,"['сободно', 'свободно', 'е']",Сободно е .,свободно е .,,свободно е
UTT_034278,SIM,2;07.19,SIM,zashto veche ne stava?,"['zashto', 'veche', 'ne', 'stav', '?']","['zashto', 'veche', 'ne', 'stav', '?']","['zashto', 'veche', 'ne', 'stav']",4,Защо вече не става?,"['защо', 'вече', 'не', 'става']",Защо вече не става ?,Защо вече не става ?,Защо вече не става ?,защо вече не става
UTT_031633,SIM,2;04.19,SIM,za miene.,"['za', 'miene', '.']","['za', 'miene', '.']","['za', 'miene']",2,За миене.,"['за', 'миене']",За миене .,За миене .,,за миене
UTT_025618,SIM,1;09.16,SIM,"ne, be .","['ne', ',', 'be', '.']","['ne', ',', 'be', '.']","['ne', 'be']",2,"Не, бе .","['не', 'бе']","Не , бе .","Не , бе .",,не бе
UTT_040984,TEF,,TEF,tetito pisha [: se napisha] .,"['tetito', 'se', 'napisha', '.']","['tetito', 'se', 'napisha', '.']","['tetito', 'se', 'napisha']",3,Тетито пиша [: се напиша] .,"['тетито', 'пиша', 'се', 'напиша']",Тетито пиша .,се напиша .,,се напиша
UTT_002159,ALE,1;06.21,ALE,"mime, iua [: ela] !","['mime', ',', 'ela', '!']","['mime', ',', 'ela', '!']","['mime', 'ela']",2,"Миме, иуа [: ела] !","['миме', 'иуа', 'ела']","Миме , иуа !","Миме , ела !",,миме ела
UTT_030486,SIM,2;02.17,SIM,daj mi go.,"['daj', 'mi', 'go', '.']","['daj', 'mi', 'go', '.']","['daj', 'mi', 'go']",3,Дай ми го.,"['дай', 'ми', 'го']",Дай ми го .,Дай ми го .,,дай ми го
UTT_036828,SIM,2;11.22,SIM,ednoto e s cvetence.,"['ednoto', 'e', 's', 'cvetence', '.']","['ednoto', 'e', 's', 'cvetence', '.']","['ednoto', 'e', 's', 'cvetence']",4,Едното е с цветенце.,"['едното', 'е', 'с', 'цветенце']",Едното е с цветенце .,Едното е с цветенце .,,едното е с цветенце
UTT_019809,SIM,1;04.19,SIM,"mami, mami, mami, mami, mami .","['mami', ',', 'mami', ',', 'mami', ',', 'mami', ',', 'mami', '.']","['mami', ',', 'mami', ',', 'mami', ',', 'mami', ',', 'mami', '.']","['mami', 'mami', 'mami', 'mami', 'mami']",5,"Мами, мами, мами, мами, мами .","['мами', 'мами', 'мами', 'мами', 'мами']","Мами , мами , мами , мами , мами .","Мами , мами , мами , мами , мами .",,мами мами мами мами мами
UTT_027942,SIM,1;11.04,SIM,ne vdiga .,"['ne', 'vdiga', '.']","['ne', 'vdiga', '.']","['ne', 'vdiga']",2,Не вдига .,"['не', 'вдига']",Не вдига .,Не вдига .,,не вдига
UTT_043880,TEF,2;04.21,TEF,shtoto Tetito lja [: zalja/polja] .,"['shtoto', 'Tetito', 'zalja/polja', '.']","['shtoto', 'tetito', 'zalja/polja', '.']","['shtoto', 'tetito', 'zalja/polja']",3,Щото тетито ля [: заля/поля] .,"['щото', 'тетито', 'ля', 'заля/поля']",Щото тетито ля .,Щото тетито заля поля .,Щото тетито заля поля .,щото тетито заля поля
UTT_007810,ALE,2;04.09,ALE,"pishi, kak da ne pishi .","['pishi', ',', 'kak', 'da', 'ne', 'pishi', '.']","['pishi', ',', 'kak', 'da', 'ne', 'pishi', '.']","['pishi', 'kak', 'da', 'ne', 'pishi']",5,"Пиши, как да не пиши .","['пиши', 'как', 'да', 'не', 'пиши']","Пиши , как да не пиши .","Пиши , как да не пиши .",,пиши как да не пиши
UTT_002566,ALE,1;07.20,ALE,bebito [: bebeto] pej .,"['bebeto', 'pej', '.']","['bebeto', 'pej', '.']","['bebeto', 'pej']",2,Бебито [: бебето] пей .,"['бебито', 'бебето', 'пей']",Бебито пей .,бебето пей .,,бебето пей
UTT_026490,SIM,1;09.29,SIM,balona naduva .,"['balona', 'naduva', '.']","['balona', 'naduva', '.']","['balona', 'naduva']",2,Балона надува .,"['балона', 'надува']",Балона надува .,Балона надува .,,балона надува
UTT_033044,SIM,2;06.02,SIM,pod masata.,"['pod', 'masata', '.']","['pod', 'masata', '.']","['pod', 'masata']",2,Под масата.,"['под', 'масата']",Под масата .,Под масата .,,под масата
UTT_019933,SIM,1;04.25,SIM,"mach [: machkam], mach [: machkam], mach [: machkam] .","['machkam', ',', 'machkam', ',', 'machkam', '.']","['machkam', ',', 'machkam', ',', 'machkam', '.']","['machkam', 'machkam', 'machkam']",3,"Мач [: мачкам], мач [: мачкам], мач [: мачкам] .","['мач', 'мачкам', 'мач', 'мачкам', 'мач', 'мачкам']","Мач , мач , мач .",мачкам мачкам мачкам .,,мачкам мачкам мачкам
UTT_002243,ALE,1;06.21,ALE,obyuni sa [: obyrni se] !,"['obyuni', 'obyrni', 'se', '!']","['obyuni', 'obyrni', 'se', '!']","['obyuni', 'obyrni', 'se']",3,Обюни са [: обърни се] !,"['обюни', 'са', 'обърни', 'се']",Обюни са !,обърни се !,,обърни се
UTT_023967,SIM,1;08.13,SIM,"kakata, kakata, kakata .","['kakata', ',', 'kakata', ',', 'kakata', '.']","['kakata', ',', 'kakata', ',', 'kakata', '.']","['kakata', 'kakata', 'kakata']",3,"Каката, каката, каката .","['каката', 'каката', 'каката']","Каката , каката , каката .","Каката , каката , каката .",,каката каката каката
UTT_038552,TEF,1;11.04,TEF,daj mi ga !,"['daj', 'mi', 'ga', '!']","['daj', 'mi', 'ga', '!']","['daj', 'mi', 'ga']",3,Дай ми га !,"['дай', 'ми', 'га']",Дай ми га !,Дай ми га !,,дай ми га
UTT_028994,SIM,2;00.23,SIM,"chisto, da.","['chisto', ',', 'da', '.']","['chisto', ',', 'da', '.']","['chisto', 'da']",2,"Чисто, да.","['чисто', 'да']","Чисто , да .","Чисто , да .",,чисто да
UTT_033696,SIM,2;06.21,SIM,"stavam, che sa mi mnogo mrysni krakata.","['stavam', ',', 'che', 'sa', 'mi', 'mnogo', 'mrysni', 'krakata', '.']","['stavam', ',', 'che', 'sa', 'mi', 'mnogo', 'mrysni', 'krakata', '.']","['stavam', 'che', 'sa', 'mi', 'mnogo', 'mrysni', 'krakata']",7,"Ставам, че са ми много мръсни краката.","['ставам', 'че', 'са', 'ми', 'много', 'мръсни', 'краката']","Ставам , че са ми много мръсни краката .","Ставам , че са ми много мръсни краката .",,ставам че са ми много мръсни краката
UTT_009869,BOG,2;04.05,BOG,njama batko !,"['njama', 'batko', '!']","['njama', 'batko', '!']","['njama', 'batko']",2,Няма батко !,"['няма', 'батко']",Няма батко !,Няма батко !,,няма батко
UTT_028053,SIM,1;11.07,SIM,"gotovo, gotovo .","['gotovo', ',', 'gotovo', '.']","['gotovo', ',', 'gotovo', '.']","['gotovo', 'gotovo']",2,"Готово, готово .","['готово', 'готово']","Готово , готово .","Готово , готово .",,готово готово
UTT_033082,SIM,2;06.03,SIM,"tova e ot, ot chereshi.","['tova', 'e', 'ot', ',', 'ot', 'chereshi', '.']","['tova', 'e', 'ot', ',', 'ot', 'chereshi', '.']","['tova', 'e', 'ot', 'ot', 'chereshi']",5,"Това е от, от череши.","['това', 'е', 'от', 'от', 'череши']","Това е от , от череши .","Това е от , от череши .",,това е от от череши
UTT_039995,TEF,2;00.09,TEF,tui [: da otvorja] dida [: voda] !,"['da', 'otvorja', 'voda', '!']","['da', 'otvorja', 'voda', '!']","['da', 'otvorja', 'voda']",3,Туи [: да отворя] дида [: вода] !,"['туи', 'да', 'отворя', 'дида', 'вода']",Туи дида !,да отворя вода !,,да отворя вода
UTT_024830,SIM,1;09.02,SIM,"a, vynka [: vyn] .","['a', ',', 'vyn', '.']","['a', ',', 'vyn', '.']","['a', 'vyn']",2,"А, вънка [: вън] .","['а', 'вънка', 'вън']","А , вънка .","А , вън .",,а вън
UTT_032314,SIM,2;05.28,SIM,vozja se.,"['vozja', 'se', '.']","['vozja', 'se', '.']","['vozja', 'se']",2,Возя се.,"['возя', 'се']",Возя се .,Возя се .,,возя се
UTT_029491,SIM,2;01.12,SIM,"gydi, gydi, gydi, gydi, gydi, gydi.","['gydi', ',', 'gydi', ',', 'gydi', ',', 'gydi', ',', 'gydi', ',', 'gydi', '.']","['gydi', ',', 'gydi', ',', 'gydi', ',', 'gydi', ',', 'gydi', ',', 'gydi', '.']","['gydi', 'gydi', 'gydi', 'gydi', 'gydi', 'gydi']",6,"Гъди, гъди, гъди, гъди, гъди, гъди.","['гъди', 'гъди', 'гъди', 'гъди', 'гъди', 'гъди']","Гъди , гъди , гъди , гъди , гъди , гъди .","Гъди , гъди , гъди , гъди , гъди , гъди .",,гъди гъди гъди гъди гъди гъди
UTT_002786,ALE,1;07.20,ALE,kyde tutijata [: kutijata] .,"['kyde', 'kutijata', '.']","['kyde', 'kutijata', '.']","['kyde', 'kutijata']",2,Къде тутията [: кутията] .,"['къде', 'тутията', 'кутията']",Къде тутията .,Къде кутията .,,къде кутията
UTT_033599,SIM,2;06.19,SIM,na svatbata trjabva da sa krasivi prystencheta.,"['na', 'svatbata', 'trjabva', 'da', 'sa', 'krasivi', 'prystencheta', '.']","['na', 'svatbata', 'trjabva', 'da', 'sa', 'krasivi', 'prystencheta', '.']","['na', 'svatbata', 'trjabva', 'da', 'sa', 'krasivi', 'prystencheta']",7,На сватбата трябва да са красиви пръстенчета.,"['на', 'сватбата', 'трябва', 'да', 'са', 'красиви', 'пръстенчета']",На сватбата трябва да са красиви пръстенчета .,На сватбата трябва да са красиви пръстенчета .,,на сватбата трябва да са красиви пръстенчета
UTT_044427,TEF,2;05.25,TEF,tez [: s tezi] buki [: obuvki] ika [: iskam] bjaga [: da bjagam] !,"['s', 'tezi', 'obuvki', 'iskam', 'da', 'bjagam', '!']","['s', 'tezi', 'obuvki', 'iskam', 'da', 'bjagam', '!']","['s', 'tezi', 'obuvki', 'iskam', 'da', 'bjagam']",6,Тез [: с тези] буки [: обувки] ика [: искам] бяга [: да бягам] !,"['тез', 'с', 'тези', 'буки', 'обувки', 'ика', 'искам', 'бяга', 'да', 'бягам']",Тез буки ика бяга !,с тези обувки да бягам !, Тези обувки бягам !,с тези обувки да бягам
UTT_023292,SIM,1;08.01,SIM,bija muxa .,"['bija', 'muxa', '.']","['bija', 'muxa', '.']","['bija', 'muxa']",2,Бия муxа .,"['бия', 'муxа']",Бия муxа .,Бия муxа .,,бия муxа
UTT_029060,SIM,2;00.24,SIM,"Kaljancho [: Kalojancho], kazhi chetiri, Kaljancho [: Kalojancho].","['Kalojancho', ',', 'kazhi', 'chetiri', ',', 'Kalojancho', '.']","['kalojancho', ',', 'kazhi', 'chetiri', ',', 'kalojancho', '.']","['kalojancho', 'kazhi', 'chetiri', 'kalojancho']",4,"Калянчо [: калоянчо], кажи четири, калянчо [: калоянчо].","['калянчо', 'калоянчо', 'кажи', 'четири', 'калянчо', 'калоянчо']","Калянчо , кажи четири , калянчо .","калоянчо кажи четири , калоянчо",,калоянчо кажи четири калоянчо
UTT_032059,SIM,2;05.22,SIM,"mamo, ikam [: iskam] da gledam snimki.","['mamo', ',', 'iskam', 'da', 'gledam', 'snimki', '.']","['mamo', ',', 'iskam', 'da', 'gledam', 'snimki', '.']","['mamo', 'iskam', 'da', 'gledam', 'snimki']",5,"Мамо, икам [: искам] да гледам снимки.","['мамо', 'икам', 'искам', 'да', 'гледам', 'снимки']","Мамо , икам да гледам снимки .","Мамо , искам да гледам снимки .",,мамо искам да гледам снимки
UTT_021397,SIM,1;06.06,SIM,"eto, eto, eto .","['eto', ',', 'eto', ',', 'eto', '.']","['eto', ',', 'eto', ',', 'eto', '.']","['eto', 'eto', 'eto']",3,"Ето, ето, ето .","['ето', 'ето', 'ето']","Ето , ето , ето .","Ето , ето , ето .",,ето ето ето
UTT_035718,SIM,2;09.18,SIM,zashto sprJa muzikata?,"['zashto', 'sprJa', 'muzikat', '?']","['zashto', 'sprja', 'muzikat', '?']","['zashto', 'sprja', 'muzikat']",3,Защо спря музиката?,"['защо', 'спря', 'музиката']",Защо спря музиката ?,Защо спря музиката ?,,защо спря музиката
UTT_040481,TEF,2;00.09,TEF,"njama, njama .","['njama', ',', 'njama', '.']","['njama', ',', 'njama', '.']","['njama', 'njama']",2,"Няма, няма .","['няма', 'няма']","Няма , няма .","Няма , няма .",,няма няма
UTT_026125,SIM,1;09.21,SIM,ej tuka kolata sJada .,"['ej', 'tuka', 'kolata', 'sJada', '.']","['ej', 'tuka', 'kolata', 'sjada', '.']","['ej', 'tuka', 'kolata', 'sjada']",4,Ей тука колата сяда .,"['ей', 'тука', 'колата', 'сяда']",Ей тука колата сяда .,Ей тука колата сяда .,,ей тука колата сяда
UTT_026648,SIM,1;10.01,SIM,"am, am, ne .","['am', ',', 'am', ',', 'ne', '.']","['am', ',', 'am', ',', 'ne', '.']","['am', 'am', 'ne']",3,"Ам, ам, не .","['ам', 'ам', 'не']","Ам , ам , не .","Ам , ам , не .","Ам , ам , не .",ам ам не
UTT_022671,SIM,1;07.19,SIM,"molja te, molja te, molja te, molja te, molja te !","['molja', 'te', ',', 'molja', 'te', ',', 'molja', 'te', ',', 'molja', 'te', ',', 'molja', 'te', '!']","['molja', 'te', ',', 'molja', 'te', ',', 'molja', 'te', ',', 'molja', 'te', ',', 'molja', 'te', '!']","['molja', 'te', 'molja', 'te', 'molja', 'te', 'molja', 'te', 'molja', 'te']",10,"Моля те, моля те, моля те, моля те, моля те !","['моля', 'те', 'моля', 'те', 'моля', 'те', 'моля', 'те', 'моля', 'те']","Моля те , моля те , моля те , моля те , моля те !","Моля те , моля те , моля те , моля те , моля те !",,моля те моля те моля те моля те моля те
UTT_009648,BOG,2;03.06,BOG,kak se kavash [: kazva] kigita [: knigata] ?,"['kak', 'se', 'kazva', 'knigata', '?']","['kak', 'se', 'kazva', 'knigata', '?']","['kak', 'se', 'kazva', 'knigata']",4,Как се каваш [: казва] кигита [: книгата] ?,"['как', 'се', 'каваш', 'казва', 'кигита', 'книгата']",Как се каваш кигита ?,Как се казва книгата ?,,как се казва книгата
UTT_007663,ALE,2;04.09,ALE,"ne, az shi zema !","['ne', ',', 'az', 'shi', 'zema', '!']","['ne', ',', 'az', 'shi', 'zema', '!']","['ne', 'az', 'shi', 'zema']",4,"Не, аз ши зема !","['не', 'аз', 'ши', 'зема']","Не , аз ши зема !","Не , аз ши зема !",,не аз ши зема
UTT_036478,SIM,2;10.09,SIM,s tova li?,"['s', 'tova', 'l', '?']","['s', 'tova', 'l', '?']","['s', 'tova', 'l']",3,С това ли?,"['с', 'това', 'ли']",С това ли ?,С това ли ?,,с това ли
UTT_022250,SIM,1;07.08,SIM,Moni pada .,"['Moni', 'pada', '.']","['moni', 'pada', '.']","['moni', 'pada']",2,Мони пада .,"['мони', 'пада']",Мони пада .,Мони пада .,,мони пада
UTT_001199,ALE,1;05.08,ALE,a [: s] patetchi [: pastetche] .,"['s', 'pastetche', '.']","['s', 'pastetche', '.']","['s', 'pastetche']",2,А [: с] патетчи [: пастетче] .,"['а', 'с', 'патетчи', 'пастетче']",А патетчи .,с пастетче .,,с пастетче
UTT_035689,SIM,2;09.12,SIM,na lelja li?,"['na', 'lelja', 'l', '?']","['na', 'lelja', 'l', '?']","['na', 'lelja', 'l']",3,На леля ли?,"['на', 'леля', 'ли']",На леля ли ?,На леля ли ?,,на леля ли
UTT_025941,SIM,1;09.17,SIM,chicho Emo badim [: obadim] .,"['chicho', 'Emo', 'obadim', '.']","['chicho', 'emo', 'obadim', '.']","['chicho', 'emo', 'obadim']",3,Чичо емо бадим [: обадим] .,"['чичо', 'емо', 'бадим', 'обадим']",Чичо емо бадим .,Чичо емо обадим .,,чичо емо обадим
UTT_027762,SIM,1;11.04,SIM,"a munka [: majmunka], a munka [: majmunka] .","['a', 'majmunka', ',', 'a', 'majmunka', '.']","['a', 'majmunka', ',', 'a', 'majmunka', '.']","['a', 'majmunka', 'a', 'majmunka']",4,"А мунка [: маймунка], а мунка [: маймунка] .","['а', 'мунка', 'маймунка', 'а', 'мунка', 'маймунка']","А мунка , а мунка .",А маймунка а маймунка .,"А маймунка , а маймунка .",а маймунка а маймунка
UTT_040257,TEF,2;00.09,TEF,to pinka [: spinka] .,"['to', 'spinka', '.']","['to', 'spinka', '.']","['to', 'spinka']",2,То пинка [: спинка] .,"['то', 'пинка', 'спинка']",То пинка .,То спинка .,,то спинка
UTT_037148,SIM,3;01.00,SIM,no e izbjagal.,"['no', 'e', 'izbjagal', '.']","['no', 'e', 'izbjagal', '.']","['no', 'e', 'izbjagal']",3,Но е избягал.,"['но', 'е', 'избягал']",Но е избягал .,Но е избягал .,,но е избягал
UTT_044430,TEF,2;05.25,TEF,njama tez !,"['njama', 'tez', '!']","['njama', 'tez', '!']","['njama', 'tez']",2,Няма тез !,"['няма', 'тез']",Няма тез !,Няма тез !,,няма тез
UTT_032752,SIM,2;06.00,SIM,"vizh go, vizh go.","['vizh', 'go', ',', 'vizh', 'go', '.']","['vizh', 'go', ',', 'vizh', 'go', '.']","['vizh', 'go', 'vizh', 'go']",4,"Виж го, виж го.","['виж', 'го', 'виж', 'го']","Виж го , виж го .","Виж го , виж го .",,виж го виж го
UTT_035623,SIM,2;09.12,SIM,"vizh, ne taka s glavata nadolu, s krachetata, s krachetata.","['vizh', ',', 'ne', 'taka', 's', 'glavata', 'nadolu', ',', 's', 'krachetata', ',', 's', 'krachetata', '.']","['vizh', ',', 'ne', 'taka', 's', 'glavata', 'nadolu', ',', 's', 'krachetata', ',', 's', 'krachetata', '.']","['vizh', 'ne', 'taka', 's', 'glavata', 'nadolu', 's', 'krachetata', 's', 'krachetata']",10,"Виж, не така с главата надолу, с крачетата, с крачетата.","['виж', 'не', 'така', 'с', 'главата', 'надолу', 'с', 'крачетата', 'с', 'крачетата']","Виж , не така с главата надолу , с крачетата , с крачетата .","Виж , не така с главата надолу , с крачетата , с крачетата .",,виж не така с главата надолу с крачетата с крачетата
UTT_044202,TEF,2;05.25,TEF,tam ima losha .,"['tam', 'ima', 'losha', '.']","['tam', 'ima', 'losha', '.']","['tam', 'ima', 'losha']",3,Там има лоша .,"['там', 'има', 'лоша']",Там има лоша .,Там има лоша .,,там има лоша
UTT_032097,SIM,2;05.22,SIM,ikam [: iskam] da si gledam na telefona.,"['iskam', 'da', 'si', 'gledam', 'na', 'telefona', '.']","['iskam', 'da', 'si', 'gledam', 'na', 'telefona', '.']","['iskam', 'da', 'si', 'gledam', 'na', 'telefona']",6,Икам [: искам] да си гледам на телефона.,"['икам', 'искам', 'да', 'си', 'гледам', 'на', 'телефона']",Икам да си гледам на телефона .,искам да си гледам на телефона .,,искам да си гледам на телефона
UTT_039820,TEF,2;00.09,TEF,njama tuka !,"['njama', 'tuka', '!']","['njama', 'tuka', '!']","['njama', 'tuka']",2,Няма тука !,"['няма', 'тука']",Няма тука !,Няма тука !,,няма тука
UTT_000038,ALE,1;01.29,ALE,ne shte !,"['ne', 'shte', '!']","['ne', 'shte', '!']","['ne', 'shte']",2,Не ще !,"['не', 'ще']",Не ще !,Не ще !,,не ще
UTT_027974,SIM,1;11.07,SIM,"bebe, sladko bebe .","['bebe', ',', 'sladko', 'bebe', '.']","['bebe', ',', 'sladko', 'bebe', '.']","['bebe', 'sladko', 'bebe']",3,"Бебе, сладко бебе .","['бебе', 'сладко', 'бебе']","Бебе , сладко бебе .","Бебе , сладко бебе .",,бебе сладко бебе
UTT_009379,BOG,2;03.00,BOG,te go tysi [: tyrsi] .,"['te', 'go', 'tyrsi', '.']","['te', 'go', 'tyrsi', '.']","['te', 'go', 'tyrsi']",3,Те го тъси [: търси] .,"['те', 'го', 'тъси', 'търси']",Те го тъси .,Те го търси .,,те го търси
UTT_002386,ALE,1;07.20,ALE,na tati .,"['na', 'tati', '.']","['na', 'tati', '.']","['na', 'tati']",2,На тати .,"['на', 'тати']",На тати .,На тати .,,на тати
UTT_022377,SIM,1;07.11,SIM,"molja, molja, molja !","['molja', ',', 'molja', ',', 'molja', '!']","['molja', ',', 'molja', ',', 'molja', '!']","['molja', 'molja', 'molja']",3,"Моля, моля, моля !","['моля', 'моля', 'моля']","Моля , моля , моля !","Моля , моля , моля !",,моля моля моля
UTT_036158,SIM,2;10.03,SIM,"vremeto, ne xaresvam vremeto.","['vremeto', ',', 'ne', 'xaresvam', 'vremeto', '.']","['vremeto', ',', 'ne', 'xaresvam', 'vremeto', '.']","['vremeto', 'ne', 'xaresvam', 'vremeto']",4,"Времето, не xаресвам времето.","['времето', 'не', 'xаресвам', 'времето']","Времето , не xаресвам времето .","Времето , не xаресвам времето .",,времето не xаресвам времето
UTT_030157,SIM,2;02.15,SIM,samo edin.,"['samo', 'edin', '.']","['samo', 'edin', '.']","['samo', 'edin']",2,Само един.,"['само', 'един']",Само един .,Само един .,,само един
UTT_043243,TEF,2;03.24,TEF,ne pibax [: pribrax] !,"['ne', 'pribrax', '!']","['ne', 'pribrax', '!']","['ne', 'pribrax']",2,Не пибаx [: прибраx] !,"['не', 'пибаx', 'прибраx']",Не пибаx !,Не прибраx !,,не прибраx
UTT_005691,ALE,2;02.24,ALE,otkadnax [: otkradnax] gi .,"['otkradnax', 'gi', '.']","['otkradnax', 'gi', '.']","['otkradnax', 'gi']",2,Откаднаx [: откраднаx] ги .,"['откаднаx', 'откраднаx', 'ги']",Откаднаx ги .,откраднаx ги .,,откраднаx ги
UTT_027511,SIM,1;10.23,SIM,risuva tezi molivki [: molivi] .,"['risuva', 'tezi', 'molivi', '.']","['risuva', 'tezi', 'molivi', '.']","['risuva', 'tezi', 'molivi']",3,Рисува тези моливки [: моливи] .,"['рисува', 'тези', 'моливки', 'моливи']",Рисува тези моливки .,Рисува тези моливи .,,рисува тези моливи
UTT_027636,SIM,1;11.02,SIM,"otivam a gazina [: magazina] a kolikata [: kolichkata], eto oshte ima tri orexcheta .","['otivam', 'a', 'magazina', 'a', 'kolichkata', ',', 'eto', 'oshte', 'ima', 'tri', 'orexcheta', '.']","['otivam', 'a', 'magazina', 'a', 'kolichkata', ',', 'eto', 'oshte', 'ima', 'tri', 'orexcheta', '.']","['otivam', 'a', 'magazina', 'a', 'kolichkata', 'eto', 'oshte', 'ima', 'tri', 'orexcheta']",10,"Отивам а газина [: магазина] а коликата [: количката], ето още има три ореxчета .","['отивам', 'а', 'газина', 'магазина', 'а', 'коликата', 'количката', 'ето', 'още', 'има', 'три', 'ореxчета']","Отивам а газина а коликата , ето още има три ореxчета .",Отивам а магазина а количката ето още има три ореxчета .,,отивам а магазина а количката ето още има три ореxчета
UTT_032195,SIM,2;05.22,SIM,"mamo, mama zabravila Monchi.","['mamo', ',', 'mama', 'zabravila', 'Monchi', '.']","['mamo', ',', 'mama', 'zabravila', 'monchi', '.']","['mamo', 'mama', 'zabravila', 'monchi']",4,"Мамо, мама забравила мончи.","['мамо', 'мама', 'забравила', 'мончи']","Мамо , мама забравила мончи .","Мамо , мама забравила мончи .",,мамо мама забравила мончи
UTT_009614,BOG,2;03.06,BOG,Tam tivaj [: otivaj] tam !,"['Tam', 'otivaj', 'tam', '!']","['tam', 'otivaj', 'tam', '!']","['tam', 'otivaj', 'tam']",3,Там тивай [: отивай] там !,"['там', 'тивай', 'отивай', 'там']",Там тивай там !,Там отивай там !,,там отивай там
UTT_001617,ALE,1;06.21,ALE,Miki Maus .,"['Miki', 'Maus', '.']","['miki', 'maus', '.']","['miki', 'maus']",2,Мики маус .,"['мики', 'маус']",Мики маус .,Мики маус .,,мики маус
UTT_035841,SIM,2;09.24,SIM,vsichkite koli.,"['vsichkite', 'koli', '.']","['vsichkite', 'koli', '.']","['vsichkite', 'koli']",2,Всичките коли.,"['всичките', 'коли']",Всичките коли .,Всичките коли .,,всичките коли
UTT_003806,ALE,1;09.19,ALE,"kotence, tova e kotence .","['kotence', ',', 'tova', 'e', 'kotence', '.']","['kotence', ',', 'tova', 'e', 'kotence', '.']","['kotence', 'tova', 'e', 'kotence']",4,"Котенце, това е котенце .","['котенце', 'това', 'е', 'котенце']","Котенце , това е котенце .","Котенце , това е котенце .",,котенце това е котенце
UTT_027743,SIM,1;11.04,SIM,"malko tidem [: otidem] Gacito [: Gracito], bati, chinka .","['malko', 'otidem', 'Gracito', ',', 'bati', ',', 'chinka', '.']","['malko', 'otidem', 'gracito', ',', 'bati', ',', 'chinka', '.']","['malko', 'otidem', 'gracito', 'bati', 'chinka']",5,"Малко тидем [: отидем] гацито [: грацито], бати, чинка .","['малко', 'тидем', 'отидем', 'гацито', 'грацито', 'бати', 'чинка']","Малко тидем гацито , бати , чинка .","Малко отидем грацито бати , чинка .",,малко отидем грацито бати чинка
UTT_026506,SIM,1;09.29,SIM,"hrup, hrup .","['hrup', ',', 'hrup', '.']","['hrup', ',', 'hrup', '.']","['hrup', 'hrup']",2,"Хруп, хруп .","['хруп', 'хруп']","Хруп , хруп .","Хруп , хруп .",,хруп хруп
UTT_015830,ELI,1;06.09,ELI,"o-p, o-p, o-p .","['o-p', ',', 'o-p', ',', 'o-p', '.']","['o-p', ',', 'o-p', ',', 'o-p', '.']","['o-p', 'o-p', 'o-p']",3,"О-п, о-п, о-п .","['о-п', 'о-п', 'о-п']","О-п , о-п , о-п .","О-п , о-п , о-п .",,о п о п о п
UTT_035574,SIM,2;09.10,SIM,tova e na pak na tati.,"['tova', 'e', 'na', 'pak', 'na', 'tati', '.']","['tova', 'e', 'na', 'pak', 'na', 'tati', '.']","['tova', 'e', 'na', 'pak', 'na', 'tati']",6,Това е на пак на тати.,"['това', 'е', 'на', 'пак', 'на', 'тати']",Това е на пак на тати .,Това е на пак на тати .,,това е на пак на тати
UTT_026123,SIM,1;09.21,SIM,"tuka, ej tuka .","['tuka', ',', 'ej', 'tuka', '.']","['tuka', ',', 'ej', 'tuka', '.']","['tuka', 'ej', 'tuka']",3,"Тука, ей тука .","['тука', 'ей', 'тука']","Тука , ей тука .","Тука , ей тука .",,тука ей тука
UTT_033888,SIM,2;06.26,SIM,"raboti, ama mojto se e schupilo.","['raboti', ',', 'ama', 'mojto', 'se', 'e', 'schupilo', '.']","['raboti', ',', 'ama', 'mojto', 'se', 'e', 'schupilo', '.']","['raboti', 'ama', 'mojto', 'se', 'e', 'schupilo']",6,"Работи, ама мойто се е счупило.","['работи', 'ама', 'мойто', 'се', 'е', 'счупило']","Работи , ама мойто се е счупило .","Работи , ама мойто се е счупило .",,работи ама мойто се е счупило
UTT_036839,SIM,2;11.22,SIM,"opa, tuka maj njama da se sybere.","['opa', ',', 'tuka', 'maj', 'njama', 'da', 'se', 'sybere', '.']","['opa', ',', 'tuka', 'maj', 'njama', 'da', 'se', 'sybere', '.']","['opa', 'tuka', 'maj', 'njama', 'da', 'se', 'sybere']",7,"Опа, тука май няма да се събере.","['опа', 'тука', 'май', 'няма', 'да', 'се', 'събере']","Опа , тука май няма да се събере .","Опа , тука май няма да се събере .",,опа тука май няма да се събере
UTT_032324,SIM,2;05.28,SIM,"but, but, but.","['but', ',', 'but', ',', 'but', '.']","['but', ',', 'but', ',', 'but', '.']","['but', 'but', 'but']",3,"Бут, бут, бут.","['бут', 'бут', 'бут']","Бут , бут , бут .","Бут , бут , бут .",,бут бут бут
UTT_036351,SIM,2;10.07,SIM,"bebe, bebe, synlivo bebe, synlivo bebe, bebe, bebe, bebe.","['bebe', ',', 'bebe', ',', 'synlivo', 'bebe', ',', 'synlivo', 'bebe', ',', 'bebe', ',', 'bebe', ',', 'bebe', '.']","['bebe', ',', 'bebe', ',', 'synlivo', 'bebe', ',', 'synlivo', 'bebe', ',', 'bebe', ',', 'bebe', ',', 'bebe', '.']","['bebe', 'bebe', 'synlivo', 'bebe', 'synlivo', 'bebe', 'bebe', 'bebe', 'bebe']",9,"Бебе, бебе, сънливо бебе, сънливо бебе, бебе, бебе, бебе.","['бебе', 'бебе', 'сънливо', 'бебе', 'сънливо', 'бебе', 'бебе', 'бебе', 'бебе']","Бебе , бебе , сънливо бебе , сънливо бебе , бебе , бебе , бебе .","Бебе , бебе , сънливо бебе , сънливо бебе , бебе , бебе , бебе .",,бебе бебе сънливо бебе сънливо бебе бебе бебе бебе
UTT_032430,SIM,2;05.28,SIM,ne zvynjal.,"['ne', 'zvynjal', '.']","['ne', 'zvynjal', '.']","['ne', 'zvynjal']",2,Не звънял.,"['не', 'звънял']",Не звънял .,Не звънял .,,не звънял
UTT_016304,ELI,1;06.17,ELI,"lja [: ela], lja [: ela] !","['ela', ',', 'ela', '!']","['ela', ',', 'ela', '!']","['ela', 'ela']",2,"Ля [: ела], ля [: ела] !","['ля', 'ела', 'ля', 'ела']","Ля , ля !",ела ела !,,ела ела
UTT_036748,SIM,2;11.22,SIM,drugata lyzhichka na Kalojancho.,"['drugata', 'lyzhichka', 'na', 'Kalojancho', '.']","['drugata', 'lyzhichka', 'na', 'kalojancho', '.']","['drugata', 'lyzhichka', 'na', 'kalojancho']",4,Другата лъжичка на калоянчо.,"['другата', 'лъжичка', 'на', 'калоянчо']",Другата лъжичка на калоянчо .,Другата лъжичка на калоянчо .,,другата лъжичка на калоянчо
UTT_015861,ELI,1;06.09,ELI,njama go .,"['njama', 'go', '.']","['njama', 'go', '.']","['njama', 'go']",2,Няма го .,"['няма', 'го']",Няма го .,Няма го .,,няма го
UTT_027143,SIM,1;10.12,SIM,"alo, bebcho, obyrni .","['alo', ',', 'bebcho', ',', 'obyrni', '.']","['alo', ',', 'bebcho', ',', 'obyrni', '.']","['alo', 'bebcho', 'obyrni']",3,"Ало, бебчо, обърни .","['ало', 'бебчо', 'обърни']","Ало , бебчо , обърни .","Ало , бебчо , обърни .",,ало бебчо обърни
UTT_006717,ALE,2;03.12,ALE,zashtoto ti si edna prokletnica .,"['zashtoto', 'ti', 'si', 'edna', 'prokletnica', '.']","['zashtoto', 'ti', 'si', 'edna', 'prokletnica', '.']","['zashtoto', 'ti', 'si', 'edna', 'prokletnica']",5,Защото ти си една проклетница .,"['защото', 'ти', 'си', 'една', 'проклетница']",Защото ти си една проклетница .,Защото ти си една проклетница .,,защото ти си една проклетница
UTT_002551,ALE,1;07.20,ALE,mamo na ti go .,"['mamo', 'na', 'ti', 'go', '.']","['mamo', 'na', 'ti', 'go', '.']","['mamo', 'na', 'ti', 'go']",4,Мамо на ти го .,"['мамо', 'на', 'ти', 'го']",Мамо на ти го .,Мамо на ти го .,,мамо на ти го
UTT_017931,ELI,1;07.08,ELI,"e, e .","['e', ',', 'e', '.']","['e', ',', 'e', '.']","['e', 'e']",2,"Е, е .","['е', 'е']","Е , е .","Е , е .",,е е
UTT_032756,SIM,2;06.00,SIM,vizh kolko e krasiva!,"['vizh', 'kolko', 'e', 'krasiva!']","['vizh', 'kolko', 'e', 'krasiva!']","['vizh', 'kolko', 'e', 'krasiva!']",4,Виж колко е красива!,"['виж', 'колко', 'е', 'красива']",Виж колко е красива !,Виж колко е красива !,,виж колко е красива
UTT_031759,SIM,2;05.01,SIM,toj mi dava.,"['toj', 'mi', 'dava', '.']","['toj', 'mi', 'dava', '.']","['toj', 'mi', 'dava']",3,Той ми дава.,"['той', 'ми', 'дава']",Той ми дава .,Той ми дава .,,той ми дава
UTT_040439,TEF,2;00.09,TEF,koj gaden [: gladen] ?,"['koj', 'gladen', '?']","['koj', 'gladen', '?']","['koj', 'gladen']",2,Кой гаден [: гладен] ?,"['кой', 'гаден', 'гладен']",Кой гаден ?,Кой гладен ?,,кой гладен
UTT_033547,SIM,2;06.19,SIM,ti shte go iztyrvesh.,"['ti', 'shte', 'go', 'iztyrvesh', '.']","['ti', 'shte', 'go', 'iztyrvesh', '.']","['ti', 'shte', 'go', 'iztyrvesh']",4,Ти ще го изтървеш.,"['ти', 'ще', 'го', 'изтървеш']",Ти ще го изтървеш .,Ти ще го изтървеш .,,ти ще го изтървеш
UTT_035908,SIM,2;09.26,SIM,tja mi gi dada [: dade].,"['tja', 'mi', 'gi', 'dade', '.']","['tja', 'mi', 'gi', 'dade', '.']","['tja', 'mi', 'gi', 'dade']",4,Тя ми ги дада [: даде].,"['тя', 'ми', 'ги', 'дада', 'даде']",Тя ми ги дада .,Тя ми ги даде,,тя ми ги даде
UTT_035531,SIM,2;09.10,SIM,"iska, be!","['iska', ',', 'be!']","['iska', ',', 'be!']","['iska', 'be!']",2,"Иска, бе!","['иска', 'бе']","Иска , бе !","Иска , бе !",,иска бе
UTT_038517,TEF,1;11.04,TEF,ajde tiva [: otiva] !,"['ajde', 'otiva', '!']","['ajde', 'otiva', '!']","['ajde', 'otiva']",2,Айде тива [: отива] !,"['айде', 'тива', 'отива']",Айде тива !,Айде отива !,,айде отива
UTT_026446,SIM,1;09.25,SIM,"eej, tam, balonite .","['eej', ',', 'tam', ',', 'balonite', '.']","['eej', ',', 'tam', ',', 'balonite', '.']","['eej', 'tam', 'balonite']",3,"Еей, там, балоните .","['еей', 'там', 'балоните']","Еей , там , балоните .","Еей , там , балоните .",,еей там балоните
UTT_029898,SIM,2;02.07,SIM,"gladi, gladi, gladi.","['gladi', ',', 'gladi', ',', 'gladi', '.']","['gladi', ',', 'gladi', ',', 'gladi', '.']","['gladi', 'gladi', 'gladi']",3,"Глади, глади, глади.","['глади', 'глади', 'глади']","Глади , глади , глади .","Глади , глади , глади .","Глади , глади , глади .",глади глади глади
UTT_040648,TEF,,TEF,tetito kakata !,"['tetito', 'kakata', '!']","['tetito', 'kakata', '!']","['tetito', 'kakata']",2,Тетито каката !,"['тетито', 'каката']",Тетито каката !,Тетито каката !,,тетито каката
UTT_035765,SIM,2;09.18,SIM,"sopol, losh sopol, losh, losh, losh sopol.","['sopol', ',', 'losh', 'sopol', ',', 'losh', ',', 'losh', ',', 'losh', 'sopol', '.']","['sopol', ',', 'losh', 'sopol', ',', 'losh', ',', 'losh', ',', 'losh', 'sopol', '.']","['sopol', 'losh', 'sopol', 'losh', 'losh', 'losh', 'sopol']",7,"Сопол, лош сопол, лош, лош, лош сопол.","['сопол', 'лош', 'сопол', 'лош', 'лош', 'лош', 'сопол']","Сопол , лош сопол , лош , лош , лош сопол .","Сопол , лош сопол , лош , лош , лош сопол .",,сопол лош сопол лош лош лош сопол
UTT_029171,SIM,2;01.05,SIM,"daj mi obuvkite, mamo.","['daj', 'mi', 'obuvkite', ',', 'mamo', '.']","['daj', 'mi', 'obuvkite', ',', 'mamo', '.']","['daj', 'mi', 'obuvkite', 'mamo']",4,"Дай ми обувките, мамо.","['дай', 'ми', 'обувките', 'мамо']","Дай ми обувките , мамо .","Дай ми обувките , мамо .",,дай ми обувките мамо
UTT_029488,SIM,2;01.12,SIM,"bebe, bebe, bebe, bebe, bebe, bebe.","['bebe', ',', 'bebe', ',', 'bebe', ',', 'bebe', ',', 'bebe', ',', 'bebe', '.']","['bebe', ',', 'bebe', ',', 'bebe', ',', 'bebe', ',', 'bebe', ',', 'bebe', '.']","['bebe', 'bebe', 'bebe', 'bebe', 'bebe', 'bebe']",6,"Бебе, бебе, бебе, бебе, бебе, бебе.","['бебе', 'бебе', 'бебе', 'бебе', 'бебе', 'бебе']","Бебе , бебе , бебе , бебе , бебе , бебе .","Бебе , бебе , бебе , бебе , бебе , бебе .",,бебе бебе бебе бебе бебе бебе
UTT_025192,SIM,1;09.04,SIM,slozhi glavikata [: glavichkata] .,"['slozhi', 'glavichkata', '.']","['slozhi', 'glavichkata', '.']","['slozhi', 'glavichkata']",2,Сложи главиката [: главичката] .,"['сложи', 'главиката', 'главичката']",Сложи главиката .,Сложи главичката .,Сложи главичката .,сложи главичката
UTT_032434,SIM,2;05.28,SIM,tati izobshto ne mi e zvynjal.,"['tati', 'izobshto', 'ne', 'mi', 'e', 'zvynjal', '.']","['tati', 'izobshto', 'ne', 'mi', 'e', 'zvynjal', '.']","['tati', 'izobshto', 'ne', 'mi', 'e', 'zvynjal']",6,Тати изобщо не ми е звънял.,"['тати', 'изобщо', 'не', 'ми', 'е', 'звънял']",Тати изобщо не ми е звънял .,Тати изобщо не ми е звънял .,,тати изобщо не ми е звънял
UTT_031100,SIM,2;03.16,SIM,kyde e baba?,"['kyde', 'e', 'bab', '?']","['kyde', 'e', 'bab', '?']","['kyde', 'e', 'bab']",3,Къде е баба?,"['къде', 'е', 'баба']",Къде е баба ?,Къде е баба ?,,къде е баба
UTT_009904,BOG,2;04.05,BOG,sys misho .,"['sys', 'misho', '.']","['sys', 'misho', '.']","['sys', 'misho']",2,Със мишо .,"['със', 'мишо']",Със мишо .,Със мишо .,Със мишо .,със мишо
UTT_026545,SIM,1;10.01,SIM,"ne, tvoeto, mama .","['ne', ',', 'tvoeto', ',', 'mama', '.']","['ne', ',', 'tvoeto', ',', 'mama', '.']","['ne', 'tvoeto', 'mama']",3,"Не, твоето, мама .","['не', 'твоето', 'мама']","Не , твоето , мама .","Не , твоето , мама .","Не , твоето , мама .",не твоето мама
UTT_038771,TEF,1;11.25,TEF,njama mama te .,"['njama', 'mama', 'te', '.']","['njama', 'mama', 'te', '.']","['njama', 'mama', 'te']",3,Няма мама те .,"['няма', 'мама', 'те']",Няма мама те .,Няма мама те .,,няма мама те
UTT_039471,TEF,1;11.25,TEF,tetito ga [: sega] dava baba !,"['tetito', 'sega', 'dava', 'baba', '!']","['tetito', 'sega', 'dava', 'baba', '!']","['tetito', 'sega', 'dava', 'baba']",4,Тетито га [: сега] дава баба !,"['тетито', 'га', 'сега', 'дава', 'баба']",Тетито га дава баба !,Тетито сега дава баба !,,тетито сега дава баба
UTT_005042,ALE,1;11.14,ALE,mama izpi kastvoto [: lekarstvoto] .,"['mama', 'izpi', 'lekarstvoto', '.']","['mama', 'izpi', 'lekarstvoto', '.']","['mama', 'izpi', 'lekarstvoto']",3,Мама изпи каството [: лекарството] .,"['мама', 'изпи', 'каството', 'лекарството']",Мама изпи каството .,Мама изпи лекарството .,Мама изпи лекарството .,мама изпи лекарството
UTT_023215,SIM,1;07.28,SIM,vzema Moni .,"['vzema', 'Moni', '.']","['vzema', 'moni', '.']","['vzema', 'moni']",2,Взема мони .,"['взема', 'мони']",Взема мони .,Взема мони .,,взема мони
UTT_044942,TEF,2;05.25,TEF,iskam isuvam [: da risuvam] !,"['iskam', 'da', 'risuvam', '!']","['iskam', 'da', 'risuvam', '!']","['iskam', 'da', 'risuvam']",3,Искам исувам [: да рисувам] !,"['искам', 'исувам', 'да', 'рисувам']",Искам исувам !,да рисувам !,Искам рисувам !,да рисувам
UTT_032613,SIM,2;05.29,SIM,az da gi amkam li?,"['az', 'da', 'gi', 'amkam', 'l', '?']","['az', 'da', 'gi', 'amkam', 'l', '?']","['az', 'da', 'gi', 'amkam', 'l']",5,Аз да ги амкам ли?,"['аз', 'да', 'ги', 'амкам', 'ли']",Аз да ги амкам ли ?,Аз да ги амкам ли ?,,аз да ги амкам ли
UTT_030152,SIM,2;02.15,SIM,njama tuk greben.,"['njama', 'tuk', 'greben', '.']","['njama', 'tuk', 'greben', '.']","['njama', 'tuk', 'greben']",3,Няма тук гребен.,"['няма', 'тук', 'гребен']",Няма тук гребен .,Няма тук гребен .,,няма тук гребен
UTT_007649,ALE,2;04.09,ALE,"mamo, bebeto zaspa .","['mamo', ',', 'bebeto', 'zaspa', '.']","['mamo', ',', 'bebeto', 'zaspa', '.']","['mamo', 'bebeto', 'zaspa']",3,"Мамо, бебето заспа .","['мамо', 'бебето', 'заспа']","Мамо , бебето заспа .","Мамо , бебето заспа .",,мамо бебето заспа
UTT_037162,SIM,3;01.00,SIM,az se izmorix da cheta.,"['az', 'se', 'izmorix', 'da', 'cheta', '.']","['az', 'se', 'izmorix', 'da', 'cheta', '.']","['az', 'se', 'izmorix', 'da', 'cheta']",5,Аз се измориx да чета.,"['аз', 'се', 'измориx', 'да', 'чета']",Аз се измориx да чета .,Аз се измориx да чета .,Аз се измориx да чета .,аз се измориx да чета
UTT_015704,ELI,1;06.09,ELI,"daj, daj !","['daj', ',', 'daj', '!']","['daj', ',', 'daj', '!']","['daj', 'daj']",2,"Дай, дай !","['дай', 'дай']","Дай , дай !","Дай , дай !",,дай дай
UTT_029230,SIM,2;01.06,SIM,tam ima chorapki.,"['tam', 'ima', 'chorapki', '.']","['tam', 'ima', 'chorapki', '.']","['tam', 'ima', 'chorapki']",3,Там има чорапки.,"['там', 'има', 'чорапки']",Там има чорапки .,Там има чорапки .,,там има чорапки
UTT_035672,SIM,2;09.12,SIM,"silno, silno, silno.","['silno', ',', 'silno', ',', 'silno', '.']","['silno', ',', 'silno', ',', 'silno', '.']","['silno', 'silno', 'silno']",3,"Силно, силно, силно.","['силно', 'силно', 'силно']","Силно , силно , силно .","Силно , силно , силно .",,силно силно силно
UTT_027080,SIM,1;10.12,SIM,dugija [: drugija] gledame nimki [: snimki] tuka .,"['drugija', 'gledame', 'snimki', 'tuka', '.']","['drugija', 'gledame', 'snimki', 'tuka', '.']","['drugija', 'gledame', 'snimki', 'tuka']",4,Дугия [: другия] гледаме нимки [: снимки] тука .,"['дугия', 'другия', 'гледаме', 'нимки', 'снимки', 'тука']",Дугия гледаме нимки тука .,другия гледаме снимки тука .,,другия гледаме снимки тука
UTT_022945,SIM,1;07.23,SIM,maxa [: maxam se] !,"['maxam', 'se', '!']","['maxam', 'se', '!']","['maxam', 'se']",2,Маxа [: маxам се] !,"['маxа', 'маxам', 'се']",Маxа !,маxам се !,,маxам се
UTT_040490,TEF,2;00.09,TEF,"kukata, kukata [: kuklata] !","['kukata', ',', 'kuklata', '!']","['kukata', ',', 'kuklata', '!']","['kukata', 'kuklata']",2,"Куката, куката [: куклата] !","['куката', 'куката', 'куклата']","Куката , куката !","Куката , куклата !",,куката куклата
UTT_036180,SIM,2;10.04,SIM,"kyde bjaxme, kyde bjaxme?","['kyde', 'bjaxme', ',', 'kyde', 'bjaxm', '?']","['kyde', 'bjaxme', ',', 'kyde', 'bjaxm', '?']","['kyde', 'bjaxme', 'kyde', 'bjaxm']",4,"Къде бяxме, къде бяxме?","['къде', 'бяxме', 'къде', 'бяxме']","Къде бяxме , къде бяxме ?","Къде бяxме , къде бяxме ?",,къде бяxме къде бяxме
UTT_023060,SIM,1;07.24,SIM,"vzeme maxa stana, stana .","['vzeme', 'maxa', 'stana', ',', 'stana', '.']","['vzeme', 'maxa', 'stana', ',', 'stana', '.']","['vzeme', 'maxa', 'stana', 'stana']",4,"Вземе маxа стана, стана .","['вземе', 'маxа', 'стана', 'стана']","Вземе маxа стана , стана .","Вземе маxа стана , стана .",,вземе маxа стана стана
UTT_030417,SIM,2;02.17,SIM,dvata pampersa.,"['dvata', 'pampersa', '.']","['dvata', 'pampersa', '.']","['dvata', 'pampersa']",2,Двата памперса.,"['двата', 'памперса']",Двата памперса .,Двата памперса .,Двата памперса .,двата памперса
UTT_032065,SIM,2;05.22,SIM,"Moni kara kolichkata, Moni kara kolichkata.","['Moni', 'kara', 'kolichkata', ',', 'Moni', 'kara', 'kolichkata', '.']","['moni', 'kara', 'kolichkata', ',', 'moni', 'kara', 'kolichkata', '.']","['moni', 'kara', 'kolichkata', 'moni', 'kara', 'kolichkata']",6,"Мони кара количката, мони кара количката.","['мони', 'кара', 'количката', 'мони', 'кара', 'количката']","Мони кара количката , мони кара количката .","Мони кара количката , мони кара количката .",,мони кара количката мони кара количката
UTT_009940,BOG,2;04.05,BOG,fyf [: vyv] nedeja [: nedelja] +...,"['vyv', 'nedelja', '...']","['vyv', 'nedelja', '...']","['vyv', 'nedelja', '...']",3,Фъф [: във] недея [: неделя] +...,"['фъф', 'във', 'недея', 'неделя']",Фъф недея . . .,във неделя . . .,,във неделя
UTT_024737,SIM,1;09.02,SIM,"sedne, sedne, sednesh, sednesh .","['sedne', ',', 'sedne', ',', 'sednesh', ',', 'sednesh', '.']","['sedne', ',', 'sedne', ',', 'sednesh', ',', 'sednesh', '.']","['sedne', 'sedne', 'sednesh', 'sednesh']",4,"Седне, седне, седнеш, седнеш .","['седне', 'седне', 'седнеш', 'седнеш']","Седне , седне , седнеш , седнеш .","Седне , седне , седнеш , седнеш .",,седне седне седнеш седнеш
UTT_025271,SIM,1;09.05,SIM,buj buj [: sybuj] .,"['buj', 'sybuj', '.']","['buj', 'sybuj', '.']","['buj', 'sybuj']",2,Буй буй [: събуй] .,"['буй', 'буй', 'събуй']",Буй буй .,Буй събуй .,,буй събуй
UTT_005565,ALE,2;00.13,ALE,todava [: togava] vadi [: izvadi me] da byda bosa !,"['togava', 'izvadi', 'me', 'da', 'byda', 'bosa', '!']","['togava', 'izvadi', 'me', 'da', 'byda', 'bosa', '!']","['togava', 'izvadi', 'me', 'da', 'byda', 'bosa']",6,Тодава [: тогава] вади [: извади ме] да бъда боса !,"['тодава', 'тогава', 'вади', 'извади', 'ме', 'да', 'бъда', 'боса']",Тодава вади да бъда боса !,извади ме да бъда боса !,,извади ме да бъда боса
UTT_031152,SIM,2;03.16,SIM,tuka pinka [: spinka] vecher Syncho kolichkata.,"['tuka', 'spinka', 'vecher', 'Syncho', 'kolichkata', '.']","['tuka', 'spinka', 'vecher', 'syncho', 'kolichkata', '.']","['tuka', 'spinka', 'vecher', 'syncho', 'kolichkata']",5,Тука пинка [: спинка] вечер сънчо количката.,"['тука', 'пинка', 'спинка', 'вечер', 'сънчо', 'количката']",Тука пинка вечер сънчо количката .,Тука спинка вечер сънчо количката .,,тука спинка вечер сънчо количката
UTT_029523,SIM,2;01.12,SIM,"lapaj, lapaj, lapaj.","['lapaj', ',', 'lapaj', ',', 'lapaj', '.']","['lapaj', ',', 'lapaj', ',', 'lapaj', '.']","['lapaj', 'lapaj', 'lapaj']",3,"Лапай, лапай, лапай.","['лапай', 'лапай', 'лапай']","Лапай , лапай , лапай .","Лапай , лапай , лапай .",,лапай лапай лапай
UTT_005579,ALE,2;00.13,ALE,"shi j pomagam, ama posle njama da j pomagam .","['shi', 'j', 'pomagam', ',', 'ama', 'posle', 'njama', 'da', 'j', 'pomagam', '.']","['shi', 'j', 'pomagam', ',', 'ama', 'posle', 'njama', 'da', 'j', 'pomagam', '.']","['shi', 'j', 'pomagam', 'ama', 'posle', 'njama', 'da', 'j', 'pomagam']",9,"Ши й помагам, ама после няма да й помагам .","['ши', 'й', 'помагам', 'ама', 'после', 'няма', 'да', 'й', 'помагам']","Ши й помагам , ама после няма да й помагам .","Ши й помагам , ама после няма да й помагам .",,ши й помагам ама после няма да й помагам
UTT_029948,SIM,2;02.07,SIM,cjalata kosmi.,"['cjalata', 'kosmi', '.']","['cjalata', 'kosmi', '.']","['cjalata', 'kosmi']",2,Цялата косми.,"['цялата', 'косми']",Цялата косми .,Цялата косми .,,цялата косми
UTT_027097,SIM,1;10.12,SIM,"ritam, ritam, ritam .","['ritam', ',', 'ritam', ',', 'ritam', '.']","['ritam', ',', 'ritam', ',', 'ritam', '.']","['ritam', 'ritam', 'ritam']",3,"Ритам, ритам, ритам .","['ритам', 'ритам', 'ритам']","Ритам , ритам , ритам .","Ритам , ритам , ритам .",,ритам ритам ритам
UTT_037998,TEF,1;11.04,TEF,njama ja Tetito .,"['njama', 'ja', 'Tetito', '.']","['njama', 'ja', 'tetito', '.']","['njama', 'ja', 'tetito']",3,Няма я тетито .,"['няма', 'я', 'тетито']",Няма я тетито .,Няма я тетито .,,няма я тетито
UTT_001677,ALE,1;06.21,ALE,oki ino [: Oshte edno] !,"['oki', 'Oshte', 'edno', '!']","['oki', 'oshte', 'edno', '!']","['oki', 'oshte', 'edno']",3,Оки ино [: още едно] !,"['оки', 'ино', 'още', 'едно']",Оки ино !,още едно !,,още едно
UTT_037191,SIM,3;01.00,SIM,da mu ja vzemesh.,"['da', 'mu', 'ja', 'vzemesh', '.']","['da', 'mu', 'ja', 'vzemesh', '.']","['da', 'mu', 'ja', 'vzemesh']",4,Да му я вземеш.,"['да', 'му', 'я', 'вземеш']",Да му я вземеш .,Да му я вземеш .,,да му я вземеш
UTT_035254,SIM,2;08.19,SIM,pazi mi stola.,"['pazi', 'mi', 'stola', '.']","['pazi', 'mi', 'stola', '.']","['pazi', 'mi', 'stola']",3,Пази ми стола.,"['пази', 'ми', 'стола']",Пази ми стола .,Пази ми стола .,,пази ми стола
UTT_010065,BOG,2;04.05,BOG,baba kotenurka [: kostenurka] .,"['baba', 'kostenurka', '.']","['baba', 'kostenurka', '.']","['baba', 'kostenurka']",2,Баба котенурка [: костенурка] .,"['баба', 'котенурка', 'костенурка']",Баба котенурка .,Баба костенурка .,,баба костенурка
UTT_008832,BOG,2;01.13,BOG,n [: ne] ikam [: iskam] mamunata [: majmunata] !,"['ne', 'iskam', 'majmunata', '!']","['ne', 'iskam', 'majmunata', '!']","['ne', 'iskam', 'majmunata']",3,Н [: не] икам [: искам] мамуната [: маймуната] !,"['н', 'не', 'икам', 'искам', 'мамуната', 'маймуната']",Н икам мамуната !,не искам маймуната !,,не искам маймуната
UTT_020547,SIM,1;05.10,SIM,"dem [: dadem] pѐpe [: princesi], pѐpe [: princesi], pѐpe [: princesi] .","['dadem', 'princesi', ',', 'princesi', ',', 'princesi', '.']","['dadem', 'princesi', ',', 'princesi', ',', 'princesi', '.']","['dadem', 'princesi', 'princesi', 'princesi']",4,"Дем [: дадем] пѐпе [: принцеси], пѐпе [: принцеси], пѐпе [: принцеси] .","['дем', 'дадем', 'пѐпе', 'принцеси', 'пѐпе', 'принцеси', 'пѐпе', 'принцеси']","Дем пѐпе , пѐпе , пѐпе .",дадем принцеси принцеси принцеси .,,дадем принцеси принцеси принцеси
UTT_044569,TEF,2;05.25,TEF,njama sagash [: da slagash] .,"['njama', 'da', 'slagash', '.']","['njama', 'da', 'slagash', '.']","['njama', 'da', 'slagash']",3,Няма сагаш [: да слагаш] .,"['няма', 'сагаш', 'да', 'слагаш']",Няма сагаш .,да слагаш .,,да слагаш
UTT_036174,SIM,2;10.03,SIM,iska gi.,"['iska', 'gi', '.']","['iska', 'gi', '.']","['iska', 'gi']",2,Иска ги.,"['иска', 'ги']",Иска ги .,Иска ги .,,иска ги
UTT_029190,SIM,2;01.05,SIM,"ela, ela, ela, ela, ela, ela, ela.","['ela', ',', 'ela', ',', 'ela', ',', 'ela', ',', 'ela', ',', 'ela', ',', 'ela', '.']","['ela', ',', 'ela', ',', 'ela', ',', 'ela', ',', 'ela', ',', 'ela', ',', 'ela', '.']","['ela', 'ela', 'ela', 'ela', 'ela', 'ela', 'ela']",7,"Ела, ела, ела, ела, ела, ела, ела.","['ела', 'ела', 'ела', 'ела', 'ела', 'ела', 'ела']","Ела , ела , ела , ела , ела , ела , ела .","Ела , ела , ела , ела , ела , ела , ела .",,ела ела ела ела ела ела ела
UTT_010052,BOG,2;04.05,BOG,Tova e +/.,"['Tova', 'e', '/.']","['tova', 'e', '/.']","['tova', 'e', '/.']",3,Това е +/.,"['това', 'е']",Това е .,Това е .,,това е
UTT_006842,ALE,2;03.12,ALE,Tova ne e Pavel .,"['Tova', 'ne', 'e', 'Pavel', '.']","['tova', 'ne', 'e', 'pavel', '.']","['tova', 'ne', 'e', 'pavel']",4,Това не е павел .,"['това', 'не', 'е', 'павел']",Това не е павел .,Това не е павел .,Това не е павел .,това не е павел
UTT_024754,SIM,1;09.02,SIM,"Moni, Moni .","['Moni', ',', 'Moni', '.']","['moni', ',', 'moni', '.']","['moni', 'moni']",2,"Мони, мони .","['мони', 'мони']","Мони , мони .","Мони , мони .",,мони мони
UTT_028682,SIM,2;00.06,SIM,"eto, mamo .","['eto', ',', 'mamo', '.']","['eto', ',', 'mamo', '.']","['eto', 'mamo']",2,"Ето, мамо .","['ето', 'мамо']","Ето , мамо .","Ето , мамо .",,ето мамо
UTT_033005,SIM,2;06.02,SIM,Kalojancho da ne mi pipne parcala.,"['Kalojancho', 'da', 'ne', 'mi', 'pipne', 'parcala', '.']","['kalojancho', 'da', 'ne', 'mi', 'pipne', 'parcala', '.']","['kalojancho', 'da', 'ne', 'mi', 'pipne', 'parcala']",6,Калоянчо да не ми пипне парцала.,"['калоянчо', 'да', 'не', 'ми', 'пипне', 'парцала']",Калоянчо да не ми пипне парцала .,Калоянчо да не ми пипне парцала .,,калоянчо да не ми пипне парцала
UTT_035411,SIM,2;08.29,SIM,"a taka, dobre.","['a', 'taka', ',', 'dobre', '.']","['a', 'taka', ',', 'dobre', '.']","['a', 'taka', 'dobre']",3,"А така, добре.","['а', 'така', 'добре']","А така , добре .","А така , добре .",,а така добре
UTT_043739,TEF,2;04.21,TEF,koja e taz chasha ?,"['koja', 'e', 'taz', 'chasha', '?']","['koja', 'e', 'taz', 'chasha', '?']","['koja', 'e', 'taz', 'chasha']",4,Коя е таз чаша ?,"['коя', 'е', 'таз', 'чаша']",Коя е таз чаша ?,Коя е таз чаша ?,,коя е таз чаша
UTT_031626,SIM,2;04.19,SIM,"i tuka, i tuka.","['i', 'tuka', ',', 'i', 'tuka', '.']","['i', 'tuka', ',', 'i', 'tuka', '.']","['i', 'tuka', 'i', 'tuka']",4,"И тука, и тука.","['и', 'тука', 'и', 'тука']","И тука , и тука .","И тука , и тука .",,и тука и тука
UTT_029432,SIM,2;01.12,SIM,a [: na] Kaljancho [: Kalojancho] givnikata [: grivnichkata].,"['na', 'Kalojancho', 'grivnichkata', '.']","['na', 'kalojancho', 'grivnichkata', '.']","['na', 'kalojancho', 'grivnichkata']",3,А [: на] калянчо [: калоянчо] гивниката [: гривничката].,"['а', 'на', 'калянчо', 'калоянчо', 'гивниката', 'гривничката']",А калянчо гивниката .,на калоянчо гривничката,,на калоянчо гривничката
UTT_029834,SIM,2;02.06,SIM,"bebi, slozhi si go.","['bebi', ',', 'slozhi', 'si', 'go', '.']","['bebi', ',', 'slozhi', 'si', 'go', '.']","['bebi', 'slozhi', 'si', 'go']",4,"Беби, сложи си го.","['беби', 'сложи', 'си', 'го']","Беби , сложи си го .","Беби , сложи си го .",,беби сложи си го
UTT_027890,SIM,1;11.04,SIM,"aperudi [: peperudi] i cvetenca, cvetenca .","['peperudi', 'i', 'cvetenca', ',', 'cvetenca', '.']","['peperudi', 'i', 'cvetenca', ',', 'cvetenca', '.']","['peperudi', 'i', 'cvetenca', 'cvetenca']",4,"Аперуди [: пеперуди] и цветенца, цветенца .","['аперуди', 'пеперуди', 'и', 'цветенца', 'цветенца']","Аперуди и цветенца , цветенца .","пеперуди и цветенца , цветенца .",,пеперуди и цветенца цветенца
UTT_029329,SIM,2;01.06,SIM,"mamo, dyrzhi mi drugoto krachence.","['mamo', ',', 'dyrzhi', 'mi', 'drugoto', 'krachence', '.']","['mamo', ',', 'dyrzhi', 'mi', 'drugoto', 'krachence', '.']","['mamo', 'dyrzhi', 'mi', 'drugoto', 'krachence']",5,"Мамо, държи ми другото краченце.","['мамо', 'държи', 'ми', 'другото', 'краченце']","Мамо , държи ми другото краченце .","Мамо , държи ми другото краченце .",,мамо държи ми другото краченце
UTT_031155,SIM,2;03.16,SIM,"mamo, strax me ot Syncho.","['mamo', ',', 'strax', 'me', 'ot', 'Syncho', '.']","['mamo', ',', 'strax', 'me', 'ot', 'syncho', '.']","['mamo', 'strax', 'me', 'ot', 'syncho']",5,"Мамо, страx ме от сънчо.","['мамо', 'страx', 'ме', 'от', 'сънчо']","Мамо , страx ме от сънчо .","Мамо , страx ме от сънчо .",,мамо страx ме от сънчо
UTT_029315,SIM,2;01.06,SIM,slozhil tendzherata.,"['slozhil', 'tendzherata', '.']","['slozhil', 'tendzherata', '.']","['slozhil', 'tendzherata']",2,Сложил тенджерата.,"['сложил', 'тенджерата']",Сложил тенджерата .,Сложил тенджерата .,,сложил тенджерата
UTT_026811,SIM,1;10.07,SIM,"Gaci [: Graci], bati, bati vikat .","['Graci', ',', 'bati', ',', 'bati', 'vikat', '.']","['graci', ',', 'bati', ',', 'bati', 'vikat', '.']","['graci', 'bati', 'bati', 'vikat']",4,"Гаци [: граци], бати, бати викат .","['гаци', 'граци', 'бати', 'бати', 'викат']","Гаци , бати , бати викат .","граци бати , бати викат .",,граци бати бати викат
UTT_036567,SIM,2;10.09,SIM,"sega, bebe, shte te udarja.","['sega', ',', 'bebe', ',', 'shte', 'te', 'udarja', '.']","['sega', ',', 'bebe', ',', 'shte', 'te', 'udarja', '.']","['sega', 'bebe', 'shte', 'te', 'udarja']",5,"Сега, бебе, ще те ударя.","['сега', 'бебе', 'ще', 'те', 'ударя']","Сега , бебе , ще те ударя .","Сега , бебе , ще те ударя .",,сега бебе ще те ударя
UTT_042286,TEF,2;02.16,TEF,ikam [: iskam] idam [: da vidja] apcheto [: xapcheto] !,"['iskam', 'da', 'vidja', 'xapcheto', '!']","['iskam', 'da', 'vidja', 'xapcheto', '!']","['iskam', 'da', 'vidja', 'xapcheto']",4,Икам [: искам] идам [: да видя] апчето [: xапчето] !,"['икам', 'искам', 'идам', 'да', 'видя', 'апчето', 'xапчето']",Икам идам апчето !,да видя xапчето !,,да видя xапчето
UTT_042836,TEF,2;03.24,TEF,tuj kolo [: kolelo] !,"['tuj', 'kolelo', '!']","['tuj', 'kolelo', '!']","['tuj', 'kolelo']",2,Туй коло [: колело] !,"['туй', 'коло', 'колело']",Туй коло !,Туй колело !,,туй колело
UTT_021905,SIM,1;06.27,SIM,"ezhe [: rezhe], ezhe [: rezhe], ezhe [: rezhe], ezhe [: rezhe] .","['rezhe', ',', 'rezhe', ',', 'rezhe', ',', 'rezhe', '.']","['rezhe', ',', 'rezhe', ',', 'rezhe', ',', 'rezhe', '.']","['rezhe', 'rezhe', 'rezhe', 'rezhe']",4,"Еже [: реже], еже [: реже], еже [: реже], еже [: реже] .","['еже', 'реже', 'еже', 'реже', 'еже', 'реже', 'еже', 'реже']","Еже , еже , еже , еже .",реже реже реже реже .,,реже реже реже реже
UTT_024274,SIM,1;08.17,SIM,chuka chuk .,"['chuka', 'chuk', '.']","['chuka', 'chuk', '.']","['chuka', 'chuk']",2,Чука чук .,"['чука', 'чук']",Чука чук .,Чука чук .,,чука чук
UTT_026251,SIM,1;09.21,SIM,"ljulkata steli [: posteli], steli [: posteli] Moni .","['ljulkata', 'posteli', ',', 'posteli', 'Moni', '.']","['ljulkata', 'posteli', ',', 'posteli', 'moni', '.']","['ljulkata', 'posteli', 'posteli', 'moni']",4,"Льулката стели [: постели], стели [: постели] мони .","['льулката', 'стели', 'постели', 'стели', 'постели', 'мони']","Льулката стели , стели мони .",Льулката постели постели мони .,,льулката постели постели мони
UTT_035117,SIM,2;08.18,SIM,"vizh, edna mynichka jabylka, mynichka.","['vizh', ',', 'edna', 'mynichka', 'jabylka', ',', 'mynichka', '.']","['vizh', ',', 'edna', 'mynichka', 'jabylka', ',', 'mynichka', '.']","['vizh', 'edna', 'mynichka', 'jabylka', 'mynichka']",5,"Виж, една мъничка ябълка, мъничка.","['виж', 'една', 'мъничка', 'ябълка', 'мъничка']","Виж , една мъничка ябълка , мъничка .","Виж , една мъничка ябълка , мъничка .",,виж една мъничка ябълка мъничка
UTT_029022,SIM,2;00.23,SIM,achistix [: izchistix] go.,"['izchistix', 'go', '.']","['izchistix', 'go', '.']","['izchistix', 'go']",2,Ачистиx [: изчистиx] го.,"['ачистиx', 'изчистиx', 'го']",Ачистиx го .,изчистиx го .,Изчистиx го .,изчистиx го
UTT_000002,ALE,1;01.29,ALE,"mama, mama !","['mama', ',', 'mama', '!']","['mama', ',', 'mama', '!']","['mama', 'mama']",2,"Мама, мама !","['мама', 'мама']","Мама , мама !","Мама , мама !",,мама мама
UTT_027995,SIM,1;11.07,SIM,imam dzhobi [: dzhobove] .,"['imam', 'dzhobove', '.']","['imam', 'dzhobove', '.']","['imam', 'dzhobove']",2,Имам джоби [: джобове] .,"['имам', 'джоби', 'джобове']",Имам джоби .,Имам джобове .,,имам джобове
UTT_007945,BOG,2;01.09,BOG,"+, go +/.","['go', '/.']","['go', '/.']","['go', '/.']",2,"+, го +/.",['го'],", го .",", го .",,го
UTT_003487,ALE,1;08.22,ALE,udi kyvacha [: kylvacha] .,"['udi', 'kylvacha', '.']","['udi', 'kylvacha', '.']","['udi', 'kylvacha']",2,Уди къвача [: кълвача] .,"['уди', 'къвача', 'кълвача']",Уди къвача .,Уди кълвача .,,уди кълвача
UTT_028794,SIM,2;00.09,SIM,kazax xxx Kaljancho [: Kalojancho] .,"['kazax', 'Kalojancho', '.']","['kazax', 'kalojancho', '.']","['kazax', 'kalojancho']",2,Казаx xxx калянчо [: калоянчо] .,"['казаx', 'калянчо', 'калоянчо']",Казаx xxx калянчо .,Казаx xxx калоянчо .,,казаx xxx калоянчо
UTT_002693,ALE,1;07.20,ALE,"djado tupil [: schupil], chicheto [: jajchiceto] .","['djado', 'schupil', ',', 'jajchiceto', '.']","['djado', 'schupil', ',', 'jajchiceto', '.']","['djado', 'schupil', 'jajchiceto']",3,"Дядо тупил [: счупил], чичето [: яйчицето] .","['дядо', 'тупил', 'счупил', 'чичето', 'яйчицето']","Дядо тупил , чичето .",Дядо счупил яйчицето .,,дядо счупил яйчицето
UTT_043126,TEF,2;03.24,TEF,tuj mojta majka !,"['tuj', 'mojta', 'majka', '!']","['tuj', 'mojta', 'majka', '!']","['tuj', 'mojta', 'majka']",3,Туй мойта майка !,"['туй', 'мойта', 'майка']",Туй мойта майка !,Туй мойта майка !,,туй мойта майка
UTT_032048,SIM,2;05.22,SIM,tuka li?,"['tuka', 'l', '?']","['tuka', 'l', '?']","['tuka', 'l']",2,Тука ли?,"['тука', 'ли']",Тука ли ?,Тука ли ?,,тука ли
UTT_026156,SIM,1;09.21,SIM,shteshe Moni padne mjata [: zemjata] .,"['shteshe', 'Moni', 'padne', 'zemjata', '.']","['shteshe', 'moni', 'padne', 'zemjata', '.']","['shteshe', 'moni', 'padne', 'zemjata']",4,Щеше мони падне мята [: земята] .,"['щеше', 'мони', 'падне', 'мята', 'земята']",Щеше мони падне мята .,Щеше мони падне земята .,,щеше мони падне земята
UTT_008137,BOG,2;01.12,BOG,sendalkite [: sandalkite] tjaba [: trjabvat] mi !,"['sandalkite', 'trjabvat', 'mi', '!']","['sandalkite', 'trjabvat', 'mi', '!']","['sandalkite', 'trjabvat', 'mi']",3,Сендалките [: сандалките] тяба [: трябват] ми !,"['сендалките', 'сандалките', 'тяба', 'трябват', 'ми']",Сендалките тяба ми !,сандалките трябват ми !,,сандалките трябват ми
UTT_003157,ALE,1;08.22,ALE,"kako, molja ta !","['kako', ',', 'molja', 'ta', '!']","['kako', ',', 'molja', 'ta', '!']","['kako', 'molja', 'ta']",3,"Како, моля та !","['како', 'моля', 'та']","Како , моля та !","Како , моля та !",,како моля та
UTT_022046,SIM,1;07.06,SIM,mamo darja [: blagodarja] .,"['mamo', 'blagodarja', '.']","['mamo', 'blagodarja', '.']","['mamo', 'blagodarja']",2,Мамо даря [: благодаря] .,"['мамо', 'даря', 'благодаря']",Мамо даря .,Мамо благодаря .,,мамо благодаря
UTT_006790,ALE,2;03.12,ALE,kakvo e tova mojto ?,"['kakvo', 'e', 'tova', 'mojto', '?']","['kakvo', 'e', 'tova', 'mojto', '?']","['kakvo', 'e', 'tova', 'mojto']",4,Какво е това мойто ?,"['какво', 'е', 'това', 'мойто']",Какво е това мойто ?,Какво е това мойто ?,,какво е това мойто
UTT_024620,SIM,1;09.02,SIM,mama dyzhi [: dyrzhi] .,"['mama', 'dyrzhi', '.']","['mama', 'dyrzhi', '.']","['mama', 'dyrzhi']",2,Мама дъжи [: държи] .,"['мама', 'дъжи', 'държи']",Мама дъжи .,Мама държи .,,мама държи
UTT_023590,SIM,1;08.07,SIM,"zdaveej [: zdravej], zdaveeej [: zdravej], mama !","['zdravej', ',', 'zdravej', ',', 'mama', '!']","['zdravej', ',', 'zdravej', ',', 'mama', '!']","['zdravej', 'zdravej', 'mama']",3,"Здавеей [: здравей], здавееей [: здравей], мама !","['здавеей', 'здравей', 'здавееей', 'здравей', 'мама']","Здавеей , здавееей , мама !",здравей здравей мама !,,здравей здравей мама
UTT_029514,SIM,2;01.12,SIM,"mamo, ja da.","['mamo', ',', 'ja', 'da', '.']","['mamo', ',', 'ja', 'da', '.']","['mamo', 'ja', 'da']",3,"Мамо, я да.","['мамо', 'я', 'да']","Мамо , я да .","Мамо , я да .",,мамо я да
UTT_009595,BOG,2;03.06,BOG,kak ka [: se] kavash [: kazvash] ?,"['kak', 'se', 'kazvash', '?']","['kak', 'se', 'kazvash', '?']","['kak', 'se', 'kazvash']",3,Как ка [: се] каваш [: казваш] ?,"['как', 'ка', 'се', 'каваш', 'казваш']",Как ка каваш ?,Как се казваш ?,,как се казваш
UTT_001594,ALE,1;06.21,ALE,meish [: smeja se] .,"['smeja', 'se', '.']","['smeja', 'se', '.']","['smeja', 'se']",2,Меиш [: смея се] .,"['меиш', 'смея', 'се']",Меиш .,смея се .,,смея се
UTT_031895,SIM,2;05.03,SIM,"Kalojancho, stiga si skubal [: dyrpal] na men chorapite!","['Kalojancho', ',', 'stiga', 'si', 'dyrpal', 'na', 'men', 'chorapite!']","['kalojancho', ',', 'stiga', 'si', 'dyrpal', 'na', 'men', 'chorapite!']","['kalojancho', 'stiga', 'si', 'dyrpal', 'na', 'men', 'chorapite!']",7,"Калоянчо, стига си скубал [: дърпал] на мен чорапите!","['калоянчо', 'стига', 'си', 'скубал', 'дърпал', 'на', 'мен', 'чорапите']","Калоянчо , стига си скубал на мен чорапите !","Калоянчо , стига си дърпал на мен чорапите !",,калоянчо стига си дърпал на мен чорапите
UTT_004998,ALE,1;11.14,ALE,mani [: maxni] sa ottam !,"['maxni', 'sa', 'ottam', '!']","['maxni', 'sa', 'ottam', '!']","['maxni', 'sa', 'ottam']",3,Мани [: маxни] са оттам !,"['мани', 'маxни', 'са', 'оттам']",Мани са оттам !,маxни са оттам !,,маxни са оттам
UTT_044854,TEF,2;05.25,TEF,ej tuka-tuka-tuka !,"['ej', 'tuka-tuka-tuka', '!']","['ej', 'tuka-tuka-tuka', '!']","['ej', 'tuka-tuka-tuka']",2,Ей тука-тука-тука !,"['ей', 'тука-тука-тука']",Ей тука-тука-тука !,Ей тука-тука-тука !,,ей тука тука тука
UTT_036218,SIM,2;10.04,SIM,trjabva da si go zatvorjat.,"['trjabva', 'da', 'si', 'go', 'zatvorjat', '.']","['trjabva', 'da', 'si', 'go', 'zatvorjat', '.']","['trjabva', 'da', 'si', 'go', 'zatvorjat']",5,Трябва да си го затворят.,"['трябва', 'да', 'си', 'го', 'затворят']",Трябва да си го затворят .,Трябва да си го затворят .,,трябва да си го затворят
UTT_031128,SIM,2;03.16,SIM,"o, ne moga, strax me!","['o', ',', 'ne', 'moga', ',', 'strax', 'me!']","['o', ',', 'ne', 'moga', ',', 'strax', 'me!']","['o', 'ne', 'moga', 'strax', 'me!']",5,"О, не мога, страx ме!","['о', 'не', 'мога', 'страx', 'ме']","О , не мога , страx ме !","О , не мога , страx ме !",,о не мога страx ме
UTT_044699,TEF,2;05.25,TEF,az spinkam kevata [: v krevata] tam .,"['az', 'spinkam', 'v', 'krevata', 'tam', '.']","['az', 'spinkam', 'v', 'krevata', 'tam', '.']","['az', 'spinkam', 'v', 'krevata', 'tam']",5,Аз спинкам кевата [: в кревата] там .,"['аз', 'спинкам', 'кевата', 'в', 'кревата', 'там']",Аз спинкам кевата там .,Аз в кревата там .,Аз спинкам кревата там .,аз в кревата там
UTT_024981,SIM,1;09.03,SIM,"tozi, tozi, tozi .","['tozi', ',', 'tozi', ',', 'tozi', '.']","['tozi', ',', 'tozi', ',', 'tozi', '.']","['tozi', 'tozi', 'tozi']",3,"Този, този, този .","['този', 'този', 'този']","Този , този , този .","Този , този , този .",,този този този
UTT_029346,SIM,2;01.10,SIM,mnogo sym toplo mi.,"['mnogo', 'sym', 'toplo', 'mi', '.']","['mnogo', 'sym', 'toplo', 'mi', '.']","['mnogo', 'sym', 'toplo', 'mi']",4,Много съм топло ми.,"['много', 'съм', 'топло', 'ми']",Много съм топло ми .,Много съм топло ми .,,много съм топло ми
UTT_028453,SIM,1;11.23,SIM,baba noktite .,"['baba', 'noktite', '.']","['baba', 'noktite', '.']","['baba', 'noktite']",2,Баба ноктите .,"['баба', 'ноктите']",Баба ноктите .,Баба ноктите .,Баба ноктите .,баба ноктите
UTT_010259,BOG,2;04.11,BOG,cheti mi !,"['cheti', 'mi', '!']","['cheti', 'mi', '!']","['cheti', 'mi']",2,Чети ми !,"['чети', 'ми']",Чети ми !,Чети ми !,,чети ми
UTT_028793,SIM,2;00.09,SIM,kazax ne taka Kaljancho [: Kalojancho] .,"['kazax', 'ne', 'taka', 'Kalojancho', '.']","['kazax', 'ne', 'taka', 'kalojancho', '.']","['kazax', 'ne', 'taka', 'kalojancho']",4,Казаx не така калянчо [: калоянчо] .,"['казаx', 'не', 'така', 'калянчо', 'калоянчо']",Казаx не така калянчо .,Казаx не така калоянчо .,,казаx не така калоянчо
UTT_036566,SIM,2;10.09,SIM,az sym po-silna.,"['az', 'sym', 'po-silna', '.']","['az', 'sym', 'po-silna', '.']","['az', 'sym', 'po-silna']",3,Аз съм по-силна.,"['аз', 'съм', 'по-силна']",Аз съм по-силна .,Аз съм по-силна .,Аз съм по-силна .,аз съм по силна
UTT_041730,TEF,2;01.16,TEF,koj tova ?,"['koj', 'tova', '?']","['koj', 'tova', '?']","['koj', 'tova']",2,Кой това ?,"['кой', 'това']",Кой това ?,Кой това ?,,кой това
UTT_032684,SIM,2;06.00,SIM,"samo kotenceto, kotenceto, kotenceto pee, kotenceto pee.","['samo', 'kotenceto', ',', 'kotenceto', ',', 'kotenceto', 'pee', ',', 'kotenceto', 'pee', '.']","['samo', 'kotenceto', ',', 'kotenceto', ',', 'kotenceto', 'pee', ',', 'kotenceto', 'pee', '.']","['samo', 'kotenceto', 'kotenceto', 'kotenceto', 'pee', 'kotenceto', 'pee']",7,"Само котенцето, котенцето, котенцето пее, котенцето пее.","['само', 'котенцето', 'котенцето', 'котенцето', 'пее', 'котенцето', 'пее']","Само котенцето , котенцето , котенцето пее , котенцето пее .","Само котенцето , котенцето , котенцето пее , котенцето пее .",,само котенцето котенцето котенцето пее котенцето пее
UTT_003646,ALE,1;09.19,ALE,senna [: da sedna] tuk .,"['da', 'sedna', 'tuk', '.']","['da', 'sedna', 'tuk', '.']","['da', 'sedna', 'tuk']",3,Сенна [: да седна] тук .,"['сенна', 'да', 'седна', 'тук']",Сенна тук .,да седна тук .,,да седна тук
UTT_007388,ALE,2;04.09,ALE,xajde da vidime zhivotnite !,"['xajde', 'da', 'vidime', 'zhivotnite', '!']","['xajde', 'da', 'vidime', 'zhivotnite', '!']","['xajde', 'da', 'vidime', 'zhivotnite']",4,Xайде да видиме животните !,"['xайде', 'да', 'видиме', 'животните']",Xайде да видиме животните !,Xайде да видиме животните !,,xайде да видиме животните
UTT_026196,SIM,1;09.21,SIM,"kochi [: skochi] Moni, kochi [: skochi] Moni, kochi [: skochi] Moni .","['skochi', 'Moni', ',', 'skochi', 'Moni', ',', 'skochi', 'Moni', '.']","['skochi', 'moni', ',', 'skochi', 'moni', ',', 'skochi', 'moni', '.']","['skochi', 'moni', 'skochi', 'moni', 'skochi', 'moni']",6,"Кочи [: скочи] мони, кочи [: скочи] мони, кочи [: скочи] мони .","['кочи', 'скочи', 'мони', 'кочи', 'скочи', 'мони', 'кочи', 'скочи', 'мони']","Кочи мони , кочи мони , кочи мони .","скочи мони , скочи мони , скочи мони .",,скочи мони скочи мони скочи мони
UTT_035977,SIM,2;10.02,SIM,imash odealoto na Kalojan.,"['imash', 'odealoto', 'na', 'Kalojan', '.']","['imash', 'odealoto', 'na', 'kalojan', '.']","['imash', 'odealoto', 'na', 'kalojan']",4,Имаш одеалото на калоян.,"['имаш', 'одеалото', 'на', 'калоян']",Имаш одеалото на калоян .,Имаш одеалото на калоян .,Имаш одеалото на калоян .,имаш одеалото на калоян
UTT_033051,SIM,2;06.02,SIM,"ajde, byrsha.","['ajde', ',', 'byrsha', '.']","['ajde', ',', 'byrsha', '.']","['ajde', 'byrsha']",2,"Айде, бърша.","['айде', 'бърша']","Айде , бърша .","Айде , бърша .",,айде бърша
UTT_029275,SIM,2;01.06,SIM,mokro shte e.,"['mokro', 'shte', 'e', '.']","['mokro', 'shte', 'e', '.']","['mokro', 'shte', 'e']",3,Мокро ще е.,"['мокро', 'ще', 'е']",Мокро ще е .,Мокро ще е .,,мокро ще е
UTT_006818,ALE,2;03.12,ALE,eto ja majka kotka !,"['eto', 'ja', 'majka', 'kotka', '!']","['eto', 'ja', 'majka', 'kotka', '!']","['eto', 'ja', 'majka', 'kotka']",4,Ето я майка котка !,"['ето', 'я', 'майка', 'котка']",Ето я майка котка !,Ето я майка котка !,,ето я майка котка
UTT_007738,ALE,2;04.09,ALE,eto tova ne .,"['eto', 'tova', 'ne', '.']","['eto', 'tova', 'ne', '.']","['eto', 'tova', 'ne']",3,Ето това не .,"['ето', 'това', 'не']",Ето това не .,Ето това не .,,ето това не
UTT_010113,BOG,2;04.05,BOG,"tidi [: otidi] kupi jeshnici [: leshnici], boboni [: bonboni] enna [: edna] kutija !","['otidi', 'kupi', 'leshnici', ',', 'bonboni', 'edna', 'kutija', '!']","['otidi', 'kupi', 'leshnici', ',', 'bonboni', 'edna', 'kutija', '!']","['otidi', 'kupi', 'leshnici', 'bonboni', 'edna', 'kutija']",6,"Тиди [: отиди] купи йешници [: лешници], бобони [: бонбони] енна [: една] кутия !","['тиди', 'отиди', 'купи', 'йешници', 'лешници', 'бобони', 'бонбони', 'енна', 'една', 'кутия']","Тиди купи йешници , бобони енна кутия !",отиди купи лешници бонбони една кутия !,,отиди купи лешници бонбони една кутия
UTT_008685,BOG,2;01.13,BOG,"ika [: iska] da igaj [: igrae], ika [: iska]+/.","['iska', 'da', 'igrae', ',', 'iska', '/.']","['iska', 'da', 'igrae', ',', 'iska', '/.']","['iska', 'da', 'igrae', 'iska', '/.']",5,"Ика [: иска] да игай [: играе], ика [: иска]+/.","['ика', 'иска', 'да', 'игай', 'играе', 'ика', 'иска']","Ика да игай , ика .",иска да играе иска,,иска да играе иска
UTT_043561,TEF,2;04.21,TEF,bjax bona [: bolna] i ga [: sega] pija .,"['bjax', 'bolna', 'i', 'sega', 'pija', '.']","['bjax', 'bolna', 'i', 'sega', 'pija', '.']","['bjax', 'bolna', 'i', 'sega', 'pija']",5,Бяx бона [: болна] и га [: сега] пия .,"['бяx', 'бона', 'болна', 'и', 'га', 'сега', 'пия']",Бяx бона и га пия .,Бяx болна и сега пия .,,бяx болна и сега пия
UTT_022375,SIM,1;07.11,SIM,"molja, molja, molja .","['molja', ',', 'molja', ',', 'molja', '.']","['molja', ',', 'molja', ',', 'molja', '.']","['molja', 'molja', 'molja']",3,"Моля, моля, моля .","['моля', 'моля', 'моля']","Моля , моля , моля .","Моля , моля , моля .",,моля моля моля
UTT_043826,TEF,2;04.21,TEF,da be .,"['da', 'be', '.']","['da', 'be', '.']","['da', 'be']",2,Да бе .,"['да', 'бе']",Да бе .,Да бе .,,да бе
UTT_042619,TEF,2;03.24,TEF,eto buj [: obuj] ma !,"['eto', 'obuj', 'ma', '!']","['eto', 'obuj', 'ma', '!']","['eto', 'obuj', 'ma']",3,Ето буй [: обуй] ма !,"['ето', 'буй', 'обуй', 'ма']",Ето буй ма !,Ето обуй ма !,,ето обуй ма
UTT_010172,BOG,2;04.11,BOG,"+, Ima buki [: obuvki] .","['Ima', 'obuvki', '.']","['ima', 'obuvki', '.']","['ima', 'obuvki']",2,"+, има буки [: обувки] .","['има', 'буки', 'обувки']",", има буки .",", има обувки .",,има обувки
UTT_028526,SIM,2;00.00,SIM,chicho Emo dojde veche .,"['chicho', 'Emo', 'dojde', 'veche', '.']","['chicho', 'emo', 'dojde', 'veche', '.']","['chicho', 'emo', 'dojde', 'veche']",4,Чичо емо дойде вече .,"['чичо', 'емо', 'дойде', 'вече']",Чичо емо дойде вече .,Чичо емо дойде вече .,,чичо емо дойде вече
UTT_022845,SIM,1;07.22,SIM,"duga [: druga], dugaaa [: druga], duga [: druga] .","['druga', ',', 'druga', ',', 'druga', '.']","['druga', ',', 'druga', ',', 'druga', '.']","['druga', 'druga', 'druga']",3,"Дуга [: друга], дугааа [: друга], дуга [: друга] .","['дуга', 'друга', 'дугааа', 'друга', 'дуга', 'друга']","Дуга , дугааа , дуга .",друга друга друга .,"Друга , друга , друга .",друга друга друга
UTT_029387,SIM,2;01.10,SIM,"mamo, pavja [: pravJa] chuk, chuk, chuk.","['mamo', ',', 'pravJa', 'chuk', ',', 'chuk', ',', 'chuk', '.']","['mamo', ',', 'pravja', 'chuk', ',', 'chuk', ',', 'chuk', '.']","['mamo', 'pravja', 'chuk', 'chuk', 'chuk']",5,"Мамо, павя [: правя] чук, чук, чук.","['мамо', 'павя', 'правя', 'чук', 'чук', 'чук']","Мамо , павя чук , чук , чук .","Мамо , правя чук , чук , чук .",,мамо правя чук чук чук
UTT_038181,TEF,1;11.04,TEF,ajde duo [: drugo] !,"['ajde', 'drugo', '!']","['ajde', 'drugo', '!']","['ajde', 'drugo']",2,Айде дуо [: друго] !,"['айде', 'дуо', 'друго']",Айде дуо !,Айде друго !,,айде друго
UTT_033002,SIM,2;06.02,SIM,"mamo, ostavi mi mnogo malki chexli iskam, mnogo malki.","['mamo', ',', 'ostavi', 'mi', 'mnogo', 'malki', 'chexli', 'iskam', ',', 'mnogo', 'malki', '.']","['mamo', ',', 'ostavi', 'mi', 'mnogo', 'malki', 'chexli', 'iskam', ',', 'mnogo', 'malki', '.']","['mamo', 'ostavi', 'mi', 'mnogo', 'malki', 'chexli', 'iskam', 'mnogo', 'malki']",9,"Мамо, остави ми много малки чеxли искам, много малки.","['мамо', 'остави', 'ми', 'много', 'малки', 'чеxли', 'искам', 'много', 'малки']","Мамо , остави ми много малки чеxли искам , много малки .","Мамо , остави ми много малки чеxли искам , много малки .",,мамо остави ми много малки чеxли искам много малки
UTT_032170,SIM,2;05.22,SIM,"Monchi, Monchi.","['Monchi', ',', 'Monchi', '.']","['monchi', ',', 'monchi', '.']","['monchi', 'monchi']",2,"Мончи, мончи.","['мончи', 'мончи']","Мончи , мончи .","Мончи , мончи .",,мончи мончи
UTT_002252,ALE,1;07.20,ALE,tati pi [: spi] .,"['tati', 'spi', '.']","['tati', 'spi', '.']","['tati', 'spi']",2,Тати пи [: спи] .,"['тати', 'пи', 'спи']",Тати пи .,Тати спи .,,тати спи
UTT_040645,TEF,,TEF,gedam [: gledam] kizhka [: knizhka] .,"['gledam', 'knizhka', '.']","['gledam', 'knizhka', '.']","['gledam', 'knizhka']",2,Гедам [: гледам] кижка [: книжка] .,"['гедам', 'гледам', 'кижка', 'книжка']",Гедам кижка .,гледам книжка .,,гледам книжка
UTT_026168,SIM,1;09.21,SIM,nosi mama .,"['nosi', 'mama', '.']","['nosi', 'mama', '.']","['nosi', 'mama']",2,Носи мама .,"['носи', 'мама']",Носи мама .,Носи мама .,,носи мама
UTT_027734,SIM,1;11.04,SIM,sh igraem .,"['sh', 'igraem', '.']","['sh', 'igraem', '.']","['sh', 'igraem']",2,Ш играем .,"['ш', 'играем']",Ш играем .,Ш играем .,,ш играем
UTT_032422,SIM,2;05.28,SIM,az minah pod stola.,"['az', 'minah', 'pod', 'stola', '.']","['az', 'minah', 'pod', 'stola', '.']","['az', 'minah', 'pod', 'stola']",4,Аз минах под стола.,"['аз', 'минах', 'под', 'стола']",Аз минах под стола .,Аз минах под стола .,,аз минах под стола
UTT_007942,BOG,2;01.09,BOG,eto ja radiova [: radioto] .,"['eto', 'ja', 'radioto', '.']","['eto', 'ja', 'radioto', '.']","['eto', 'ja', 'radioto']",3,Ето я радиова [: радиото] .,"['ето', 'я', 'радиова', 'радиото']",Ето я радиова .,Ето я радиото .,,ето я радиото
UTT_043394,TEF,2;03.24,TEF,to mij dabite [: zybite] .,"['to', 'mij', 'zybite', '.']","['to', 'mij', 'zybite', '.']","['to', 'mij', 'zybite']",3,То мий дабите [: зъбите] .,"['то', 'мий', 'дабите', 'зъбите']",То мий дабите .,То мий зъбите .,,то мий зъбите
UTT_029222,SIM,2;01.06,SIM,"mamo, az nosJa.","['mamo', ',', 'az', 'nosJa', '.']","['mamo', ',', 'az', 'nosja', '.']","['mamo', 'az', 'nosja']",3,"Мамо, аз нося.","['мамо', 'аз', 'нося']","Мамо , аз нося .","Мамо , аз нося .",,мамо аз нося
UTT_023406,SIM,1;08.06,SIM,"stigne, stigne .","['stigne', ',', 'stigne', '.']","['stigne', ',', 'stigne', '.']","['stigne', 'stigne']",2,"Стигне, стигне .","['стигне', 'стигне']","Стигне , стигне .","Стигне , стигне .",,стигне стигне
UTT_022880,SIM,1;07.23,SIM,"apche [: xapche], apche [: xapche], apche [: xapche], apche [: xapche] .","['xapche', ',', 'xapche', ',', 'xapche', ',', 'xapche', '.']","['xapche', ',', 'xapche', ',', 'xapche', ',', 'xapche', '.']","['xapche', 'xapche', 'xapche', 'xapche']",4,"Апче [: xапче], апче [: xапче], апче [: xапче], апче [: xапче] .","['апче', 'xапче', 'апче', 'xапче', 'апче', 'xапче', 'апче', 'xапче']","Апче , апче , апче , апче .",xапче xапче xапче xапче .,"Хапче , xапче , xапче , xапче .",xапче xапче xапче xапче
UTT_035738,SIM,2;09.18,SIM,"kato zajche, kato zajche, kato zajche.","['kato', 'zajche', ',', 'kato', 'zajche', ',', 'kato', 'zajche', '.']","['kato', 'zajche', ',', 'kato', 'zajche', ',', 'kato', 'zajche', '.']","['kato', 'zajche', 'kato', 'zajche', 'kato', 'zajche']",6,"Като зайче, като зайче, като зайче.","['като', 'зайче', 'като', 'зайче', 'като', 'зайче']","Като зайче , като зайче , като зайче .","Като зайче , като зайче , като зайче .",,като зайче като зайче като зайче
UTT_002502,ALE,1;07.20,ALE,oti [: oshte] ino [: edno/vmesto edin] Ulcho [: Vylcho] .,"['oshte', 'edno/vmesto', 'edin', 'Vylcho', '.']","['oshte', 'edno/vmesto', 'edin', 'vylcho', '.']","['oshte', 'edno/vmesto', 'edin', 'vylcho']",4,Оти [: още] ино [: едно/вместо един] улчо [: вълчо] .,"['оти', 'още', 'ино', 'едно/вместо', 'един', 'улчо', 'вълчо']",Оти ино улчо .,едно вместо един вълчо .,,едно вместо един вълчо
UTT_032561,SIM,2;05.29,SIM,tova sinjo li e?,"['tova', 'sinjo', 'li', '?']","['tova', 'sinjo', 'li', '?']","['tova', 'sinjo', 'li']",3,Това синьо ли е?,"['това', 'синьо', 'ли', 'е']",Това синьо ли е ?,Това синьо ли е ?,,това синьо ли е
UTT_004596,ALE,1;10.12,ALE,ika [: iska] tani [: da stane] goua [: gola] .,"['iska', 'da', 'stane', 'gola', '.']","['iska', 'da', 'stane', 'gola', '.']","['iska', 'da', 'stane', 'gola']",4,Ика [: иска] тани [: да стане] гоуа [: гола] .,"['ика', 'иска', 'тани', 'да', 'стане', 'гоуа', 'гола']",Ика тани гоуа .,да стане гола .,,да стане гола
UTT_006553,ALE,2;03.12,ALE,"mamo, daj ja na mene taja obichka !","['mamo', ',', 'daj', 'ja', 'na', 'mene', 'taja', 'obichka', '!']","['mamo', ',', 'daj', 'ja', 'na', 'mene', 'taja', 'obichka', '!']","['mamo', 'daj', 'ja', 'na', 'mene', 'taja', 'obichka']",7,"Мамо, дай я на мене тая обичка !","['мамо', 'дай', 'я', 'на', 'мене', 'тая', 'обичка']","Мамо , дай я на мене тая обичка !","Мамо , дай я на мене тая обичка !","Мамо , дай я на мене тая обичка !",мамо дай я на мене тая обичка
UTT_038391,TEF,1;11.04,TEF,Dina [: vdigni me] !,"['vdigni', 'me', '!']","['vdigni', 'me', '!']","['vdigni', 'me']",2,Дина [: вдигни ме] !,"['дина', 'вдигни', 'ме']",Дина !,вдигни ме !,,вдигни ме
UTT_033598,SIM,2;06.19,SIM,te sa mynichki.,"['te', 'sa', 'mynichki', '.']","['te', 'sa', 'mynichki', '.']","['te', 'sa', 'mynichki']",3,Те са мънички.,"['те', 'са', 'мънички']",Те са мънички .,Те са мънички .,Те са мънички .,те са мънички
UTT_032024,SIM,2;05.21,SIM,na chicho Ogi.,"['na', 'chicho', 'Ogi', '.']","['na', 'chicho', 'ogi', '.']","['na', 'chicho', 'ogi']",3,На чичо оги.,"['на', 'чичо', 'оги']",На чичо оги .,На чичо оги .,,на чичо оги
UTT_033401,SIM,2;06.14,SIM,tova mu e krasivoto bodi.,"['tova', 'mu', 'e', 'krasivoto', 'bodi', '.']","['tova', 'mu', 'e', 'krasivoto', 'bodi', '.']","['tova', 'mu', 'e', 'krasivoto', 'bodi']",5,Това му е красивото боди.,"['това', 'му', 'е', 'красивото', 'боди']",Това му е красивото боди .,Това му е красивото боди .,,това му е красивото боди
UTT_027185,SIM,1;10.13,SIM,"mnogo toplo, bleka [: sybleka] bebcho gol otkopcha .","['mnogo', 'toplo', ',', 'sybleka', 'bebcho', 'gol', 'otkopcha', '.']","['mnogo', 'toplo', ',', 'sybleka', 'bebcho', 'gol', 'otkopcha', '.']","['mnogo', 'toplo', 'sybleka', 'bebcho', 'gol', 'otkopcha']",6,"Много топло, блека [: съблека] бебчо гол откопча .","['много', 'топло', 'блека', 'съблека', 'бебчо', 'гол', 'откопча']","Много топло , блека бебчо гол откопча .","Много топло , съблека бебчо гол откопча .",,много топло съблека бебчо гол откопча
UTT_005937,ALE,2;02.24,ALE,"Ami, ottam si namei [: nameri] sijence [: sirence] .","['Ami', ',', 'ottam', 'si', 'nameri', 'sirence', '.']","['ami', ',', 'ottam', 'si', 'nameri', 'sirence', '.']","['ami', 'ottam', 'si', 'nameri', 'sirence']",5,"Ами, оттам си намеи [: намери] сийенце [: сиренце] .","['ами', 'оттам', 'си', 'намеи', 'намери', 'сийенце', 'сиренце']","Ами , оттам си намеи сийенце .","Ами , оттам си намери сиренце .",,ами оттам си намери сиренце
UTT_035479,SIM,2;09.09,SIM,az gushkam kuklite.,"['az', 'gushkam', 'kuklite', '.']","['az', 'gushkam', 'kuklite', '.']","['az', 'gushkam', 'kuklite']",3,Аз гушкам куклите.,"['аз', 'гушкам', 'куклите']",Аз гушкам куклите .,Аз гушкам куклите .,,аз гушкам куклите
UTT_035495,SIM,2;09.09,SIM,se kazvashe atovchedka [: bratovchedka].,"['se', 'kazvashe', 'bratovchedka', '.']","['se', 'kazvashe', 'bratovchedka', '.']","['se', 'kazvashe', 'bratovchedka']",3,Се казваше атовчедка [: братовчедка].,"['се', 'казваше', 'атовчедка', 'братовчедка']",Се казваше атовчедка .,Се казваше братовчедка,,се казваше братовчедка
UTT_028317,SIM,1;11.14,SIM,a pipam bebcho sedna .,"['a', 'pipam', 'bebcho', 'sedna', '.']","['a', 'pipam', 'bebcho', 'sedna', '.']","['a', 'pipam', 'bebcho', 'sedna']",4,А пипам бебчо седна .,"['а', 'пипам', 'бебчо', 'седна']",А пипам бебчо седна .,А пипам бебчо седна .,,а пипам бебчо седна
UTT_035245,SIM,2;08.19,SIM,pix siropche samichka.,"['pix', 'siropche', 'samichka', '.']","['pix', 'siropche', 'samichka', '.']","['pix', 'siropche', 'samichka']",3,Пиx сиропче самичка.,"['пиx', 'сиропче', 'самичка']",Пиx сиропче самичка .,Пиx сиропче самичка .,Пиx сиропче самичка .,пиx сиропче самичка
UTT_001313,ALE,1;05.08,ALE,eto go !,"['eto', 'go', '!']","['eto', 'go', '!']","['eto', 'go']",2,Ето го !,"['ето', 'го']",Ето го !,Ето го !,,ето го
UTT_020183,SIM,1;05.02,SIM,"tori [: otvori], tori [: otvori] !","['otvori', ',', 'otvori', '!']","['otvori', ',', 'otvori', '!']","['otvori', 'otvori']",2,"Тори [: отвори], тори [: отвори] !","['тори', 'отвори', 'тори', 'отвори']","Тори , тори !",отвори отвори !,,отвори отвори
UTT_043787,TEF,2;04.21,TEF,Tana [: stana/ostana] mako [: malko] .,"['stana/ostana', 'malko', '.']","['stana/ostana', 'malko', '.']","['stana/ostana', 'malko']",2,Тана [: стана/остана] мако [: малко] .,"['тана', 'стана/остана', 'мако', 'малко']",Тана мако .,стана остана малко .,,стана остана малко
UTT_005835,ALE,2;02.24,ALE,a na tova pishe li sa ?,"['a', 'na', 'tova', 'pishe', 'li', 'sa', '?']","['a', 'na', 'tova', 'pishe', 'li', 'sa', '?']","['a', 'na', 'tova', 'pishe', 'li', 'sa']",6,А на това пише ли са ?,"['а', 'на', 'това', 'пише', 'ли', 'са']",А на това пише ли са ?,А на това пише ли са ?,,а на това пише ли са
UTT_029394,SIM,2;01.10,SIM,"chuk, chuk, chuk, chuk.","['chuk', ',', 'chuk', ',', 'chuk', ',', 'chuk', '.']","['chuk', ',', 'chuk', ',', 'chuk', ',', 'chuk', '.']","['chuk', 'chuk', 'chuk', 'chuk']",4,"Чук, чук, чук, чук.","['чук', 'чук', 'чук', 'чук']","Чук , чук , чук , чук .","Чук , чук , чук , чук .",,чук чук чук чук
UTT_020268,SIM,1;05.02,SIM,"gali, gali, gali, gali .","['gali', ',', 'gali', ',', 'gali', ',', 'gali', '.']","['gali', ',', 'gali', ',', 'gali', ',', 'gali', '.']","['gali', 'gali', 'gali', 'gali']",4,"Гали, гали, гали, гали .","['гали', 'гали', 'гали', 'гали']","Гали , гали , гали , гали .","Гали , гали , гали , гали .",,гали гали гали гали
UTT_026011,SIM,1;09.21,SIM,"slozha, slozha .","['slozha', ',', 'slozha', '.']","['slozha', ',', 'slozha', '.']","['slozha', 'slozha']",2,"Сложа, сложа .","['сложа', 'сложа']","Сложа , сложа .","Сложа , сложа .",,сложа сложа
UTT_020803,SIM,1;05.18,SIM,"mamo, mamo .","['mamo', ',', 'mamo', '.']","['mamo', ',', 'mamo', '.']","['mamo', 'mamo']",2,"Мамо, мамо .","['мамо', 'мамо']","Мамо , мамо .","Мамо , мамо .",,мамо мамо
UTT_007461,ALE,2;04.09,ALE,cvetja li e ?,"['cvetja', 'li', 'e', '?']","['cvetja', 'li', 'e', '?']","['cvetja', 'li', 'e']",3,Цветя ли е ?,"['цветя', 'ли', 'е']",Цветя ли е ?,Цветя ли е ?,,цветя ли е
UTT_032495,SIM,2;05.29,SIM,"mamo, ko [: kakvo] tova e?","['mamo', ',', 'kakvo', 'tova', '?']","['mamo', ',', 'kakvo', 'tova', '?']","['mamo', 'kakvo', 'tova']",3,"Мамо, ко [: какво] това е?","['мамо', 'ко', 'какво', 'това', 'е']","Мамо , ко това е ?","Мамо , какво това е ?",,мамо какво това е
UTT_005288,ALE,1;11.14,ALE,dobichki si [: dobrichki sa] .,"['dobichki', 'dobrichki', 'sa', '.']","['dobichki', 'dobrichki', 'sa', '.']","['dobichki', 'dobrichki', 'sa']",3,Добички си [: добрички са] .,"['добички', 'си', 'добрички', 'са']",Добички си .,добрички са .,,добрички са
UTT_027630,SIM,1;11.02,SIM,"vzimam kolikata [: kolichkata] a ulicata, vzimam kolikata [: kolichkata] a ulicata .","['vzimam', 'kolichkata', 'a', 'ulicata', ',', 'vzimam', 'kolichkata', 'a', 'ulicata', '.']","['vzimam', 'kolichkata', 'a', 'ulicata', ',', 'vzimam', 'kolichkata', 'a', 'ulicata', '.']","['vzimam', 'kolichkata', 'a', 'ulicata', 'vzimam', 'kolichkata', 'a', 'ulicata']",8,"Взимам коликата [: количката] а улицата, взимам коликата [: количката] а улицата .","['взимам', 'коликата', 'количката', 'а', 'улицата', 'взимам', 'коликата', 'количката', 'а', 'улицата']","Взимам коликата а улицата , взимам коликата а улицата .","Взимам количката а улицата , взимам количката а улицата .","Взимам количката а улицата , взимам количката а улицата .",взимам количката а улицата взимам количката а улицата
UTT_010195,BOG,2;04.11,BOG,ezeo [: ezero] vyv goa [: gorata] .,"['ezero', 'vyv', 'gorata', '.']","['ezero', 'vyv', 'gorata', '.']","['ezero', 'vyv', 'gorata']",3,Езео [: езеро] във гоа [: гората] .,"['езео', 'езеро', 'във', 'гоа', 'гората']",Езео във гоа .,езеро във гората .,Езеро във гората .,езеро във гората
UTT_027313,SIM,1;10.16,SIM,kyde si ?,"['kyde', 'si', '?']","['kyde', 'si', '?']","['kyde', 'si']",2,Къде си ?,"['къде', 'си']",Къде си ?,Къде си ?,,къде си
UTT_007818,ALE,2;04.09,ALE,ne znam .,"['ne', 'znam', '.']","['ne', 'znam', '.']","['ne', 'znam']",2,Не знам .,"['не', 'знам']",Не знам .,Не знам .,,не знам
UTT_020034,SIM,1;04.25,SIM,tova e xelikopter .,"['tova', 'e', 'xelikopter', '.']","['tova', 'e', 'xelikopter', '.']","['tova', 'e', 'xelikopter']",3,Това е xеликоптер .,"['това', 'е', 'xеликоптер']",Това е xеликоптер .,Това е xеликоптер .,Това е xеликоптер .,това е xеликоптер
UTT_043859,TEF,2;04.21,TEF,"bekam [: da byrkam], ikam [: iskam] mako [: malko] bekam [: da byrkam] !","['da', 'byrkam', ',', 'iskam', 'malko', 'da', 'byrkam', '!']","['da', 'byrkam', ',', 'iskam', 'malko', 'da', 'byrkam', '!']","['da', 'byrkam', 'iskam', 'malko', 'da', 'byrkam']",6,"Бекам [: да бъркам], икам [: искам] мако [: малко] бекам [: да бъркам] !","['бекам', 'да', 'бъркам', 'икам', 'искам', 'мако', 'малко', 'бекам', 'да', 'бъркам']","Бекам , икам мако бекам !",да бъркам искам да бъркам !,,да бъркам искам да бъркам
UTT_029199,SIM,2;01.05,SIM,ostavix telefona.,"['ostavix', 'telefona', '.']","['ostavix', 'telefona', '.']","['ostavix', 'telefona']",2,Оставиx телефона.,"['оставиx', 'телефона']",Оставиx телефона .,Оставиx телефона .,,оставиx телефона
UTT_023226,SIM,1;07.28,SIM,"pipish [: pipash], pipish [: pipash] .","['pipash', ',', 'pipash', '.']","['pipash', ',', 'pipash', '.']","['pipash', 'pipash']",2,"Пипиш [: пипаш], пипиш [: пипаш] .","['пипиш', 'пипаш', 'пипиш', 'пипаш']","Пипиш , пипиш .",пипаш пипаш .,,пипаш пипаш
UTT_034314,SIM,2;07.19,SIM,svyrshi mi stokata.,"['svyrshi', 'mi', 'stokata', '.']","['svyrshi', 'mi', 'stokata', '.']","['svyrshi', 'mi', 'stokata']",3,Свърши ми стоката.,"['свърши', 'ми', 'стоката']",Свърши ми стоката .,Свърши ми стоката .,,свърши ми стоката
UTT_002357,ALE,1;07.20,ALE,daj bonboni !,"['daj', 'bonboni', '!']","['daj', 'bonboni', '!']","['daj', 'bonboni']",2,Дай бонбони !,"['дай', 'бонбони']",Дай бонбони !,Дай бонбони !,,дай бонбони
UTT_007071,ALE,2;03.12,ALE,"mamo, mamo, otivam da jam .","['mamo', ',', 'mamo', ',', 'otivam', 'da', 'jam', '.']","['mamo', ',', 'mamo', ',', 'otivam', 'da', 'jam', '.']","['mamo', 'mamo', 'otivam', 'da', 'jam']",5,"Мамо, мамо, отивам да ям .","['мамо', 'мамо', 'отивам', 'да', 'ям']","Мамо , мамо , отивам да ям .","Мамо , мамо , отивам да ям .",,мамо мамо отивам да ям
UTT_036012,SIM,2;10.03,SIM,"mamo, nie si govorim.","['mamo', ',', 'nie', 'si', 'govorim', '.']","['mamo', ',', 'nie', 'si', 'govorim', '.']","['mamo', 'nie', 'si', 'govorim']",4,"Мамо, ние си говорим.","['мамо', 'ние', 'си', 'говорим']","Мамо , ние си говорим .","Мамо , ние си говорим .",,мамо ние си говорим
UTT_035119,SIM,2;08.18,SIM,"mynichka, mynichka.","['mynichka', ',', 'mynichka', '.']","['mynichka', ',', 'mynichka', '.']","['mynichka', 'mynichka']",2,"Мъничка, мъничка.","['мъничка', 'мъничка']","Мъничка , мъничка .","Мъничка , мъничка .",,мъничка мъничка
UTT_029934,SIM,2;02.07,SIM,imame dvete pitki.,"['imame', 'dvete', 'pitki', '.']","['imame', 'dvete', 'pitki', '.']","['imame', 'dvete', 'pitki']",3,Имаме двете питки.,"['имаме', 'двете', 'питки']",Имаме двете питки .,Имаме двете питки .,,имаме двете питки
UTT_034959,SIM,2;08.06,SIM,tuka mi e malkoto slynce.,"['tuka', 'mi', 'e', 'malkoto', 'slynce', '.']","['tuka', 'mi', 'e', 'malkoto', 'slynce', '.']","['tuka', 'mi', 'e', 'malkoto', 'slynce']",5,Тука ми е малкото слънце.,"['тука', 'ми', 'е', 'малкото', 'слънце']",Тука ми е малкото слънце .,Тука ми е малкото слънце .,,тука ми е малкото слънце
UTT_035080,SIM,2;08.16,SIM,ti ne razbra li koja bluzka oblicham?,"['ti', 'ne', 'razbra', 'li', 'koja', 'bluzka', 'oblicha', '?']","['ti', 'ne', 'razbra', 'li', 'koja', 'bluzka', 'oblicha', '?']","['ti', 'ne', 'razbra', 'li', 'koja', 'bluzka', 'oblicha']",7,Ти не разбра ли коя блузка обличам?,"['ти', 'не', 'разбра', 'ли', 'коя', 'блузка', 'обличам']",Ти не разбра ли коя блузка обличам ?,Ти не разбра ли коя блузка обличам ?,,ти не разбра ли коя блузка обличам
UTT_031705,SIM,2;04.23,SIM,tam na pytja.,"['tam', 'na', 'pytja', '.']","['tam', 'na', 'pytja', '.']","['tam', 'na', 'pytja']",3,Там на пътя.,"['там', 'на', 'пътя']",Там на пътя .,Там на пътя .,,там на пътя
UTT_000231,ALE,1;01.29,ALE,aa be !,"['aa', 'be', '!']","['aa', 'be', '!']","['aa', 'be']",2,Аа бе !,"['аа', 'бе']",Аа бе !,Аа бе !,,аа бе
UTT_031551,SIM,2;04.15,SIM,ikam [: iskam] da chetem knizhka.,"['iskam', 'da', 'chetem', 'knizhka', '.']","['iskam', 'da', 'chetem', 'knizhka', '.']","['iskam', 'da', 'chetem', 'knizhka']",4,Икам [: искам] да четем книжка.,"['икам', 'искам', 'да', 'четем', 'книжка']",Икам да четем книжка .,искам да четем книжка .,,искам да четем книжка
UTT_037107,SIM,3;00.01,SIM,"styrchi mu kosata na Kalojan, styrchi mu.","['styrchi', 'mu', 'kosata', 'na', 'Kalojan', ',', 'styrchi', 'mu', '.']","['styrchi', 'mu', 'kosata', 'na', 'kalojan', ',', 'styrchi', 'mu', '.']","['styrchi', 'mu', 'kosata', 'na', 'kalojan', 'styrchi', 'mu']",7,"Стърчи му косата на калоян, стърчи му.","['стърчи', 'му', 'косата', 'на', 'калоян', 'стърчи', 'му']","Стърчи му косата на калоян , стърчи му .","Стърчи му косата на калоян , стърчи му .",,стърчи му косата на калоян стърчи му
UTT_011952,ELI,1;02.16,ELI,"daj, dedi !","['daj', ',', 'dedi', '!']","['daj', ',', 'dedi', '!']","['daj', 'dedi']",2,"Дай, деди !","['дай', 'деди']","Дай , деди !","Дай , деди !",,дай деди
UTT_036370,SIM,2;10.07,SIM,ajde da xodi gore.,"['ajde', 'da', 'xodi', 'gore', '.']","['ajde', 'da', 'xodi', 'gore', '.']","['ajde', 'da', 'xodi', 'gore']",4,Айде да xоди горе.,"['айде', 'да', 'xоди', 'горе']",Айде да xоди горе .,Айде да xоди горе .,,айде да xоди горе
UTT_024437,SIM,1;08.22,SIM,"am, am, ajde .","['am', ',', 'am', ',', 'ajde', '.']","['am', ',', 'am', ',', 'ajde', '.']","['am', 'am', 'ajde']",3,"Ам, ам, айде .","['ам', 'ам', 'айде']","Ам , ам , айде .","Ам , ам , айде .",,ам ам айде
UTT_003579,ALE,1;09.19,ALE,shauop [: sirop] uadyk [: sladyk] .,"['sirop', 'sladyk', '.']","['sirop', 'sladyk', '.']","['sirop', 'sladyk']",2,Шауоп [: сироп] уадък [: сладък] .,"['шауоп', 'сироп', 'уадък', 'сладък']",Шауоп уадък .,сироп сладък .,,сироп сладък
UTT_029341,SIM,2;01.10,SIM,znameto a [: na] Bylgarija ima snjag.,"['znameto', 'na', 'Bylgarija', 'ima', 'snjag', '.']","['znameto', 'na', 'bylgarija', 'ima', 'snjag', '.']","['znameto', 'na', 'bylgarija', 'ima', 'snjag']",5,Знамето а [: на] българия има сняг.,"['знамето', 'а', 'на', 'българия', 'има', 'сняг']",Знамето а българия има сняг .,Знамето на българия има сняг .,,знамето на българия има сняг
UTT_017274,ELI,1;07.03,ELI,"a, bebe .","['a', ',', 'bebe', '.']","['a', ',', 'bebe', '.']","['a', 'bebe']",2,"А, бебе .","['а', 'бебе']","А , бебе .","А , бебе .",,а бебе
UTT_037000,SIM,2;11.24,SIM,iskam drugata pizhama.,"['iskam', 'drugata', 'pizhama', '.']","['iskam', 'drugata', 'pizhama', '.']","['iskam', 'drugata', 'pizhama']",3,Искам другата пижама.,"['искам', 'другата', 'пижама']",Искам другата пижама .,Искам другата пижама .,,искам другата пижама
UTT_007655,ALE,2;04.09,ALE,shi si zema .,"['shi', 'si', 'zema', '.']","['shi', 'si', 'zema', '.']","['shi', 'si', 'zema']",3,Ши си зема .,"['ши', 'си', 'зема']",Ши си зема .,Ши си зема .,,ши си зема
UTT_035200,SIM,2;08.19,SIM,"tova e siropcheto, tova e siropche.","['tova', 'e', 'siropcheto', ',', 'tova', 'e', 'siropche', '.']","['tova', 'e', 'siropcheto', ',', 'tova', 'e', 'siropche', '.']","['tova', 'e', 'siropcheto', 'tova', 'e', 'siropche']",6,"Това е сиропчето, това е сиропче.","['това', 'е', 'сиропчето', 'това', 'е', 'сиропче']","Това е сиропчето , това е сиропче .","Това е сиропчето , това е сиропче .",,това е сиропчето това е сиропче
UTT_021577,SIM,1;06.06,SIM,"kachi, kachi .","['kachi', ',', 'kachi', '.']","['kachi', ',', 'kachi', '.']","['kachi', 'kachi']",2,"Качи, качи .","['качи', 'качи']","Качи , качи .","Качи , качи .",,качи качи
UTT_035025,SIM,2;08.16,SIM,"mamo, daj mi i na men da pijna.","['mamo', ',', 'daj', 'mi', 'i', 'na', 'men', 'da', 'pijna', '.']","['mamo', ',', 'daj', 'mi', 'i', 'na', 'men', 'da', 'pijna', '.']","['mamo', 'daj', 'mi', 'i', 'na', 'men', 'da', 'pijna']",8,"Мамо, дай ми и на мен да пийна.","['мамо', 'дай', 'ми', 'и', 'на', 'мен', 'да', 'пийна']","Мамо , дай ми и на мен да пийна .","Мамо , дай ми и на мен да пийна .","Мамо , дай ми и на мен да пийна .",мамо дай ми и на мен да пийна
UTT_033065,SIM,2;06.02,SIM,"tuka toaletnata, tuka toaletnata.","['tuka', 'toaletnata', ',', 'tuka', 'toaletnata', '.']","['tuka', 'toaletnata', ',', 'tuka', 'toaletnata', '.']","['tuka', 'toaletnata', 'tuka', 'toaletnata']",4,"Тука тоалетната, тука тоалетната.","['тука', 'тоалетната', 'тука', 'тоалетната']","Тука тоалетната , тука тоалетната .","Тука тоалетната , тука тоалетната .",,тука тоалетната тука тоалетната
UTT_004349,ALE,1;10.12,ALE,puaka [: plaka] ne shte siop [: sirop] .,"['plaka', 'ne', 'shte', 'sirop', '.']","['plaka', 'ne', 'shte', 'sirop', '.']","['plaka', 'ne', 'shte', 'sirop']",4,Пуака [: плака] не ще сиоп [: сироп] .,"['пуака', 'плака', 'не', 'ще', 'сиоп', 'сироп']",Пуака не ще сиоп .,плака не ще сироп .,,плака не ще сироп
UTT_035516,SIM,2;09.09,SIM,az taka si prilicham.,"['az', 'taka', 'si', 'prilicham', '.']","['az', 'taka', 'si', 'prilicham', '.']","['az', 'taka', 'si', 'prilicham']",4,Аз така си приличам.,"['аз', 'така', 'си', 'приличам']",Аз така си приличам .,Аз така си приличам .,,аз така си приличам
UTT_009840,BOG,2;04.05,BOG,ne e dosha [: doshla] jeja [: lelja] setla [: svetla] .,"['ne', 'e', 'doshla', 'lelja', 'svetla', '.']","['ne', 'e', 'doshla', 'lelja', 'svetla', '.']","['ne', 'e', 'doshla', 'lelja', 'svetla']",5,Не е доша [: дошла] йея [: леля] сетла [: светла] .,"['не', 'е', 'доша', 'дошла', 'йея', 'леля', 'сетла', 'светла']",Не е доша йея сетла .,Не е дошла леля светла .,,не е дошла леля светла
UTT_024494,SIM,1;08.22,SIM,"boc, boc .","['boc', ',', 'boc', '.']","['boc', ',', 'boc', '.']","['boc', 'boc']",2,"Боц, боц .","['боц', 'боц']","Боц , боц .","Боц , боц .",,боц боц
UTT_024527,SIM,1;08.24,SIM,"Moni, Moni, Moni .","['Moni', ',', 'Moni', ',', 'Moni', '.']","['moni', ',', 'moni', ',', 'moni', '.']","['moni', 'moni', 'moni']",3,"Мони, мони, мони .","['мони', 'мони', 'мони']","Мони , мони , мони .","Мони , мони , мони .",,мони мони мони
UTT_033031,SIM,2;06.02,SIM,"da stane chisto, chisto da stane.","['da', 'stane', 'chisto', ',', 'chisto', 'da', 'stane', '.']","['da', 'stane', 'chisto', ',', 'chisto', 'da', 'stane', '.']","['da', 'stane', 'chisto', 'chisto', 'da', 'stane']",6,"Да стане чисто, чисто да стане.","['да', 'стане', 'чисто', 'чисто', 'да', 'стане']","Да стане чисто , чисто да стане .","Да стане чисто , чисто да стане .",,да стане чисто чисто да стане
UTT_036650,SIM,2;11.19,SIM,"ne, Kalojan.","['ne', ',', 'Kalojan', '.']","['ne', ',', 'kalojan', '.']","['ne', 'kalojan']",2,"Не, калоян.","['не', 'калоян']","Не , калоян .","Не , калоян .",,не калоян
UTT_021609,SIM,1;06.06,SIM,"bebe, bebe, Moni, Moni, Moni .","['bebe', ',', 'bebe', ',', 'Moni', ',', 'Moni', ',', 'Moni', '.']","['bebe', ',', 'bebe', ',', 'moni', ',', 'moni', ',', 'moni', '.']","['bebe', 'bebe', 'moni', 'moni', 'moni']",5,"Бебе, бебе, мони, мони, мони .","['бебе', 'бебе', 'мони', 'мони', 'мони']","Бебе , бебе , мони , мони , мони .","Бебе , бебе , мони , мони , мони .",,бебе бебе мони мони мони
UTT_021133,SIM,1;05.21,SIM,"moki [: morkovi], moki [: morkovi], moki [: morkovi] .","['morkovi', ',', 'morkovi', ',', 'morkovi', '.']","['morkovi', ',', 'morkovi', ',', 'morkovi', '.']","['morkovi', 'morkovi', 'morkovi']",3,"Моки [: моркови], моки [: моркови], моки [: моркови] .","['моки', 'моркови', 'моки', 'моркови', 'моки', 'моркови']","Моки , моки , моки .",моркови моркови моркови .,,моркови моркови моркови
UTT_025562,SIM,1;09.16,SIM,"mjata [: zemjata], mjata [: zemjata], mjata [: zemjata] .","['zemjata', ',', 'zemjata', ',', 'zemjata', '.']","['zemjata', ',', 'zemjata', ',', 'zemjata', '.']","['zemjata', 'zemjata', 'zemjata']",3,"Мята [: земята], мята [: земята], мята [: земята] .","['мята', 'земята', 'мята', 'земята', 'мята', 'земята']","Мята , мята , мята .",земята земята земята .,,земята земята земята
UTT_032115,SIM,2;05.22,SIM,zagubila Monchi.,"['zagubila', 'Monchi', '.']","['zagubila', 'monchi', '.']","['zagubila', 'monchi']",2,Загубила мончи.,"['загубила', 'мончи']",Загубила мончи .,Загубила мончи .,Загубила Мончи .,загубила мончи
UTT_034594,SIM,2;07.22,SIM,kydeto go e uxapal komar po glavata.,"['kydeto', 'go', 'e', 'uxapal', 'komar', 'po', 'glavata', '.']","['kydeto', 'go', 'e', 'uxapal', 'komar', 'po', 'glavata', '.']","['kydeto', 'go', 'e', 'uxapal', 'komar', 'po', 'glavata']",7,Където го е уxапал комар по главата.,"['където', 'го', 'е', 'уxапал', 'комар', 'по', 'главата']",Където го е уxапал комар по главата .,Където го е уxапал комар по главата .,,където го е уxапал комар по главата
UTT_036419,SIM,2;10.09,SIM,"o, njamam listi.","['o', ',', 'njamam', 'listi', '.']","['o', ',', 'njamam', 'listi', '.']","['o', 'njamam', 'listi']",3,"О, нямам листи.","['о', 'нямам', 'листи']","О , нямам листи .","О , нямам листи .",,о нямам листи
UTT_025438,SIM,1;09.16,SIM,"bytaj be [: obryshtaj se], bytaj be [: obryshtaj se], bytaj be [: obryshtaj se] .","['bytaj', 'obryshtaj', 'se', ',', 'bytaj', 'obryshtaj', 'se', ',', 'bytaj', 'obryshtaj', 'se', '.']","['bytaj', 'obryshtaj', 'se', ',', 'bytaj', 'obryshtaj', 'se', ',', 'bytaj', 'obryshtaj', 'se', '.']","['bytaj', 'obryshtaj', 'se', 'bytaj', 'obryshtaj', 'se', 'bytaj', 'obryshtaj', 'se']",9,"Бътай бе [: обръщай се], бътай бе [: обръщай се], бътай бе [: обръщай се] .","['бътай', 'бе', 'обръщай', 'се', 'бътай', 'бе', 'обръщай', 'се', 'бътай', 'бе', 'обръщай', 'се']","Бътай бе , бътай бе , бътай бе .",обръщай се обръщай се обръщай се .,,обръщай се обръщай се обръщай се
UTT_021013,SIM,1;05.21,SIM,"mij, mij, mij .","['mij', ',', 'mij', ',', 'mij', '.']","['mij', ',', 'mij', ',', 'mij', '.']","['mij', 'mij', 'mij']",3,"Мий, мий, мий .","['мий', 'мий', 'мий']","Мий , мий , мий .","Мий , мий , мий .",,мий мий мий
UTT_005452,ALE,2;00.13,ALE,na semdem [: sedem] dinki [: godinki] .,"['na', 'sedem', 'godinki', '.']","['na', 'sedem', 'godinki', '.']","['na', 'sedem', 'godinki']",3,На семдем [: седем] динки [: годинки] .,"['на', 'семдем', 'седем', 'динки', 'годинки']",На семдем динки .,На седем годинки .,,на седем годинки
UTT_024792,SIM,1;09.02,SIM,"bija mama, tati .","['bija', 'mama', ',', 'tati', '.']","['bija', 'mama', ',', 'tati', '.']","['bija', 'mama', 'tati']",3,"Бия мама, тати .","['бия', 'мама', 'тати']","Бия мама , тати .","Бия мама , тати .","Бия мама , тати .",бия мама тати
UTT_007155,ALE,2;03.12,ALE,"kaka Techi, da .","['kaka', 'Techi', ',', 'da', '.']","['kaka', 'techi', ',', 'da', '.']","['kaka', 'techi', 'da']",3,"Кака течи, да .","['кака', 'течи', 'да']","Кака течи , да .","Кака течи , да .",,кака течи да
UTT_004261,ALE,1;10.12,ALE,gybna chobichka [: gybena chorbichka] .,"['gybna', 'gybena', 'chorbichka', '.']","['gybna', 'gybena', 'chorbichka', '.']","['gybna', 'gybena', 'chorbichka']",3,Гъбна чобичка [: гъбена чорбичка] .,"['гъбна', 'чобичка', 'гъбена', 'чорбичка']",Гъбна чобичка .,гъбена чорбичка .,,гъбена чорбичка
UTT_037081,SIM,3;00.01,SIM,ozhden [: rozhden] den.,"['rozhden', 'den', '.']","['rozhden', 'den', '.']","['rozhden', 'den']",2,Ожден [: рожден] ден.,"['ожден', 'рожден', 'ден']",Ожден ден .,рожден ден .,,рожден ден
UTT_028572,SIM,2;00.00,SIM,"bagam [: bjagam], bagam [: bjagam] kuklata silno .","['bjagam', ',', 'bjagam', 'kuklata', 'silno', '.']","['bjagam', ',', 'bjagam', 'kuklata', 'silno', '.']","['bjagam', 'bjagam', 'kuklata', 'silno']",4,"Багам [: бягам], багам [: бягам] куклата силно .","['багам', 'бягам', 'багам', 'бягам', 'куклата', 'силно']","Багам , багам куклата силно .",бягам бягам куклата силно .,,бягам бягам куклата силно
UTT_026517,SIM,1;10.01,SIM,"papi [: chorapi], papi [: chorapi], bluzka .","['chorapi', ',', 'chorapi', ',', 'bluzka', '.']","['chorapi', ',', 'chorapi', ',', 'bluzka', '.']","['chorapi', 'chorapi', 'bluzka']",3,"Папи [: чорапи], папи [: чорапи], блузка .","['папи', 'чорапи', 'папи', 'чорапи', 'блузка']","Папи , папи , блузка .",чорапи чорапи блузка .,,чорапи чорапи блузка
UTT_040747,TEF,,TEF,ej tuka !,"['ej', 'tuka', '!']","['ej', 'tuka', '!']","['ej', 'tuka']",2,Ей тука !,"['ей', 'тука']",Ей тука !,Ей тука !,,ей тука
UTT_000666,ALE,1;01.29,ALE,kak baba .,"['kak', 'baba', '.']","['kak', 'baba', '.']","['kak', 'baba']",2,Как баба .,"['как', 'баба']",Как баба .,Как баба .,,как баба
UTT_043185,TEF,2;03.24,TEF,Tam ima bonka !,"['Tam', 'ima', 'bonka', '!']","['tam', 'ima', 'bonka', '!']","['tam', 'ima', 'bonka']",3,Там има бонка !,"['там', 'има', 'бонка']",Там има бонка !,Там има бонка !,,там има бонка
UTT_029494,SIM,2;01.12,SIM,"gydi, gydi, gydi, gydi, gydi.","['gydi', ',', 'gydi', ',', 'gydi', ',', 'gydi', ',', 'gydi', '.']","['gydi', ',', 'gydi', ',', 'gydi', ',', 'gydi', ',', 'gydi', '.']","['gydi', 'gydi', 'gydi', 'gydi', 'gydi']",5,"Гъди, гъди, гъди, гъди, гъди.","['гъди', 'гъди', 'гъди', 'гъди', 'гъди']","Гъди , гъди , гъди , гъди , гъди .","Гъди , гъди , гъди , гъди , гъди .",,гъди гъди гъди гъди гъди
UTT_005547,ALE,2;00.13,ALE,a tja e na kasetata .,"['a', 'tja', 'e', 'na', 'kasetata', '.']","['a', 'tja', 'e', 'na', 'kasetata', '.']","['a', 'tja', 'e', 'na', 'kasetata']",5,А тя е на касетата .,"['а', 'тя', 'е', 'на', 'касетата']",А тя е на касетата .,А тя е на касетата .,,а тя е на касетата
UTT_032227,SIM,2;05.22,SIM,trjabva da go vkljuchish da se zarezhda.,"['trjabva', 'da', 'go', 'vkljuchish', 'da', 'se', 'zarezhda', '.']","['trjabva', 'da', 'go', 'vkljuchish', 'da', 'se', 'zarezhda', '.']","['trjabva', 'da', 'go', 'vkljuchish', 'da', 'se', 'zarezhda']",7,Трябва да го вкльучиш да се зарежда.,"['трябва', 'да', 'го', 'вкльучиш', 'да', 'се', 'зарежда']",Трябва да го вкльучиш да се зарежда .,Трябва да го вкльучиш да се зарежда .,,трябва да го вкльучиш да се зарежда
UTT_036814,SIM,2;11.22,SIM,dobre de.,"['dobre', 'de', '.']","['dobre', 'de', '.']","['dobre', 'de']",2,Добре де.,"['добре', 'де']",Добре де .,Добре де .,Добре де .,добре де
UTT_029078,SIM,2;00.24,SIM,"boli me kracheto, mamo.","['boli', 'me', 'kracheto', ',', 'mamo', '.']","['boli', 'me', 'kracheto', ',', 'mamo', '.']","['boli', 'me', 'kracheto', 'mamo']",4,"Боли ме крачето, мамо.","['боли', 'ме', 'крачето', 'мамо']","Боли ме крачето , мамо .","Боли ме крачето , мамо .",,боли ме крачето мамо
UTT_028096,SIM,1;11.08,SIM,"agledame [: razglezhdame], agledame [: razglezhdame], agledame [: razglezhdame], agledame [: razglezhdame] .","['razglezhdame', ',', 'razglezhdame', ',', 'razglezhdame', ',', 'razglezhdame', '.']","['razglezhdame', ',', 'razglezhdame', ',', 'razglezhdame', ',', 'razglezhdame', '.']","['razglezhdame', 'razglezhdame', 'razglezhdame', 'razglezhdame']",4,"Агледаме [: разглеждаме], агледаме [: разглеждаме], агледаме [: разглеждаме], агледаме [: разглеждаме] .","['агледаме', 'разглеждаме', 'агледаме', 'разглеждаме', 'агледаме', 'разглеждаме', 'агледаме', 'разглеждаме']","Агледаме , агледаме , агледаме , агледаме .",разглеждаме разглеждаме разглеждаме разглеждаме .,,разглеждаме разглеждаме разглеждаме разглеждаме
UTT_029674,SIM,2;01.25,SIM,"njam, njam, njam.","['njam', ',', 'njam', ',', 'njam', '.']","['njam', ',', 'njam', ',', 'njam', '.']","['njam', 'njam', 'njam']",3,"Ням, ням, ням.","['ням', 'ням', 'ням']","Ням , ням , ням .","Ням , ням , ням .",,ням ням ням
UTT_029194,SIM,2;01.05,SIM,"az dyrzha, nosja.","['az', 'dyrzha', ',', 'nosja', '.']","['az', 'dyrzha', ',', 'nosja', '.']","['az', 'dyrzha', 'nosja']",3,"Аз държа, нося.","['аз', 'държа', 'нося']","Аз държа , нося .","Аз държа , нося .",,аз държа нося
UTT_005814,ALE,2;02.24,ALE,I tuj vyyneno [: vylneno] !,"['I', 'tuj', 'vylneno', '!']","['i', 'tuj', 'vylneno', '!']","['i', 'tuj', 'vylneno']",3,И туй въънено [: вълнено] !,"['и', 'туй', 'въънено', 'вълнено']",И туй въънено !,И туй вълнено !,,и туй вълнено
UTT_003611,ALE,1;09.19,ALE,ne mama Kozha .,"['ne', 'mama', 'Kozha', '.']","['ne', 'mama', 'kozha', '.']","['ne', 'mama', 'kozha']",3,Не мама кожа .,"['не', 'мама', 'кожа']",Не мама кожа .,Не мама кожа .,,не мама кожа
UTT_035823,SIM,2;09.20,SIM,maxaj se ot mojata porcija!,"['maxaj', 'se', 'ot', 'mojata', 'porcija!']","['maxaj', 'se', 'ot', 'mojata', 'porcija!']","['maxaj', 'se', 'ot', 'mojata', 'porcija!']",5,Маxай се от моята порция!,"['маxай', 'се', 'от', 'моята', 'порция']",Маxай се от моята порция !,Маxай се от моята порция !,,маxай се от моята порция
UTT_041040,TEF,,TEF,ko [: kakvo] tova ?,"['kakvo', 'tova', '?']","['kakvo', 'tova', '?']","['kakvo', 'tova']",2,Ко [: какво] това ?,"['ко', 'какво', 'това']",Ко това ?,какво това ?,,какво това
UTT_006981,ALE,2;03.12,ALE,ne go iskam Mecho !,"['ne', 'go', 'iskam', 'Mecho', '!']","['ne', 'go', 'iskam', 'mecho', '!']","['ne', 'go', 'iskam', 'mecho']",4,Не го искам мечо !,"['не', 'го', 'искам', 'мечо']",Не го искам мечо !,Не го искам мечо !,,не го искам мечо
UTT_009292,BOG,2;03.00,BOG,mama d [: da] isuva [: risuva] !,"['mama', 'da', 'risuva', '!']","['mama', 'da', 'risuva', '!']","['mama', 'da', 'risuva']",3,Мама д [: да] исува [: рисува] !,"['мама', 'д', 'да', 'исува', 'рисува']",Мама д исува !,Мама да рисува !,,мама да рисува
UTT_025164,SIM,1;09.04,SIM,"op, prava si .","['op', ',', 'prava', 'si', '.']","['op', ',', 'prava', 'si', '.']","['op', 'prava', 'si']",3,"Оп, права си .","['оп', 'права', 'си']","Оп , права си .","Оп , права си .",,оп права си
UTT_030737,SIM,2;02.20,SIM,amkam ednoto kuche.,"['amkam', 'ednoto', 'kuche', '.']","['amkam', 'ednoto', 'kuche', '.']","['amkam', 'ednoto', 'kuche']",3,Амкам едното куче.,"['амкам', 'едното', 'куче']",Амкам едното куче .,Амкам едното куче .,,амкам едното куче
UTT_029496,SIM,2;01.12,SIM,"gydi, gydi, gydi, gydi, gydi.","['gydi', ',', 'gydi', ',', 'gydi', ',', 'gydi', ',', 'gydi', '.']","['gydi', ',', 'gydi', ',', 'gydi', ',', 'gydi', ',', 'gydi', '.']","['gydi', 'gydi', 'gydi', 'gydi', 'gydi']",5,"Гъди, гъди, гъди, гъди, гъди.","['гъди', 'гъди', 'гъди', 'гъди', 'гъди']","Гъди , гъди , гъди , гъди , гъди .","Гъди , гъди , гъди , гъди , гъди .",,гъди гъди гъди гъди гъди
UTT_024378,SIM,1;08.22,SIM,"a, baba, baba, baba .","['a', ',', 'baba', ',', 'baba', ',', 'baba', '.']","['a', ',', 'baba', ',', 'baba', ',', 'baba', '.']","['a', 'baba', 'baba', 'baba']",4,"А, баба, баба, баба .","['а', 'баба', 'баба', 'баба']","А , баба , баба , баба .","А , баба , баба , баба .",,а баба баба баба
UTT_031410,SIM,2;04.04,SIM,"potyrsja, potyrsja.","['potyrsja', ',', 'potyrsja', '.']","['potyrsja', ',', 'potyrsja', '.']","['potyrsja', 'potyrsja']",2,"Потърся, потърся.","['потърся', 'потърся']","Потърся , потърся .","Потърся , потърся .",,потърся потърся
UTT_005850,ALE,2;02.24,ALE,zejenichko [: zelenichko] pishi .,"['zelenichko', 'pishi', '.']","['zelenichko', 'pishi', '.']","['zelenichko', 'pishi']",2,Зейеничко [: зеленичко] пиши .,"['зейеничко', 'зеленичко', 'пиши']",Зейеничко пиши .,зеленичко пиши .,,зеленичко пиши
UTT_001959,ALE,1;06.21,ALE,eto go [: ja] .,"['eto', 'ja', '.']","['eto', 'ja', '.']","['eto', 'ja']",2,Ето го [: я] .,"['ето', 'го', 'я']",Ето го .,Ето я .,,ето я
UTT_042585,TEF,2;03.24,TEF,ikam [: iskam] a [: da] pibiame [: pribirame] !,"['iskam', 'da', 'pribirame', '!']","['iskam', 'da', 'pribirame', '!']","['iskam', 'da', 'pribirame']",3,Икам [: искам] а [: да] пибиаме [: прибираме] !,"['икам', 'искам', 'а', 'да', 'пибиаме', 'прибираме']",Икам а пибиаме !,искам да прибираме !,,искам да прибираме
UTT_012753,ELI,1;02.26,ELI,"ne, ne, ne .","['ne', ',', 'ne', ',', 'ne', '.']","['ne', ',', 'ne', ',', 'ne', '.']","['ne', 'ne', 'ne']",3,"Не, не, не .","['не', 'не', 'не']","Не , не , не .","Не , не , не .",,не не не
UTT_029133,SIM,2;00.26,SIM,Kaljancho [: Kalojancho] obicham.,"['Kalojancho', 'obicham', '.']","['kalojancho', 'obicham', '.']","['kalojancho', 'obicham']",2,Калянчо [: калоянчо] обичам.,"['калянчо', 'калоянчо', 'обичам']",Калянчо обичам .,калоянчо обичам .,,калоянчо обичам
UTT_020323,SIM,1;05.02,SIM,"turlu [: zatvorilo], turlu [: zatvorilo] .","['zatvorilo', ',', 'zatvorilo', '.']","['zatvorilo', ',', 'zatvorilo', '.']","['zatvorilo', 'zatvorilo']",2,"Турлу [: затворило], турлу [: затворило] .","['турлу', 'затворило', 'турлу', 'затворило']","Турлу , турлу .",затворило затворило .,,затворило затворило
UTT_005994,ALE,2;02.24,ALE,"dobre, pusni ja !","['dobre', ',', 'pusni', 'ja', '!']","['dobre', ',', 'pusni', 'ja', '!']","['dobre', 'pusni', 'ja']",3,"Добре, пусни я !","['добре', 'пусни', 'я']","Добре , пусни я !","Добре , пусни я !",,добре пусни я
UTT_007696,ALE,2;04.09,ALE,ti ne davash da sedna .,"['ti', 'ne', 'davash', 'da', 'sedna', '.']","['ti', 'ne', 'davash', 'da', 'sedna', '.']","['ti', 'ne', 'davash', 'da', 'sedna']",5,Ти не даваш да седна .,"['ти', 'не', 'даваш', 'да', 'седна']",Ти не даваш да седна .,Ти не даваш да седна .,,ти не даваш да седна
UTT_028827,SIM,2;00.09,SIM,imame bebeta .,"['imame', 'bebeta', '.']","['imame', 'bebeta', '.']","['imame', 'bebeta']",2,Имаме бебета .,"['имаме', 'бебета']",Имаме бебета .,Имаме бебета .,,имаме бебета
UTT_033169,SIM,2;06.09,SIM,"Kalojancho, karam v momenta tvojto kolelo.","['Kalojancho', ',', 'karam', 'v', 'momenta', 'tvojto', 'kolelo', '.']","['kalojancho', ',', 'karam', 'v', 'momenta', 'tvojto', 'kolelo', '.']","['kalojancho', 'karam', 'v', 'momenta', 'tvojto', 'kolelo']",6,"Калоянчо, карам в момента твойто колело.","['калоянчо', 'карам', 'в', 'момента', 'твойто', 'колело']","Калоянчо , карам в момента твойто колело .","Калоянчо , карам в момента твойто колело .",,калоянчо карам в момента твойто колело
UTT_030042,SIM,2;02.14,SIM,"ima debela baba, debela baba.","['ima', 'debela', 'baba', ',', 'debela', 'baba', '.']","['ima', 'debela', 'baba', ',', 'debela', 'baba', '.']","['ima', 'debela', 'baba', 'debela', 'baba']",5,"Има дебела баба, дебела баба.","['има', 'дебела', 'баба', 'дебела', 'баба']","Има дебела баба , дебела баба .","Има дебела баба , дебела баба .",,има дебела баба дебела баба
UTT_003774,ALE,1;09.19,ALE,ide [: jade] imon [: limon] .,"['jade', 'limon', '.']","['jade', 'limon', '.']","['jade', 'limon']",2,Иде [: яде] имон [: лимон] .,"['иде', 'яде', 'имон', 'лимон']",Иде имон .,яде лимон .,,яде лимон
UTT_000889,ALE,1;05.08,ALE,kaka Asja !,"['kaka', 'Asja', '!']","['kaka', 'asja', '!']","['kaka', 'asja']",2,Кака ася !,"['кака', 'ася']",Кака ася !,Кака ася !,,кака ася
UTT_024634,SIM,1;09.02,SIM,palkata tyrsi Moni .,"['palkata', 'tyrsi', 'Moni', '.']","['palkata', 'tyrsi', 'moni', '.']","['palkata', 'tyrsi', 'moni']",3,Палката търси мони .,"['палката', 'търси', 'мони']",Палката търси мони .,Палката търси мони .,,палката търси мони
UTT_031490,SIM,2;04.14,SIM,bati Plamen.,"['bati', 'Plamen', '.']","['bati', 'plamen', '.']","['bati', 'plamen']",2,Бати пламен.,"['бати', 'пламен']",Бати пламен .,Бати пламен .,Бати Пламен .,бати пламен
UTT_027010,SIM,1;10.10,SIM,"tati li, na mama chashata .","['tati', 'li', ',', 'na', 'mama', 'chashata', '.']","['tati', 'li', ',', 'na', 'mama', 'chashata', '.']","['tati', 'li', 'na', 'mama', 'chashata']",5,"Тати ли, на мама чашата .","['тати', 'ли', 'на', 'мама', 'чашата']","Тати ли , на мама чашата .","Тати ли , на мама чашата .",,тати ли на мама чашата
UTT_041797,TEF,2;02.16,TEF,iska da ja obeli .,"['iska', 'da', 'ja', 'obeli', '.']","['iska', 'da', 'ja', 'obeli', '.']","['iska', 'da', 'ja', 'obeli']",4,Иска да я обели .,"['иска', 'да', 'я', 'обели']",Иска да я обели .,Иска да я обели .,,иска да я обели
UTT_009207,BOG,2;02.27,BOG,bati iko [: ivko] !,"['bati', 'ivko', '!']","['bati', 'ivko', '!']","['bati', 'ivko']",2,Бати ико [: ивко] !,"['бати', 'ико', 'ивко']",Бати ико !,Бати ивко !,,бати ивко
UTT_006478,ALE,2;03.12,ALE,"Sha j kazha, che njama da izlapa temenuzhki .","['Sha', 'j', 'kazha', ',', 'che', 'njama', 'da', 'izlapa', 'temenuzhki', '.']","['sha', 'j', 'kazha', ',', 'che', 'njama', 'da', 'izlapa', 'temenuzhki', '.']","['sha', 'j', 'kazha', 'che', 'njama', 'da', 'izlapa', 'temenuzhki']",8,"Ша й кажа, че няма да излапа теменужки .","['ша', 'й', 'кажа', 'че', 'няма', 'да', 'излапа', 'теменужки']","Ша й кажа , че няма да излапа теменужки .","Ша й кажа , че няма да излапа теменужки .",,ша й кажа че няма да излапа теменужки
UTT_021628,SIM,1;06.06,SIM,"Moni, Moni, Moni, Moni .","['Moni', ',', 'Moni', ',', 'Moni', ',', 'Moni', '.']","['moni', ',', 'moni', ',', 'moni', ',', 'moni', '.']","['moni', 'moni', 'moni', 'moni']",4,"Мони, мони, мони, мони .","['мони', 'мони', 'мони', 'мони']","Мони , мони , мони , мони .","Мони , мони , мони , мони .","Мони , мони , мони , мони .",мони мони мони мони
UTT_043426,TEF,2;03.24,TEF,tetito s'ga [: sega] tegva [: trygva] .,"['tetito', 'sega', 'trygva', '.']","['tetito', 'sega', 'trygva', '.']","['tetito', 'sega', 'trygva']",3,Тетито с'га [: сега] тегва [: тръгва] .,"['тетито', ""с'га"", 'сега', 'тегва', 'тръгва']",Тетито с'га тегва .,Тетито сега тръгва .,,тетито сега тръгва
UTT_001693,ALE,1;06.21,ALE,agaj [: ljagaj] tuka !,"['ljagaj', 'tuka', '!']","['ljagaj', 'tuka', '!']","['ljagaj', 'tuka']",2,Агай [: лягай] тука !,"['агай', 'лягай', 'тука']",Агай тука !,лягай тука !,,лягай тука
UTT_007525,ALE,2;04.09,ALE,uoty lili .,"['uoty', 'lili', '.']","['uoty', 'lili', '.']","['uoty', 'lili']",2,Уотъ лили .,"['уотъ', 'лили']",Уотъ лили .,Уотъ лили .,,уотъ лили
UTT_044941,TEF,2;05.25,TEF,tyj paja [: shte pravja] mechkata !,"['tyj', 'shte', 'pravja', 'mechkata', '!']","['tyj', 'shte', 'pravja', 'mechkata', '!']","['tyj', 'shte', 'pravja', 'mechkata']",4,Тъй пая [: ще правя] мечката !,"['тъй', 'пая', 'ще', 'правя', 'мечката']",Тъй пая мечката !,ще правя мечката !,,ще правя мечката
UTT_030855,SIM,2;03.00,SIM,"igrachkata mama beshe malka, igra si s igrachkata.","['igrachkata', 'mama', 'beshe', 'malka', ',', 'igra', 'si', 's', 'igrachkata', '.']","['igrachkata', 'mama', 'beshe', 'malka', ',', 'igra', 'si', 's', 'igrachkata', '.']","['igrachkata', 'mama', 'beshe', 'malka', 'igra', 'si', 's', 'igrachkata']",8,"Играчката мама беше малка, игра си с играчката.","['играчката', 'мама', 'беше', 'малка', 'игра', 'си', 'с', 'играчката']","Играчката мама беше малка , игра си с играчката .","Играчката мама беше малка , игра си с играчката .",,играчката мама беше малка игра си с играчката
UTT_031863,SIM,2;05.03,SIM,vozi ni.,"['vozi', 'ni', '.']","['vozi', 'ni', '.']","['vozi', 'ni']",2,Вози ни.,"['вози', 'ни']",Вози ни .,Вози ни .,,вози ни
UTT_041406,TEF,2;01.16,TEF,na uchi bache [: barche] .,"['na', 'uchi', 'barche', '.']","['na', 'uchi', 'barche', '.']","['na', 'uchi', 'barche']",3,На учи баче [: барче] .,"['на', 'учи', 'баче', 'барче']",На учи баче .,На учи барче .,,на учи барче
UTT_005544,ALE,2;00.13,ALE,kakvo puskash ?,"['kakvo', 'puskash', '?']","['kakvo', 'puskash', '?']","['kakvo', 'puskash']",2,Какво пускаш ?,"['какво', 'пускаш']",Какво пускаш ?,Какво пускаш ?,,какво пускаш
UTT_031588,SIM,2;04.19,SIM,zabolja me kato tochi!,"['zabolja', 'me', 'kato', 'tochi!']","['zabolja', 'me', 'kato', 'tochi!']","['zabolja', 'me', 'kato', 'tochi!']",4,Заболя ме като точи!,"['заболя', 'ме', 'като', 'точи']",Заболя ме като точи !,Заболя ме като точи !,,заболя ме като точи
UTT_029306,SIM,2;01.06,SIM,vylka oparil vylka.,"['vylka', 'oparil', 'vylka', '.']","['vylka', 'oparil', 'vylka', '.']","['vylka', 'oparil', 'vylka']",3,Вълка опарил вълка.,"['вълка', 'опарил', 'вълка']",Вълка опарил вълка .,Вълка опарил вълка .,,вълка опарил вълка
UTT_034058,SIM,2;07.00,SIM,"chuvash, che ne slusha.","['chuvash', ',', 'che', 'ne', 'slusha', '.']","['chuvash', ',', 'che', 'ne', 'slusha', '.']","['chuvash', 'che', 'ne', 'slusha']",4,"Чуваш, че не слуша.","['чуваш', 'че', 'не', 'слуша']","Чуваш , че не слуша .","Чуваш , че не слуша .",,чуваш че не слуша
UTT_043860,TEF,2;04.21,TEF,ochi [: oshte] mako [: malko] bekam [: da byrkam] !,"['oshte', 'malko', 'da', 'byrkam', '!']","['oshte', 'malko', 'da', 'byrkam', '!']","['oshte', 'malko', 'da', 'byrkam']",4,Очи [: още] мако [: малко] бекам [: да бъркам] !,"['очи', 'още', 'мако', 'малко', 'бекам', 'да', 'бъркам']",Очи мако бекам !,още да бъркам !,,още да бъркам
UTT_035347,SIM,2;08.28,SIM,s Kaljancho [: Kalojancho] sme.,"['s', 'Kalojancho', 'sme', '.']","['s', 'kalojancho', 'sme', '.']","['s', 'kalojancho', 'sme']",3,С калянчо [: калоянчо] сме.,"['с', 'калянчо', 'калоянчо', 'сме']",С калянчо сме .,С калоянчо сме .,,с калоянчо сме
UTT_026232,SIM,1;09.21,SIM,sedni dugija [: drugija] Moni .,"['sedni', 'drugija', 'Moni', '.']","['sedni', 'drugija', 'moni', '.']","['sedni', 'drugija', 'moni']",3,Седни дугия [: другия] мони .,"['седни', 'дугия', 'другия', 'мони']",Седни дугия мони .,Седни другия мони .,Седни другия Мони .,седни другия мони
UTT_036995,SIM,2;11.24,SIM,iskam tazi pizhama.,"['iskam', 'tazi', 'pizhama', '.']","['iskam', 'tazi', 'pizhama', '.']","['iskam', 'tazi', 'pizhama']",3,Искам тази пижама.,"['искам', 'тази', 'пижама']",Искам тази пижама .,Искам тази пижама .,,искам тази пижама
UTT_025649,SIM,1;09.16,SIM,"mamo, mama, mamo, mama .","['mamo', ',', 'mama', ',', 'mamo', ',', 'mama', '.']","['mamo', ',', 'mama', ',', 'mamo', ',', 'mama', '.']","['mamo', 'mama', 'mamo', 'mama']",4,"Мамо, мама, мамо, мама .","['мамо', 'мама', 'мамо', 'мама']","Мамо , мама , мамо , мама .","Мамо , мама , мамо , мама .",,мамо мама мамо мама
UTT_003466,ALE,1;08.22,ALE,I [: na] men !,"['na', 'men', '!']","['na', 'men', '!']","['na', 'men']",2,И [: на] мен !,"['и', 'на', 'мен']",И мен !,на мен !,,на мен
UTT_032126,SIM,2;05.22,SIM,"Kalojancho, mamo.","['Kalojancho', ',', 'mamo', '.']","['kalojancho', ',', 'mamo', '.']","['kalojancho', 'mamo']",2,"Калоянчо, мамо.","['калоянчо', 'мамо']","Калоянчо , мамо .","Калоянчо , мамо .",,калоянчо мамо
UTT_035647,SIM,2;09.12,SIM,"Kalojanche, chakaj da te xvana.","['Kalojanche', ',', 'chakaj', 'da', 'te', 'xvana', '.']","['kalojanche', ',', 'chakaj', 'da', 'te', 'xvana', '.']","['kalojanche', 'chakaj', 'da', 'te', 'xvana']",5,"Калоянче, чакай да те xвана.","['калоянче', 'чакай', 'да', 'те', 'xвана']","Калоянче , чакай да те xвана .","Калоянче , чакай да те xвана .",,калоянче чакай да те xвана
UTT_008540,BOG,2;01.12,BOG,ejko bejko [: ezhko bezhko] .,"['ejko', 'ezhko', 'bezhko', '.']","['ejko', 'ezhko', 'bezhko', '.']","['ejko', 'ezhko', 'bezhko']",3,Ейко бейко [: ежко бежко] .,"['ейко', 'бейко', 'ежко', 'бежко']",Ейко бейко .,ежко бежко .,,ежко бежко
UTT_004164,ALE,1;10.12,ALE,toka dojde .,"['toka', 'dojde', '.']","['toka', 'dojde', '.']","['toka', 'dojde']",2,Тока дойде .,"['тока', 'дойде']",Тока дойде .,Тока дойде .,,тока дойде
UTT_036382,SIM,2;10.07,SIM,za moja.,"['za', 'moja', '.']","['za', 'moja', '.']","['za', 'moja']",2,За моя.,"['за', 'моя']",За моя .,За моя .,,за моя
UTT_023426,SIM,1;08.06,SIM,"mama, mama .","['mama', ',', 'mama', '.']","['mama', ',', 'mama', '.']","['mama', 'mama']",2,"Мама, мама .","['мама', 'мама']","Мама , мама .","Мама , мама .",,мама мама
UTT_036463,SIM,2;10.09,SIM,iskam da mi go napravish!,"['iskam', 'da', 'mi', 'go', 'napravish!']","['iskam', 'da', 'mi', 'go', 'napravish!']","['iskam', 'da', 'mi', 'go', 'napravish!']",5,Искам да ми го направиш!,"['искам', 'да', 'ми', 'го', 'направиш']",Искам да ми го направиш !,Искам да ми го направиш !,,искам да ми го направиш
UTT_024864,SIM,1;09.02,SIM,apjat [: hapjat] koteto dugoto [: drugoto] .,"['hapjat', 'koteto', 'drugoto', '.']","['hapjat', 'koteto', 'drugoto', '.']","['hapjat', 'koteto', 'drugoto']",3,Апят [: хапят] котето дугото [: другото] .,"['апят', 'хапят', 'котето', 'дугото', 'другото']",Апят котето дугото .,хапят котето другото .,,хапят котето другото
UTT_037090,SIM,3;00.01,SIM,uspjavam vsichki.,"['uspjavam', 'vsichki', '.']","['uspjavam', 'vsichki', '.']","['uspjavam', 'vsichki']",2,Успявам всички.,"['успявам', 'всички']",Успявам всички .,Успявам всички .,,успявам всички
UTT_031865,SIM,2;05.03,SIM,dve bebeta.,"['dve', 'bebeta', '.']","['dve', 'bebeta', '.']","['dve', 'bebeta']",2,Две бебета.,"['две', 'бебета']",Две бебета .,Две бебета .,,две бебета
UTT_006358,ALE,2;03.12,ALE,njama da sa maxa ot vodata !,"['njama', 'da', 'sa', 'maxa', 'ot', 'vodata', '!']","['njama', 'da', 'sa', 'maxa', 'ot', 'vodata', '!']","['njama', 'da', 'sa', 'maxa', 'ot', 'vodata']",6,Няма да са маxа от водата !,"['няма', 'да', 'са', 'маxа', 'от', 'водата']",Няма да са маxа от водата !,Няма да са маxа от водата !,Няма да са маxа от водата !,няма да са маxа от водата
UTT_019611,SIM,1;04.19,SIM,"oki [: ochi], oki [: ochi], oki [: ochi], oki [: ochi], oki [: ochi], oki [: ochi], oki [: ochi] .","['ochi', ',', 'ochi', ',', 'ochi', ',', 'ochi', ',', 'ochi', ',', 'ochi', ',', 'ochi', '.']","['ochi', ',', 'ochi', ',', 'ochi', ',', 'ochi', ',', 'ochi', ',', 'ochi', ',', 'ochi', '.']","['ochi', 'ochi', 'ochi', 'ochi', 'ochi', 'ochi', 'ochi']",7,"Оки [: очи], оки [: очи], оки [: очи], оки [: очи], оки [: очи], оки [: очи], оки [: очи] .","['оки', 'очи', 'оки', 'очи', 'оки', 'очи', 'оки', 'очи', 'оки', 'очи', 'оки', 'очи', 'оки', 'очи']","Оки , оки , оки , оки , оки , оки , оки .",очи очи очи очи очи очи очи .,,очи очи очи очи очи очи очи
UTT_034878,SIM,2;08.05,SIM,"ima mnogo kosmi, mamo, iskam da gi izmetesh.","['ima', 'mnogo', 'kosmi', ',', 'mamo', ',', 'iskam', 'da', 'gi', 'izmetesh', '.']","['ima', 'mnogo', 'kosmi', ',', 'mamo', ',', 'iskam', 'da', 'gi', 'izmetesh', '.']","['ima', 'mnogo', 'kosmi', 'mamo', 'iskam', 'da', 'gi', 'izmetesh']",8,"Има много косми, мамо, искам да ги изметеш.","['има', 'много', 'косми', 'мамо', 'искам', 'да', 'ги', 'изметеш']","Има много косми , мамо , искам да ги изметеш .","Има много косми , мамо , искам да ги изметеш .",,има много косми мамо искам да ги изметеш
UTT_044900,TEF,2;05.25,TEF,enna [: edna] cheesha [: cheresha] panna [: padna] !,"['edna', 'cheresha', 'padna', '!']","['edna', 'cheresha', 'padna', '!']","['edna', 'cheresha', 'padna']",3,Енна [: една] чееша [: череша] панна [: падна] !,"['енна', 'една', 'чееша', 'череша', 'панна', 'падна']",Енна чееша панна !,една череша падна !,,една череша падна
UTT_027334,SIM,1;10.16,SIM,sh tuka risuvam tuka .,"['sh', 'tuka', 'risuvam', 'tuka', '.']","['sh', 'tuka', 'risuvam', 'tuka', '.']","['sh', 'tuka', 'risuvam', 'tuka']",4,Ш тука рисувам тука .,"['ш', 'тука', 'рисувам', 'тука']",Ш тука рисувам тука .,Ш тука рисувам тука .,,ш тука рисувам тука
UTT_021454,SIM,1;06.06,SIM,"pàka [: shapka], pàka [: shapka] .","['shapka', ',', 'shapka', '.']","['shapka', ',', 'shapka', '.']","['shapka', 'shapka']",2,"Пàка [: шапка], пàка [: шапка] .","['пàка', 'шапка', 'пàка', 'шапка']","Пàка , пàка .",шапка шапка .,,шапка шапка
UTT_024427,SIM,1;08.22,SIM,"kara, kara .","['kara', ',', 'kara', '.']","['kara', ',', 'kara', '.']","['kara', 'kara']",2,"Кара, кара .","['кара', 'кара']","Кара , кара .","Кара , кара .",,кара кара
UTT_004404,ALE,1;10.12,ALE,pus'kam [: puskam] katofona [: kasetofona] .,"['puskam', 'kasetofona', '.']","['puskam', 'kasetofona', '.']","['puskam', 'kasetofona']",2,Пус'кам [: пускам] катофона [: касетофона] .,"[""пус'кам"", 'пускам', 'катофона', 'касетофона']",Пус'кам катофона .,пускам касетофона .,,пускам касетофона
UTT_021410,SIM,1;06.06,SIM,"kuk [: tuk], kuk [: tuk] .","['tuk', ',', 'tuk', '.']","['tuk', ',', 'tuk', '.']","['tuk', 'tuk']",2,"Кук [: тук], кук [: тук] .","['кук', 'тук', 'кук', 'тук']","Кук , кук .",тук тук .,,тук тук
UTT_043962,TEF,2;04.21,TEF,nogo [: mnogo] didena [: studena] !,"['mnogo', 'studena', '!']","['mnogo', 'studena', '!']","['mnogo', 'studena']",2,Ного [: много] дидена [: студена] !,"['ного', 'много', 'дидена', 'студена']",Ного дидена !,много студена !,,много студена
UTT_033680,SIM,2;06.21,SIM,otiva da si igrae.,"['otiva', 'da', 'si', 'igrae', '.']","['otiva', 'da', 'si', 'igrae', '.']","['otiva', 'da', 'si', 'igrae']",4,Отива да си играе.,"['отива', 'да', 'си', 'играе']",Отива да си играе .,Отива да си играе .,,отива да си играе
UTT_027550,SIM,1;10.27,SIM,vsichki papi [: chorapi] .,"['vsichki', 'chorapi', '.']","['vsichki', 'chorapi', '.']","['vsichki', 'chorapi']",2,Всички папи [: чорапи] .,"['всички', 'папи', 'чорапи']",Всички папи .,Всички чорапи .,,всички чорапи
UTT_007727,ALE,2;04.09,ALE,ne taja !,"['ne', 'taja', '!']","['ne', 'taja', '!']","['ne', 'taja']",2,Не тая !,"['не', 'тая']",Не тая !,Не тая !,,не тая
UTT_032564,SIM,2;05.29,SIM,sinjo li e?,"['sinjo', 'li', '?']","['sinjo', 'li', '?']","['sinjo', 'li']",2,Синьо ли е?,"['синьо', 'ли', 'е']",Синьо ли е ?,Синьо ли е ?,,синьо ли е
UTT_027559,SIM,1;10.27,SIM,"bebe, pusni, be, bebe, pusni, be .","['bebe', ',', 'pusni', ',', 'be', ',', 'bebe', ',', 'pusni', ',', 'be', '.']","['bebe', ',', 'pusni', ',', 'be', ',', 'bebe', ',', 'pusni', ',', 'be', '.']","['bebe', 'pusni', 'be', 'bebe', 'pusni', 'be']",6,"Бебе, пусни, бе, бебе, пусни, бе .","['бебе', 'пусни', 'бе', 'бебе', 'пусни', 'бе']","Бебе , пусни , бе , бебе , пусни , бе .","Бебе , пусни , бе , бебе , пусни , бе .",,бебе пусни бе бебе пусни бе
UTT_035016,SIM,2;08.16,SIM,a na men ne.,"['a', 'na', 'men', 'ne', '.']","['a', 'na', 'men', 'ne', '.']","['a', 'na', 'men', 'ne']",4,А на мен не.,"['а', 'на', 'мен', 'не']",А на мен не .,А на мен не .,,а на мен не
UTT_028084,SIM,1;11.07,SIM,a njama go .,"['a', 'njama', 'go', '.']","['a', 'njama', 'go', '.']","['a', 'njama', 'go']",3,А няма го .,"['а', 'няма', 'го']",А няма го .,А няма го .,,а няма го
UTT_044505,TEF,2;05.25,TEF,"ne, dete-e sym !","['ne', ',', 'dete-e', 'sym', '!']","['ne', ',', 'dete-e', 'sym', '!']","['ne', 'dete-e', 'sym']",3,"Не, дете-е съм !","['не', 'дете-е', 'съм']","Не , дете-е съм !","Не , дете-е съм !",,не дете е съм
UTT_030907,SIM,2;03.00,SIM,"aaa, xvyrlja vynka pri Dzhesa!","['aaa', ',', 'xvyrlja', 'vynka', 'pri', 'Dzhesa!']","['aaa', ',', 'xvyrlja', 'vynka', 'pri', 'dzhesa!']","['aaa', 'xvyrlja', 'vynka', 'pri', 'dzhesa!']",5,"Ааа, xвърля вънка при джеса!","['ааа', 'xвърля', 'вънка', 'при', 'джеса']","Ааа , xвърля вънка при джеса !","Ааа , xвърля вънка при джеса !",,ааа xвърля вънка при джеса
UTT_032006,SIM,2;05.21,SIM,"mamo, na koj e?","['mamo', ',', 'na', 'koj', '?']","['mamo', ',', 'na', 'koj', '?']","['mamo', 'na', 'koj']",3,"Мамо, на кой е?","['мамо', 'на', 'кой', 'е']","Мамо , на кой е ?","Мамо , на кой е ?",,мамо на кой е
UTT_031020,SIM,2;03.16,SIM,eto ja.,"['eto', 'ja', '.']","['eto', 'ja', '.']","['eto', 'ja']",2,Ето я.,"['ето', 'я']",Ето я .,Ето я .,,ето я
UTT_009410,BOG,2;03.00,BOG,d [: dam] mama d [: da] go izaka !,"['dam', 'mama', 'da', 'go', 'izaka', '!']","['dam', 'mama', 'da', 'go', 'izaka', '!']","['dam', 'mama', 'da', 'go', 'izaka']",5,Д [: дам] мама д [: да] го изака !,"['д', 'дам', 'мама', 'д', 'да', 'го', 'изака']",Д мама д го изака !,дам мама да го изака !,,дам мама да го изака
UTT_025212,SIM,1;09.05,SIM,"dzjak, dzjak .","['dzjak', ',', 'dzjak', '.']","['dzjak', ',', 'dzjak', '.']","['dzjak', 'dzjak']",2,"Дзяк, дзяк .","['дзяк', 'дзяк']","Дзяк , дзяк .","Дзяк , дзяк .",,дзяк дзяк
UTT_035327,SIM,2;08.28,SIM,toj se kachi.,"['toj', 'se', 'kachi', '.']","['toj', 'se', 'kachi', '.']","['toj', 'se', 'kachi']",3,Той се качи.,"['той', 'се', 'качи']",Той се качи .,Той се качи .,,той се качи
UTT_005681,ALE,2;02.24,ALE,obei go [: obeli go] !,"['obei', 'obeli', 'go', '!']","['obei', 'obeli', 'go', '!']","['obei', 'obeli', 'go']",3,Обеи го [: обели го] !,"['обеи', 'го', 'обели', 'го']",Обеи го !,обели го !,,обели го
UTT_041125,TEF,,TEF,eto dichka [: vodichka] .,"['eto', 'vodichka', '.']","['eto', 'vodichka', '.']","['eto', 'vodichka']",2,Ето дичка [: водичка] .,"['ето', 'дичка', 'водичка']",Ето дичка .,Ето водичка .,,ето водичка
UTT_007790,ALE,2;04.09,ALE,ne moga .,"['ne', 'moga', '.']","['ne', 'moga', '.']","['ne', 'moga']",2,Не мога .,"['не', 'мога']",Не мога .,Не мога .,,не мога
UTT_022280,SIM,1;07.08,SIM,"dzhipa, dzhipa, dzhipa .","['dzhipa', ',', 'dzhipa', ',', 'dzhipa', '.']","['dzhipa', ',', 'dzhipa', ',', 'dzhipa', '.']","['dzhipa', 'dzhipa', 'dzhipa']",3,"Джипа, джипа, джипа .","['джипа', 'джипа', 'джипа']","Джипа , джипа , джипа .","Джипа , джипа , джипа .",,джипа джипа джипа
UTT_026826,SIM,1;10.07,SIM,gushna celija bebcho .,"['gushna', 'celija', 'bebcho', '.']","['gushna', 'celija', 'bebcho', '.']","['gushna', 'celija', 'bebcho']",3,Гушна целия бебчо .,"['гушна', 'целия', 'бебчо']",Гушна целия бебчо .,Гушна целия бебчо .,,гушна целия бебчо
UTT_026645,SIM,1;10.01,SIM,jade bebcho sednal .,"['jade', 'bebcho', 'sednal', '.']","['jade', 'bebcho', 'sednal', '.']","['jade', 'bebcho', 'sednal']",3,Яде бебчо седнал .,"['яде', 'бебчо', 'седнал']",Яде бебчо седнал .,Яде бебчо седнал .,,яде бебчо седнал
UTT_003630,ALE,1;09.19,ALE,"chuk, chuk .","['chuk', ',', 'chuk', '.']","['chuk', ',', 'chuk', '.']","['chuk', 'chuk']",2,"Чук, чук .","['чук', 'чук']","Чук , чук .","Чук , чук .",,чук чук
UTT_003300,ALE,1;08.22,ALE,"mamo, kazhi [: razkazhi] i [: za] mechoka !","['mamo', ',', 'razkazhi', 'za', 'mechoka', '!']","['mamo', ',', 'razkazhi', 'za', 'mechoka', '!']","['mamo', 'razkazhi', 'za', 'mechoka']",4,"Мамо, кажи [: разкажи] и [: за] мечока !","['мамо', 'кажи', 'разкажи', 'и', 'за', 'мечока']","Мамо , кажи и мечока !","Мамо , разкажи за мечока !",,мамо разкажи за мечока
UTT_033638,SIM,2;06.21,SIM,"ikam [: iskam] da pipna parfjuma, parfjuma.","['iskam', 'da', 'pipna', 'parfjuma', ',', 'parfjuma', '.']","['iskam', 'da', 'pipna', 'parfjuma', ',', 'parfjuma', '.']","['iskam', 'da', 'pipna', 'parfjuma', 'parfjuma']",5,"Икам [: искам] да пипна парфйума, парфйума.","['икам', 'искам', 'да', 'пипна', 'парфйума', 'парфйума']","Икам да пипна парфйума , парфйума .","искам да пипна парфйума , парфйума .",,искам да пипна парфйума парфйума
UTT_035561,SIM,2;09.10,SIM,"mnogo sme golemi, ama tazi metla mnogo e goljama i shte, shte go chistish.","['mnogo', 'sme', 'golemi', ',', 'ama', 'tazi', 'metla', 'mnogo', 'e', 'goljama', 'i', 'shte', ',', 'shte', 'go', 'chistish', '.']","['mnogo', 'sme', 'golemi', ',', 'ama', 'tazi', 'metla', 'mnogo', 'e', 'goljama', 'i', 'shte', ',', 'shte', 'go', 'chistish', '.']","['mnogo', 'sme', 'golemi', 'ama', 'tazi', 'metla', 'mnogo', 'e', 'goljama', 'i', 'shte', 'shte', 'go', 'chistish']",14,"Много сме големи, ама тази метла много е голяма и ще, ще го чистиш.","['много', 'сме', 'големи', 'ама', 'тази', 'метла', 'много', 'е', 'голяма', 'и', 'ще', 'ще', 'го', 'чистиш']","Много сме големи , ама тази метла много е голяма и ще , ще го чистиш .","Много сме големи , ама тази метла много е голяма и ще , ще го чистиш .",,много сме големи ама тази метла много е голяма и ще ще го чистиш
UTT_006330,ALE,2;03.12,ALE,ej tvojto !,"['ej', 'tvojto', '!']","['ej', 'tvojto', '!']","['ej', 'tvojto']",2,Ей твойто !,"['ей', 'твойто']",Ей твойто !,Ей твойто !,,ей твойто
UTT_002590,ALE,1;07.20,ALE,"daj gi, daj !","['daj', 'gi', ',', 'daj', '!']","['daj', 'gi', ',', 'daj', '!']","['daj', 'gi', 'daj']",3,"Дай ги, дай !","['дай', 'ги', 'дай']","Дай ги , дай !","Дай ги , дай !",,дай ги дай
UTT_038924,TEF,1;11.25,TEF,eto tinka [: chinijka] !,"['eto', 'chinijka', '!']","['eto', 'chinijka', '!']","['eto', 'chinijka']",2,Ето тинка [: чинийка] !,"['ето', 'тинка', 'чинийка']",Ето тинка !,Ето чинийка !,,ето чинийка
UTT_033176,SIM,2;06.09,SIM,ja da opitam.,"['ja', 'da', 'opitam', '.']","['ja', 'da', 'opitam', '.']","['ja', 'da', 'opitam']",3,Я да опитам.,"['я', 'да', 'опитам']",Я да опитам .,Я да опитам .,,я да опитам
UTT_030260,SIM,2;02.15,SIM,"mamo, mama.","['mamo', ',', 'mama', '.']","['mamo', ',', 'mama', '.']","['mamo', 'mama']",2,"Мамо, мама.","['мамо', 'мама']","Мамо , мама .","Мамо , мама .","Мамо , мама .",мамо мама
UTT_006433,ALE,2;03.12,ALE,ajde otivaj da idesh touta [: jadesh torta] !,"['ajde', 'otivaj', 'da', 'idesh', 'jadesh', 'torta', '!']","['ajde', 'otivaj', 'da', 'idesh', 'jadesh', 'torta', '!']","['ajde', 'otivaj', 'da', 'idesh', 'jadesh', 'torta']",6,Айде отивай да идеш тоута [: ядеш торта] !,"['айде', 'отивай', 'да', 'идеш', 'тоута', 'ядеш', 'торта']",Айде отивай да идеш тоута !,Айде отивай да ядеш торта !,,айде отивай да ядеш торта
UTT_030333,SIM,2;02.15,SIM,i tate dyrzhi mi.,"['i', 'tate', 'dyrzhi', 'mi', '.']","['i', 'tate', 'dyrzhi', 'mi', '.']","['i', 'tate', 'dyrzhi', 'mi']",4,И тате държи ми.,"['и', 'тате', 'държи', 'ми']",И тате държи ми .,И тате държи ми .,,и тате държи ми
UTT_024815,SIM,1;09.02,SIM,"tvori [: otvori] mama, tvori [: otvori] .","['otvori', 'mama', ',', 'otvori', '.']","['otvori', 'mama', ',', 'otvori', '.']","['otvori', 'mama', 'otvori']",3,"Твори [: отвори] мама, твори [: отвори] .","['твори', 'отвори', 'мама', 'твори', 'отвори']","Твори мама , твори .","отвори мама , отвори .",,отвори мама отвори
UTT_027854,SIM,1;11.04,SIM,da si a mija ednata akichka [: rychichka] .,"['da', 'si', 'a', 'mija', 'ednata', 'rychichka', '.']","['da', 'si', 'a', 'mija', 'ednata', 'rychichka', '.']","['da', 'si', 'a', 'mija', 'ednata', 'rychichka']",6,Да си а мия едната акичка [: ръчичка] .,"['да', 'си', 'а', 'мия', 'едната', 'акичка', 'ръчичка']",Да си а мия едната акичка .,Да си а мия едната ръчичка .,,да си а мия едната ръчичка
UTT_009898,BOG,2;04.05,BOG,"+, naisuva [: narisuva] pyscheto [: prystcheto] !","['narisuva', 'prystcheto', '!']","['narisuva', 'prystcheto', '!']","['narisuva', 'prystcheto']",2,"+, наисува [: нарисува] пъсчето [: пръстчето] !","['наисува', 'нарисува', 'пъсчето', 'пръстчето']",", наисува пъсчето !",", нарисува пръстчето !",", Нарисува пръстчето !",нарисува пръстчето
UTT_021370,SIM,1;06.06,SIM,"am, am, am, am, am !","['am', ',', 'am', ',', 'am', ',', 'am', ',', 'am', '!']","['am', ',', 'am', ',', 'am', ',', 'am', ',', 'am', '!']","['am', 'am', 'am', 'am', 'am']",5,"Ам, ам, ам, ам, ам !","['ам', 'ам', 'ам', 'ам', 'ам']","Ам , ам , ам , ам , ам !","Ам , ам , ам , ам , ам !",,ам ам ам ам ам
UTT_030688,SIM,2;02.20,SIM,"a, kaza bip.","['a', ',', 'kaza', 'bip', '.']","['a', ',', 'kaza', 'bip', '.']","['a', 'kaza', 'bip']",3,"А, каза бип.","['а', 'каза', 'бип']","А , каза бип .","А , каза бип .",,а каза бип
UTT_036890,SIM,2;11.22,SIM,"tova trjabva da sedi tuka, za da pravja za gladen chovek.","['tova', 'trjabva', 'da', 'sedi', 'tuka', ',', 'za', 'da', 'pravja', 'za', 'gladen', 'chovek', '.']","['tova', 'trjabva', 'da', 'sedi', 'tuka', ',', 'za', 'da', 'pravja', 'za', 'gladen', 'chovek', '.']","['tova', 'trjabva', 'da', 'sedi', 'tuka', 'za', 'da', 'pravja', 'za', 'gladen', 'chovek']",11,"Това трябва да седи тука, за да правя за гладен човек.","['това', 'трябва', 'да', 'седи', 'тука', 'за', 'да', 'правя', 'за', 'гладен', 'човек']","Това трябва да седи тука , за да правя за гладен човек .","Това трябва да седи тука , за да правя за гладен човек .",,това трябва да седи тука за да правя за гладен човек
UTT_000476,ALE,1;01.29,ALE,"mamo, mamo .","['mamo', ',', 'mamo', '.']","['mamo', ',', 'mamo', '.']","['mamo', 'mamo']",2,"Мамо, мамо .","['мамо', 'мамо']","Мамо , мамо .","Мамо , мамо .",,мамо мамо
UTT_005838,ALE,2;02.24,ALE,"dobe [: dobre], mamo !","['dobre', ',', 'mamo', '!']","['dobre', ',', 'mamo', '!']","['dobre', 'mamo']",2,"Добе [: добре], мамо !","['добе', 'добре', 'мамо']","Добе , мамо !",добре мамо !,,добре мамо
UTT_030687,SIM,2;02.20,SIM,jade mi samo prystite.,"['jade', 'mi', 'samo', 'prystite', '.']","['jade', 'mi', 'samo', 'prystite', '.']","['jade', 'mi', 'samo', 'prystite']",4,Яде ми само пръстите.,"['яде', 'ми', 'само', 'пръстите']",Яде ми само пръстите .,Яде ми само пръстите .,Яде ми само пръстите .,яде ми само пръстите
UTT_002389,ALE,1;07.20,ALE,"mamo, chetem .","['mamo', ',', 'chetem', '.']","['mamo', ',', 'chetem', '.']","['mamo', 'chetem']",2,"Мамо, четем .","['мамо', 'четем']","Мамо , четем .","Мамо , четем .",,мамо четем
UTT_019255,SIM,1;01.28,SIM,"spi, pi [: spi] .","['spi', ',', 'spi', '.']","['spi', ',', 'spi', '.']","['spi', 'spi']",2,"Спи, пи [: спи] .","['спи', 'пи', 'спи']","Спи , пи .","Спи , спи .",,спи спи
UTT_021597,SIM,1;06.06,SIM,"ponon [: pantalon], ponon [: pantalon] .","['pantalon', ',', 'pantalon', '.']","['pantalon', ',', 'pantalon', '.']","['pantalon', 'pantalon']",2,"Понон [: панталон], понон [: панталон] .","['понон', 'панталон', 'понон', 'панталон']","Понон , понон .",панталон панталон .,,панталон панталон
UTT_027053,SIM,1;10.12,SIM,vizh mamo .,"['vizh', 'mamo', '.']","['vizh', 'mamo', '.']","['vizh', 'mamo']",2,Виж мамо .,"['виж', 'мамо']",Виж мамо .,Виж мамо .,,виж мамо
UTT_002852,ALE,1;08.22,ALE,beyt [: berat] cetjata [: cvetjata] .,"['berat', 'cvetjata', '.']","['berat', 'cvetjata', '.']","['berat', 'cvetjata']",2,Беът [: берат] цетята [: цветята] .,"['беът', 'берат', 'цетята', 'цветята']",Беът цетята .,берат цветята .,,берат цветята
UTT_023142,SIM,1;07.28,SIM,"mama, mama .","['mama', ',', 'mama', '.']","['mama', ',', 'mama', '.']","['mama', 'mama']",2,"Мама, мама .","['мама', 'мама']","Мама , мама .","Мама , мама .","Мама , мама .",мама мама
UTT_019992,SIM,1;04.25,SIM,"naa [: xrana], naa [: xrana], naa [: xrana], naa [: xrana] .","['xrana', ',', 'xrana', ',', 'xrana', ',', 'xrana', '.']","['xrana', ',', 'xrana', ',', 'xrana', ',', 'xrana', '.']","['xrana', 'xrana', 'xrana', 'xrana']",4,"Наа [: xрана], наа [: xрана], наа [: xрана], наа [: xрана] .","['наа', 'xрана', 'наа', 'xрана', 'наа', 'xрана', 'наа', 'xрана']","Наа , наа , наа , наа .",xрана xрана xрана xрана .,,xрана xрана xрана xрана
UTT_018545,ELI,1;07.13,ELI,"e, mamo .","['e', ',', 'mamo', '.']","['e', ',', 'mamo', '.']","['e', 'mamo']",2,"Е, мамо .","['е', 'мамо']","Е , мамо .","Е , мамо .",,е мамо
UTT_032382,SIM,2;05.28,SIM,"pet, pet, pet!","['pet', ',', 'pet', ',', 'pet!']","['pet', ',', 'pet', ',', 'pet!']","['pet', 'pet', 'pet!']",3,"Пет, пет, пет!","['пет', 'пет', 'пет']","Пет , пет , пет !","Пет , пет , пет !",,пет пет пет
