2026-02-17 15:25:44 INFO [admin] ProjectServiceImpl - Created project [BG_CHILDES_TB](0)
2026-02-17 15:25:44 INFO [admin] ProjectServiceImpl - Created permission [MANAGER] for user admin on project [BG_CHILDES_TB](0)
2026-02-17 15:25:44 INFO [admin] ProjectServiceImpl - Created permission [ANNOTATOR] for user admin on project [BG_CHILDES_TB](0)
2026-02-17 15:25:44 INFO [admin] ProjectServiceImpl - Created permission [CURATOR] for user admin on project [BG_CHILDES_TB](0)
2026-02-17 15:25:44 INFO [admin] AnnotationSchemaServiceImpl - Created tagset [Coreference relations](0) in project [BG_CHILDES_TB](0)
2026-02-17 15:25:44 INFO [admin] AnnotationSchemaServiceImpl - Created 1 tags and updated 0 tags in tagset [Coreference relations](0) in project [BG_CHILDES_TB](0)
2026-02-17 15:25:44 INFO [admin] AnnotationSchemaServiceImpl - Created tagset [Coreference mentions](1) in project [BG_CHILDES_TB](0)
2026-02-17 15:25:44 INFO [admin] AnnotationSchemaServiceImpl - Created 1 tags and updated 0 tags in tagset [Coreference mentions](1) in project [BG_CHILDES_TB](0)
2026-02-17 15:25:44 INFO [admin] AnnotationSchemaServiceImpl - Created tagset [Dependency flavors](2) in project [BG_CHILDES_TB](0)
2026-02-17 15:25:44 INFO [admin] AnnotationSchemaServiceImpl - Created 2 tags and updated 0 tags in tagset [Dependency flavors](2) in project [BG_CHILDES_TB](0)
2026-02-17 15:25:44 INFO [admin] AnnotationSchemaServiceImpl - Created tagset [UD Universal Dependencies (v2)](3) in project [BG_CHILDES_TB](0)
2026-02-17 15:25:45 INFO [admin] AnnotationSchemaServiceImpl - Created 37 tags and updated 0 tags in tagset [UD Universal Dependencies (v2)](3) in project [BG_CHILDES_TB](0)
2026-02-17 15:25:45 INFO [admin] AnnotationSchemaServiceImpl - Created tagset [Named Entity tags](4) in project [BG_CHILDES_TB](0)
2026-02-17 15:25:45 INFO [admin] AnnotationSchemaServiceImpl - Created 12 tags and updated 0 tags in tagset [Named Entity tags](4) in project [BG_CHILDES_TB](0)
2026-02-17 15:25:45 INFO [admin] AnnotationSchemaServiceImpl - Created tagset [UD Universal POS tags (v2)](5) in project [BG_CHILDES_TB](0)
2026-02-17 15:25:45 INFO [admin] AnnotationSchemaServiceImpl - Created 17 tags and updated 0 tags in tagset [UD Universal POS tags (v2)](5) in project [BG_CHILDES_TB](0)
2026-02-17 15:25:45 INFO [admin] AnnotationSchemaServiceImpl - Created tagset [Operation](6) in project [BG_CHILDES_TB](0)
2026-02-17 15:25:45 INFO [admin] AnnotationSchemaServiceImpl - Created 4 tags and updated 0 tags in tagset [Operation](6) in project [BG_CHILDES_TB](0)
2026-02-17 15:25:45 INFO [admin] AnnotationSchemaServiceImpl - Created layer [de.tudarmstadt.ukp.dkpro.core.api.segmentation.type.Token](0) in project [BG_CHILDES_TB](0)
2026-02-17 15:25:45 INFO [admin] AnnotationSchemaServiceImpl - Created layer [de.tudarmstadt.ukp.dkpro.core.api.segmentation.type.Sentence](1) in project [BG_CHILDES_TB](0)
2026-02-17 15:25:45 INFO [admin] AnnotationSchemaServiceImpl - Created layer [de.tudarmstadt.ukp.dkpro.core.api.syntax.type.chunk.Chunk](2) in project [BG_CHILDES_TB](0)
2026-02-17 15:25:45 INFO [admin] AnnotationSchemaServiceImpl - Created feature [chunkValue](0) in project [BG_CHILDES_TB](0)
2026-02-17 15:25:45 INFO [admin] AnnotationSchemaServiceImpl - Created layer [de.tudarmstadt.ukp.dkpro.core.api.coref.type.Coreference](3) in project [BG_CHILDES_TB](0)
2026-02-17 15:25:45 INFO [admin] AnnotationSchemaServiceImpl - Created feature [referenceType](1) in project [BG_CHILDES_TB](0)
2026-02-17 15:25:45 INFO [admin] AnnotationSchemaServiceImpl - Created feature [referenceRelation](2) in project [BG_CHILDES_TB](0)
2026-02-17 15:25:45 INFO [admin] AnnotationSchemaServiceImpl - Created feature [lemma](3) in project [BG_CHILDES_TB](0)
2026-02-17 15:25:45 INFO [admin] AnnotationSchemaServiceImpl - Created layer [de.tudarmstadt.ukp.dkpro.core.api.segmentation.type.Lemma](4) in project [BG_CHILDES_TB](0)
2026-02-17 15:25:45 INFO [admin] AnnotationSchemaServiceImpl - Created feature [value](4) in project [BG_CHILDES_TB](0)
2026-02-17 15:25:45 INFO [admin] AnnotationSchemaServiceImpl - Created feature [morph](5) in project [BG_CHILDES_TB](0)
2026-02-17 15:25:45 INFO [admin] AnnotationSchemaServiceImpl - Created layer [de.tudarmstadt.ukp.dkpro.core.api.lexmorph.type.morph.MorphologicalFeatures](5) in project [BG_CHILDES_TB](0)
2026-02-17 15:25:45 INFO [admin] AnnotationSchemaServiceImpl - Created feature [value](6) in project [BG_CHILDES_TB](0)
2026-02-17 15:25:45 INFO [admin] AnnotationSchemaServiceImpl - Created layer [de.tudarmstadt.ukp.dkpro.core.api.ner.type.NamedEntity](6) in project [BG_CHILDES_TB](0)
2026-02-17 15:25:45 INFO [admin] AnnotationSchemaServiceImpl - Created feature [value](7) in project [BG_CHILDES_TB](0)
2026-02-17 15:25:45 INFO [admin] AnnotationSchemaServiceImpl - Created layer [de.tudarmstadt.ukp.dkpro.core.api.transform.type.SofaChangeAnnotation](7) in project [BG_CHILDES_TB](0)
2026-02-17 15:25:45 INFO [admin] AnnotationSchemaServiceImpl - Created feature [value](8) in project [BG_CHILDES_TB](0)
2026-02-17 15:25:45 INFO [admin] AnnotationSchemaServiceImpl - Created feature [operation](9) in project [BG_CHILDES_TB](0)
2026-02-17 15:25:45 INFO [admin] AnnotationSchemaServiceImpl - Created feature [pos](10) in project [BG_CHILDES_TB](0)
2026-02-17 15:25:45 INFO [admin] AnnotationSchemaServiceImpl - Created layer [de.tudarmstadt.ukp.dkpro.core.api.lexmorph.type.pos.POS](8) in project [BG_CHILDES_TB](0)
2026-02-17 15:25:45 INFO [admin] AnnotationSchemaServiceImpl - Created feature [PosValue](11) in project [BG_CHILDES_TB](0)
2026-02-17 15:25:45 INFO [admin] AnnotationSchemaServiceImpl - Created feature [coarseValue](12) in project [BG_CHILDES_TB](0)
2026-02-17 15:25:45 INFO [admin] AnnotationSchemaServiceImpl - Created layer [de.tudarmstadt.ukp.dkpro.core.api.semantics.type.SemArg](9) in project [BG_CHILDES_TB](0)
2026-02-17 15:25:45 INFO [admin] AnnotationSchemaServiceImpl - Created feature [category](13) in project [BG_CHILDES_TB](0)
2026-02-17 15:25:45 INFO [admin] AnnotationSchemaServiceImpl - Created feature [arguments](14) in project [BG_CHILDES_TB](0)
2026-02-17 15:25:45 INFO [admin] AnnotationSchemaServiceImpl - Created layer [de.tudarmstadt.ukp.dkpro.core.api.semantics.type.SemPred](10) in project [BG_CHILDES_TB](0)
2026-02-17 15:25:45 INFO [admin] AnnotationSchemaServiceImpl - Created layer [de.tudarmstadt.ukp.dkpro.core.api.segmentation.type.SurfaceForm](11) in project [BG_CHILDES_TB](0)
2026-02-17 15:25:45 INFO [admin] AnnotationSchemaServiceImpl - Created feature [value](15) in project [BG_CHILDES_TB](0)
2026-02-17 15:25:45 INFO [admin] AnnotationSchemaServiceImpl - Created feature [identifier](16) in project [BG_CHILDES_TB](0)
2026-02-17 15:25:45 INFO [admin] AnnotationSchemaServiceImpl - Created layer [de.tudarmstadt.ukp.dkpro.core.api.syntax.type.dependency.Dependency](12) in project [BG_CHILDES_TB](0)
2026-02-17 15:25:45 INFO [admin] AnnotationSchemaServiceImpl - Created feature [DependencyType](17) in project [BG_CHILDES_TB](0)
2026-02-17 15:25:45 INFO [admin] AnnotationSchemaServiceImpl - Created feature [flavor](18) in project [BG_CHILDES_TB](0)
2026-02-17 15:25:53 INFO [admin] ProjectServiceImpl - Created permission [ANNOTATOR] for user annotator1 on project [BG_CHILDES_TB](0)
2026-02-17 15:25:53 INFO [admin] ProjectServiceImpl - Created permission [ANNOTATOR] for user annotator2 on project [BG_CHILDES_TB](0)
2026-02-17 15:25:53 INFO [admin] ProjectServiceImpl - Created permission [ANNOTATOR] for user annotator3 on project [BG_CHILDES_TB](0)
2026-02-17 15:43:01 INFO [admin] AnnotationSchemaServiceImpl - Removed feature [referenceRelation](2) from project [BG_CHILDES_TB](0)
2026-02-17 15:43:01 INFO [admin] AnnotationSchemaServiceImpl - Removed feature [referenceType](1) from project [BG_CHILDES_TB](0)
2026-02-17 15:43:01 INFO [admin] AnnotationSchemaServiceImpl - Removed layer [de.tudarmstadt.ukp.dkpro.core.api.coref.type.Coreference](3) from project [BG_CHILDES_TB](0)
2026-02-17 15:43:01 INFO [admin] SearchServiceImpl - Re-indexing project [BG_CHILDES_TB](0). This may take a while...
2026-02-17 15:43:01 INFO [admin] SearchServiceImpl - Re-indexing project [BG_CHILDES_TB](0) complete!
2026-02-17 15:43:10 INFO [admin] AnnotationSchemaServiceImpl - Removed feature [arguments](14) from project [BG_CHILDES_TB](0)
2026-02-17 15:43:10 INFO [admin] AnnotationSchemaServiceImpl - Removed feature [category](13) from project [BG_CHILDES_TB](0)
2026-02-17 15:43:10 INFO [admin] AnnotationSchemaServiceImpl - Removed layer [de.tudarmstadt.ukp.dkpro.core.api.semantics.type.SemPred](10) from project [BG_CHILDES_TB](0)
2026-02-17 15:43:10 INFO [admin] SearchServiceImpl - Re-indexing project [BG_CHILDES_TB](0). This may take a while...
2026-02-17 15:43:10 INFO [admin] SearchServiceImpl - Re-indexing project [BG_CHILDES_TB](0) complete!
2026-02-17 15:43:17 INFO [admin] AnnotationSchemaServiceImpl - Removed layer [de.tudarmstadt.ukp.dkpro.core.api.semantics.type.SemArg](9) from project [BG_CHILDES_TB](0)
2026-02-17 15:43:17 INFO [admin] SearchServiceImpl - Re-indexing project [BG_CHILDES_TB](0). This may take a while...
2026-02-17 15:43:17 INFO [admin] SearchServiceImpl - Re-indexing project [BG_CHILDES_TB](0) complete!
2026-02-17 15:43:26 INFO [admin] AnnotationSchemaServiceImpl - Removed feature [identifier](16) from project [BG_CHILDES_TB](0)
2026-02-17 15:43:26 INFO [admin] AnnotationSchemaServiceImpl - Removed feature [value](7) from project [BG_CHILDES_TB](0)
2026-02-17 15:43:26 INFO [admin] AnnotationSchemaServiceImpl - Removed layer [de.tudarmstadt.ukp.dkpro.core.api.ner.type.NamedEntity](6) from project [BG_CHILDES_TB](0)
2026-02-17 15:43:26 INFO [admin] SearchServiceImpl - Re-indexing project [BG_CHILDES_TB](0). This may take a while...
2026-02-17 15:43:26 INFO [admin] SearchServiceImpl - Re-indexing project [BG_CHILDES_TB](0) complete!
2026-02-17 21:26:18 INFO [admin] DocumentImportExportServiceImpl - Imported CAS with [2018] tokens and [408] sentences from file [/export/repository/project/0/document/0/source/ALE_cds.conllu] (size: 161860 bytes)
2026-02-17 21:26:20 INFO [admin] DocumentServiceImpl - Imported source document [ALE_cds.conllu](0) to project [BG_CHILDES_TB](0)
2026-02-17 21:26:20 INFO [admin] DocumentImportExportServiceImpl - Imported CAS with [1401] tokens and [364] sentences from file [/export/repository/project/0/document/1/source/ALE_cs.conllu] (size: 109002 bytes)
2026-02-17 21:26:21 INFO [admin] DocumentServiceImpl - Imported source document [ALE_cs.conllu](1) to project [BG_CHILDES_TB](0)
2026-02-17 21:26:21 INFO [admin] DocumentImportExportServiceImpl - Imported CAS with [697] tokens and [142] sentences from file [/export/repository/project/0/document/2/source/BOG_cds.conllu] (size: 55795 bytes)
2026-02-17 21:26:22 INFO [admin] DocumentServiceImpl - Imported source document [BOG_cds.conllu](2) to project [BG_CHILDES_TB](0)
2026-02-17 21:26:22 INFO [admin] DocumentImportExportServiceImpl - Imported CAS with [314] tokens and [92] sentences from file [/export/repository/project/0/document/3/source/BOG_cs.conllu] (size: 24488 bytes)
2026-02-17 21:26:22 INFO [admin] DocumentServiceImpl - Imported source document [BOG_cs.conllu](3) to project [BG_CHILDES_TB](0)
2026-02-17 21:26:22 INFO [admin] DocumentImportExportServiceImpl - Imported CAS with [3167] tokens and [670] sentences from file [/export/repository/project/0/document/4/source/ELI_cds.conllu] (size: 248107 bytes)
2026-02-17 21:26:24 INFO [admin] DocumentServiceImpl - Imported source document [ELI_cds.conllu](4) to project [BG_CHILDES_TB](0)
2026-02-17 21:26:24 INFO [admin] DocumentImportExportServiceImpl - Imported CAS with [278] tokens and [116] sentences from file [/export/repository/project/0/document/5/source/ELI_cs.conllu] (size: 17905 bytes)
2026-02-17 21:26:25 INFO [admin] DocumentServiceImpl - Imported source document [ELI_cs.conllu](5) to project [BG_CHILDES_TB](0)
2026-02-17 21:26:25 INFO [admin] DocumentImportExportServiceImpl - Imported CAS with [4139] tokens and [764] sentences from file [/export/repository/project/0/document/6/source/SIM_cds.conllu] (size: 326224 bytes)
2026-02-17 21:26:27 INFO [admin] DocumentServiceImpl - Imported source document [SIM_cds.conllu](6) to project [BG_CHILDES_TB](0)
2026-02-17 21:26:27 INFO [admin] DocumentImportExportServiceImpl - Imported CAS with [4292] tokens and [885] sentences from file [/export/repository/project/0/document/7/source/SIM_cs.conllu] (size: 338003 bytes)
2026-02-17 21:26:30 INFO [admin] DocumentServiceImpl - Imported source document [SIM_cs.conllu](7) to project [BG_CHILDES_TB](0)
2026-02-17 21:26:30 INFO [admin] DocumentImportExportServiceImpl - Imported CAS with [1990] tokens and [371] sentences from file [/export/repository/project/0/document/8/source/TEF_cds.conllu] (size: 160449 bytes)
2026-02-17 21:26:31 INFO [admin] DocumentServiceImpl - Imported source document [TEF_cds.conllu](8) to project [BG_CHILDES_TB](0)
2026-02-17 21:26:31 INFO [admin] DocumentImportExportServiceImpl - Imported CAS with [993] tokens and [319] sentences from file [/export/repository/project/0/document/9/source/TEF_cs.conllu] (size: 79987 bytes)
2026-02-17 21:26:33 INFO [admin] DocumentServiceImpl - Imported source document [TEF_cs.conllu](9) to project [BG_CHILDES_TB](0)
2026-02-17 21:27:10 INFO [admin] DocumentServiceImpl - Created annotation document [admin@ALE_cds.conllu](0) in project [BG_CHILDES_TB](0)
2026-02-17 21:27:11 INFO [admin] AnnotationSchemaServiceImpl - Upgraded CAS of user [admin] for document [ALE_cds.conllu](0) in project [BG_CHILDES_TB](0)
2026-02-18 09:19:24 INFO [admin] AnnotationSchemaServiceImpl - Upgraded CAS of user [admin] for document [ALE_cds.conllu](0) in project [BG_CHILDES_TB](0)
2026-02-18 09:58:28 INFO [admin] DocumentServiceImpl - Created annotation document [admin@BOG_cs.conllu](1) in project [BG_CHILDES_TB](0)
2026-02-18 09:58:28 INFO [admin] AnnotationSchemaServiceImpl - Upgraded CAS of user [admin] for document [BOG_cs.conllu](3) in project [BG_CHILDES_TB](0)
2026-02-18 09:59:25 INFO [admin] DocumentServiceImpl - Created annotation document [admin@BOG_cds.conllu](2) in project [BG_CHILDES_TB](0)
2026-02-18 09:59:25 INFO [admin] AnnotationSchemaServiceImpl - Upgraded CAS of user [admin] for document [BOG_cds.conllu](2) in project [BG_CHILDES_TB](0)
2026-02-18 09:59:44 INFO [admin] AnnotationSchemaServiceImpl - Upgraded CAS of user [admin] for document [ALE_cds.conllu](0) in project [BG_CHILDES_TB](0)
2026-02-18 10:03:36 INFO [admin] AnnotationSchemaServiceImpl - Upgraded CAS of user [admin] for document [ALE_cds.conllu](0) in project [BG_CHILDES_TB](0)
2026-02-18 10:18:34 INFO [admin] DocumentServiceImpl - Created annotation document [admin@ALE_cs.conllu](3) in project [BG_CHILDES_TB](0)
2026-02-18 10:18:34 INFO [admin] AnnotationSchemaServiceImpl - Upgraded CAS of user [admin] for document [ALE_cs.conllu](1) in project [BG_CHILDES_TB](0)
2026-02-18 11:27:46 INFO [admin] ProjectServiceImpl - Removed permission [ANNOTATOR] for user [annotator1] on project [BG_CHILDES_TB](0)
2026-02-18 11:27:49 INFO [admin] ProjectServiceImpl - Removed permission [ANNOTATOR] for user [annotator2] on project [BG_CHILDES_TB](0)
2026-02-18 11:27:51 INFO [admin] ProjectServiceImpl - Removed permission [ANNOTATOR] for user [annotator3] on project [BG_CHILDES_TB](0)
2026-02-18 11:38:22 INFO [admin] AnnotationSchemaServiceImpl - Upgraded CAS of user [admin] for document [ALE_cs.conllu](1) in project [BG_CHILDES_TB](0)
2026-02-18 11:39:04 INFO [admin] AnnotationSchemaServiceImpl - Upgraded CAS of user [admin] for document [ALE_cs.conllu](1) in project [BG_CHILDES_TB](0)
2026-02-18 11:41:54 INFO [admin] DocumentServiceImpl - Created annotation document [admin@ELI_cds.conllu](4) in project [BG_CHILDES_TB](0)
2026-02-18 11:41:54 INFO [admin] AnnotationSchemaServiceImpl - Upgraded CAS of user [admin] for document [ELI_cds.conllu](4) in project [BG_CHILDES_TB](0)
2026-02-18 11:42:19 INFO [admin] AnnotationSchemaServiceImpl - Upgraded CAS of user [admin] for document [ALE_cs.conllu](1) in project [BG_CHILDES_TB](0)
2026-02-18 11:42:39 INFO [admin] AnnotationSchemaServiceImpl - Upgraded CAS of user [admin] for document [ALE_cds.conllu](0) in project [BG_CHILDES_TB](0)
2026-02-18 11:42:51 INFO [admin] AnnotationSchemaServiceImpl - Upgraded CAS of user [admin] for document [BOG_cds.conllu](2) in project [BG_CHILDES_TB](0)
2026-02-18 11:43:06 INFO [admin] AnnotationSchemaServiceImpl - Upgraded CAS of user [admin] for document [BOG_cs.conllu](3) in project [BG_CHILDES_TB](0)
2026-02-18 11:51:37 INFO [admin] AnnotationSchemaServiceImpl - Upgraded CAS of user [admin] for document [ALE_cds.conllu](0) in project [BG_CHILDES_TB](0)
2026-02-18 14:52:10 INFO [admin] AnnotationSchemaServiceImpl - Upgraded CAS of user [admin] for document [ALE_cds.conllu](0) in project [BG_CHILDES_TB](0)
2026-02-18 14:53:00 INFO [admin] DocumentServiceImpl - Removed source document [ALE_cds.conllu](0) from project [BG_CHILDES_TB](0)
2026-02-18 14:53:04 INFO [admin] DocumentServiceImpl - Removed source document [ALE_cs.conllu](1) from project [BG_CHILDES_TB](0)
2026-02-18 14:53:08 INFO [admin] DocumentServiceImpl - Removed source document [BOG_cds.conllu](2) from project [BG_CHILDES_TB](0)
2026-02-18 14:53:13 INFO [admin] DocumentServiceImpl - Removed source document [BOG_cs.conllu](3) from project [BG_CHILDES_TB](0)
2026-02-18 14:53:16 INFO [admin] DocumentServiceImpl - Removed source document [ELI_cds.conllu](4) from project [BG_CHILDES_TB](0)
2026-02-18 14:53:20 INFO [admin] DocumentServiceImpl - Removed source document [ELI_cs.conllu](5) from project [BG_CHILDES_TB](0)
2026-02-18 14:53:25 INFO [admin] DocumentServiceImpl - Removed source document [SIM_cds.conllu](6) from project [BG_CHILDES_TB](0)
2026-02-18 14:53:29 INFO [admin] DocumentServiceImpl - Removed source document [SIM_cs.conllu](7) from project [BG_CHILDES_TB](0)
2026-02-18 14:53:34 INFO [admin] DocumentServiceImpl - Removed source document [TEF_cds.conllu](8) from project [BG_CHILDES_TB](0)
2026-02-18 14:53:39 INFO [admin] DocumentServiceImpl - Removed source document [TEF_cs.conllu](9) from project [BG_CHILDES_TB](0)
2026-02-18 14:53:56 INFO [admin] DocumentImportExportServiceImpl - Imported CAS with [2119] tokens and [430] sentences from file [/export/repository/project/0/document/10/source/ALE_cds.conllu] (size: 170255 bytes)
2026-02-18 14:53:58 INFO [admin] DocumentServiceImpl - Imported source document [ALE_cds.conllu](10) to project [BG_CHILDES_TB](0)
2026-02-18 14:53:58 INFO [admin] DocumentImportExportServiceImpl - Imported CAS with [1462] tokens and [379] sentences from file [/export/repository/project/0/document/11/source/ALE_cs.conllu] (size: 113858 bytes)
2026-02-18 14:53:59 INFO [admin] DocumentServiceImpl - Imported source document [ALE_cs.conllu](11) to project [BG_CHILDES_TB](0)
2026-02-18 14:53:59 INFO [admin] DocumentImportExportServiceImpl - Imported CAS with [723] tokens and [148] sentences from file [/export/repository/project/0/document/12/source/BOG_cds.conllu] (size: 57876 bytes)
2026-02-18 14:53:59 INFO [admin] DocumentServiceImpl - Imported source document [BOG_cds.conllu](12) to project [BG_CHILDES_TB](0)
2026-02-18 14:53:59 INFO [admin] DocumentImportExportServiceImpl - Imported CAS with [331] tokens and [97] sentences from file [/export/repository/project/0/document/13/source/BOG_cs.conllu] (size: 25962 bytes)
2026-02-18 14:53:59 INFO [admin] DocumentServiceImpl - Imported source document [BOG_cs.conllu](13) to project [BG_CHILDES_TB](0)
2026-02-18 14:53:59 INFO [admin] DocumentImportExportServiceImpl - Imported CAS with [3334] tokens and [706] sentences from file [/export/repository/project/0/document/14/source/ELI_cds.conllu] (size: 260756 bytes)
2026-02-18 14:54:01 INFO [admin] DocumentServiceImpl - Imported source document [ELI_cds.conllu](14) to project [BG_CHILDES_TB](0)
2026-02-18 14:54:01 INFO [admin] DocumentImportExportServiceImpl - Imported CAS with [288] tokens and [121] sentences from file [/export/repository/project/0/document/15/source/ELI_cs.conllu] (size: 18631 bytes)
2026-02-18 14:54:02 INFO [admin] DocumentServiceImpl - Imported source document [ELI_cs.conllu](15) to project [BG_CHILDES_TB](0)
2026-02-18 14:54:02 INFO [admin] DocumentImportExportServiceImpl - Imported CAS with [4360] tokens and [805] sentences from file [/export/repository/project/0/document/16/source/SIM_cds.conllu] (size: 343505 bytes)
2026-02-18 14:54:04 INFO [admin] DocumentServiceImpl - Imported source document [SIM_cds.conllu](16) to project [BG_CHILDES_TB](0)
2026-02-18 14:54:04 INFO [admin] DocumentImportExportServiceImpl - Imported CAS with [4468] tokens and [924] sentences from file [/export/repository/project/0/document/17/source/SIM_cs.conllu] (size: 351683 bytes)
2026-02-18 14:54:07 INFO [admin] DocumentServiceImpl - Imported source document [SIM_cs.conllu](17) to project [BG_CHILDES_TB](0)
2026-02-18 14:54:07 INFO [admin] DocumentImportExportServiceImpl - Imported CAS with [2102] tokens and [392] sentences from file [/export/repository/project/0/document/18/source/TEF_cds.conllu] (size: 169238 bytes)
2026-02-18 14:54:08 INFO [admin] DocumentServiceImpl - Imported source document [TEF_cds.conllu](18) to project [BG_CHILDES_TB](0)
2026-02-18 14:54:08 INFO [admin] DocumentImportExportServiceImpl - Imported CAS with [1047] tokens and [336] sentences from file [/export/repository/project/0/document/19/source/TEF_cs.conllu] (size: 84468 bytes)
2026-02-18 14:54:09 INFO [admin] DocumentServiceImpl - Imported source document [TEF_cs.conllu](19) to project [BG_CHILDES_TB](0)
2026-02-18 15:00:28 INFO [admin] DocumentServiceImpl - Created annotation document [admin@BOG_cds.conllu](5) in project [BG_CHILDES_TB](0)
2026-02-18 15:00:28 INFO [admin] AnnotationSchemaServiceImpl - Upgraded CAS of user [admin] for document [BOG_cds.conllu](12) in project [BG_CHILDES_TB](0)
2026-02-18 15:37:33 INFO [admin] ProjectServiceImpl - Created permission [ANNOTATOR] for user ivelina on project [BG_CHILDES_TB](0)
2026-02-18 15:37:33 INFO [admin] ProjectServiceImpl - Created permission [ANNOTATOR] for user mila on project [BG_CHILDES_TB](0)
2026-02-18 15:37:33 INFO [admin] ProjectServiceImpl - Created permission [ANNOTATOR] for user tsvetina on project [BG_CHILDES_TB](0)
2026-02-18 15:37:33 INFO [admin] ProjectServiceImpl - Created permission [ANNOTATOR] for user yasena on project [BG_CHILDES_TB](0)
2026-02-18 15:37:33 INFO [admin] ProjectServiceImpl - Created permission [ANNOTATOR] for user yoana on project [BG_CHILDES_TB](0)
2026-02-18 15:38:22 INFO [admin] DocumentServiceImpl - Created annotation document [mila@BOG_cds.conllu](6) in project [BG_CHILDES_TB](0)
2026-02-18 15:38:23 INFO [admin] AnnotationSchemaServiceImpl - Upgraded CAS of user [mila] for document [BOG_cds.conllu](12) in project [BG_CHILDES_TB](0)
2026-02-18 15:42:06 INFO [admin] DocumentServiceImpl - Created annotation document [mila@BOG_cs.conllu](7) in project [BG_CHILDES_TB](0)
2026-02-18 15:42:06 INFO [admin] AnnotationSchemaServiceImpl - Upgraded CAS of user [mila] for document [BOG_cs.conllu](13) in project [BG_CHILDES_TB](0)
2026-02-18 15:42:22 INFO [admin] DocumentServiceImpl - Created annotation document [mila@ALE_cs.conllu](8) in project [BG_CHILDES_TB](0)
2026-02-18 15:42:22 INFO [admin] AnnotationSchemaServiceImpl - Upgraded CAS of user [mila] for document [ALE_cs.conllu](11) in project [BG_CHILDES_TB](0)
2026-02-18 15:59:47 INFO [admin] AnnotationSchemaServiceImpl - Upgraded CAS of user [mila] for document [BOG_cds.conllu](12) in project [BG_CHILDES_TB](0)
2026-02-18 16:17:14 INFO [admin] AnnotationSchemaServiceImpl - Created layer [webanno.custom.Comment](13) in project [BG_CHILDES_TB](0)
2026-02-18 16:17:14 INFO [admin] SearchServiceImpl - Re-indexing project [BG_CHILDES_TB](0). This may take a while...
2026-02-18 16:17:18 INFO [admin] SearchServiceImpl - Re-indexing project [BG_CHILDES_TB](0) complete!
2026-02-18 16:17:32 INFO [admin] AnnotationSchemaServiceImpl - Upgraded CAS of user [mila] for document [BOG_cds.conllu](12) in project [BG_CHILDES_TB](0)
2026-02-18 16:17:44 INFO [admin] AnnotationSchemaServiceImpl - Upgraded CAS of user [mila] for document [BOG_cs.conllu](13) in project [BG_CHILDES_TB](0)
2026-02-18 16:38:15 INFO [admin] AnnotationSchemaServiceImpl - Upgraded CAS of user [mila] for document [ALE_cs.conllu](11) in project [BG_CHILDES_TB](0)
2026-02-18 18:55:30 INFO [admin] DocumentServiceImpl - Created annotation document [admin@ALE_cs.conllu](9) in project [BG_CHILDES_TB](0)
2026-02-18 18:55:30 INFO [admin] AnnotationSchemaServiceImpl - Upgraded CAS of user [admin] for document [ALE_cs.conllu](11) in project [BG_CHILDES_TB](0)
2026-02-18 19:07:16 INFO [admin] AnnotationSchemaServiceImpl - Created tagset [tag](7) in project [BG_CHILDES_TB](0)
2026-02-18 19:07:16 INFO [admin] AnnotationSchemaServiceImpl - Created tagset [copy_of_tag](8) in project [BG_CHILDES_TB](0)
2026-02-18 19:07:16 INFO [admin] AnnotationSchemaServiceImpl - Created tag [Perf](74) in tagset [copy_of_tag](8) in project [BG_CHILDES_TB](0)
2026-02-18 19:07:16 INFO [admin] AnnotationSchemaServiceImpl - Created tagset [copy_of_tag(1)](9) in project [BG_CHILDES_TB](0)
2026-02-18 19:07:16 INFO [admin] AnnotationSchemaServiceImpl - Created tag [Dat](75) in tagset [copy_of_tag(1)](9) in project [BG_CHILDES_TB](0)
2026-02-18 19:07:16 INFO [admin] AnnotationSchemaServiceImpl - Created tag [Nom](76) in tagset [copy_of_tag(1)](9) in project [BG_CHILDES_TB](0)
2026-02-18 19:07:16 INFO [admin] AnnotationSchemaServiceImpl - Created tag [Voc](77) in tagset [copy_of_tag(1)](9) in project [BG_CHILDES_TB](0)
2026-02-18 19:07:16 INFO [admin] AnnotationSchemaServiceImpl - Created tagset [copy_of_tag(2)](10) in project [BG_CHILDES_TB](0)
2026-02-18 19:07:16 INFO [admin] AnnotationSchemaServiceImpl - Created tag [Ind](78) in tagset [copy_of_tag(2)](10) in project [BG_CHILDES_TB](0)
2026-02-18 19:07:16 INFO [admin] AnnotationSchemaServiceImpl - Created tagset [copy_of_tag(3)](11) in project [BG_CHILDES_TB](0)
2026-02-18 19:07:16 INFO [admin] AnnotationSchemaServiceImpl - Created tag [Pos](79) in tagset [copy_of_tag(3)](11) in project [BG_CHILDES_TB](0)
2026-02-18 19:07:16 INFO [admin] AnnotationSchemaServiceImpl - Created tag [Sup](80) in tagset [copy_of_tag(3)](11) in project [BG_CHILDES_TB](0)
2026-02-18 19:07:16 INFO [admin] AnnotationSchemaServiceImpl - Created tagset [copy_of_tag(4)](12) in project [BG_CHILDES_TB](0)
2026-02-18 19:07:16 INFO [admin] AnnotationSchemaServiceImpl - Created tag [ADV](81) in tagset [copy_of_tag(4)](12) in project [BG_CHILDES_TB](0)
2026-02-18 19:07:16 INFO [admin] AnnotationSchemaServiceImpl - Created tag [CCONJ](82) in tagset [copy_of_tag(4)](12) in project [BG_CHILDES_TB](0)
2026-02-18 19:07:16 INFO [admin] AnnotationSchemaServiceImpl - Created tag [DET](83) in tagset [copy_of_tag(4)](12) in project [BG_CHILDES_TB](0)
2026-02-18 19:07:16 INFO [admin] AnnotationSchemaServiceImpl - Created tag [PRON](84) in tagset [copy_of_tag(4)](12) in project [BG_CHILDES_TB](0)
2026-02-18 19:07:16 INFO [admin] AnnotationSchemaServiceImpl - Created tag [SCONJ](85) in tagset [copy_of_tag(4)](12) in project [BG_CHILDES_TB](0)
2026-02-18 19:07:16 INFO [admin] AnnotationSchemaServiceImpl - Created tagset [copy_of_tag(5)](13) in project [BG_CHILDES_TB](0)
2026-02-18 19:07:16 INFO [admin] AnnotationSchemaServiceImpl - Created tagset [copy_of_tag(6)](14) in project [BG_CHILDES_TB](0)
2026-02-18 19:07:16 INFO [admin] AnnotationSchemaServiceImpl - Created tag [Masc](86) in tagset [copy_of_tag(6)](14) in project [BG_CHILDES_TB](0)
2026-02-18 19:07:16 INFO [admin] AnnotationSchemaServiceImpl - Created tag [Neut](87) in tagset [copy_of_tag(6)](14) in project [BG_CHILDES_TB](0)
2026-02-18 19:07:16 INFO [admin] AnnotationSchemaServiceImpl - Created tagset [copy_of_tag(7)](15) in project [BG_CHILDES_TB](0)
2026-02-18 19:07:16 INFO [admin] AnnotationSchemaServiceImpl - Created tag [Imp](88) in tagset [copy_of_tag(7)](15) in project [BG_CHILDES_TB](0)
2026-02-18 19:07:16 INFO [admin] AnnotationSchemaServiceImpl - Created tag [Ind](89) in tagset [copy_of_tag(7)](15) in project [BG_CHILDES_TB](0)
2026-02-18 19:07:16 INFO [admin] AnnotationSchemaServiceImpl - Created tagset [copy_of_tag(8)](16) in project [BG_CHILDES_TB](0)
2026-02-18 19:07:16 INFO [admin] AnnotationSchemaServiceImpl - Created tag [Plur](90) in tagset [copy_of_tag(8)](16) in project [BG_CHILDES_TB](0)
2026-02-18 19:07:16 INFO [admin] AnnotationSchemaServiceImpl - Created tag [Ptan](91) in tagset [copy_of_tag(8)](16) in project [BG_CHILDES_TB](0)
2026-02-18 19:07:16 INFO [admin] AnnotationSchemaServiceImpl - Created tag [Sing](92) in tagset [copy_of_tag(8)](16) in project [BG_CHILDES_TB](0)
2026-02-18 19:07:16 INFO [admin] AnnotationSchemaServiceImpl - Created tagset [copy_of_tag(9)](17) in project [BG_CHILDES_TB](0)
2026-02-18 19:07:16 INFO [admin] AnnotationSchemaServiceImpl - Created tag [Ord](93) in tagset [copy_of_tag(9)](17) in project [BG_CHILDES_TB](0)
2026-02-18 19:07:16 INFO [admin] AnnotationSchemaServiceImpl - Created tagset [copy_of_tag(10)](18) in project [BG_CHILDES_TB](0)
2026-02-18 19:07:16 INFO [admin] AnnotationSchemaServiceImpl - Created tag [2](94) in tagset [copy_of_tag(10)](18) in project [BG_CHILDES_TB](0)
2026-02-18 19:07:16 INFO [admin] AnnotationSchemaServiceImpl - Created tag [3](95) in tagset [copy_of_tag(10)](18) in project [BG_CHILDES_TB](0)
2026-02-18 19:07:16 INFO [admin] AnnotationSchemaServiceImpl - Created tagset [copy_of_tag(11)](19) in project [BG_CHILDES_TB](0)
2026-02-18 19:07:16 INFO [admin] AnnotationSchemaServiceImpl - Created tagset [copy_of_tag(12)](20) in project [BG_CHILDES_TB](0)
2026-02-18 19:07:16 INFO [admin] AnnotationSchemaServiceImpl - Created tagset [copy_of_tag(13)](21) in project [BG_CHILDES_TB](0)
2026-02-18 19:07:16 INFO [admin] AnnotationSchemaServiceImpl - Created tag [Ind](96) in tagset [copy_of_tag(13)](21) in project [BG_CHILDES_TB](0)
2026-02-18 19:07:16 INFO [admin] AnnotationSchemaServiceImpl - Created tag [Int](97) in tagset [copy_of_tag(13)](21) in project [BG_CHILDES_TB](0)
2026-02-18 19:07:16 INFO [admin] AnnotationSchemaServiceImpl - Created tag [Neg](98) in tagset [copy_of_tag(13)](21) in project [BG_CHILDES_TB](0)
2026-02-18 19:07:16 INFO [admin] AnnotationSchemaServiceImpl - Created tag [Prs](99) in tagset [copy_of_tag(13)](21) in project [BG_CHILDES_TB](0)
2026-02-18 19:07:16 INFO [admin] AnnotationSchemaServiceImpl - Created tag [Rel](100) in tagset [copy_of_tag(13)](21) in project [BG_CHILDES_TB](0)
2026-02-18 19:07:16 INFO [admin] AnnotationSchemaServiceImpl - Created tag [Tot](101) in tagset [copy_of_tag(13)](21) in project [BG_CHILDES_TB](0)
2026-02-18 19:07:16 INFO [admin] AnnotationSchemaServiceImpl - Created tagset [copy_of_tag(14)](22) in project [BG_CHILDES_TB](0)
2026-02-18 19:07:17 INFO [admin] AnnotationSchemaServiceImpl - Created tagset [copy_of_tag(15)](23) in project [BG_CHILDES_TB](0)
2026-02-18 19:07:17 INFO [admin] AnnotationSchemaServiceImpl - Created tag [Past](102) in tagset [copy_of_tag(15)](23) in project [BG_CHILDES_TB](0)
2026-02-18 19:07:17 INFO [admin] AnnotationSchemaServiceImpl - Created tag [Pres](103) in tagset [copy_of_tag(15)](23) in project [BG_CHILDES_TB](0)
2026-02-18 19:07:17 INFO [admin] AnnotationSchemaServiceImpl - Created tagset [copy_of_tag(16)](24) in project [BG_CHILDES_TB](0)
2026-02-18 19:07:17 INFO [admin] AnnotationSchemaServiceImpl - Created tag [Part](104) in tagset [copy_of_tag(16)](24) in project [BG_CHILDES_TB](0)
2026-02-18 19:07:17 INFO [admin] AnnotationSchemaServiceImpl - Created tagset [copy_of_tag(17)](25) in project [BG_CHILDES_TB](0)
2026-02-18 19:07:17 INFO [admin] AnnotationSchemaServiceImpl - Created tag [Pass](105) in tagset [copy_of_tag(17)](25) in project [BG_CHILDES_TB](0)
2026-02-18 19:12:35 INFO [admin] AnnotationSchemaServiceImpl - Created tagset [Animacy](26) in project [BG_CHILDES_TB](0)
2026-02-18 19:12:35 INFO [admin] AnnotationSchemaServiceImpl - Created tag [Anim](106) in tagset [Animacy](26) in project [BG_CHILDES_TB](0)
2026-02-18 19:14:02 INFO [admin] AnnotationSchemaServiceImpl - Created tagset [MF_Animacy](27) in project [BG_CHILDES_TB](0)
2026-02-18 19:14:02 INFO [admin] AnnotationSchemaServiceImpl - Created tag [Anim](107) in tagset [MF_Animacy](27) in project [BG_CHILDES_TB](0)
2026-02-18 19:14:50 INFO [admin] AnnotationSchemaServiceImpl - Created tagset [MF_Aspect](28) in project [BG_CHILDES_TB](0)
2026-02-18 19:14:50 INFO [admin] AnnotationSchemaServiceImpl - Created tag [Imp](108) in tagset [MF_Aspect](28) in project [BG_CHILDES_TB](0)
2026-02-18 19:14:50 INFO [admin] AnnotationSchemaServiceImpl - Created tag [Perf](109) in tagset [MF_Aspect](28) in project [BG_CHILDES_TB](0)
2026-02-18 19:14:50 INFO [admin] AnnotationSchemaServiceImpl - Created tagset [MF_Case](29) in project [BG_CHILDES_TB](0)
2026-02-18 19:14:50 INFO [admin] AnnotationSchemaServiceImpl - Created tag [Acc](110) in tagset [MF_Case](29) in project [BG_CHILDES_TB](0)
2026-02-18 19:14:50 INFO [admin] AnnotationSchemaServiceImpl - Created tag [Dat](111) in tagset [MF_Case](29) in project [BG_CHILDES_TB](0)
2026-02-18 19:14:50 INFO [admin] AnnotationSchemaServiceImpl - Created tag [Nom](112) in tagset [MF_Case](29) in project [BG_CHILDES_TB](0)
2026-02-18 19:14:50 INFO [admin] AnnotationSchemaServiceImpl - Created tag [Voc](113) in tagset [MF_Case](29) in project [BG_CHILDES_TB](0)
2026-02-18 19:14:50 INFO [admin] AnnotationSchemaServiceImpl - Created tagset [MF_Definite](30) in project [BG_CHILDES_TB](0)
2026-02-18 19:14:50 INFO [admin] AnnotationSchemaServiceImpl - Created tag [Def](114) in tagset [MF_Definite](30) in project [BG_CHILDES_TB](0)
2026-02-18 19:14:50 INFO [admin] AnnotationSchemaServiceImpl - Created tag [Ind](115) in tagset [MF_Definite](30) in project [BG_CHILDES_TB](0)
2026-02-18 19:14:50 INFO [admin] AnnotationSchemaServiceImpl - Created tagset [MF_Degree](31) in project [BG_CHILDES_TB](0)
2026-02-18 19:14:50 INFO [admin] AnnotationSchemaServiceImpl - Created tag [Cmp](116) in tagset [MF_Degree](31) in project [BG_CHILDES_TB](0)
2026-02-18 19:14:50 INFO [admin] AnnotationSchemaServiceImpl - Created tag [Pos](117) in tagset [MF_Degree](31) in project [BG_CHILDES_TB](0)
2026-02-18 19:14:50 INFO [admin] AnnotationSchemaServiceImpl - Created tag [Sup](118) in tagset [MF_Degree](31) in project [BG_CHILDES_TB](0)
2026-02-18 19:14:50 INFO [admin] AnnotationSchemaServiceImpl - Created tagset [MF_ExtPos](32) in project [BG_CHILDES_TB](0)
2026-02-18 19:14:50 INFO [admin] AnnotationSchemaServiceImpl - Created tag [ADP](119) in tagset [MF_ExtPos](32) in project [BG_CHILDES_TB](0)
2026-02-18 19:14:50 INFO [admin] AnnotationSchemaServiceImpl - Created tag [ADV](120) in tagset [MF_ExtPos](32) in project [BG_CHILDES_TB](0)
2026-02-18 19:14:50 INFO [admin] AnnotationSchemaServiceImpl - Created tag [CCONJ](121) in tagset [MF_ExtPos](32) in project [BG_CHILDES_TB](0)
2026-02-18 19:14:50 INFO [admin] AnnotationSchemaServiceImpl - Created tag [DET](122) in tagset [MF_ExtPos](32) in project [BG_CHILDES_TB](0)
2026-02-18 19:14:50 INFO [admin] AnnotationSchemaServiceImpl - Created tag [PRON](123) in tagset [MF_ExtPos](32) in project [BG_CHILDES_TB](0)
2026-02-18 19:14:50 INFO [admin] AnnotationSchemaServiceImpl - Created tag [SCONJ](124) in tagset [MF_ExtPos](32) in project [BG_CHILDES_TB](0)
2026-02-18 19:14:50 INFO [admin] AnnotationSchemaServiceImpl - Created tagset [MF_Foreign](33) in project [BG_CHILDES_TB](0)
2026-02-18 19:14:50 INFO [admin] AnnotationSchemaServiceImpl - Created tag [Yes](125) in tagset [MF_Foreign](33) in project [BG_CHILDES_TB](0)
2026-02-18 19:14:50 INFO [admin] AnnotationSchemaServiceImpl - Created tagset [MF_Gender](34) in project [BG_CHILDES_TB](0)
2026-02-18 19:14:50 INFO [admin] AnnotationSchemaServiceImpl - Created tag [Fem](126) in tagset [MF_Gender](34) in project [BG_CHILDES_TB](0)
2026-02-18 19:14:50 INFO [admin] AnnotationSchemaServiceImpl - Created tag [Masc](127) in tagset [MF_Gender](34) in project [BG_CHILDES_TB](0)
2026-02-18 19:14:50 INFO [admin] AnnotationSchemaServiceImpl - Created tag [Neut](128) in tagset [MF_Gender](34) in project [BG_CHILDES_TB](0)
2026-02-18 19:14:50 INFO [admin] AnnotationSchemaServiceImpl - Created tagset [MF_Mood](35) in project [BG_CHILDES_TB](0)
2026-02-18 19:14:50 INFO [admin] AnnotationSchemaServiceImpl - Created tag [Cnd](129) in tagset [MF_Mood](35) in project [BG_CHILDES_TB](0)
2026-02-18 19:14:50 INFO [admin] AnnotationSchemaServiceImpl - Created tag [Imp](130) in tagset [MF_Mood](35) in project [BG_CHILDES_TB](0)
2026-02-18 19:14:50 INFO [admin] AnnotationSchemaServiceImpl - Created tag [Ind](131) in tagset [MF_Mood](35) in project [BG_CHILDES_TB](0)
2026-02-18 19:14:50 INFO [admin] AnnotationSchemaServiceImpl - Created tagset [MF_Number](36) in project [BG_CHILDES_TB](0)
2026-02-18 19:14:50 INFO [admin] AnnotationSchemaServiceImpl - Created tag [Count](132) in tagset [MF_Number](36) in project [BG_CHILDES_TB](0)
2026-02-18 19:14:51 INFO [admin] AnnotationSchemaServiceImpl - Created tag [Plur](133) in tagset [MF_Number](36) in project [BG_CHILDES_TB](0)
2026-02-18 19:14:51 INFO [admin] AnnotationSchemaServiceImpl - Created tag [Ptan](134) in tagset [MF_Number](36) in project [BG_CHILDES_TB](0)
2026-02-18 19:14:51 INFO [admin] AnnotationSchemaServiceImpl - Created tag [Sing](135) in tagset [MF_Number](36) in project [BG_CHILDES_TB](0)
2026-02-18 19:14:51 INFO [admin] AnnotationSchemaServiceImpl - Created tagset [MF_NumType](37) in project [BG_CHILDES_TB](0)
2026-02-18 19:14:51 INFO [admin] AnnotationSchemaServiceImpl - Created tag [Card](136) in tagset [MF_NumType](37) in project [BG_CHILDES_TB](0)
2026-02-18 19:14:51 INFO [admin] AnnotationSchemaServiceImpl - Created tag [Ord](137) in tagset [MF_NumType](37) in project [BG_CHILDES_TB](0)
2026-02-18 19:14:51 INFO [admin] AnnotationSchemaServiceImpl - Created tagset [MF_Person](38) in project [BG_CHILDES_TB](0)
2026-02-18 19:14:51 INFO [admin] AnnotationSchemaServiceImpl - Created tag [1](138) in tagset [MF_Person](38) in project [BG_CHILDES_TB](0)
2026-02-18 19:14:51 INFO [admin] AnnotationSchemaServiceImpl - Created tag [2](139) in tagset [MF_Person](38) in project [BG_CHILDES_TB](0)
2026-02-18 19:14:51 INFO [admin] AnnotationSchemaServiceImpl - Created tag [3](140) in tagset [MF_Person](38) in project [BG_CHILDES_TB](0)
2026-02-18 19:14:51 INFO [admin] AnnotationSchemaServiceImpl - Created tagset [MF_Polarity](39) in project [BG_CHILDES_TB](0)
2026-02-18 19:14:51 INFO [admin] AnnotationSchemaServiceImpl - Created tag [Neg](141) in tagset [MF_Polarity](39) in project [BG_CHILDES_TB](0)
2026-02-18 19:14:51 INFO [admin] AnnotationSchemaServiceImpl - Created tagset [MF_Poss](40) in project [BG_CHILDES_TB](0)
2026-02-18 19:14:51 INFO [admin] AnnotationSchemaServiceImpl - Created tag [Yes](142) in tagset [MF_Poss](40) in project [BG_CHILDES_TB](0)
2026-02-18 19:14:51 INFO [admin] AnnotationSchemaServiceImpl - Created tagset [MF_PronType](41) in project [BG_CHILDES_TB](0)
2026-02-18 19:14:51 INFO [admin] AnnotationSchemaServiceImpl - Created tag [Dem](143) in tagset [MF_PronType](41) in project [BG_CHILDES_TB](0)
2026-02-18 19:14:51 INFO [admin] AnnotationSchemaServiceImpl - Created tag [Ind](144) in tagset [MF_PronType](41) in project [BG_CHILDES_TB](0)
2026-02-18 19:14:51 INFO [admin] AnnotationSchemaServiceImpl - Created tag [Int](145) in tagset [MF_PronType](41) in project [BG_CHILDES_TB](0)
2026-02-18 19:14:51 INFO [admin] AnnotationSchemaServiceImpl - Created tag [Neg](146) in tagset [MF_PronType](41) in project [BG_CHILDES_TB](0)
2026-02-18 19:14:51 INFO [admin] AnnotationSchemaServiceImpl - Created tag [Prs](147) in tagset [MF_PronType](41) in project [BG_CHILDES_TB](0)
2026-02-18 19:14:51 INFO [admin] AnnotationSchemaServiceImpl - Created tag [Rel](148) in tagset [MF_PronType](41) in project [BG_CHILDES_TB](0)
2026-02-18 19:14:51 INFO [admin] AnnotationSchemaServiceImpl - Created tag [Tot](149) in tagset [MF_PronType](41) in project [BG_CHILDES_TB](0)
2026-02-18 19:14:51 INFO [admin] AnnotationSchemaServiceImpl - Created tagset [MF_Reflex](42) in project [BG_CHILDES_TB](0)
2026-02-18 19:14:51 INFO [admin] AnnotationSchemaServiceImpl - Created tag [Yes](150) in tagset [MF_Reflex](42) in project [BG_CHILDES_TB](0)
2026-02-18 19:14:51 INFO [admin] AnnotationSchemaServiceImpl - Created tagset [MF_Tense](43) in project [BG_CHILDES_TB](0)
2026-02-18 19:14:51 INFO [admin] AnnotationSchemaServiceImpl - Created tag [Imp](151) in tagset [MF_Tense](43) in project [BG_CHILDES_TB](0)
2026-02-18 19:14:51 INFO [admin] AnnotationSchemaServiceImpl - Created tag [Past](152) in tagset [MF_Tense](43) in project [BG_CHILDES_TB](0)
2026-02-18 19:14:51 INFO [admin] AnnotationSchemaServiceImpl - Created tag [Pres](153) in tagset [MF_Tense](43) in project [BG_CHILDES_TB](0)
2026-02-18 19:14:51 INFO [admin] AnnotationSchemaServiceImpl - Created tagset [MF_VerbForm](44) in project [BG_CHILDES_TB](0)
2026-02-18 19:14:51 INFO [admin] AnnotationSchemaServiceImpl - Created tag [Fin](154) in tagset [MF_VerbForm](44) in project [BG_CHILDES_TB](0)
2026-02-18 19:14:51 INFO [admin] AnnotationSchemaServiceImpl - Created tag [Part](155) in tagset [MF_VerbForm](44) in project [BG_CHILDES_TB](0)
2026-02-18 19:14:51 INFO [admin] AnnotationSchemaServiceImpl - Created tagset [MF_Voice](45) in project [BG_CHILDES_TB](0)
2026-02-18 19:14:51 INFO [admin] AnnotationSchemaServiceImpl - Created tag [Act](156) in tagset [MF_Voice](45) in project [BG_CHILDES_TB](0)
2026-02-18 19:14:51 INFO [admin] AnnotationSchemaServiceImpl - Created tag [Pass](157) in tagset [MF_Voice](45) in project [BG_CHILDES_TB](0)
2026-02-18 19:15:15 INFO [admin] AnnotationSchemaServiceImpl - Updated tagset [MF_Voice](45) in project [BG_CHILDES_TB](0)
2026-02-18 19:31:23 INFO [admin] AnnotationSchemaServiceImpl - Created tag [acl:relcl](158) in tagset [UD Universal Dependencies (v2)](3) in project [BG_CHILDES_TB](0)
2026-02-18 19:31:42 INFO [admin] AnnotationSchemaServiceImpl - Created tag [csubj:pass](159) in tagset [UD Universal Dependencies (v2)](3) in project [BG_CHILDES_TB](0)
2026-02-18 19:31:58 INFO [admin] AnnotationSchemaServiceImpl - Created tag [nsubj:pass](160) in tagset [UD Universal Dependencies (v2)](3) in project [BG_CHILDES_TB](0)
2026-02-18 19:32:16 INFO [admin] AnnotationSchemaServiceImpl - Created tag [aux:pass](161) in tagset [UD Universal Dependencies (v2)](3) in project [BG_CHILDES_TB](0)
2026-02-18 19:32:45 INFO [admin] AnnotationSchemaServiceImpl - Updated tag [aux:pass](161) in tagset [UD Universal Dependencies (v2)](3) in project [BG_CHILDES_TB](0)
2026-02-18 19:39:41 INFO [admin] AnnotationSchemaServiceImpl - Updated tagset [Aspect](28) in project [BG_CHILDES_TB](0)
2026-02-18 19:39:43 INFO [admin] AnnotationSchemaServiceImpl - Updated tagset [Aspect](28) in project [BG_CHILDES_TB](0)
2026-02-18 19:39:47 INFO [admin] AnnotationSchemaServiceImpl - Updated tagset [Case](29) in project [BG_CHILDES_TB](0)
2026-02-18 19:39:52 INFO [admin] AnnotationSchemaServiceImpl - Updated tagset [Definite](30) in project [BG_CHILDES_TB](0)
2026-02-18 19:39:58 INFO [admin] AnnotationSchemaServiceImpl - Updated tagset [Gender](34) in project [BG_CHILDES_TB](0)
2026-02-18 19:40:07 INFO [admin] AnnotationSchemaServiceImpl - Updated tagset [Mood](35) in project [BG_CHILDES_TB](0)
2026-02-18 19:40:19 INFO [admin] AnnotationSchemaServiceImpl - Updated tagset [Number](36) in project [BG_CHILDES_TB](0)
2026-02-18 19:40:24 INFO [admin] AnnotationSchemaServiceImpl - Updated tagset [Person](38) in project [BG_CHILDES_TB](0)
2026-02-18 19:40:33 INFO [admin] AnnotationSchemaServiceImpl - Updated tagset [Tense](43) in project [BG_CHILDES_TB](0)
2026-02-18 19:40:39 INFO [admin] AnnotationSchemaServiceImpl - Updated tagset [VerbForm](44) in project [BG_CHILDES_TB](0)
2026-02-18 19:40:45 INFO [admin] AnnotationSchemaServiceImpl - Updated tagset [Voice](45) in project [BG_CHILDES_TB](0)
2026-02-18 19:44:30 INFO [admin] AnnotationSchemaServiceImpl - Updated feature [value](6) in project [BG_CHILDES_TB](0)
2026-02-18 19:44:30 INFO [admin] SearchServiceImpl - Re-indexing project [BG_CHILDES_TB](0). This may take a while...
2026-02-18 19:44:34 INFO [admin] SearchServiceImpl - Re-indexing project [BG_CHILDES_TB](0) complete!
2026-02-18 19:45:25 INFO [admin] AnnotationSchemaServiceImpl - Updated feature [value](6) in project [BG_CHILDES_TB](0)
2026-02-18 19:45:26 INFO [admin] SearchServiceImpl - Re-indexing project [BG_CHILDES_TB](0). This may take a while...
2026-02-18 19:45:30 INFO [admin] SearchServiceImpl - Re-indexing project [BG_CHILDES_TB](0) complete!
2026-02-18 19:47:59 INFO [admin] AnnotationSchemaServiceImpl - Upgraded CAS of user [mila] for document [BOG_cds.conllu](12) in project [BG_CHILDES_TB](0)
2026-02-18 19:55:46 INFO [admin] AnnotationSchemaServiceImpl - Updated tag [fixed](23) in tagset [UD Universal Dependencies (v2)](3) in project [BG_CHILDES_TB](0)
2026-02-18 19:56:19 INFO [admin] AnnotationSchemaServiceImpl - Updated tag [flat](24) in tagset [UD Universal Dependencies (v2)](3) in project [BG_CHILDES_TB](0)
2026-02-18 19:57:26 INFO [admin] DocumentImportExportServiceImpl - Imported CAS with [216] tokens and [36] sentences from file [/export/repository/project/0/document/20/source/UD_relations_example_for_each.conllu] (size: 27834 bytes)
2026-02-18 19:57:26 INFO [admin] DocumentServiceImpl - Imported source document [UD_relations_example_for_each.conllu](20) to project [BG_CHILDES_TB](0)
2026-02-18 19:58:53 INFO [admin] GuidelinesServiceImpl - Created guidelines file [feature_examples.txt] in project [BG_CHILDES_TB](0)
2026-02-18 19:58:53 INFO [admin] GuidelinesServiceImpl - Created guidelines file [upos_examples.txt] in project [BG_CHILDES_TB](0)
2026-02-18 19:59:09 INFO [admin] AnnotationSchemaServiceImpl - Upgraded CAS of user [mila] for document [BOG_cds.conllu](12) in project [BG_CHILDES_TB](0)
2026-02-18 20:12:18 INFO [admin] AnnotationSchemaServiceImpl - Upgraded CAS of user [admin] for document [ALE_cs.conllu](11) in project [BG_CHILDES_TB](0)
2026-02-18 20:16:49 INFO [admin] AnnotationSchemaServiceImpl - Updated layer [de.tudarmstadt.ukp.dkpro.core.api.syntax.type.dependency.Dependency](12) in project [BG_CHILDES_TB](0)
2026-02-18 20:16:49 INFO [admin] SearchServiceImpl - Re-indexing project [BG_CHILDES_TB](0). This may take a while...
2026-02-18 20:16:52 INFO [admin] SearchServiceImpl - Re-indexing project [BG_CHILDES_TB](0) complete!
2026-02-18 20:17:02 INFO [admin] AnnotationSchemaServiceImpl - Upgraded CAS of user [admin] for document [ALE_cs.conllu](11) in project [BG_CHILDES_TB](0)
2026-02-18 20:17:55 INFO [admin] AnnotationSchemaServiceImpl - Upgraded CAS of user [admin] for document [BOG_cds.conllu](12) in project [BG_CHILDES_TB](0)
2026-02-18 20:22:35 INFO [admin] AnnotationSchemaServiceImpl - Upgraded CAS of user [admin] for document [ALE_cs.conllu](11) in project [BG_CHILDES_TB](0)
2026-02-18 20:22:49 INFO [admin] AnnotationSchemaServiceImpl - Upgraded CAS of user [admin] for document [BOG_cds.conllu](12) in project [BG_CHILDES_TB](0)
2026-02-18 20:23:57 INFO [admin] AnnotationSchemaServiceImpl - Updated layer [de.tudarmstadt.ukp.dkpro.core.api.syntax.type.dependency.Dependency](12) in project [BG_CHILDES_TB](0)
2026-02-18 20:23:57 INFO [admin] SearchServiceImpl - Re-indexing project [BG_CHILDES_TB](0). This may take a while...
2026-02-18 20:24:00 INFO [admin] SearchServiceImpl - Re-indexing project [BG_CHILDES_TB](0) complete!
2026-02-18 20:24:03 INFO [admin] AnnotationSchemaServiceImpl - Updated layer [de.tudarmstadt.ukp.dkpro.core.api.syntax.type.dependency.Dependency](12) in project [BG_CHILDES_TB](0)
2026-02-18 20:24:03 INFO [admin] SearchServiceImpl - Re-indexing project [BG_CHILDES_TB](0). This may take a while...
2026-02-18 20:24:07 INFO [admin] SearchServiceImpl - Re-indexing project [BG_CHILDES_TB](0) complete!
2026-02-18 20:26:06 INFO [admin] AnnotationSchemaServiceImpl - Updated layer [de.tudarmstadt.ukp.dkpro.core.api.syntax.type.dependency.Dependency](12) in project [BG_CHILDES_TB](0)
2026-02-18 20:26:06 INFO [admin] SearchServiceImpl - Re-indexing project [BG_CHILDES_TB](0). This may take a while...
2026-02-18 20:26:10 INFO [admin] SearchServiceImpl - Re-indexing project [BG_CHILDES_TB](0) complete!
2026-02-18 20:26:51 INFO [admin] AnnotationSchemaServiceImpl - Upgraded CAS of user [mila] for document [BOG_cds.conllu](12) in project [BG_CHILDES_TB](0)
2026-02-18 20:46:11 INFO [admin] DocumentServiceImpl - Created annotation document [mila@UD_relations_example_for_each.conllu](10) in project [BG_CHILDES_TB](0)
2026-02-18 20:46:11 INFO [admin] AnnotationSchemaServiceImpl - Upgraded CAS of user [mila] for document [UD_relations_example_for_each.conllu](20) in project [BG_CHILDES_TB](0)
2026-02-18 20:49:12 INFO [admin] AnnotationSchemaServiceImpl - Upgraded CAS of user [mila] for document [BOG_cds.conllu](12) in project [BG_CHILDES_TB](0)
2026-02-18 20:50:31 INFO [admin] DocumentServiceImpl - Created annotation document [yasena@BOG_cds.conllu](11) in project [BG_CHILDES_TB](0)
2026-02-18 20:50:31 INFO [admin] AnnotationSchemaServiceImpl - Upgraded CAS of user [yasena] for document [BOG_cds.conllu](12) in project [BG_CHILDES_TB](0)
2026-02-18 21:00:03 INFO [admin] AnnotationSchemaServiceImpl - Upgraded CAS of user [mila] for document [BOG_cds.conllu](12) in project [BG_CHILDES_TB](0)
2026-02-18 21:04:30 INFO [admin] AnnotationSchemaServiceImpl - Upgraded CAS of user [admin] for document [BOG_cds.conllu](12) in project [BG_CHILDES_TB](0)
2026-02-19 09:28:36 INFO [admin] AnnotationSchemaServiceImpl - Upgraded CAS of user [yasena] for document [BOG_cds.conllu](12) in project [BG_CHILDES_TB](0)
2026-02-19 09:32:39 INFO [admin] AnnotationSchemaServiceImpl - Upgraded CAS of user [yasena] for document [BOG_cds.conllu](12) in project [BG_CHILDES_TB](0)
2026-02-19 09:55:07 INFO [admin] AnnotationSchemaServiceImpl - Upgraded CAS of user [admin] for document [BOG_cds.conllu](12) in project [BG_CHILDES_TB](0)
2026-02-19 09:56:30 INFO [admin] ProjectServiceImpl - Created permission [ANNOTATOR] for user tsvetelina on project [BG_CHILDES_TB](0)
2026-02-19 09:58:45 INFO [admin] DocumentServiceImpl - Created annotation document [ivelina@TEF_cds.conllu](12) in project [BG_CHILDES_TB](0)
2026-02-19 09:58:45 INFO [admin] AnnotationSchemaServiceImpl - Upgraded CAS of user [ivelina] for document [TEF_cds.conllu](18) in project [BG_CHILDES_TB](0)
2026-02-19 09:59:18 INFO [admin] DocumentServiceImpl - Created annotation document [ivelina@TEF_cs.conllu](13) in project [BG_CHILDES_TB](0)
2026-02-19 09:59:18 INFO [admin] AnnotationSchemaServiceImpl - Upgraded CAS of user [ivelina] for document [TEF_cs.conllu](19) in project [BG_CHILDES_TB](0)
2026-02-19 10:00:00 INFO [admin] AnnotationSchemaServiceImpl - Upgraded CAS of user [ivelina] for document [TEF_cs.conllu](19) in project [BG_CHILDES_TB](0)
2026-02-19 10:10:24 INFO [admin] DocumentServiceImpl - Created annotation document [tsvetelina@ELI_cs.conllu](14) in project [BG_CHILDES_TB](0)
2026-02-19 10:10:24 INFO [admin] AnnotationSchemaServiceImpl - Upgraded CAS of user [tsvetelina] for document [ELI_cs.conllu](15) in project [BG_CHILDES_TB](0)
2026-02-19 10:15:20 INFO [admin] AnnotationSchemaServiceImpl - Upgraded CAS of user [mila] for document [BOG_cds.conllu](12) in project [BG_CHILDES_TB](0)
2026-02-19 10:34:12 INFO [admin] AnnotationSchemaServiceImpl - Upgraded CAS of user [mila] for document [ALE_cs.conllu](11) in project [BG_CHILDES_TB](0)
2026-02-19 10:39:30 INFO [admin] AnnotationSchemaServiceImpl - Upgraded CAS of user [mila] for document [UD_relations_example_for_each.conllu](20) in project [BG_CHILDES_TB](0)
2026-02-19 11:17:02 INFO [admin] AnnotationSchemaServiceImpl - Upgraded CAS of user [yasena] for document [BOG_cds.conllu](12) in project [BG_CHILDES_TB](0)
2026-02-19 11:18:33 INFO [admin] DocumentServiceImpl - Created annotation document [yasena@ALE_cs.conllu](15) in project [BG_CHILDES_TB](0)
2026-02-19 11:18:33 INFO [admin] AnnotationSchemaServiceImpl - Upgraded CAS of user [yasena] for document [ALE_cs.conllu](11) in project [BG_CHILDES_TB](0)
2026-02-19 11:18:49 INFO [admin] DocumentServiceImpl - Created annotation document [yasena@ALE_cds.conllu](16) in project [BG_CHILDES_TB](0)
2026-02-19 11:18:49 INFO [admin] AnnotationSchemaServiceImpl - Upgraded CAS of user [yasena] for document [ALE_cds.conllu](10) in project [BG_CHILDES_TB](0)
2026-02-19 11:19:19 INFO [admin] AnnotationSchemaServiceImpl - Upgraded CAS of user [yasena] for document [ALE_cs.conllu](11) in project [BG_CHILDES_TB](0)
2026-02-19 12:14:52 INFO [admin] AnnotationSchemaServiceImpl - Upgraded CAS of user [ivelina] for document [TEF_cs.conllu](19) in project [BG_CHILDES_TB](0)
2026-02-19 14:06:57 INFO [admin] ProjectPermissionsExporter - Exported [9] permissions for project [BG_CHILDES_TB]
2026-02-19 14:06:57 INFO [admin] DocumentRepositoryExporter - Exported [0] document repositories for project [BG_CHILDES_TB]
2026-02-19 14:06:57 INFO [admin] KnowledgeBaseExporter - Exported [0] knowledge bases for project [BG_CHILDES_TB]
2026-02-19 14:06:57 INFO [admin] LayerExporter - Exported [10] layers for project [BG_CHILDES_TB]
2026-02-19 14:06:57 INFO [admin] TagSetExporter - Exported [23] tagsets for project [BG_CHILDES_TB]
2026-02-19 14:06:57 INFO [admin] DocumentImportExportServiceImpl - Exported annotations [BOG_cds.conllu](12) for user [CURATION_USER] from project [BG_CHILDES_TB](0) using format [conllu]
2026-02-19 14:06:57 INFO [admin] CurationWorkflowExporter - Exported curation workflow settings for project [BG_CHILDES_TB](0)
2026-02-19 14:06:57 INFO [admin] SourceDocumentExporter - Exported content for source document [10] in project [BG_CHILDES_TB] with id [0]
2026-02-19 14:06:57 INFO [admin] SourceDocumentExporter - Exported content for source document [11] in project [BG_CHILDES_TB] with id [0]
2026-02-19 14:06:57 INFO [admin] SourceDocumentExporter - Exported content for source document [12] in project [BG_CHILDES_TB] with id [0]
2026-02-19 14:06:57 INFO [admin] SourceDocumentExporter - Exported content for source document [13] in project [BG_CHILDES_TB] with id [0]
2026-02-19 14:06:57 INFO [admin] SourceDocumentExporter - Exported content for source document [14] in project [BG_CHILDES_TB] with id [0]
2026-02-19 14:06:57 INFO [admin] SourceDocumentExporter - Exported content for source document [15] in project [BG_CHILDES_TB] with id [0]
2026-02-19 14:06:57 INFO [admin] SourceDocumentExporter - Exported content for source document [16] in project [BG_CHILDES_TB] with id [0]
2026-02-19 14:06:57 INFO [admin] SourceDocumentExporter - Exported content for source document [17] in project [BG_CHILDES_TB] with id [0]
2026-02-19 14:06:57 INFO [admin] SourceDocumentExporter - Exported content for source document [18] in project [BG_CHILDES_TB] with id [0]
2026-02-19 14:06:57 INFO [admin] SourceDocumentExporter - Exported content for source document [19] in project [BG_CHILDES_TB] with id [0]
2026-02-19 14:06:57 INFO [admin] SourceDocumentExporter - Exported content for source document [20] in project [BG_CHILDES_TB] with id [0]
2026-02-19 14:06:57 INFO [admin] LoggedEventExporter - Exported [527] logged events for project [BG_CHILDES_TB]
2026-02-19 14:06:57 INFO [admin] LoggedEventExporter - Skipped [59] logged events for [10] documents no longer existing
2026-02-19 14:06:57 INFO [admin] DefaultProjectPreferencesExporter - Exported [0] default preferences for project [BG_CHILDES_TB]
2026-02-19 14:06:57 INFO [admin] UserProjectPreferencesExporter - Exported [5] user preferences for project [BG_CHILDES_TB]
2026-02-19 14:06:57 INFO [admin] GazeteerExporter - Exported [0] gazeteers for project [BG_CHILDES_TB]
2026-02-19 14:06:57 INFO [admin] WorkloadManagerExporter - Exported workload manager for project [BG_CHILDES_TB]
2026-02-19 14:06:57 INFO [admin] RecommenderExporter - Exported [0] recommenders for project [BG_CHILDES_TB]
2026-02-19 14:06:57 INFO [admin] DocumentImportExportServiceImpl - Exported annotations [ALE_cds.conllu](10) for user [INITIAL_CAS] from project [BG_CHILDES_TB](0) using format [conllu]
2026-02-19 14:06:57 INFO [admin] AnnotationDocumentExporter - Exported annotation document content for user [INITIAL_CAS] for source document [ALE_cds.conllu](10) in project [BG_CHILDES_TB](0)
2026-02-19 14:06:58 INFO [admin] DocumentImportExportServiceImpl - Exported annotations [ALE_cds.conllu](10) for user [yasena] from project [BG_CHILDES_TB](0) using format [conllu]
2026-02-19 14:06:58 INFO [admin] AnnotationDocumentExporter - Exported annotation document content for user [yasena] for source document [ALE_cds.conllu](10) in project [BG_CHILDES_TB](0)
2026-02-19 14:06:58 INFO [admin] DocumentImportExportServiceImpl - Exported annotations [ALE_cs.conllu](11) for user [INITIAL_CAS] from project [BG_CHILDES_TB](0) using format [conllu]
2026-02-19 14:06:58 INFO [admin] AnnotationDocumentExporter - Exported annotation document content for user [INITIAL_CAS] for source document [ALE_cs.conllu](11) in project [BG_CHILDES_TB](0)
2026-02-19 14:06:58 INFO [admin] DocumentImportExportServiceImpl - Exported annotations [ALE_cs.conllu](11) for user [admin] from project [BG_CHILDES_TB](0) using format [conllu]
2026-02-19 14:06:58 INFO [admin] AnnotationDocumentExporter - Exported annotation document content for user [admin] for source document [ALE_cs.conllu](11) in project [BG_CHILDES_TB](0)
2026-02-19 14:06:58 INFO [admin] DocumentImportExportServiceImpl - Exported annotations [ALE_cs.conllu](11) for user [mila] from project [BG_CHILDES_TB](0) using format [conllu]
2026-02-19 14:06:58 INFO [admin] AnnotationDocumentExporter - Exported annotation document content for user [mila] for source document [ALE_cs.conllu](11) in project [BG_CHILDES_TB](0)
2026-02-19 14:06:58 INFO [admin] DocumentImportExportServiceImpl - Exported annotations [ALE_cs.conllu](11) for user [yasena] from project [BG_CHILDES_TB](0) using format [conllu]
2026-02-19 14:06:58 INFO [admin] AnnotationDocumentExporter - Exported annotation document content for user [yasena] for source document [ALE_cs.conllu](11) in project [BG_CHILDES_TB](0)
2026-02-19 14:06:58 INFO [admin] DocumentImportExportServiceImpl - Exported annotations [BOG_cds.conllu](12) for user [INITIAL_CAS] from project [BG_CHILDES_TB](0) using format [conllu]
2026-02-19 14:06:58 INFO [admin] AnnotationDocumentExporter - Exported annotation document content for user [INITIAL_CAS] for source document [BOG_cds.conllu](12) in project [BG_CHILDES_TB](0)
2026-02-19 14:06:58 INFO [admin] DocumentImportExportServiceImpl - Exported annotations [BOG_cds.conllu](12) for user [admin] from project [BG_CHILDES_TB](0) using format [conllu]
2026-02-19 14:06:58 INFO [admin] AnnotationDocumentExporter - Exported annotation document content for user [admin] for source document [BOG_cds.conllu](12) in project [BG_CHILDES_TB](0)
2026-02-19 14:06:58 INFO [admin] DocumentImportExportServiceImpl - Exported annotations [BOG_cds.conllu](12) for user [yasena] from project [BG_CHILDES_TB](0) using format [conllu]
2026-02-19 14:06:58 INFO [admin] AnnotationDocumentExporter - Exported annotation document content for user [yasena] for source document [BOG_cds.conllu](12) in project [BG_CHILDES_TB](0)
2026-02-19 14:06:58 INFO [admin] DocumentImportExportServiceImpl - Exported annotations [BOG_cds.conllu](12) for user [mila] from project [BG_CHILDES_TB](0) using format [conllu]
2026-02-19 14:06:58 INFO [admin] AnnotationDocumentExporter - Exported annotation document content for user [mila] for source document [BOG_cds.conllu](12) in project [BG_CHILDES_TB](0)
2026-02-19 14:06:58 INFO [admin] DocumentImportExportServiceImpl - Exported annotations [BOG_cs.conllu](13) for user [INITIAL_CAS] from project [BG_CHILDES_TB](0) using format [conllu]
2026-02-19 14:06:58 INFO [admin] AnnotationDocumentExporter - Exported annotation document content for user [INITIAL_CAS] for source document [BOG_cs.conllu](13) in project [BG_CHILDES_TB](0)
2026-02-19 14:06:58 INFO [admin] DocumentImportExportServiceImpl - Exported annotations [BOG_cs.conllu](13) for user [mila] from project [BG_CHILDES_TB](0) using format [conllu]
2026-02-19 14:06:58 INFO [admin] AnnotationDocumentExporter - Exported annotation document content for user [mila] for source document [BOG_cs.conllu](13) in project [BG_CHILDES_TB](0)
2026-02-19 14:06:58 INFO [admin] DocumentImportExportServiceImpl - Exported annotations [ELI_cds.conllu](14) for user [INITIAL_CAS] from project [BG_CHILDES_TB](0) using format [conllu]
2026-02-19 14:06:58 INFO [admin] AnnotationDocumentExporter - Exported annotation document content for user [INITIAL_CAS] for source document [ELI_cds.conllu](14) in project [BG_CHILDES_TB](0)
2026-02-19 14:06:58 INFO [admin] DocumentImportExportServiceImpl - Exported annotations [ELI_cs.conllu](15) for user [INITIAL_CAS] from project [BG_CHILDES_TB](0) using format [conllu]
2026-02-19 14:06:58 INFO [admin] AnnotationDocumentExporter - Exported annotation document content for user [INITIAL_CAS] for source document [ELI_cs.conllu](15) in project [BG_CHILDES_TB](0)
2026-02-19 14:06:58 INFO [admin] DocumentImportExportServiceImpl - Exported annotations [ELI_cs.conllu](15) for user [tsvetelina] from project [BG_CHILDES_TB](0) using format [conllu]
2026-02-19 14:06:58 INFO [admin] AnnotationDocumentExporter - Exported annotation document content for user [tsvetelina] for source document [ELI_cs.conllu](15) in project [BG_CHILDES_TB](0)
2026-02-19 14:06:58 INFO [admin] DocumentImportExportServiceImpl - Exported annotations [SIM_cds.conllu](16) for user [INITIAL_CAS] from project [BG_CHILDES_TB](0) using format [conllu]
2026-02-19 14:06:58 INFO [admin] AnnotationDocumentExporter - Exported annotation document content for user [INITIAL_CAS] for source document [SIM_cds.conllu](16) in project [BG_CHILDES_TB](0)
2026-02-19 14:06:58 INFO [admin] DocumentImportExportServiceImpl - Exported annotations [SIM_cs.conllu](17) for user [INITIAL_CAS] from project [BG_CHILDES_TB](0) using format [conllu]
2026-02-19 14:06:58 INFO [admin] AnnotationDocumentExporter - Exported annotation document content for user [INITIAL_CAS] for source document [SIM_cs.conllu](17) in project [BG_CHILDES_TB](0)
2026-02-19 14:06:58 INFO [admin] DocumentImportExportServiceImpl - Exported annotations [TEF_cds.conllu](18) for user [INITIAL_CAS] from project [BG_CHILDES_TB](0) using format [conllu]
2026-02-19 14:06:58 INFO [admin] AnnotationDocumentExporter - Exported annotation document content for user [INITIAL_CAS] for source document [TEF_cds.conllu](18) in project [BG_CHILDES_TB](0)
2026-02-19 14:06:58 INFO [admin] DocumentImportExportServiceImpl - Exported annotations [TEF_cds.conllu](18) for user [ivelina] from project [BG_CHILDES_TB](0) using format [conllu]
2026-02-19 14:06:58 INFO [admin] AnnotationDocumentExporter - Exported annotation document content for user [ivelina] for source document [TEF_cds.conllu](18) in project [BG_CHILDES_TB](0)
2026-02-19 14:06:58 INFO [admin] DocumentImportExportServiceImpl - Exported annotations [TEF_cs.conllu](19) for user [INITIAL_CAS] from project [BG_CHILDES_TB](0) using format [conllu]
2026-02-19 14:06:58 INFO [admin] AnnotationDocumentExporter - Exported annotation document content for user [INITIAL_CAS] for source document [TEF_cs.conllu](19) in project [BG_CHILDES_TB](0)
2026-02-19 14:06:59 INFO [admin] DocumentImportExportServiceImpl - Exported annotations [TEF_cs.conllu](19) for user [ivelina] from project [BG_CHILDES_TB](0) using format [conllu]
2026-02-19 14:06:59 INFO [admin] AnnotationDocumentExporter - Exported annotation document content for user [ivelina] for source document [TEF_cs.conllu](19) in project [BG_CHILDES_TB](0)
2026-02-19 14:06:59 INFO [admin] DocumentImportExportServiceImpl - Exported annotations [UD_relations_example_for_each.conllu](20) for user [INITIAL_CAS] from project [BG_CHILDES_TB](0) using format [conllu]
2026-02-19 14:06:59 INFO [admin] AnnotationDocumentExporter - Exported annotation document content for user [INITIAL_CAS] for source document [UD_relations_example_for_each.conllu](20) in project [BG_CHILDES_TB](0)
2026-02-19 14:06:59 INFO [admin] DocumentImportExportServiceImpl - Exported annotations [UD_relations_example_for_each.conllu](20) for user [mila] from project [BG_CHILDES_TB](0) using format [conllu]
2026-02-19 14:06:59 INFO [admin] AnnotationDocumentExporter - Exported annotation document content for user [mila] for source document [UD_relations_example_for_each.conllu](20) in project [BG_CHILDES_TB](0)
2026-02-19 14:07:01 INFO [admin] ProjectPermissionsExporter - Exported [9] permissions for project [BG_CHILDES_TB]
2026-02-19 14:07:01 INFO [admin] DocumentRepositoryExporter - Exported [0] document repositories for project [BG_CHILDES_TB]
2026-02-19 14:07:01 INFO [admin] KnowledgeBaseExporter - Exported [0] knowledge bases for project [BG_CHILDES_TB]
2026-02-19 14:07:01 INFO [admin] LayerExporter - Exported [10] layers for project [BG_CHILDES_TB]
2026-02-19 14:07:01 INFO [admin] TagSetExporter - Exported [23] tagsets for project [BG_CHILDES_TB]
2026-02-19 14:07:01 INFO [admin] DocumentImportExportServiceImpl - Exported annotations [BOG_cds.conllu](12) for user [CURATION_USER] from project [BG_CHILDES_TB](0) using format [conllu]
2026-02-19 14:07:01 INFO [admin] CurationWorkflowExporter - Exported curation workflow settings for project [BG_CHILDES_TB](0)
2026-02-19 14:07:01 INFO [admin] SourceDocumentExporter - Exported content for source document [10] in project [BG_CHILDES_TB] with id [0]
2026-02-19 14:07:01 INFO [admin] SourceDocumentExporter - Exported content for source document [11] in project [BG_CHILDES_TB] with id [0]
2026-02-19 14:07:01 INFO [admin] SourceDocumentExporter - Exported content for source document [12] in project [BG_CHILDES_TB] with id [0]
2026-02-19 14:07:01 INFO [admin] SourceDocumentExporter - Exported content for source document [13] in project [BG_CHILDES_TB] with id [0]
2026-02-19 14:07:01 INFO [admin] SourceDocumentExporter - Exported content for source document [14] in project [BG_CHILDES_TB] with id [0]
2026-02-19 14:07:01 INFO [admin] SourceDocumentExporter - Exported content for source document [15] in project [BG_CHILDES_TB] with id [0]
2026-02-19 14:07:01 INFO [admin] SourceDocumentExporter - Exported content for source document [16] in project [BG_CHILDES_TB] with id [0]
2026-02-19 14:07:01 INFO [admin] SourceDocumentExporter - Exported content for source document [17] in project [BG_CHILDES_TB] with id [0]
2026-02-19 14:07:01 INFO [admin] SourceDocumentExporter - Exported content for source document [18] in project [BG_CHILDES_TB] with id [0]
2026-02-19 14:07:01 INFO [admin] SourceDocumentExporter - Exported content for source document [19] in project [BG_CHILDES_TB] with id [0]
2026-02-19 14:07:01 INFO [admin] SourceDocumentExporter - Exported content for source document [20] in project [BG_CHILDES_TB] with id [0]
2026-02-19 14:07:01 INFO [admin] LoggedEventExporter - Exported [527] logged events for project [BG_CHILDES_TB]
2026-02-19 14:07:01 INFO [admin] LoggedEventExporter - Skipped [59] logged events for [10] documents no longer existing
2026-02-19 14:07:01 INFO [admin] DefaultProjectPreferencesExporter - Exported [0] default preferences for project [BG_CHILDES_TB]
2026-02-19 14:07:01 INFO [admin] UserProjectPreferencesExporter - Exported [5] user preferences for project [BG_CHILDES_TB]
2026-02-19 14:07:01 INFO [admin] GazeteerExporter - Exported [0] gazeteers for project [BG_CHILDES_TB]
2026-02-19 14:07:01 INFO [admin] WorkloadManagerExporter - Exported workload manager for project [BG_CHILDES_TB]
2026-02-19 14:07:01 INFO [admin] RecommenderExporter - Exported [0] recommenders for project [BG_CHILDES_TB]
2026-02-19 14:07:01 INFO [admin] DocumentImportExportServiceImpl - Exported annotations [ALE_cds.conllu](10) for user [INITIAL_CAS] from project [BG_CHILDES_TB](0) using format [conllu]
2026-02-19 14:07:01 INFO [admin] AnnotationDocumentExporter - Exported annotation document content for user [INITIAL_CAS] for source document [ALE_cds.conllu](10) in project [BG_CHILDES_TB](0)
2026-02-19 14:07:01 INFO [admin] DocumentImportExportServiceImpl - Exported annotations [ALE_cds.conllu](10) for user [yasena] from project [BG_CHILDES_TB](0) using format [conllu]
2026-02-19 14:07:01 INFO [admin] AnnotationDocumentExporter - Exported annotation document content for user [yasena] for source document [ALE_cds.conllu](10) in project [BG_CHILDES_TB](0)
2026-02-19 14:07:01 INFO [admin] DocumentImportExportServiceImpl - Exported annotations [ALE_cs.conllu](11) for user [INITIAL_CAS] from project [BG_CHILDES_TB](0) using format [conllu]
2026-02-19 14:07:01 INFO [admin] AnnotationDocumentExporter - Exported annotation document content for user [INITIAL_CAS] for source document [ALE_cs.conllu](11) in project [BG_CHILDES_TB](0)
2026-02-19 14:07:01 INFO [admin] DocumentImportExportServiceImpl - Exported annotations [ALE_cs.conllu](11) for user [admin] from project [BG_CHILDES_TB](0) using format [conllu]
2026-02-19 14:07:01 INFO [admin] AnnotationDocumentExporter - Exported annotation document content for user [admin] for source document [ALE_cs.conllu](11) in project [BG_CHILDES_TB](0)
2026-02-19 14:07:01 INFO [admin] DocumentImportExportServiceImpl - Exported annotations [ALE_cs.conllu](11) for user [mila] from project [BG_CHILDES_TB](0) using format [conllu]
2026-02-19 14:07:01 INFO [admin] AnnotationDocumentExporter - Exported annotation document content for user [mila] for source document [ALE_cs.conllu](11) in project [BG_CHILDES_TB](0)
2026-02-19 14:07:01 INFO [admin] DocumentImportExportServiceImpl - Exported annotations [ALE_cs.conllu](11) for user [yasena] from project [BG_CHILDES_TB](0) using format [conllu]
2026-02-19 14:07:01 INFO [admin] AnnotationDocumentExporter - Exported annotation document content for user [yasena] for source document [ALE_cs.conllu](11) in project [BG_CHILDES_TB](0)
2026-02-19 14:07:01 INFO [admin] DocumentImportExportServiceImpl - Exported annotations [BOG_cds.conllu](12) for user [INITIAL_CAS] from project [BG_CHILDES_TB](0) using format [conllu]
2026-02-19 14:07:01 INFO [admin] AnnotationDocumentExporter - Exported annotation document content for user [INITIAL_CAS] for source document [BOG_cds.conllu](12) in project [BG_CHILDES_TB](0)
2026-02-19 14:07:01 INFO [admin] DocumentImportExportServiceImpl - Exported annotations [BOG_cds.conllu](12) for user [admin] from project [BG_CHILDES_TB](0) using format [conllu]
2026-02-19 14:07:01 INFO [admin] AnnotationDocumentExporter - Exported annotation document content for user [admin] for source document [BOG_cds.conllu](12) in project [BG_CHILDES_TB](0)
2026-02-19 14:07:01 INFO [admin] DocumentImportExportServiceImpl - Exported annotations [BOG_cds.conllu](12) for user [yasena] from project [BG_CHILDES_TB](0) using format [conllu]
2026-02-19 14:07:01 INFO [admin] AnnotationDocumentExporter - Exported annotation document content for user [yasena] for source document [BOG_cds.conllu](12) in project [BG_CHILDES_TB](0)
2026-02-19 14:07:01 INFO [admin] DocumentImportExportServiceImpl - Exported annotations [BOG_cds.conllu](12) for user [mila] from project [BG_CHILDES_TB](0) using format [conllu]
2026-02-19 14:07:01 INFO [admin] AnnotationDocumentExporter - Exported annotation document content for user [mila] for source document [BOG_cds.conllu](12) in project [BG_CHILDES_TB](0)
2026-02-19 14:07:01 INFO [admin] DocumentImportExportServiceImpl - Exported annotations [BOG_cs.conllu](13) for user [INITIAL_CAS] from project [BG_CHILDES_TB](0) using format [conllu]
2026-02-19 14:07:01 INFO [admin] AnnotationDocumentExporter - Exported annotation document content for user [INITIAL_CAS] for source document [BOG_cs.conllu](13) in project [BG_CHILDES_TB](0)
2026-02-19 14:07:01 INFO [admin] DocumentImportExportServiceImpl - Exported annotations [BOG_cs.conllu](13) for user [mila] from project [BG_CHILDES_TB](0) using format [conllu]
2026-02-19 14:07:01 INFO [admin] AnnotationDocumentExporter - Exported annotation document content for user [mila] for source document [BOG_cs.conllu](13) in project [BG_CHILDES_TB](0)
2026-02-19 14:07:01 INFO [admin] DocumentImportExportServiceImpl - Exported annotations [ELI_cds.conllu](14) for user [INITIAL_CAS] from project [BG_CHILDES_TB](0) using format [conllu]
2026-02-19 14:07:01 INFO [admin] AnnotationDocumentExporter - Exported annotation document content for user [INITIAL_CAS] for source document [ELI_cds.conllu](14) in project [BG_CHILDES_TB](0)
2026-02-19 14:07:01 INFO [admin] DocumentImportExportServiceImpl - Exported annotations [ELI_cs.conllu](15) for user [INITIAL_CAS] from project [BG_CHILDES_TB](0) using format [conllu]
2026-02-19 14:07:01 INFO [admin] AnnotationDocumentExporter - Exported annotation document content for user [INITIAL_CAS] for source document [ELI_cs.conllu](15) in project [BG_CHILDES_TB](0)
2026-02-19 14:07:01 INFO [admin] DocumentImportExportServiceImpl - Exported annotations [ELI_cs.conllu](15) for user [tsvetelina] from project [BG_CHILDES_TB](0) using format [conllu]
2026-02-19 14:07:01 INFO [admin] AnnotationDocumentExporter - Exported annotation document content for user [tsvetelina] for source document [ELI_cs.conllu](15) in project [BG_CHILDES_TB](0)
2026-02-19 14:07:02 INFO [admin] DocumentImportExportServiceImpl - Exported annotations [SIM_cds.conllu](16) for user [INITIAL_CAS] from project [BG_CHILDES_TB](0) using format [conllu]
2026-02-19 14:07:02 INFO [admin] AnnotationDocumentExporter - Exported annotation document content for user [INITIAL_CAS] for source document [SIM_cds.conllu](16) in project [BG_CHILDES_TB](0)
2026-02-19 14:07:02 INFO [admin] DocumentImportExportServiceImpl - Exported annotations [SIM_cs.conllu](17) for user [INITIAL_CAS] from project [BG_CHILDES_TB](0) using format [conllu]
2026-02-19 14:07:02 INFO [admin] AnnotationDocumentExporter - Exported annotation document content for user [INITIAL_CAS] for source document [SIM_cs.conllu](17) in project [BG_CHILDES_TB](0)
2026-02-19 14:07:02 INFO [admin] DocumentImportExportServiceImpl - Exported annotations [TEF_cds.conllu](18) for user [INITIAL_CAS] from project [BG_CHILDES_TB](0) using format [conllu]
2026-02-19 14:07:02 INFO [admin] AnnotationDocumentExporter - Exported annotation document content for user [INITIAL_CAS] for source document [TEF_cds.conllu](18) in project [BG_CHILDES_TB](0)
2026-02-19 14:07:02 INFO [admin] DocumentImportExportServiceImpl - Exported annotations [TEF_cds.conllu](18) for user [ivelina] from project [BG_CHILDES_TB](0) using format [conllu]
2026-02-19 14:07:02 INFO [admin] AnnotationDocumentExporter - Exported annotation document content for user [ivelina] for source document [TEF_cds.conllu](18) in project [BG_CHILDES_TB](0)
2026-02-19 14:07:02 INFO [admin] DocumentImportExportServiceImpl - Exported annotations [TEF_cs.conllu](19) for user [INITIAL_CAS] from project [BG_CHILDES_TB](0) using format [conllu]
2026-02-19 14:07:02 INFO [admin] AnnotationDocumentExporter - Exported annotation document content for user [INITIAL_CAS] for source document [TEF_cs.conllu](19) in project [BG_CHILDES_TB](0)
2026-02-19 14:07:02 INFO [admin] DocumentImportExportServiceImpl - Exported annotations [TEF_cs.conllu](19) for user [ivelina] from project [BG_CHILDES_TB](0) using format [conllu]
2026-02-19 14:07:02 INFO [admin] AnnotationDocumentExporter - Exported annotation document content for user [ivelina] for source document [TEF_cs.conllu](19) in project [BG_CHILDES_TB](0)
2026-02-19 14:07:02 INFO [admin] DocumentImportExportServiceImpl - Exported annotations [UD_relations_example_for_each.conllu](20) for user [INITIAL_CAS] from project [BG_CHILDES_TB](0) using format [conllu]
2026-02-19 14:07:02 INFO [admin] AnnotationDocumentExporter - Exported annotation document content for user [INITIAL_CAS] for source document [UD_relations_example_for_each.conllu](20) in project [BG_CHILDES_TB](0)
2026-02-19 14:07:02 INFO [admin] DocumentImportExportServiceImpl - Exported annotations [UD_relations_example_for_each.conllu](20) for user [mila] from project [BG_CHILDES_TB](0) using format [conllu]
2026-02-19 14:07:02 INFO [admin] AnnotationDocumentExporter - Exported annotation document content for user [mila] for source document [UD_relations_example_for_each.conllu](20) in project [BG_CHILDES_TB](0)
2026-02-19 14:07:19 INFO [admin] ProjectPermissionsExporter - Exported [9] permissions for project [BG_CHILDES_TB]
2026-02-19 14:07:19 INFO [admin] DocumentRepositoryExporter - Exported [0] document repositories for project [BG_CHILDES_TB]
2026-02-19 14:07:19 INFO [admin] KnowledgeBaseExporter - Exported [0] knowledge bases for project [BG_CHILDES_TB]
2026-02-19 14:07:19 INFO [admin] LayerExporter - Exported [10] layers for project [BG_CHILDES_TB]
2026-02-19 14:07:19 INFO [admin] TagSetExporter - Exported [23] tagsets for project [BG_CHILDES_TB]
2026-02-19 14:07:20 INFO [admin] DocumentImportExportServiceImpl - Exported annotations [BOG_cds.conllu](12) for user [CURATION_USER] from project [BG_CHILDES_TB](0) using format [conllu]
2026-02-19 14:07:20 INFO [admin] CurationWorkflowExporter - Exported curation workflow settings for project [BG_CHILDES_TB](0)
2026-02-19 14:07:20 INFO [admin] SourceDocumentExporter - Exported content for source document [10] in project [BG_CHILDES_TB] with id [0]
2026-02-19 14:07:20 INFO [admin] SourceDocumentExporter - Exported content for source document [11] in project [BG_CHILDES_TB] with id [0]
2026-02-19 14:07:20 INFO [admin] SourceDocumentExporter - Exported content for source document [12] in project [BG_CHILDES_TB] with id [0]
2026-02-19 14:07:20 INFO [admin] SourceDocumentExporter - Exported content for source document [13] in project [BG_CHILDES_TB] with id [0]
2026-02-19 14:07:20 INFO [admin] SourceDocumentExporter - Exported content for source document [14] in project [BG_CHILDES_TB] with id [0]
2026-02-19 14:07:20 INFO [admin] SourceDocumentExporter - Exported content for source document [15] in project [BG_CHILDES_TB] with id [0]
2026-02-19 14:07:20 INFO [admin] SourceDocumentExporter - Exported content for source document [16] in project [BG_CHILDES_TB] with id [0]
2026-02-19 14:07:20 INFO [admin] SourceDocumentExporter - Exported content for source document [17] in project [BG_CHILDES_TB] with id [0]
2026-02-19 14:07:20 INFO [admin] SourceDocumentExporter - Exported content for source document [18] in project [BG_CHILDES_TB] with id [0]
2026-02-19 14:07:20 INFO [admin] SourceDocumentExporter - Exported content for source document [19] in project [BG_CHILDES_TB] with id [0]
2026-02-19 14:07:20 INFO [admin] SourceDocumentExporter - Exported content for source document [20] in project [BG_CHILDES_TB] with id [0]
2026-02-19 14:07:20 INFO [admin] LoggedEventExporter - Exported [527] logged events for project [BG_CHILDES_TB]
2026-02-19 14:07:20 INFO [admin] LoggedEventExporter - Skipped [59] logged events for [10] documents no longer existing
2026-02-19 14:07:20 INFO [admin] DefaultProjectPreferencesExporter - Exported [0] default preferences for project [BG_CHILDES_TB]
2026-02-19 14:07:20 INFO [admin] UserProjectPreferencesExporter - Exported [5] user preferences for project [BG_CHILDES_TB]
2026-02-19 14:07:20 INFO [admin] GazeteerExporter - Exported [0] gazeteers for project [BG_CHILDES_TB]
2026-02-19 14:07:20 INFO [admin] WorkloadManagerExporter - Exported workload manager for project [BG_CHILDES_TB]
2026-02-19 14:07:20 INFO [admin] RecommenderExporter - Exported [0] recommenders for project [BG_CHILDES_TB]
2026-02-19 14:07:20 INFO [admin] DocumentImportExportServiceImpl - Exported annotations [ALE_cds.conllu](10) for user [INITIAL_CAS] from project [BG_CHILDES_TB](0) using format [conllu]
2026-02-19 14:07:20 INFO [admin] AnnotationDocumentExporter - Exported annotation document content for user [INITIAL_CAS] for source document [ALE_cds.conllu](10) in project [BG_CHILDES_TB](0)
2026-02-19 14:07:20 INFO [admin] DocumentImportExportServiceImpl - Exported annotations [ALE_cds.conllu](10) for user [yasena] from project [BG_CHILDES_TB](0) using format [conllu]
2026-02-19 14:07:20 INFO [admin] AnnotationDocumentExporter - Exported annotation document content for user [yasena] for source document [ALE_cds.conllu](10) in project [BG_CHILDES_TB](0)
2026-02-19 14:07:20 INFO [admin] DocumentImportExportServiceImpl - Exported annotations [ALE_cs.conllu](11) for user [INITIAL_CAS] from project [BG_CHILDES_TB](0) using format [conllu]
2026-02-19 14:07:20 INFO [admin] AnnotationDocumentExporter - Exported annotation document content for user [INITIAL_CAS] for source document [ALE_cs.conllu](11) in project [BG_CHILDES_TB](0)
2026-02-19 14:07:20 INFO [admin] DocumentImportExportServiceImpl - Exported annotations [ALE_cs.conllu](11) for user [admin] from project [BG_CHILDES_TB](0) using format [conllu]
2026-02-19 14:07:20 INFO [admin] AnnotationDocumentExporter - Exported annotation document content for user [admin] for source document [ALE_cs.conllu](11) in project [BG_CHILDES_TB](0)
2026-02-19 14:07:20 INFO [admin] DocumentImportExportServiceImpl - Exported annotations [ALE_cs.conllu](11) for user [mila] from project [BG_CHILDES_TB](0) using format [conllu]
2026-02-19 14:07:20 INFO [admin] AnnotationDocumentExporter - Exported annotation document content for user [mila] for source document [ALE_cs.conllu](11) in project [BG_CHILDES_TB](0)
2026-02-19 14:07:20 INFO [admin] DocumentImportExportServiceImpl - Exported annotations [ALE_cs.conllu](11) for user [yasena] from project [BG_CHILDES_TB](0) using format [conllu]
2026-02-19 14:07:20 INFO [admin] AnnotationDocumentExporter - Exported annotation document content for user [yasena] for source document [ALE_cs.conllu](11) in project [BG_CHILDES_TB](0)
2026-02-19 14:07:20 INFO [admin] DocumentImportExportServiceImpl - Exported annotations [BOG_cds.conllu](12) for user [INITIAL_CAS] from project [BG_CHILDES_TB](0) using format [conllu]
2026-02-19 14:07:20 INFO [admin] AnnotationDocumentExporter - Exported annotation document content for user [INITIAL_CAS] for source document [BOG_cds.conllu](12) in project [BG_CHILDES_TB](0)
2026-02-19 14:07:20 INFO [admin] DocumentImportExportServiceImpl - Exported annotations [BOG_cds.conllu](12) for user [admin] from project [BG_CHILDES_TB](0) using format [conllu]
2026-02-19 14:07:20 INFO [admin] AnnotationDocumentExporter - Exported annotation document content for user [admin] for source document [BOG_cds.conllu](12) in project [BG_CHILDES_TB](0)
2026-02-19 14:07:20 INFO [admin] DocumentImportExportServiceImpl - Exported annotations [BOG_cds.conllu](12) for user [yasena] from project [BG_CHILDES_TB](0) using format [conllu]
2026-02-19 14:07:20 INFO [admin] AnnotationDocumentExporter - Exported annotation document content for user [yasena] for source document [BOG_cds.conllu](12) in project [BG_CHILDES_TB](0)
2026-02-19 14:07:20 INFO [admin] DocumentImportExportServiceImpl - Exported annotations [BOG_cds.conllu](12) for user [mila] from project [BG_CHILDES_TB](0) using format [conllu]
2026-02-19 14:07:20 INFO [admin] AnnotationDocumentExporter - Exported annotation document content for user [mila] for source document [BOG_cds.conllu](12) in project [BG_CHILDES_TB](0)
2026-02-19 14:07:20 INFO [admin] DocumentImportExportServiceImpl - Exported annotations [BOG_cs.conllu](13) for user [INITIAL_CAS] from project [BG_CHILDES_TB](0) using format [conllu]
2026-02-19 14:07:20 INFO [admin] AnnotationDocumentExporter - Exported annotation document content for user [INITIAL_CAS] for source document [BOG_cs.conllu](13) in project [BG_CHILDES_TB](0)
2026-02-19 14:07:20 INFO [admin] DocumentImportExportServiceImpl - Exported annotations [BOG_cs.conllu](13) for user [mila] from project [BG_CHILDES_TB](0) using format [conllu]
2026-02-19 14:07:20 INFO [admin] AnnotationDocumentExporter - Exported annotation document content for user [mila] for source document [BOG_cs.conllu](13) in project [BG_CHILDES_TB](0)
2026-02-19 14:07:20 INFO [admin] DocumentImportExportServiceImpl - Exported annotations [ELI_cds.conllu](14) for user [INITIAL_CAS] from project [BG_CHILDES_TB](0) using format [conllu]
2026-02-19 14:07:20 INFO [admin] AnnotationDocumentExporter - Exported annotation document content for user [INITIAL_CAS] for source document [ELI_cds.conllu](14) in project [BG_CHILDES_TB](0)
2026-02-19 14:07:20 INFO [admin] DocumentImportExportServiceImpl - Exported annotations [ELI_cs.conllu](15) for user [INITIAL_CAS] from project [BG_CHILDES_TB](0) using format [conllu]
2026-02-19 14:07:20 INFO [admin] AnnotationDocumentExporter - Exported annotation document content for user [INITIAL_CAS] for source document [ELI_cs.conllu](15) in project [BG_CHILDES_TB](0)
2026-02-19 14:07:20 INFO [admin] DocumentImportExportServiceImpl - Exported annotations [ELI_cs.conllu](15) for user [tsvetelina] from project [BG_CHILDES_TB](0) using format [conllu]
2026-02-19 14:07:20 INFO [admin] AnnotationDocumentExporter - Exported annotation document content for user [tsvetelina] for source document [ELI_cs.conllu](15) in project [BG_CHILDES_TB](0)
2026-02-19 14:07:20 INFO [admin] DocumentImportExportServiceImpl - Exported annotations [SIM_cds.conllu](16) for user [INITIAL_CAS] from project [BG_CHILDES_TB](0) using format [conllu]
2026-02-19 14:07:20 INFO [admin] AnnotationDocumentExporter - Exported annotation document content for user [INITIAL_CAS] for source document [SIM_cds.conllu](16) in project [BG_CHILDES_TB](0)
2026-02-19 14:07:20 INFO [admin] DocumentImportExportServiceImpl - Exported annotations [SIM_cs.conllu](17) for user [INITIAL_CAS] from project [BG_CHILDES_TB](0) using format [conllu]
2026-02-19 14:07:20 INFO [admin] AnnotationDocumentExporter - Exported annotation document content for user [INITIAL_CAS] for source document [SIM_cs.conllu](17) in project [BG_CHILDES_TB](0)
2026-02-19 14:07:20 INFO [admin] DocumentImportExportServiceImpl - Exported annotations [TEF_cds.conllu](18) for user [INITIAL_CAS] from project [BG_CHILDES_TB](0) using format [conllu]
2026-02-19 14:07:20 INFO [admin] AnnotationDocumentExporter - Exported annotation document content for user [INITIAL_CAS] for source document [TEF_cds.conllu](18) in project [BG_CHILDES_TB](0)
2026-02-19 14:07:20 INFO [admin] DocumentImportExportServiceImpl - Exported annotations [TEF_cds.conllu](18) for user [ivelina] from project [BG_CHILDES_TB](0) using format [conllu]
2026-02-19 14:07:20 INFO [admin] AnnotationDocumentExporter - Exported annotation document content for user [ivelina] for source document [TEF_cds.conllu](18) in project [BG_CHILDES_TB](0)
2026-02-19 14:07:20 INFO [admin] DocumentImportExportServiceImpl - Exported annotations [TEF_cs.conllu](19) for user [INITIAL_CAS] from project [BG_CHILDES_TB](0) using format [conllu]
2026-02-19 14:07:20 INFO [admin] AnnotationDocumentExporter - Exported annotation document content for user [INITIAL_CAS] for source document [TEF_cs.conllu](19) in project [BG_CHILDES_TB](0)
2026-02-19 14:07:20 INFO [admin] DocumentImportExportServiceImpl - Exported annotations [TEF_cs.conllu](19) for user [ivelina] from project [BG_CHILDES_TB](0) using format [conllu]
2026-02-19 14:07:20 INFO [admin] AnnotationDocumentExporter - Exported annotation document content for user [ivelina] for source document [TEF_cs.conllu](19) in project [BG_CHILDES_TB](0)
2026-02-19 14:07:20 INFO [admin] DocumentImportExportServiceImpl - Exported annotations [UD_relations_example_for_each.conllu](20) for user [INITIAL_CAS] from project [BG_CHILDES_TB](0) using format [conllu]
2026-02-19 14:07:20 INFO [admin] AnnotationDocumentExporter - Exported annotation document content for user [INITIAL_CAS] for source document [UD_relations_example_for_each.conllu](20) in project [BG_CHILDES_TB](0)
2026-02-19 14:07:20 INFO [admin] DocumentImportExportServiceImpl - Exported annotations [UD_relations_example_for_each.conllu](20) for user [mila] from project [BG_CHILDES_TB](0) using format [conllu]
2026-02-19 14:07:20 INFO [admin] AnnotationDocumentExporter - Exported annotation document content for user [mila] for source document [UD_relations_example_for_each.conllu](20) in project [BG_CHILDES_TB](0)
2026-02-19 14:07:34 INFO [admin] ProjectPermissionsExporter - Exported [9] permissions for project [BG_CHILDES_TB]
2026-02-19 14:07:34 INFO [admin] DocumentRepositoryExporter - Exported [0] document repositories for project [BG_CHILDES_TB]
2026-02-19 14:07:34 INFO [admin] KnowledgeBaseExporter - Exported [0] knowledge bases for project [BG_CHILDES_TB]
2026-02-19 14:07:34 INFO [admin] LayerExporter - Exported [10] layers for project [BG_CHILDES_TB]
2026-02-19 14:07:34 INFO [admin] TagSetExporter - Exported [23] tagsets for project [BG_CHILDES_TB]
2026-02-19 14:07:34 INFO [admin] DocumentImportExportServiceImpl - Exported annotations [BOG_cds.conllu](12) for user [CURATION_USER] from project [BG_CHILDES_TB](0) using format [conllu]
2026-02-19 14:07:34 INFO [admin] CurationWorkflowExporter - Exported curation workflow settings for project [BG_CHILDES_TB](0)
2026-02-19 14:07:34 INFO [admin] SourceDocumentExporter - Exported content for source document [10] in project [BG_CHILDES_TB] with id [0]
2026-02-19 14:07:34 INFO [admin] SourceDocumentExporter - Exported content for source document [11] in project [BG_CHILDES_TB] with id [0]
2026-02-19 14:07:34 INFO [admin] SourceDocumentExporter - Exported content for source document [12] in project [BG_CHILDES_TB] with id [0]
2026-02-19 14:07:34 INFO [admin] SourceDocumentExporter - Exported content for source document [13] in project [BG_CHILDES_TB] with id [0]
2026-02-19 14:07:34 INFO [admin] SourceDocumentExporter - Exported content for source document [14] in project [BG_CHILDES_TB] with id [0]
2026-02-19 14:07:34 INFO [admin] SourceDocumentExporter - Exported content for source document [15] in project [BG_CHILDES_TB] with id [0]
2026-02-19 14:07:34 INFO [admin] SourceDocumentExporter - Exported content for source document [16] in project [BG_CHILDES_TB] with id [0]
2026-02-19 14:07:34 INFO [admin] SourceDocumentExporter - Exported content for source document [17] in project [BG_CHILDES_TB] with id [0]
2026-02-19 14:07:34 INFO [admin] SourceDocumentExporter - Exported content for source document [18] in project [BG_CHILDES_TB] with id [0]
2026-02-19 14:07:34 INFO [admin] SourceDocumentExporter - Exported content for source document [19] in project [BG_CHILDES_TB] with id [0]
2026-02-19 14:07:34 INFO [admin] SourceDocumentExporter - Exported content for source document [20] in project [BG_CHILDES_TB] with id [0]
2026-02-19 14:07:34 INFO [admin] LoggedEventExporter - Exported [527] logged events for project [BG_CHILDES_TB]
2026-02-19 14:07:34 INFO [admin] LoggedEventExporter - Skipped [59] logged events for [10] documents no longer existing
2026-02-19 14:07:34 INFO [admin] DefaultProjectPreferencesExporter - Exported [0] default preferences for project [BG_CHILDES_TB]
2026-02-19 14:07:34 INFO [admin] UserProjectPreferencesExporter - Exported [5] user preferences for project [BG_CHILDES_TB]
2026-02-19 14:07:34 INFO [admin] GazeteerExporter - Exported [0] gazeteers for project [BG_CHILDES_TB]
2026-02-19 14:07:34 INFO [admin] WorkloadManagerExporter - Exported workload manager for project [BG_CHILDES_TB]
2026-02-19 14:07:34 INFO [admin] RecommenderExporter - Exported [0] recommenders for project [BG_CHILDES_TB]
2026-02-19 14:07:34 INFO [admin] DocumentImportExportServiceImpl - Exported annotations [ALE_cds.conllu](10) for user [INITIAL_CAS] from project [BG_CHILDES_TB](0) using format [conllu]
2026-02-19 14:07:34 INFO [admin] AnnotationDocumentExporter - Exported annotation document content for user [INITIAL_CAS] for source document [ALE_cds.conllu](10) in project [BG_CHILDES_TB](0)
2026-02-19 14:07:34 INFO [admin] DocumentImportExportServiceImpl - Exported annotations [ALE_cds.conllu](10) for user [yasena] from project [BG_CHILDES_TB](0) using format [conllu]
2026-02-19 14:07:34 INFO [admin] AnnotationDocumentExporter - Exported annotation document content for user [yasena] for source document [ALE_cds.conllu](10) in project [BG_CHILDES_TB](0)
2026-02-19 14:07:34 INFO [admin] DocumentImportExportServiceImpl - Exported annotations [ALE_cs.conllu](11) for user [INITIAL_CAS] from project [BG_CHILDES_TB](0) using format [conllu]
2026-02-19 14:07:34 INFO [admin] AnnotationDocumentExporter - Exported annotation document content for user [INITIAL_CAS] for source document [ALE_cs.conllu](11) in project [BG_CHILDES_TB](0)
2026-02-19 14:07:34 INFO [admin] DocumentImportExportServiceImpl - Exported annotations [ALE_cs.conllu](11) for user [admin] from project [BG_CHILDES_TB](0) using format [conllu]
2026-02-19 14:07:34 INFO [admin] AnnotationDocumentExporter - Exported annotation document content for user [admin] for source document [ALE_cs.conllu](11) in project [BG_CHILDES_TB](0)
2026-02-19 14:07:34 INFO [admin] DocumentImportExportServiceImpl - Exported annotations [ALE_cs.conllu](11) for user [mila] from project [BG_CHILDES_TB](0) using format [conllu]
2026-02-19 14:07:34 INFO [admin] AnnotationDocumentExporter - Exported annotation document content for user [mila] for source document [ALE_cs.conllu](11) in project [BG_CHILDES_TB](0)
2026-02-19 14:07:34 INFO [admin] DocumentImportExportServiceImpl - Exported annotations [ALE_cs.conllu](11) for user [yasena] from project [BG_CHILDES_TB](0) using format [conllu]
2026-02-19 14:07:34 INFO [admin] AnnotationDocumentExporter - Exported annotation document content for user [yasena] for source document [ALE_cs.conllu](11) in project [BG_CHILDES_TB](0)
2026-02-19 14:07:34 INFO [admin] DocumentImportExportServiceImpl - Exported annotations [BOG_cds.conllu](12) for user [INITIAL_CAS] from project [BG_CHILDES_TB](0) using format [conllu]
2026-02-19 14:07:34 INFO [admin] AnnotationDocumentExporter - Exported annotation document content for user [INITIAL_CAS] for source document [BOG_cds.conllu](12) in project [BG_CHILDES_TB](0)
2026-02-19 14:07:34 INFO [admin] DocumentImportExportServiceImpl - Exported annotations [BOG_cds.conllu](12) for user [admin] from project [BG_CHILDES_TB](0) using format [conllu]
2026-02-19 14:07:34 INFO [admin] AnnotationDocumentExporter - Exported annotation document content for user [admin] for source document [BOG_cds.conllu](12) in project [BG_CHILDES_TB](0)
2026-02-19 14:07:34 INFO [admin] DocumentImportExportServiceImpl - Exported annotations [BOG_cds.conllu](12) for user [yasena] from project [BG_CHILDES_TB](0) using format [conllu]
2026-02-19 14:07:34 INFO [admin] AnnotationDocumentExporter - Exported annotation document content for user [yasena] for source document [BOG_cds.conllu](12) in project [BG_CHILDES_TB](0)
2026-02-19 14:07:34 INFO [admin] DocumentImportExportServiceImpl - Exported annotations [BOG_cds.conllu](12) for user [mila] from project [BG_CHILDES_TB](0) using format [conllu]
2026-02-19 14:07:34 INFO [admin] AnnotationDocumentExporter - Exported annotation document content for user [mila] for source document [BOG_cds.conllu](12) in project [BG_CHILDES_TB](0)
2026-02-19 14:07:34 INFO [admin] DocumentImportExportServiceImpl - Exported annotations [BOG_cs.conllu](13) for user [INITIAL_CAS] from project [BG_CHILDES_TB](0) using format [conllu]
2026-02-19 14:07:34 INFO [admin] AnnotationDocumentExporter - Exported annotation document content for user [INITIAL_CAS] for source document [BOG_cs.conllu](13) in project [BG_CHILDES_TB](0)
2026-02-19 14:07:34 INFO [admin] DocumentImportExportServiceImpl - Exported annotations [BOG_cs.conllu](13) for user [mila] from project [BG_CHILDES_TB](0) using format [conllu]
2026-02-19 14:07:34 INFO [admin] AnnotationDocumentExporter - Exported annotation document content for user [mila] for source document [BOG_cs.conllu](13) in project [BG_CHILDES_TB](0)
2026-02-19 14:07:34 INFO [admin] DocumentImportExportServiceImpl - Exported annotations [ELI_cds.conllu](14) for user [INITIAL_CAS] from project [BG_CHILDES_TB](0) using format [conllu]
2026-02-19 14:07:34 INFO [admin] AnnotationDocumentExporter - Exported annotation document content for user [INITIAL_CAS] for source document [ELI_cds.conllu](14) in project [BG_CHILDES_TB](0)
2026-02-19 14:07:34 INFO [admin] DocumentImportExportServiceImpl - Exported annotations [ELI_cs.conllu](15) for user [INITIAL_CAS] from project [BG_CHILDES_TB](0) using format [conllu]
2026-02-19 14:07:34 INFO [admin] AnnotationDocumentExporter - Exported annotation document content for user [INITIAL_CAS] for source document [ELI_cs.conllu](15) in project [BG_CHILDES_TB](0)
2026-02-19 14:07:34 INFO [admin] DocumentImportExportServiceImpl - Exported annotations [ELI_cs.conllu](15) for user [tsvetelina] from project [BG_CHILDES_TB](0) using format [conllu]
2026-02-19 14:07:34 INFO [admin] AnnotationDocumentExporter - Exported annotation document content for user [tsvetelina] for source document [ELI_cs.conllu](15) in project [BG_CHILDES_TB](0)
2026-02-19 14:07:34 INFO [admin] DocumentImportExportServiceImpl - Exported annotations [SIM_cds.conllu](16) for user [INITIAL_CAS] from project [BG_CHILDES_TB](0) using format [conllu]
2026-02-19 14:07:34 INFO [admin] AnnotationDocumentExporter - Exported annotation document content for user [INITIAL_CAS] for source document [SIM_cds.conllu](16) in project [BG_CHILDES_TB](0)
2026-02-19 14:07:34 INFO [admin] DocumentImportExportServiceImpl - Exported annotations [SIM_cs.conllu](17) for user [INITIAL_CAS] from project [BG_CHILDES_TB](0) using format [conllu]
2026-02-19 14:07:34 INFO [admin] AnnotationDocumentExporter - Exported annotation document content for user [INITIAL_CAS] for source document [SIM_cs.conllu](17) in project [BG_CHILDES_TB](0)
2026-02-19 14:07:35 INFO [admin] DocumentImportExportServiceImpl - Exported annotations [TEF_cds.conllu](18) for user [INITIAL_CAS] from project [BG_CHILDES_TB](0) using format [conllu]
2026-02-19 14:07:35 INFO [admin] AnnotationDocumentExporter - Exported annotation document content for user [INITIAL_CAS] for source document [TEF_cds.conllu](18) in project [BG_CHILDES_TB](0)
2026-02-19 14:07:35 INFO [admin] DocumentImportExportServiceImpl - Exported annotations [TEF_cds.conllu](18) for user [ivelina] from project [BG_CHILDES_TB](0) using format [conllu]
2026-02-19 14:07:35 INFO [admin] AnnotationDocumentExporter - Exported annotation document content for user [ivelina] for source document [TEF_cds.conllu](18) in project [BG_CHILDES_TB](0)
2026-02-19 14:07:35 INFO [admin] DocumentImportExportServiceImpl - Exported annotations [TEF_cs.conllu](19) for user [INITIAL_CAS] from project [BG_CHILDES_TB](0) using format [conllu]
2026-02-19 14:07:35 INFO [admin] AnnotationDocumentExporter - Exported annotation document content for user [INITIAL_CAS] for source document [TEF_cs.conllu](19) in project [BG_CHILDES_TB](0)
2026-02-19 14:07:35 INFO [admin] DocumentImportExportServiceImpl - Exported annotations [TEF_cs.conllu](19) for user [ivelina] from project [BG_CHILDES_TB](0) using format [conllu]
2026-02-19 14:07:35 INFO [admin] AnnotationDocumentExporter - Exported annotation document content for user [ivelina] for source document [TEF_cs.conllu](19) in project [BG_CHILDES_TB](0)
2026-02-19 14:07:35 INFO [admin] DocumentImportExportServiceImpl - Exported annotations [UD_relations_example_for_each.conllu](20) for user [INITIAL_CAS] from project [BG_CHILDES_TB](0) using format [conllu]
2026-02-19 14:07:35 INFO [admin] AnnotationDocumentExporter - Exported annotation document content for user [INITIAL_CAS] for source document [UD_relations_example_for_each.conllu](20) in project [BG_CHILDES_TB](0)
2026-02-19 14:07:35 INFO [admin] DocumentImportExportServiceImpl - Exported annotations [UD_relations_example_for_each.conllu](20) for user [mila] from project [BG_CHILDES_TB](0) using format [conllu]
2026-02-19 14:07:35 INFO [admin] AnnotationDocumentExporter - Exported annotation document content for user [mila] for source document [UD_relations_example_for_each.conllu](20) in project [BG_CHILDES_TB](0)
2026-02-19 14:07:54 INFO [admin] ProjectPermissionsExporter - Exported [9] permissions for project [BG_CHILDES_TB]
2026-02-19 14:07:54 INFO [admin] DocumentRepositoryExporter - Exported [0] document repositories for project [BG_CHILDES_TB]
2026-02-19 14:07:54 INFO [admin] KnowledgeBaseExporter - Exported [0] knowledge bases for project [BG_CHILDES_TB]
2026-02-19 14:07:54 INFO [admin] LayerExporter - Exported [10] layers for project [BG_CHILDES_TB]
2026-02-19 14:07:54 INFO [admin] TagSetExporter - Exported [23] tagsets for project [BG_CHILDES_TB]
2026-02-19 14:07:54 INFO [admin] DocumentImportExportServiceImpl - Exported annotations [BOG_cds.conllu](12) for user [CURATION_USER] from project [BG_CHILDES_TB](0) using format [conllu]
2026-02-19 14:07:54 INFO [admin] CurationWorkflowExporter - Exported curation workflow settings for project [BG_CHILDES_TB](0)
2026-02-19 14:07:54 INFO [admin] SourceDocumentExporter - Exported content for source document [10] in project [BG_CHILDES_TB] with id [0]
2026-02-19 14:07:54 INFO [admin] SourceDocumentExporter - Exported content for source document [11] in project [BG_CHILDES_TB] with id [0]
2026-02-19 14:07:54 INFO [admin] SourceDocumentExporter - Exported content for source document [12] in project [BG_CHILDES_TB] with id [0]
2026-02-19 14:07:54 INFO [admin] SourceDocumentExporter - Exported content for source document [13] in project [BG_CHILDES_TB] with id [0]
2026-02-19 14:07:54 INFO [admin] SourceDocumentExporter - Exported content for source document [14] in project [BG_CHILDES_TB] with id [0]
2026-02-19 14:07:54 INFO [admin] SourceDocumentExporter - Exported content for source document [15] in project [BG_CHILDES_TB] with id [0]
2026-02-19 14:07:54 INFO [admin] SourceDocumentExporter - Exported content for source document [16] in project [BG_CHILDES_TB] with id [0]
2026-02-19 14:07:54 INFO [admin] SourceDocumentExporter - Exported content for source document [17] in project [BG_CHILDES_TB] with id [0]
2026-02-19 14:07:54 INFO [admin] SourceDocumentExporter - Exported content for source document [18] in project [BG_CHILDES_TB] with id [0]
2026-02-19 14:07:54 INFO [admin] SourceDocumentExporter - Exported content for source document [19] in project [BG_CHILDES_TB] with id [0]
2026-02-19 14:07:54 INFO [admin] SourceDocumentExporter - Exported content for source document [20] in project [BG_CHILDES_TB] with id [0]
2026-02-19 14:07:54 INFO [admin] LoggedEventExporter - Exported [527] logged events for project [BG_CHILDES_TB]
2026-02-19 14:07:54 INFO [admin] LoggedEventExporter - Skipped [59] logged events for [10] documents no longer existing
2026-02-19 14:07:54 INFO [admin] DefaultProjectPreferencesExporter - Exported [0] default preferences for project [BG_CHILDES_TB]
2026-02-19 14:07:54 INFO [admin] UserProjectPreferencesExporter - Exported [5] user preferences for project [BG_CHILDES_TB]
2026-02-19 14:07:54 INFO [admin] GazeteerExporter - Exported [0] gazeteers for project [BG_CHILDES_TB]
2026-02-19 14:07:54 INFO [admin] WorkloadManagerExporter - Exported workload manager for project [BG_CHILDES_TB]
2026-02-19 14:07:54 INFO [admin] RecommenderExporter - Exported [0] recommenders for project [BG_CHILDES_TB]
2026-02-19 14:07:55 INFO [admin] DocumentImportExportServiceImpl - Exported annotations [ALE_cds.conllu](10) for user [INITIAL_CAS] from project [BG_CHILDES_TB](0) using format [conllu]
2026-02-19 14:07:55 INFO [admin] AnnotationDocumentExporter - Exported annotation document content for user [INITIAL_CAS] for source document [ALE_cds.conllu](10) in project [BG_CHILDES_TB](0)
2026-02-19 14:07:55 INFO [admin] DocumentImportExportServiceImpl - Exported annotations [ALE_cds.conllu](10) for user [yasena] from project [BG_CHILDES_TB](0) using format [conllu]
2026-02-19 14:07:55 INFO [admin] AnnotationDocumentExporter - Exported annotation document content for user [yasena] for source document [ALE_cds.conllu](10) in project [BG_CHILDES_TB](0)
2026-02-19 14:07:55 INFO [admin] DocumentImportExportServiceImpl - Exported annotations [ALE_cs.conllu](11) for user [INITIAL_CAS] from project [BG_CHILDES_TB](0) using format [conllu]
2026-02-19 14:07:55 INFO [admin] AnnotationDocumentExporter - Exported annotation document content for user [INITIAL_CAS] for source document [ALE_cs.conllu](11) in project [BG_CHILDES_TB](0)
2026-02-19 14:07:55 INFO [admin] DocumentImportExportServiceImpl - Exported annotations [ALE_cs.conllu](11) for user [admin] from project [BG_CHILDES_TB](0) using format [conllu]
2026-02-19 14:07:55 INFO [admin] AnnotationDocumentExporter - Exported annotation document content for user [admin] for source document [ALE_cs.conllu](11) in project [BG_CHILDES_TB](0)
2026-02-19 14:07:55 INFO [admin] DocumentImportExportServiceImpl - Exported annotations [ALE_cs.conllu](11) for user [mila] from project [BG_CHILDES_TB](0) using format [conllu]
2026-02-19 14:07:55 INFO [admin] AnnotationDocumentExporter - Exported annotation document content for user [mila] for source document [ALE_cs.conllu](11) in project [BG_CHILDES_TB](0)
2026-02-19 14:07:55 INFO [admin] DocumentImportExportServiceImpl - Exported annotations [ALE_cs.conllu](11) for user [yasena] from project [BG_CHILDES_TB](0) using format [conllu]
2026-02-19 14:07:55 INFO [admin] AnnotationDocumentExporter - Exported annotation document content for user [yasena] for source document [ALE_cs.conllu](11) in project [BG_CHILDES_TB](0)
2026-02-19 14:07:55 INFO [admin] DocumentImportExportServiceImpl - Exported annotations [BOG_cds.conllu](12) for user [INITIAL_CAS] from project [BG_CHILDES_TB](0) using format [conllu]
2026-02-19 14:07:55 INFO [admin] AnnotationDocumentExporter - Exported annotation document content for user [INITIAL_CAS] for source document [BOG_cds.conllu](12) in project [BG_CHILDES_TB](0)
2026-02-19 14:07:55 INFO [admin] DocumentImportExportServiceImpl - Exported annotations [BOG_cds.conllu](12) for user [admin] from project [BG_CHILDES_TB](0) using format [conllu]
2026-02-19 14:07:55 INFO [admin] AnnotationDocumentExporter - Exported annotation document content for user [admin] for source document [BOG_cds.conllu](12) in project [BG_CHILDES_TB](0)
2026-02-19 14:07:55 INFO [admin] DocumentImportExportServiceImpl - Exported annotations [BOG_cds.conllu](12) for user [yasena] from project [BG_CHILDES_TB](0) using format [conllu]
2026-02-19 14:07:55 INFO [admin] AnnotationDocumentExporter - Exported annotation document content for user [yasena] for source document [BOG_cds.conllu](12) in project [BG_CHILDES_TB](0)
2026-02-19 14:07:55 INFO [admin] DocumentImportExportServiceImpl - Exported annotations [BOG_cds.conllu](12) for user [mila] from project [BG_CHILDES_TB](0) using format [conllu]
2026-02-19 14:07:55 INFO [admin] AnnotationDocumentExporter - Exported annotation document content for user [mila] for source document [BOG_cds.conllu](12) in project [BG_CHILDES_TB](0)
2026-02-19 14:07:55 INFO [admin] DocumentImportExportServiceImpl - Exported annotations [BOG_cs.conllu](13) for user [INITIAL_CAS] from project [BG_CHILDES_TB](0) using format [conllu]
2026-02-19 14:07:55 INFO [admin] AnnotationDocumentExporter - Exported annotation document content for user [INITIAL_CAS] for source document [BOG_cs.conllu](13) in project [BG_CHILDES_TB](0)
2026-02-19 14:07:55 INFO [admin] DocumentImportExportServiceImpl - Exported annotations [BOG_cs.conllu](13) for user [mila] from project [BG_CHILDES_TB](0) using format [conllu]
2026-02-19 14:07:55 INFO [admin] AnnotationDocumentExporter - Exported annotation document content for user [mila] for source document [BOG_cs.conllu](13) in project [BG_CHILDES_TB](0)
2026-02-19 14:07:55 INFO [admin] DocumentImportExportServiceImpl - Exported annotations [ELI_cds.conllu](14) for user [INITIAL_CAS] from project [BG_CHILDES_TB](0) using format [conllu]
2026-02-19 14:07:55 INFO [admin] AnnotationDocumentExporter - Exported annotation document content for user [INITIAL_CAS] for source document [ELI_cds.conllu](14) in project [BG_CHILDES_TB](0)
2026-02-19 14:07:55 INFO [admin] DocumentImportExportServiceImpl - Exported annotations [ELI_cs.conllu](15) for user [INITIAL_CAS] from project [BG_CHILDES_TB](0) using format [conllu]
2026-02-19 14:07:55 INFO [admin] AnnotationDocumentExporter - Exported annotation document content for user [INITIAL_CAS] for source document [ELI_cs.conllu](15) in project [BG_CHILDES_TB](0)
2026-02-19 14:07:55 INFO [admin] DocumentImportExportServiceImpl - Exported annotations [ELI_cs.conllu](15) for user [tsvetelina] from project [BG_CHILDES_TB](0) using format [conllu]
2026-02-19 14:07:55 INFO [admin] AnnotationDocumentExporter - Exported annotation document content for user [tsvetelina] for source document [ELI_cs.conllu](15) in project [BG_CHILDES_TB](0)
2026-02-19 14:07:55 INFO [admin] DocumentImportExportServiceImpl - Exported annotations [SIM_cds.conllu](16) for user [INITIAL_CAS] from project [BG_CHILDES_TB](0) using format [conllu]
2026-02-19 14:07:55 INFO [admin] AnnotationDocumentExporter - Exported annotation document content for user [INITIAL_CAS] for source document [SIM_cds.conllu](16) in project [BG_CHILDES_TB](0)
2026-02-19 14:07:55 INFO [admin] DocumentImportExportServiceImpl - Exported annotations [SIM_cs.conllu](17) for user [INITIAL_CAS] from project [BG_CHILDES_TB](0) using format [conllu]
2026-02-19 14:07:55 INFO [admin] AnnotationDocumentExporter - Exported annotation document content for user [INITIAL_CAS] for source document [SIM_cs.conllu](17) in project [BG_CHILDES_TB](0)
2026-02-19 14:07:55 INFO [admin] DocumentImportExportServiceImpl - Exported annotations [TEF_cds.conllu](18) for user [INITIAL_CAS] from project [BG_CHILDES_TB](0) using format [conllu]
2026-02-19 14:07:55 INFO [admin] AnnotationDocumentExporter - Exported annotation document content for user [INITIAL_CAS] for source document [TEF_cds.conllu](18) in project [BG_CHILDES_TB](0)
2026-02-19 14:07:55 INFO [admin] DocumentImportExportServiceImpl - Exported annotations [TEF_cds.conllu](18) for user [ivelina] from project [BG_CHILDES_TB](0) using format [conllu]
2026-02-19 14:07:55 INFO [admin] AnnotationDocumentExporter - Exported annotation document content for user [ivelina] for source document [TEF_cds.conllu](18) in project [BG_CHILDES_TB](0)
2026-02-19 14:07:55 INFO [admin] DocumentImportExportServiceImpl - Exported annotations [TEF_cs.conllu](19) for user [INITIAL_CAS] from project [BG_CHILDES_TB](0) using format [conllu]
2026-02-19 14:07:55 INFO [admin] AnnotationDocumentExporter - Exported annotation document content for user [INITIAL_CAS] for source document [TEF_cs.conllu](19) in project [BG_CHILDES_TB](0)
2026-02-19 14:07:55 INFO [admin] DocumentImportExportServiceImpl - Exported annotations [TEF_cs.conllu](19) for user [ivelina] from project [BG_CHILDES_TB](0) using format [conllu]
2026-02-19 14:07:55 INFO [admin] AnnotationDocumentExporter - Exported annotation document content for user [ivelina] for source document [TEF_cs.conllu](19) in project [BG_CHILDES_TB](0)
2026-02-19 14:07:55 INFO [admin] DocumentImportExportServiceImpl - Exported annotations [UD_relations_example_for_each.conllu](20) for user [INITIAL_CAS] from project [BG_CHILDES_TB](0) using format [conllu]
2026-02-19 14:07:55 INFO [admin] AnnotationDocumentExporter - Exported annotation document content for user [INITIAL_CAS] for source document [UD_relations_example_for_each.conllu](20) in project [BG_CHILDES_TB](0)
2026-02-19 14:07:55 INFO [admin] DocumentImportExportServiceImpl - Exported annotations [UD_relations_example_for_each.conllu](20) for user [mila] from project [BG_CHILDES_TB](0) using format [conllu]
2026-02-19 14:07:55 INFO [admin] AnnotationDocumentExporter - Exported annotation document content for user [mila] for source document [UD_relations_example_for_each.conllu](20) in project [BG_CHILDES_TB](0)
2026-02-19 14:08:34 INFO [admin] AnnotationSchemaServiceImpl - Upgraded CAS of user [mila] for document [BOG_cds.conllu](12) in project [BG_CHILDES_TB](0)
2026-02-19 15:05:02 INFO [admin] AnnotationSchemaServiceImpl - Upgraded CAS of user [ivelina] for document [TEF_cs.conllu](19) in project [BG_CHILDES_TB](0)
2026-02-19 16:52:17 INFO [admin] ProjectPermissionsExporter - Exported [9] permissions for project [BG_CHILDES_TB]
2026-02-19 16:52:17 INFO [admin] DocumentRepositoryExporter - Exported [0] document repositories for project [BG_CHILDES_TB]
2026-02-19 16:52:17 INFO [admin] KnowledgeBaseExporter - Exported [0] knowledge bases for project [BG_CHILDES_TB]
2026-02-19 16:52:17 INFO [admin] LayerExporter - Exported [10] layers for project [BG_CHILDES_TB]
2026-02-19 16:52:17 INFO [admin] TagSetExporter - Exported [23] tagsets for project [BG_CHILDES_TB]
2026-02-19 16:52:17 INFO [admin] DocumentImportExportServiceImpl - Exported annotations [BOG_cds.conllu](12) for user [CURATION_USER] from project [BG_CHILDES_TB](0) using format [conllu]
2026-02-19 16:52:17 INFO [admin] CurationWorkflowExporter - Exported curation workflow settings for project [BG_CHILDES_TB](0)
2026-02-19 16:52:17 INFO [admin] SourceDocumentExporter - Exported content for source document [10] in project [BG_CHILDES_TB] with id [0]
2026-02-19 16:52:17 INFO [admin] SourceDocumentExporter - Exported content for source document [11] in project [BG_CHILDES_TB] with id [0]
2026-02-19 16:52:17 INFO [admin] SourceDocumentExporter - Exported content for source document [12] in project [BG_CHILDES_TB] with id [0]
2026-02-19 16:52:17 INFO [admin] SourceDocumentExporter - Exported content for source document [13] in project [BG_CHILDES_TB] with id [0]
2026-02-19 16:52:17 INFO [admin] SourceDocumentExporter - Exported content for source document [14] in project [BG_CHILDES_TB] with id [0]
2026-02-19 16:52:17 INFO [admin] SourceDocumentExporter - Exported content for source document [15] in project [BG_CHILDES_TB] with id [0]
2026-02-19 16:52:17 INFO [admin] SourceDocumentExporter - Exported content for source document [16] in project [BG_CHILDES_TB] with id [0]
2026-02-19 16:52:17 INFO [admin] SourceDocumentExporter - Exported content for source document [17] in project [BG_CHILDES_TB] with id [0]
2026-02-19 16:52:17 INFO [admin] SourceDocumentExporter - Exported content for source document [18] in project [BG_CHILDES_TB] with id [0]
2026-02-19 16:52:17 INFO [admin] SourceDocumentExporter - Exported content for source document [19] in project [BG_CHILDES_TB] with id [0]
2026-02-19 16:52:17 INFO [admin] SourceDocumentExporter - Exported content for source document [20] in project [BG_CHILDES_TB] with id [0]
2026-02-19 16:52:17 INFO [admin] LoggedEventExporter - Exported [695] logged events for project [BG_CHILDES_TB]
2026-02-19 16:52:17 INFO [admin] LoggedEventExporter - Skipped [59] logged events for [10] documents no longer existing
2026-02-19 16:52:17 INFO [admin] DefaultProjectPreferencesExporter - Exported [0] default preferences for project [BG_CHILDES_TB]
2026-02-19 16:52:17 INFO [admin] UserProjectPreferencesExporter - Exported [5] user preferences for project [BG_CHILDES_TB]
2026-02-19 16:52:17 INFO [admin] GazeteerExporter - Exported [0] gazeteers for project [BG_CHILDES_TB]
2026-02-19 16:52:17 INFO [admin] WorkloadManagerExporter - Exported workload manager for project [BG_CHILDES_TB]
2026-02-19 16:52:17 INFO [admin] RecommenderExporter - Exported [0] recommenders for project [BG_CHILDES_TB]
2026-02-19 16:52:17 INFO [admin] DocumentImportExportServiceImpl - Exported annotations [ALE_cds.conllu](10) for user [INITIAL_CAS] from project [BG_CHILDES_TB](0) using format [conllu]
2026-02-19 16:52:17 INFO [admin] AnnotationDocumentExporter - Exported annotation document content for user [INITIAL_CAS] for source document [ALE_cds.conllu](10) in project [BG_CHILDES_TB](0)
2026-02-19 16:52:17 INFO [admin] DocumentImportExportServiceImpl - Exported annotations [ALE_cds.conllu](10) for user [yasena] from project [BG_CHILDES_TB](0) using format [conllu]
2026-02-19 16:52:17 INFO [admin] AnnotationDocumentExporter - Exported annotation document content for user [yasena] for source document [ALE_cds.conllu](10) in project [BG_CHILDES_TB](0)
2026-02-19 16:52:17 INFO [admin] DocumentImportExportServiceImpl - Exported annotations [ALE_cs.conllu](11) for user [INITIAL_CAS] from project [BG_CHILDES_TB](0) using format [conllu]
2026-02-19 16:52:17 INFO [admin] AnnotationDocumentExporter - Exported annotation document content for user [INITIAL_CAS] for source document [ALE_cs.conllu](11) in project [BG_CHILDES_TB](0)
2026-02-19 16:52:17 INFO [admin] DocumentImportExportServiceImpl - Exported annotations [ALE_cs.conllu](11) for user [admin] from project [BG_CHILDES_TB](0) using format [conllu]
2026-02-19 16:52:17 INFO [admin] AnnotationDocumentExporter - Exported annotation document content for user [admin] for source document [ALE_cs.conllu](11) in project [BG_CHILDES_TB](0)
2026-02-19 16:52:17 INFO [admin] DocumentImportExportServiceImpl - Exported annotations [ALE_cs.conllu](11) for user [mila] from project [BG_CHILDES_TB](0) using format [conllu]
2026-02-19 16:52:17 INFO [admin] AnnotationDocumentExporter - Exported annotation document content for user [mila] for source document [ALE_cs.conllu](11) in project [BG_CHILDES_TB](0)
2026-02-19 16:52:17 INFO [admin] DocumentImportExportServiceImpl - Exported annotations [ALE_cs.conllu](11) for user [yasena] from project [BG_CHILDES_TB](0) using format [conllu]
2026-02-19 16:52:17 INFO [admin] AnnotationDocumentExporter - Exported annotation document content for user [yasena] for source document [ALE_cs.conllu](11) in project [BG_CHILDES_TB](0)
2026-02-19 16:52:17 INFO [admin] DocumentImportExportServiceImpl - Exported annotations [BOG_cds.conllu](12) for user [INITIAL_CAS] from project [BG_CHILDES_TB](0) using format [conllu]
2026-02-19 16:52:17 INFO [admin] AnnotationDocumentExporter - Exported annotation document content for user [INITIAL_CAS] for source document [BOG_cds.conllu](12) in project [BG_CHILDES_TB](0)
2026-02-19 16:52:17 INFO [admin] DocumentImportExportServiceImpl - Exported annotations [BOG_cds.conllu](12) for user [admin] from project [BG_CHILDES_TB](0) using format [conllu]
2026-02-19 16:52:17 INFO [admin] AnnotationDocumentExporter - Exported annotation document content for user [admin] for source document [BOG_cds.conllu](12) in project [BG_CHILDES_TB](0)
2026-02-19 16:52:17 INFO [admin] DocumentImportExportServiceImpl - Exported annotations [BOG_cds.conllu](12) for user [yasena] from project [BG_CHILDES_TB](0) using format [conllu]
2026-02-19 16:52:17 INFO [admin] AnnotationDocumentExporter - Exported annotation document content for user [yasena] for source document [BOG_cds.conllu](12) in project [BG_CHILDES_TB](0)
2026-02-19 16:52:18 INFO [admin] DocumentImportExportServiceImpl - Exported annotations [BOG_cds.conllu](12) for user [mila] from project [BG_CHILDES_TB](0) using format [conllu]
2026-02-19 16:52:18 INFO [admin] AnnotationDocumentExporter - Exported annotation document content for user [mila] for source document [BOG_cds.conllu](12) in project [BG_CHILDES_TB](0)
2026-02-19 16:52:18 INFO [admin] DocumentImportExportServiceImpl - Exported annotations [BOG_cs.conllu](13) for user [INITIAL_CAS] from project [BG_CHILDES_TB](0) using format [conllu]
2026-02-19 16:52:18 INFO [admin] AnnotationDocumentExporter - Exported annotation document content for user [INITIAL_CAS] for source document [BOG_cs.conllu](13) in project [BG_CHILDES_TB](0)
2026-02-19 16:52:18 INFO [admin] DocumentImportExportServiceImpl - Exported annotations [BOG_cs.conllu](13) for user [mila] from project [BG_CHILDES_TB](0) using format [conllu]
2026-02-19 16:52:18 INFO [admin] AnnotationDocumentExporter - Exported annotation document content for user [mila] for source document [BOG_cs.conllu](13) in project [BG_CHILDES_TB](0)
2026-02-19 16:52:18 INFO [admin] DocumentImportExportServiceImpl - Exported annotations [ELI_cds.conllu](14) for user [INITIAL_CAS] from project [BG_CHILDES_TB](0) using format [conllu]
2026-02-19 16:52:18 INFO [admin] AnnotationDocumentExporter - Exported annotation document content for user [INITIAL_CAS] for source document [ELI_cds.conllu](14) in project [BG_CHILDES_TB](0)
2026-02-19 16:52:18 INFO [admin] DocumentImportExportServiceImpl - Exported annotations [ELI_cs.conllu](15) for user [INITIAL_CAS] from project [BG_CHILDES_TB](0) using format [conllu]
2026-02-19 16:52:18 INFO [admin] AnnotationDocumentExporter - Exported annotation document content for user [INITIAL_CAS] for source document [ELI_cs.conllu](15) in project [BG_CHILDES_TB](0)
2026-02-19 16:52:18 INFO [admin] DocumentImportExportServiceImpl - Exported annotations [ELI_cs.conllu](15) for user [tsvetelina] from project [BG_CHILDES_TB](0) using format [conllu]
2026-02-19 16:52:18 INFO [admin] AnnotationDocumentExporter - Exported annotation document content for user [tsvetelina] for source document [ELI_cs.conllu](15) in project [BG_CHILDES_TB](0)
2026-02-19 16:52:18 INFO [admin] DocumentImportExportServiceImpl - Exported annotations [SIM_cds.conllu](16) for user [INITIAL_CAS] from project [BG_CHILDES_TB](0) using format [conllu]
2026-02-19 16:52:18 INFO [admin] AnnotationDocumentExporter - Exported annotation document content for user [INITIAL_CAS] for source document [SIM_cds.conllu](16) in project [BG_CHILDES_TB](0)
2026-02-19 16:52:18 INFO [admin] DocumentImportExportServiceImpl - Exported annotations [SIM_cs.conllu](17) for user [INITIAL_CAS] from project [BG_CHILDES_TB](0) using format [conllu]
2026-02-19 16:52:18 INFO [admin] AnnotationDocumentExporter - Exported annotation document content for user [INITIAL_CAS] for source document [SIM_cs.conllu](17) in project [BG_CHILDES_TB](0)
2026-02-19 16:52:18 INFO [admin] DocumentImportExportServiceImpl - Exported annotations [TEF_cds.conllu](18) for user [INITIAL_CAS] from project [BG_CHILDES_TB](0) using format [conllu]
2026-02-19 16:52:18 INFO [admin] AnnotationDocumentExporter - Exported annotation document content for user [INITIAL_CAS] for source document [TEF_cds.conllu](18) in project [BG_CHILDES_TB](0)
2026-02-19 16:52:18 INFO [admin] DocumentImportExportServiceImpl - Exported annotations [TEF_cds.conllu](18) for user [ivelina] from project [BG_CHILDES_TB](0) using format [conllu]
2026-02-19 16:52:18 INFO [admin] AnnotationDocumentExporter - Exported annotation document content for user [ivelina] for source document [TEF_cds.conllu](18) in project [BG_CHILDES_TB](0)
2026-02-19 16:52:18 INFO [admin] DocumentImportExportServiceImpl - Exported annotations [TEF_cs.conllu](19) for user [INITIAL_CAS] from project [BG_CHILDES_TB](0) using format [conllu]
2026-02-19 16:52:18 INFO [admin] AnnotationDocumentExporter - Exported annotation document content for user [INITIAL_CAS] for source document [TEF_cs.conllu](19) in project [BG_CHILDES_TB](0)
2026-02-19 16:52:18 INFO [admin] DocumentImportExportServiceImpl - Exported annotations [TEF_cs.conllu](19) for user [ivelina] from project [BG_CHILDES_TB](0) using format [conllu]
2026-02-19 16:52:18 INFO [admin] AnnotationDocumentExporter - Exported annotation document content for user [ivelina] for source document [TEF_cs.conllu](19) in project [BG_CHILDES_TB](0)
2026-02-19 16:52:18 INFO [admin] DocumentImportExportServiceImpl - Exported annotations [UD_relations_example_for_each.conllu](20) for user [INITIAL_CAS] from project [BG_CHILDES_TB](0) using format [conllu]
2026-02-19 16:52:18 INFO [admin] AnnotationDocumentExporter - Exported annotation document content for user [INITIAL_CAS] for source document [UD_relations_example_for_each.conllu](20) in project [BG_CHILDES_TB](0)
2026-02-19 16:52:18 INFO [admin] DocumentImportExportServiceImpl - Exported annotations [UD_relations_example_for_each.conllu](20) for user [mila] from project [BG_CHILDES_TB](0) using format [conllu]
2026-02-19 16:52:18 INFO [admin] AnnotationDocumentExporter - Exported annotation document content for user [mila] for source document [UD_relations_example_for_each.conllu](20) in project [BG_CHILDES_TB](0)
2026-02-19 16:52:54 INFO [admin] ProjectPermissionsExporter - Exported [9] permissions for project [BG_CHILDES_TB]
2026-02-19 16:52:54 INFO [admin] DocumentRepositoryExporter - Exported [0] document repositories for project [BG_CHILDES_TB]
2026-02-19 16:52:54 INFO [admin] KnowledgeBaseExporter - Exported [0] knowledge bases for project [BG_CHILDES_TB]
2026-02-19 16:52:54 INFO [admin] LayerExporter - Exported [10] layers for project [BG_CHILDES_TB]
2026-02-19 16:52:54 INFO [admin] TagSetExporter - Exported [23] tagsets for project [BG_CHILDES_TB]
2026-02-19 16:52:54 INFO [admin] DocumentImportExportServiceImpl - Exported annotations [BOG_cds.conllu](12) for user [CURATION_USER] from project [BG_CHILDES_TB](0) using format [conllu]
2026-02-19 16:52:54 INFO [admin] CurationWorkflowExporter - Exported curation workflow settings for project [BG_CHILDES_TB](0)
2026-02-19 16:52:54 INFO [admin] SourceDocumentExporter - Exported content for source document [10] in project [BG_CHILDES_TB] with id [0]
2026-02-19 16:52:54 INFO [admin] SourceDocumentExporter - Exported content for source document [11] in project [BG_CHILDES_TB] with id [0]
2026-02-19 16:52:54 INFO [admin] SourceDocumentExporter - Exported content for source document [12] in project [BG_CHILDES_TB] with id [0]
2026-02-19 16:52:54 INFO [admin] SourceDocumentExporter - Exported content for source document [13] in project [BG_CHILDES_TB] with id [0]
2026-02-19 16:52:54 INFO [admin] SourceDocumentExporter - Exported content for source document [14] in project [BG_CHILDES_TB] with id [0]
2026-02-19 16:52:54 INFO [admin] SourceDocumentExporter - Exported content for source document [15] in project [BG_CHILDES_TB] with id [0]
2026-02-19 16:52:54 INFO [admin] SourceDocumentExporter - Exported content for source document [16] in project [BG_CHILDES_TB] with id [0]
2026-02-19 16:52:54 INFO [admin] SourceDocumentExporter - Exported content for source document [17] in project [BG_CHILDES_TB] with id [0]
2026-02-19 16:52:54 INFO [admin] SourceDocumentExporter - Exported content for source document [18] in project [BG_CHILDES_TB] with id [0]
2026-02-19 16:52:54 INFO [admin] SourceDocumentExporter - Exported content for source document [19] in project [BG_CHILDES_TB] with id [0]
2026-02-19 16:52:54 INFO [admin] SourceDocumentExporter - Exported content for source document [20] in project [BG_CHILDES_TB] with id [0]
2026-02-19 16:52:54 INFO [admin] LoggedEventExporter - Exported [695] logged events for project [BG_CHILDES_TB]
2026-02-19 16:52:54 INFO [admin] LoggedEventExporter - Skipped [59] logged events for [10] documents no longer existing
2026-02-19 16:52:54 INFO [admin] DefaultProjectPreferencesExporter - Exported [0] default preferences for project [BG_CHILDES_TB]
2026-02-19 16:52:54 INFO [admin] UserProjectPreferencesExporter - Exported [5] user preferences for project [BG_CHILDES_TB]
2026-02-19 16:52:54 INFO [admin] GazeteerExporter - Exported [0] gazeteers for project [BG_CHILDES_TB]
2026-02-19 16:52:54 INFO [admin] WorkloadManagerExporter - Exported workload manager for project [BG_CHILDES_TB]
2026-02-19 16:52:54 INFO [admin] RecommenderExporter - Exported [0] recommenders for project [BG_CHILDES_TB]
2026-02-19 16:52:54 INFO [admin] DocumentImportExportServiceImpl - Exported annotations [ALE_cds.conllu](10) for user [INITIAL_CAS] from project [BG_CHILDES_TB](0) using format [conllu]
2026-02-19 16:52:54 INFO [admin] AnnotationDocumentExporter - Exported annotation document content for user [INITIAL_CAS] for source document [ALE_cds.conllu](10) in project [BG_CHILDES_TB](0)
2026-02-19 16:52:54 INFO [admin] DocumentImportExportServiceImpl - Exported annotations [ALE_cds.conllu](10) for user [yasena] from project [BG_CHILDES_TB](0) using format [conllu]
2026-02-19 16:52:54 INFO [admin] AnnotationDocumentExporter - Exported annotation document content for user [yasena] for source document [ALE_cds.conllu](10) in project [BG_CHILDES_TB](0)
2026-02-19 16:52:54 INFO [admin] DocumentImportExportServiceImpl - Exported annotations [ALE_cs.conllu](11) for user [INITIAL_CAS] from project [BG_CHILDES_TB](0) using format [conllu]
2026-02-19 16:52:54 INFO [admin] AnnotationDocumentExporter - Exported annotation document content for user [INITIAL_CAS] for source document [ALE_cs.conllu](11) in project [BG_CHILDES_TB](0)
2026-02-19 16:52:54 INFO [admin] DocumentImportExportServiceImpl - Exported annotations [ALE_cs.conllu](11) for user [admin] from project [BG_CHILDES_TB](0) using format [conllu]
2026-02-19 16:52:54 INFO [admin] AnnotationDocumentExporter - Exported annotation document content for user [admin] for source document [ALE_cs.conllu](11) in project [BG_CHILDES_TB](0)
2026-02-19 16:52:54 INFO [admin] DocumentImportExportServiceImpl - Exported annotations [ALE_cs.conllu](11) for user [mila] from project [BG_CHILDES_TB](0) using format [conllu]
2026-02-19 16:52:54 INFO [admin] AnnotationDocumentExporter - Exported annotation document content for user [mila] for source document [ALE_cs.conllu](11) in project [BG_CHILDES_TB](0)
2026-02-19 16:52:55 INFO [admin] DocumentImportExportServiceImpl - Exported annotations [ALE_cs.conllu](11) for user [yasena] from project [BG_CHILDES_TB](0) using format [conllu]
2026-02-19 16:52:55 INFO [admin] AnnotationDocumentExporter - Exported annotation document content for user [yasena] for source document [ALE_cs.conllu](11) in project [BG_CHILDES_TB](0)
2026-02-19 16:52:55 INFO [admin] DocumentImportExportServiceImpl - Exported annotations [BOG_cds.conllu](12) for user [INITIAL_CAS] from project [BG_CHILDES_TB](0) using format [conllu]
2026-02-19 16:52:55 INFO [admin] AnnotationDocumentExporter - Exported annotation document content for user [INITIAL_CAS] for source document [BOG_cds.conllu](12) in project [BG_CHILDES_TB](0)
2026-02-19 16:52:55 INFO [admin] DocumentImportExportServiceImpl - Exported annotations [BOG_cds.conllu](12) for user [admin] from project [BG_CHILDES_TB](0) using format [conllu]
2026-02-19 16:52:55 INFO [admin] AnnotationDocumentExporter - Exported annotation document content for user [admin] for source document [BOG_cds.conllu](12) in project [BG_CHILDES_TB](0)
2026-02-19 16:52:55 INFO [admin] DocumentImportExportServiceImpl - Exported annotations [BOG_cds.conllu](12) for user [yasena] from project [BG_CHILDES_TB](0) using format [conllu]
2026-02-19 16:52:55 INFO [admin] AnnotationDocumentExporter - Exported annotation document content for user [yasena] for source document [BOG_cds.conllu](12) in project [BG_CHILDES_TB](0)
2026-02-19 16:52:55 INFO [admin] DocumentImportExportServiceImpl - Exported annotations [BOG_cds.conllu](12) for user [mila] from project [BG_CHILDES_TB](0) using format [conllu]
2026-02-19 16:52:55 INFO [admin] AnnotationDocumentExporter - Exported annotation document content for user [mila] for source document [BOG_cds.conllu](12) in project [BG_CHILDES_TB](0)
2026-02-19 16:52:55 INFO [admin] DocumentImportExportServiceImpl - Exported annotations [BOG_cs.conllu](13) for user [INITIAL_CAS] from project [BG_CHILDES_TB](0) using format [conllu]
2026-02-19 16:52:55 INFO [admin] AnnotationDocumentExporter - Exported annotation document content for user [INITIAL_CAS] for source document [BOG_cs.conllu](13) in project [BG_CHILDES_TB](0)
2026-02-19 16:52:55 INFO [admin] DocumentImportExportServiceImpl - Exported annotations [BOG_cs.conllu](13) for user [mila] from project [BG_CHILDES_TB](0) using format [conllu]
2026-02-19 16:52:55 INFO [admin] AnnotationDocumentExporter - Exported annotation document content for user [mila] for source document [BOG_cs.conllu](13) in project [BG_CHILDES_TB](0)
2026-02-19 16:52:55 INFO [admin] DocumentImportExportServiceImpl - Exported annotations [ELI_cds.conllu](14) for user [INITIAL_CAS] from project [BG_CHILDES_TB](0) using format [conllu]
2026-02-19 16:52:55 INFO [admin] AnnotationDocumentExporter - Exported annotation document content for user [INITIAL_CAS] for source document [ELI_cds.conllu](14) in project [BG_CHILDES_TB](0)
2026-02-19 16:52:55 INFO [admin] DocumentImportExportServiceImpl - Exported annotations [ELI_cs.conllu](15) for user [INITIAL_CAS] from project [BG_CHILDES_TB](0) using format [conllu]
2026-02-19 16:52:55 INFO [admin] AnnotationDocumentExporter - Exported annotation document content for user [INITIAL_CAS] for source document [ELI_cs.conllu](15) in project [BG_CHILDES_TB](0)
2026-02-19 16:52:55 INFO [admin] DocumentImportExportServiceImpl - Exported annotations [ELI_cs.conllu](15) for user [tsvetelina] from project [BG_CHILDES_TB](0) using format [conllu]
2026-02-19 16:52:55 INFO [admin] AnnotationDocumentExporter - Exported annotation document content for user [tsvetelina] for source document [ELI_cs.conllu](15) in project [BG_CHILDES_TB](0)
2026-02-19 16:52:55 INFO [admin] DocumentImportExportServiceImpl - Exported annotations [SIM_cds.conllu](16) for user [INITIAL_CAS] from project [BG_CHILDES_TB](0) using format [conllu]
2026-02-19 16:52:55 INFO [admin] AnnotationDocumentExporter - Exported annotation document content for user [INITIAL_CAS] for source document [SIM_cds.conllu](16) in project [BG_CHILDES_TB](0)
2026-02-19 16:52:55 INFO [admin] DocumentImportExportServiceImpl - Exported annotations [SIM_cs.conllu](17) for user [INITIAL_CAS] from project [BG_CHILDES_TB](0) using format [conllu]
2026-02-19 16:52:55 INFO [admin] AnnotationDocumentExporter - Exported annotation document content for user [INITIAL_CAS] for source document [SIM_cs.conllu](17) in project [BG_CHILDES_TB](0)
2026-02-19 16:52:55 INFO [admin] DocumentImportExportServiceImpl - Exported annotations [TEF_cds.conllu](18) for user [INITIAL_CAS] from project [BG_CHILDES_TB](0) using format [conllu]
2026-02-19 16:52:55 INFO [admin] AnnotationDocumentExporter - Exported annotation document content for user [INITIAL_CAS] for source document [TEF_cds.conllu](18) in project [BG_CHILDES_TB](0)
2026-02-19 16:52:55 INFO [admin] DocumentImportExportServiceImpl - Exported annotations [TEF_cds.conllu](18) for user [ivelina] from project [BG_CHILDES_TB](0) using format [conllu]
2026-02-19 16:52:55 INFO [admin] AnnotationDocumentExporter - Exported annotation document content for user [ivelina] for source document [TEF_cds.conllu](18) in project [BG_CHILDES_TB](0)
2026-02-19 16:52:55 INFO [admin] DocumentImportExportServiceImpl - Exported annotations [TEF_cs.conllu](19) for user [INITIAL_CAS] from project [BG_CHILDES_TB](0) using format [conllu]
2026-02-19 16:52:55 INFO [admin] AnnotationDocumentExporter - Exported annotation document content for user [INITIAL_CAS] for source document [TEF_cs.conllu](19) in project [BG_CHILDES_TB](0)
2026-02-19 16:52:55 INFO [admin] DocumentImportExportServiceImpl - Exported annotations [TEF_cs.conllu](19) for user [ivelina] from project [BG_CHILDES_TB](0) using format [conllu]
2026-02-19 16:52:55 INFO [admin] AnnotationDocumentExporter - Exported annotation document content for user [ivelina] for source document [TEF_cs.conllu](19) in project [BG_CHILDES_TB](0)
2026-02-19 16:52:55 INFO [admin] DocumentImportExportServiceImpl - Exported annotations [UD_relations_example_for_each.conllu](20) for user [INITIAL_CAS] from project [BG_CHILDES_TB](0) using format [conllu]
2026-02-19 16:52:55 INFO [admin] AnnotationDocumentExporter - Exported annotation document content for user [INITIAL_CAS] for source document [UD_relations_example_for_each.conllu](20) in project [BG_CHILDES_TB](0)
2026-02-19 16:52:55 INFO [admin] DocumentImportExportServiceImpl - Exported annotations [UD_relations_example_for_each.conllu](20) for user [mila] from project [BG_CHILDES_TB](0) using format [conllu]
2026-02-19 16:52:55 INFO [admin] AnnotationDocumentExporter - Exported annotation document content for user [mila] for source document [UD_relations_example_for_each.conllu](20) in project [BG_CHILDES_TB](0)
2026-02-20 11:48:54 INFO [admin] AnnotationSchemaServiceImpl - Upgraded CAS of user [yasena] for document [ALE_cs.conllu](11) in project [BG_CHILDES_TB](0)
2026-02-20 14:20:31 INFO [admin] AnnotationSchemaServiceImpl - Upgraded CAS of user [mila] for document [BOG_cds.conllu](12) in project [BG_CHILDES_TB](0)
2026-02-20 14:20:41 INFO [admin] AnnotationSchemaServiceImpl - Upgraded CAS of user [yasena] for document [ALE_cs.conllu](11) in project [BG_CHILDES_TB](0)
2026-02-20 23:01:35 INFO [admin] DocumentServiceImpl - Created annotation document [tsvetina@SIM_cs.conllu](17) in project [BG_CHILDES_TB](0)
2026-02-20 23:01:35 INFO [admin] AnnotationSchemaServiceImpl - Upgraded CAS of user [tsvetina] for document [SIM_cs.conllu](17) in project [BG_CHILDES_TB](0)
2026-02-21 00:57:11 INFO [admin] AnnotationSchemaServiceImpl - Upgraded CAS of user [tsvetina] for document [SIM_cs.conllu](17) in project [BG_CHILDES_TB](0)
2026-02-22 06:29:51 INFO [admin] AnnotationSchemaServiceImpl - Upgraded CAS of user [yasena] for document [ALE_cs.conllu](11) in project [BG_CHILDES_TB](0)
2026-02-22 10:40:09 INFO [admin] AnnotationSchemaServiceImpl - Upgraded CAS of user [ivelina] for document [TEF_cs.conllu](19) in project [BG_CHILDES_TB](0)
2026-02-22 11:05:48 INFO [admin] DocumentServiceImpl - Created annotation document [ivelina@SIM_cds.conllu](18) in project [BG_CHILDES_TB](0)
2026-02-22 11:05:48 INFO [admin] DocumentServiceImpl - Created annotation document [ivelina@SIM_cs.conllu](19) in project [BG_CHILDES_TB](0)
2026-02-22 11:05:48 INFO [admin] DocumentServiceImpl - Created annotation document [ivelina@ALE_cds.conllu](20) in project [BG_CHILDES_TB](0)
2026-02-22 11:05:48 INFO [admin] DocumentServiceImpl - Created annotation document [ivelina@ALE_cs.conllu](21) in project [BG_CHILDES_TB](0)
2026-02-22 11:05:48 INFO [admin] DocumentServiceImpl - Created annotation document [ivelina@BOG_cds.conllu](22) in project [BG_CHILDES_TB](0)
2026-02-22 11:05:48 INFO [admin] DocumentServiceImpl - Created annotation document [ivelina@BOG_cs.conllu](23) in project [BG_CHILDES_TB](0)
2026-02-22 11:05:48 INFO [admin] DocumentServiceImpl - Created annotation document [ivelina@ELI_cds.conllu](24) in project [BG_CHILDES_TB](0)
2026-02-22 11:06:20 INFO [admin] AnnotationSchemaServiceImpl - Upgraded CAS of user [ivelina] for document [ALE_cds.conllu](10) in project [BG_CHILDES_TB](0)
2026-02-22 11:06:45 INFO [admin] AnnotationSchemaServiceImpl - Upgraded CAS of user [ivelina] for document [TEF_cs.conllu](19) in project [BG_CHILDES_TB](0)
2026-02-22 11:55:01 INFO [admin] AnnotationSchemaServiceImpl - Upgraded CAS of user [yasena] for document [ALE_cs.conllu](11) in project [BG_CHILDES_TB](0)
2026-02-22 11:56:36 INFO [admin] AnnotationSchemaServiceImpl - Upgraded CAS of user [ivelina] for document [TEF_cs.conllu](19) in project [BG_CHILDES_TB](0)
2026-02-22 12:22:25 INFO [admin] DocumentServiceImpl - Created annotation document [yoana@BOG_cds.conllu](25) in project [BG_CHILDES_TB](0)
2026-02-22 12:22:25 INFO [admin] AnnotationSchemaServiceImpl - Upgraded CAS of user [yoana] for document [BOG_cds.conllu](12) in project [BG_CHILDES_TB](0)
2026-02-22 13:51:43 INFO [admin] AnnotationSchemaServiceImpl - Upgraded CAS of user [yasena] for document [ALE_cs.conllu](11) in project [BG_CHILDES_TB](0)
2026-02-22 14:40:43 INFO [admin] AnnotationSchemaServiceImpl - Upgraded CAS of user [yasena] for document [BOG_cds.conllu](12) in project [BG_CHILDES_TB](0)
2026-02-22 14:40:56 INFO [admin] AnnotationSchemaServiceImpl - Upgraded CAS of user [yasena] for document [ALE_cds.conllu](10) in project [BG_CHILDES_TB](0)
2026-02-22 15:52:56 INFO [admin] AnnotationSchemaServiceImpl - Upgraded CAS of user [ivelina] for document [TEF_cds.conllu](18) in project [BG_CHILDES_TB](0)
2026-02-22 19:43:59 INFO [admin] AnnotationSchemaServiceImpl - Upgraded CAS of user [tsvetina] for document [SIM_cs.conllu](17) in project [BG_CHILDES_TB](0)
2026-02-22 19:44:39 INFO [admin] AnnotationSchemaServiceImpl - Upgraded CAS of user [tsvetina] for document [SIM_cs.conllu](17) in project [BG_CHILDES_TB](0)
2026-02-22 20:59:34 INFO [admin] AnnotationSchemaServiceImpl - Upgraded CAS of user [ivelina] for document [TEF_cds.conllu](18) in project [BG_CHILDES_TB](0)
2026-02-22 23:26:53 INFO [admin] AnnotationSchemaServiceImpl - Upgraded CAS of user [tsvetina] for document [SIM_cs.conllu](17) in project [BG_CHILDES_TB](0)
2026-02-23 04:57:15 INFO [admin] AnnotationSchemaServiceImpl - Upgraded CAS of user [yasena] for document [ALE_cds.conllu](10) in project [BG_CHILDES_TB](0)
2026-02-23 06:24:38 INFO [admin] AnnotationSchemaServiceImpl - Upgraded CAS of user [yasena] for document [ALE_cds.conllu](10) in project [BG_CHILDES_TB](0)
2026-02-23 08:58:54 INFO [admin] AnnotationSchemaServiceImpl - Upgraded CAS of user [ivelina] for document [TEF_cds.conllu](18) in project [BG_CHILDES_TB](0)
2026-02-23 09:19:57 INFO [admin] DocumentServiceImpl - Created annotation document [mila@ALE_cds.conllu](26) in project [BG_CHILDES_TB](0)
2026-02-23 09:19:57 INFO [admin] AnnotationSchemaServiceImpl - Upgraded CAS of user [mila] for document [ALE_cds.conllu](10) in project [BG_CHILDES_TB](0)
2026-02-23 09:20:09 INFO [admin] AnnotationSchemaServiceImpl - Upgraded CAS of user [mila] for document [ALE_cs.conllu](11) in project [BG_CHILDES_TB](0)
2026-02-23 09:23:25 INFO [admin] AnnotationSchemaServiceImpl - Upgraded CAS of user [yasena] for document [ALE_cs.conllu](11) in project [BG_CHILDES_TB](0)
2026-02-23 09:24:40 INFO [admin] AnnotationSchemaServiceImpl - Upgraded CAS of user [yasena] for document [ALE_cds.conllu](10) in project [BG_CHILDES_TB](0)
2026-02-23 09:25:40 INFO [admin] ProjectPermissionsExporter - Exported [9] permissions for project [BG_CHILDES_TB]
2026-02-23 09:25:40 INFO [admin] DocumentRepositoryExporter - Exported [0] document repositories for project [BG_CHILDES_TB]
2026-02-23 09:25:40 INFO [admin] KnowledgeBaseExporter - Exported [0] knowledge bases for project [BG_CHILDES_TB]
2026-02-23 09:25:41 INFO [admin] LayerExporter - Exported [10] layers for project [BG_CHILDES_TB]
2026-02-23 09:25:41 INFO [admin] TagSetExporter - Exported [23] tagsets for project [BG_CHILDES_TB]
2026-02-23 09:25:41 INFO [admin] DocumentImportExportServiceImpl - Exported annotations [BOG_cds.conllu](12) for user [CURATION_USER] from project [BG_CHILDES_TB](0) using format [conllu]
2026-02-23 09:25:41 INFO [admin] CurationWorkflowExporter - Exported curation workflow settings for project [BG_CHILDES_TB](0)
2026-02-23 09:25:41 INFO [admin] SourceDocumentExporter - Exported content for source document [10] in project [BG_CHILDES_TB] with id [0]
2026-02-23 09:25:41 INFO [admin] SourceDocumentExporter - Exported content for source document [11] in project [BG_CHILDES_TB] with id [0]
2026-02-23 09:25:41 INFO [admin] SourceDocumentExporter - Exported content for source document [12] in project [BG_CHILDES_TB] with id [0]
2026-02-23 09:25:41 INFO [admin] SourceDocumentExporter - Exported content for source document [13] in project [BG_CHILDES_TB] with id [0]
2026-02-23 09:25:41 INFO [admin] SourceDocumentExporter - Exported content for source document [14] in project [BG_CHILDES_TB] with id [0]
2026-02-23 09:25:41 INFO [admin] SourceDocumentExporter - Exported content for source document [15] in project [BG_CHILDES_TB] with id [0]
2026-02-23 09:25:41 INFO [admin] SourceDocumentExporter - Exported content for source document [16] in project [BG_CHILDES_TB] with id [0]
2026-02-23 09:25:41 INFO [admin] SourceDocumentExporter - Exported content for source document [17] in project [BG_CHILDES_TB] with id [0]
2026-02-23 09:25:41 INFO [admin] SourceDocumentExporter - Exported content for source document [18] in project [BG_CHILDES_TB] with id [0]
2026-02-23 09:25:41 INFO [admin] SourceDocumentExporter - Exported content for source document [19] in project [BG_CHILDES_TB] with id [0]
2026-02-23 09:25:41 INFO [admin] SourceDocumentExporter - Exported content for source document [20] in project [BG_CHILDES_TB] with id [0]
2026-02-23 09:25:41 INFO [admin] LoggedEventExporter - Exported [1921] logged events for project [BG_CHILDES_TB]
2026-02-23 09:25:41 INFO [admin] LoggedEventExporter - Skipped [59] logged events for [10] documents no longer existing
2026-02-23 09:25:41 INFO [admin] DefaultProjectPreferencesExporter - Exported [0] default preferences for project [BG_CHILDES_TB]
2026-02-23 09:25:41 INFO [admin] UserProjectPreferencesExporter - Exported [7] user preferences for project [BG_CHILDES_TB]
2026-02-23 09:25:41 INFO [admin] GazeteerExporter - Exported [0] gazeteers for project [BG_CHILDES_TB]
2026-02-23 09:25:41 INFO [admin] WorkloadManagerExporter - Exported workload manager for project [BG_CHILDES_TB]
2026-02-23 09:25:41 INFO [admin] RecommenderExporter - Exported [0] recommenders for project [BG_CHILDES_TB]
2026-02-23 09:25:41 INFO [admin] DocumentImportExportServiceImpl - Exported annotations [ALE_cds.conllu](10) for user [INITIAL_CAS] from project [BG_CHILDES_TB](0) using format [conllu]
2026-02-23 09:25:41 INFO [admin] AnnotationDocumentExporter - Exported annotation document content for user [INITIAL_CAS] for source document [ALE_cds.conllu](10) in project [BG_CHILDES_TB](0)
2026-02-23 09:25:41 INFO [admin] DocumentImportExportServiceImpl - Exported annotations [ALE_cds.conllu](10) for user [ivelina] from project [BG_CHILDES_TB](0) using format [conllu]
2026-02-23 09:25:41 INFO [admin] AnnotationDocumentExporter - Exported annotation document content for user [ivelina] for source document [ALE_cds.conllu](10) in project [BG_CHILDES_TB](0)
2026-02-23 09:25:41 INFO [admin] DocumentImportExportServiceImpl - Exported annotations [ALE_cds.conllu](10) for user [mila] from project [BG_CHILDES_TB](0) using format [conllu]
2026-02-23 09:25:41 INFO [admin] AnnotationDocumentExporter - Exported annotation document content for user [mila] for source document [ALE_cds.conllu](10) in project [BG_CHILDES_TB](0)
2026-02-23 09:25:41 INFO [admin] DocumentImportExportServiceImpl - Exported annotations [ALE_cds.conllu](10) for user [yasena] from project [BG_CHILDES_TB](0) using format [conllu]
2026-02-23 09:25:41 INFO [admin] AnnotationDocumentExporter - Exported annotation document content for user [yasena] for source document [ALE_cds.conllu](10) in project [BG_CHILDES_TB](0)
2026-02-23 09:25:41 INFO [admin] DocumentImportExportServiceImpl - Exported annotations [ALE_cs.conllu](11) for user [INITIAL_CAS] from project [BG_CHILDES_TB](0) using format [conllu]
2026-02-23 09:25:41 INFO [admin] AnnotationDocumentExporter - Exported annotation document content for user [INITIAL_CAS] for source document [ALE_cs.conllu](11) in project [BG_CHILDES_TB](0)
2026-02-23 09:25:41 INFO [admin] DocumentImportExportServiceImpl - Exported annotations [ALE_cs.conllu](11) for user [admin] from project [BG_CHILDES_TB](0) using format [conllu]
2026-02-23 09:25:41 INFO [admin] AnnotationDocumentExporter - Exported annotation document content for user [admin] for source document [ALE_cs.conllu](11) in project [BG_CHILDES_TB](0)
2026-02-23 09:25:41 INFO [admin] DocumentImportExportServiceImpl - Exported annotations [ALE_cs.conllu](11) for user [mila] from project [BG_CHILDES_TB](0) using format [conllu]
2026-02-23 09:25:41 INFO [admin] AnnotationDocumentExporter - Exported annotation document content for user [mila] for source document [ALE_cs.conllu](11) in project [BG_CHILDES_TB](0)
2026-02-23 09:25:41 INFO [admin] DocumentImportExportServiceImpl - Exported annotations [ALE_cs.conllu](11) for user [ivelina] from project [BG_CHILDES_TB](0) using format [conllu]
2026-02-23 09:25:41 INFO [admin] AnnotationDocumentExporter - Exported annotation document content for user [ivelina] for source document [ALE_cs.conllu](11) in project [BG_CHILDES_TB](0)
2026-02-23 09:25:41 INFO [admin] DocumentImportExportServiceImpl - Exported annotations [ALE_cs.conllu](11) for user [yasena] from project [BG_CHILDES_TB](0) using format [conllu]
2026-02-23 09:25:41 INFO [admin] AnnotationDocumentExporter - Exported annotation document content for user [yasena] for source document [ALE_cs.conllu](11) in project [BG_CHILDES_TB](0)
2026-02-23 09:25:41 INFO [admin] DocumentImportExportServiceImpl - Exported annotations [BOG_cds.conllu](12) for user [INITIAL_CAS] from project [BG_CHILDES_TB](0) using format [conllu]
2026-02-23 09:25:41 INFO [admin] AnnotationDocumentExporter - Exported annotation document content for user [INITIAL_CAS] for source document [BOG_cds.conllu](12) in project [BG_CHILDES_TB](0)
2026-02-23 09:25:41 INFO [admin] DocumentImportExportServiceImpl - Exported annotations [BOG_cds.conllu](12) for user [admin] from project [BG_CHILDES_TB](0) using format [conllu]
2026-02-23 09:25:41 INFO [admin] AnnotationDocumentExporter - Exported annotation document content for user [admin] for source document [BOG_cds.conllu](12) in project [BG_CHILDES_TB](0)
2026-02-23 09:25:41 INFO [admin] DocumentImportExportServiceImpl - Exported annotations [BOG_cds.conllu](12) for user [yasena] from project [BG_CHILDES_TB](0) using format [conllu]
2026-02-23 09:25:41 INFO [admin] AnnotationDocumentExporter - Exported annotation document content for user [yasena] for source document [BOG_cds.conllu](12) in project [BG_CHILDES_TB](0)
2026-02-23 09:25:41 INFO [admin] DocumentImportExportServiceImpl - Exported annotations [BOG_cds.conllu](12) for user [mila] from project [BG_CHILDES_TB](0) using format [conllu]
2026-02-23 09:25:41 INFO [admin] AnnotationDocumentExporter - Exported annotation document content for user [mila] for source document [BOG_cds.conllu](12) in project [BG_CHILDES_TB](0)
2026-02-23 09:25:41 INFO [admin] DocumentImportExportServiceImpl - Exported annotations [BOG_cds.conllu](12) for user [ivelina] from project [BG_CHILDES_TB](0) using format [conllu]
2026-02-23 09:25:41 INFO [admin] AnnotationDocumentExporter - Exported annotation document content for user [ivelina] for source document [BOG_cds.conllu](12) in project [BG_CHILDES_TB](0)
2026-02-23 09:25:41 INFO [admin] DocumentImportExportServiceImpl - Exported annotations [BOG_cds.conllu](12) for user [yoana] from project [BG_CHILDES_TB](0) using format [conllu]
2026-02-23 09:25:41 INFO [admin] AnnotationDocumentExporter - Exported annotation document content for user [yoana] for source document [BOG_cds.conllu](12) in project [BG_CHILDES_TB](0)
2026-02-23 09:25:41 INFO [admin] DocumentImportExportServiceImpl - Exported annotations [BOG_cs.conllu](13) for user [INITIAL_CAS] from project [BG_CHILDES_TB](0) using format [conllu]
2026-02-23 09:25:41 INFO [admin] AnnotationDocumentExporter - Exported annotation document content for user [INITIAL_CAS] for source document [BOG_cs.conllu](13) in project [BG_CHILDES_TB](0)
2026-02-23 09:25:41 INFO [admin] DocumentImportExportServiceImpl - Exported annotations [BOG_cs.conllu](13) for user [mila] from project [BG_CHILDES_TB](0) using format [conllu]
2026-02-23 09:25:41 INFO [admin] AnnotationDocumentExporter - Exported annotation document content for user [mila] for source document [BOG_cs.conllu](13) in project [BG_CHILDES_TB](0)
2026-02-23 09:25:41 INFO [admin] DocumentImportExportServiceImpl - Exported annotations [BOG_cs.conllu](13) for user [ivelina] from project [BG_CHILDES_TB](0) using format [conllu]
2026-02-23 09:25:41 INFO [admin] AnnotationDocumentExporter - Exported annotation document content for user [ivelina] for source document [BOG_cs.conllu](13) in project [BG_CHILDES_TB](0)
2026-02-23 09:25:41 INFO [admin] DocumentImportExportServiceImpl - Exported annotations [ELI_cds.conllu](14) for user [INITIAL_CAS] from project [BG_CHILDES_TB](0) using format [conllu]
2026-02-23 09:25:41 INFO [admin] AnnotationDocumentExporter - Exported annotation document content for user [INITIAL_CAS] for source document [ELI_cds.conllu](14) in project [BG_CHILDES_TB](0)
2026-02-23 09:25:41 INFO [admin] DocumentImportExportServiceImpl - Exported annotations [ELI_cds.conllu](14) for user [ivelina] from project [BG_CHILDES_TB](0) using format [conllu]
2026-02-23 09:25:41 INFO [admin] AnnotationDocumentExporter - Exported annotation document content for user [ivelina] for source document [ELI_cds.conllu](14) in project [BG_CHILDES_TB](0)
2026-02-23 09:25:41 INFO [admin] DocumentImportExportServiceImpl - Exported annotations [ELI_cs.conllu](15) for user [INITIAL_CAS] from project [BG_CHILDES_TB](0) using format [conllu]
2026-02-23 09:25:41 INFO [admin] AnnotationDocumentExporter - Exported annotation document content for user [INITIAL_CAS] for source document [ELI_cs.conllu](15) in project [BG_CHILDES_TB](0)
2026-02-23 09:25:42 INFO [admin] DocumentImportExportServiceImpl - Exported annotations [ELI_cs.conllu](15) for user [tsvetelina] from project [BG_CHILDES_TB](0) using format [conllu]
2026-02-23 09:25:42 INFO [admin] AnnotationDocumentExporter - Exported annotation document content for user [tsvetelina] for source document [ELI_cs.conllu](15) in project [BG_CHILDES_TB](0)
2026-02-23 09:25:42 INFO [admin] DocumentImportExportServiceImpl - Exported annotations [SIM_cds.conllu](16) for user [INITIAL_CAS] from project [BG_CHILDES_TB](0) using format [conllu]
2026-02-23 09:25:42 INFO [admin] AnnotationDocumentExporter - Exported annotation document content for user [INITIAL_CAS] for source document [SIM_cds.conllu](16) in project [BG_CHILDES_TB](0)
2026-02-23 09:25:42 INFO [admin] DocumentImportExportServiceImpl - Exported annotations [SIM_cds.conllu](16) for user [ivelina] from project [BG_CHILDES_TB](0) using format [conllu]
2026-02-23 09:25:42 INFO [admin] AnnotationDocumentExporter - Exported annotation document content for user [ivelina] for source document [SIM_cds.conllu](16) in project [BG_CHILDES_TB](0)
2026-02-23 09:25:42 INFO [admin] DocumentImportExportServiceImpl - Exported annotations [SIM_cs.conllu](17) for user [INITIAL_CAS] from project [BG_CHILDES_TB](0) using format [conllu]
2026-02-23 09:25:42 INFO [admin] AnnotationDocumentExporter - Exported annotation document content for user [INITIAL_CAS] for source document [SIM_cs.conllu](17) in project [BG_CHILDES_TB](0)
2026-02-23 09:25:42 INFO [admin] DocumentImportExportServiceImpl - Exported annotations [SIM_cs.conllu](17) for user [ivelina] from project [BG_CHILDES_TB](0) using format [conllu]
2026-02-23 09:25:42 INFO [admin] AnnotationDocumentExporter - Exported annotation document content for user [ivelina] for source document [SIM_cs.conllu](17) in project [BG_CHILDES_TB](0)
2026-02-23 09:25:42 INFO [admin] DocumentImportExportServiceImpl - Exported annotations [SIM_cs.conllu](17) for user [tsvetina] from project [BG_CHILDES_TB](0) using format [conllu]
2026-02-23 09:25:42 INFO [admin] AnnotationDocumentExporter - Exported annotation document content for user [tsvetina] for source document [SIM_cs.conllu](17) in project [BG_CHILDES_TB](0)
2026-02-23 09:25:42 INFO [admin] DocumentImportExportServiceImpl - Exported annotations [TEF_cds.conllu](18) for user [INITIAL_CAS] from project [BG_CHILDES_TB](0) using format [conllu]
2026-02-23 09:25:42 INFO [admin] AnnotationDocumentExporter - Exported annotation document content for user [INITIAL_CAS] for source document [TEF_cds.conllu](18) in project [BG_CHILDES_TB](0)
2026-02-23 09:25:42 INFO [admin] DocumentImportExportServiceImpl - Exported annotations [TEF_cds.conllu](18) for user [ivelina] from project [BG_CHILDES_TB](0) using format [conllu]
2026-02-23 09:25:42 INFO [admin] AnnotationDocumentExporter - Exported annotation document content for user [ivelina] for source document [TEF_cds.conllu](18) in project [BG_CHILDES_TB](0)
2026-02-23 09:25:42 INFO [admin] DocumentImportExportServiceImpl - Exported annotations [TEF_cs.conllu](19) for user [INITIAL_CAS] from project [BG_CHILDES_TB](0) using format [conllu]
2026-02-23 09:25:42 INFO [admin] AnnotationDocumentExporter - Exported annotation document content for user [INITIAL_CAS] for source document [TEF_cs.conllu](19) in project [BG_CHILDES_TB](0)
2026-02-23 09:25:42 INFO [admin] DocumentImportExportServiceImpl - Exported annotations [TEF_cs.conllu](19) for user [ivelina] from project [BG_CHILDES_TB](0) using format [conllu]
2026-02-23 09:25:42 INFO [admin] AnnotationDocumentExporter - Exported annotation document content for user [ivelina] for source document [TEF_cs.conllu](19) in project [BG_CHILDES_TB](0)
2026-02-23 09:25:42 INFO [admin] DocumentImportExportServiceImpl - Exported annotations [UD_relations_example_for_each.conllu](20) for user [INITIAL_CAS] from project [BG_CHILDES_TB](0) using format [conllu]
2026-02-23 09:25:42 INFO [admin] AnnotationDocumentExporter - Exported annotation document content for user [INITIAL_CAS] for source document [UD_relations_example_for_each.conllu](20) in project [BG_CHILDES_TB](0)
2026-02-23 09:25:42 INFO [admin] DocumentImportExportServiceImpl - Exported annotations [UD_relations_example_for_each.conllu](20) for user [mila] from project [BG_CHILDES_TB](0) using format [conllu]
2026-02-23 09:25:42 INFO [admin] AnnotationDocumentExporter - Exported annotation document content for user [mila] for source document [UD_relations_example_for_each.conllu](20) in project [BG_CHILDES_TB](0)
2026-02-23 09:28:07 INFO [admin] AnnotationSchemaServiceImpl - Upgraded CAS of user [mila] for document [BOG_cds.conllu](12) in project [BG_CHILDES_TB](0)
2026-02-23 10:02:01 INFO [admin] AnnotationSchemaServiceImpl - Upgraded CAS of user [mila] for document [BOG_cds.conllu](12) in project [BG_CHILDES_TB](0)
2026-02-23 11:13:24 INFO [admin] AnnotationSchemaServiceImpl - Upgraded CAS of user [yasena] for document [ALE_cds.conllu](10) in project [BG_CHILDES_TB](0)
2026-02-23 11:25:43 INFO [admin] AnnotationSchemaServiceImpl - Upgraded CAS of user [mila] for document [ALE_cds.conllu](10) in project [BG_CHILDES_TB](0)
2026-02-23 12:15:54 INFO [admin] AnnotationSchemaServiceImpl - Upgraded CAS of user [yoana] for document [BOG_cds.conllu](12) in project [BG_CHILDES_TB](0)
2026-02-23 12:33:33 INFO [admin] AnnotationSchemaServiceImpl - Upgraded CAS of user [yasena] for document [BOG_cds.conllu](12) in project [BG_CHILDES_TB](0)
2026-02-23 12:34:18 INFO [admin] AnnotationSchemaServiceImpl - Upgraded CAS of user [yasena] for document [ALE_cds.conllu](10) in project [BG_CHILDES_TB](0)
2026-02-23 12:34:36 INFO [admin] AnnotationSchemaServiceImpl - Upgraded CAS of user [yasena] for document [ALE_cds.conllu](10) in project [BG_CHILDES_TB](0)
2026-02-23 12:36:02 INFO [admin] AnnotationSchemaServiceImpl - Upgraded CAS of user [yasena] for document [BOG_cds.conllu](12) in project [BG_CHILDES_TB](0)
2026-02-23 12:36:18 INFO [admin] AnnotationSchemaServiceImpl - Upgraded CAS of user [yasena] for document [ALE_cs.conllu](11) in project [BG_CHILDES_TB](0)
2026-02-23 12:36:31 INFO [admin] AnnotationSchemaServiceImpl - Upgraded CAS of user [yasena] for document [ALE_cds.conllu](10) in project [BG_CHILDES_TB](0)
2026-02-23 13:53:39 INFO [admin] AnnotationSchemaServiceImpl - Upgraded CAS of user [mila] for document [ALE_cds.conllu](10) in project [BG_CHILDES_TB](0)
2026-02-23 14:10:01 INFO [admin] AnnotationSchemaServiceImpl - Upgraded CAS of user [mila] for document [ALE_cds.conllu](10) in project [BG_CHILDES_TB](0)
2026-02-23 18:44:26 INFO [admin] AnnotationSchemaServiceImpl - Upgraded CAS of user [ivelina] for document [TEF_cds.conllu](18) in project [BG_CHILDES_TB](0)
2026-02-23 20:43:22 INFO [admin] AnnotationSchemaServiceImpl - Upgraded CAS of user [ivelina] for document [TEF_cds.conllu](18) in project [BG_CHILDES_TB](0)
2026-02-24 00:09:42 INFO [admin] AnnotationSchemaServiceImpl - Upgraded CAS of user [yoana] for document [BOG_cds.conllu](12) in project [BG_CHILDES_TB](0)
2026-02-24 05:16:03 INFO [admin] AnnotationSchemaServiceImpl - Upgraded CAS of user [yasena] for document [ALE_cds.conllu](10) in project [BG_CHILDES_TB](0)
2026-02-24 06:00:59 INFO [admin] AnnotationSchemaServiceImpl - Upgraded CAS of user [ivelina] for document [TEF_cds.conllu](18) in project [BG_CHILDES_TB](0)
2026-02-24 06:27:22 INFO [admin] AnnotationSchemaServiceImpl - Upgraded CAS of user [yasena] for document [ALE_cs.conllu](11) in project [BG_CHILDES_TB](0)
2026-02-24 06:27:43 INFO [admin] AnnotationSchemaServiceImpl - Upgraded CAS of user [yasena] for document [ALE_cds.conllu](10) in project [BG_CHILDES_TB](0)
2026-02-24 06:39:46 INFO [admin] AnnotationSchemaServiceImpl - Upgraded CAS of user [yasena] for document [ALE_cs.conllu](11) in project [BG_CHILDES_TB](0)
2026-02-24 06:41:33 INFO [admin] AnnotationSchemaServiceImpl - Upgraded CAS of user [yasena] for document [ALE_cds.conllu](10) in project [BG_CHILDES_TB](0)
2026-02-24 07:27:52 INFO [admin] AnnotationSchemaServiceImpl - Upgraded CAS of user [yasena] for document [ALE_cs.conllu](11) in project [BG_CHILDES_TB](0)
2026-02-24 08:46:40 INFO [admin] AnnotationSchemaServiceImpl - Upgraded CAS of user [tsvetina] for document [SIM_cs.conllu](17) in project [BG_CHILDES_TB](0)
2026-02-24 09:58:27 INFO [admin] AnnotationSchemaServiceImpl - Upgraded CAS of user [ivelina] for document [TEF_cds.conllu](18) in project [BG_CHILDES_TB](0)
2026-02-24 10:53:23 INFO [admin] ProjectPermissionsExporter - Exported [9] permissions for project [BG_CHILDES_TB]
2026-02-24 10:53:23 INFO [admin] DocumentRepositoryExporter - Exported [0] document repositories for project [BG_CHILDES_TB]
2026-02-24 10:53:23 INFO [admin] KnowledgeBaseExporter - Exported [0] knowledge bases for project [BG_CHILDES_TB]
2026-02-24 10:53:23 INFO [admin] LayerExporter - Exported [10] layers for project [BG_CHILDES_TB]
2026-02-24 10:53:23 INFO [admin] TagSetExporter - Exported [23] tagsets for project [BG_CHILDES_TB]
2026-02-24 10:53:23 INFO [admin] DocumentImportExportServiceImpl - Exported annotations [BOG_cds.conllu](12) for user [CURATION_USER] from project [BG_CHILDES_TB](0) using format [conllu]
2026-02-24 10:53:23 INFO [admin] CurationWorkflowExporter - Exported curation workflow settings for project [BG_CHILDES_TB](0)
2026-02-24 10:53:23 INFO [admin] SourceDocumentExporter - Exported content for source document [10] in project [BG_CHILDES_TB] with id [0]
2026-02-24 10:53:23 INFO [admin] SourceDocumentExporter - Exported content for source document [11] in project [BG_CHILDES_TB] with id [0]
2026-02-24 10:53:23 INFO [admin] SourceDocumentExporter - Exported content for source document [12] in project [BG_CHILDES_TB] with id [0]
2026-02-24 10:53:23 INFO [admin] SourceDocumentExporter - Exported content for source document [13] in project [BG_CHILDES_TB] with id [0]
2026-02-24 10:53:23 INFO [admin] SourceDocumentExporter - Exported content for source document [14] in project [BG_CHILDES_TB] with id [0]
2026-02-24 10:53:23 INFO [admin] SourceDocumentExporter - Exported content for source document [15] in project [BG_CHILDES_TB] with id [0]
2026-02-24 10:53:23 INFO [admin] SourceDocumentExporter - Exported content for source document [16] in project [BG_CHILDES_TB] with id [0]
2026-02-24 10:53:23 INFO [admin] SourceDocumentExporter - Exported content for source document [17] in project [BG_CHILDES_TB] with id [0]
2026-02-24 10:53:23 INFO [admin] SourceDocumentExporter - Exported content for source document [18] in project [BG_CHILDES_TB] with id [0]
2026-02-24 10:53:23 INFO [admin] SourceDocumentExporter - Exported content for source document [19] in project [BG_CHILDES_TB] with id [0]
2026-02-24 10:53:23 INFO [admin] SourceDocumentExporter - Exported content for source document [20] in project [BG_CHILDES_TB] with id [0]
2026-02-24 10:53:23 INFO [admin] LoggedEventExporter - Exported [3385] logged events for project [BG_CHILDES_TB]
2026-02-24 10:53:23 INFO [admin] LoggedEventExporter - Skipped [59] logged events for [10] documents no longer existing
2026-02-24 10:53:23 INFO [admin] DefaultProjectPreferencesExporter - Exported [0] default preferences for project [BG_CHILDES_TB]
2026-02-24 10:53:23 INFO [admin] UserProjectPreferencesExporter - Exported [7] user preferences for project [BG_CHILDES_TB]
2026-02-24 10:53:23 INFO [admin] GazeteerExporter - Exported [0] gazeteers for project [BG_CHILDES_TB]
2026-02-24 10:53:23 INFO [admin] WorkloadManagerExporter - Exported workload manager for project [BG_CHILDES_TB]
2026-02-24 10:53:23 INFO [admin] RecommenderExporter - Exported [0] recommenders for project [BG_CHILDES_TB]
2026-02-24 10:53:23 INFO [admin] DocumentImportExportServiceImpl - Exported annotations [ALE_cds.conllu](10) for user [INITIAL_CAS] from project [BG_CHILDES_TB](0) using format [conllu]
2026-02-24 10:53:23 INFO [admin] AnnotationDocumentExporter - Exported annotation document content for user [INITIAL_CAS] for source document [ALE_cds.conllu](10) in project [BG_CHILDES_TB](0)
2026-02-24 10:53:23 INFO [admin] DocumentImportExportServiceImpl - Exported annotations [ALE_cds.conllu](10) for user [ivelina] from project [BG_CHILDES_TB](0) using format [conllu]
2026-02-24 10:53:23 INFO [admin] AnnotationDocumentExporter - Exported annotation document content for user [ivelina] for source document [ALE_cds.conllu](10) in project [BG_CHILDES_TB](0)
2026-02-24 10:53:23 INFO [admin] DocumentImportExportServiceImpl - Exported annotations [ALE_cds.conllu](10) for user [mila] from project [BG_CHILDES_TB](0) using format [conllu]
2026-02-24 10:53:23 INFO [admin] AnnotationDocumentExporter - Exported annotation document content for user [mila] for source document [ALE_cds.conllu](10) in project [BG_CHILDES_TB](0)
2026-02-24 10:53:23 INFO [admin] DocumentImportExportServiceImpl - Exported annotations [ALE_cds.conllu](10) for user [yasena] from project [BG_CHILDES_TB](0) using format [conllu]
2026-02-24 10:53:23 INFO [admin] AnnotationDocumentExporter - Exported annotation document content for user [yasena] for source document [ALE_cds.conllu](10) in project [BG_CHILDES_TB](0)
2026-02-24 10:53:23 INFO [admin] DocumentImportExportServiceImpl - Exported annotations [ALE_cs.conllu](11) for user [INITIAL_CAS] from project [BG_CHILDES_TB](0) using format [conllu]
2026-02-24 10:53:23 INFO [admin] AnnotationDocumentExporter - Exported annotation document content for user [INITIAL_CAS] for source document [ALE_cs.conllu](11) in project [BG_CHILDES_TB](0)
2026-02-24 10:53:23 INFO [admin] DocumentImportExportServiceImpl - Exported annotations [ALE_cs.conllu](11) for user [admin] from project [BG_CHILDES_TB](0) using format [conllu]
2026-02-24 10:53:23 INFO [admin] AnnotationDocumentExporter - Exported annotation document content for user [admin] for source document [ALE_cs.conllu](11) in project [BG_CHILDES_TB](0)
2026-02-24 10:53:23 INFO [admin] DocumentImportExportServiceImpl - Exported annotations [ALE_cs.conllu](11) for user [mila] from project [BG_CHILDES_TB](0) using format [conllu]
2026-02-24 10:53:23 INFO [admin] AnnotationDocumentExporter - Exported annotation document content for user [mila] for source document [ALE_cs.conllu](11) in project [BG_CHILDES_TB](0)
2026-02-24 10:53:23 INFO [admin] DocumentImportExportServiceImpl - Exported annotations [ALE_cs.conllu](11) for user [ivelina] from project [BG_CHILDES_TB](0) using format [conllu]
2026-02-24 10:53:23 INFO [admin] AnnotationDocumentExporter - Exported annotation document content for user [ivelina] for source document [ALE_cs.conllu](11) in project [BG_CHILDES_TB](0)
2026-02-24 10:53:23 INFO [admin] DocumentImportExportServiceImpl - Exported annotations [ALE_cs.conllu](11) for user [yasena] from project [BG_CHILDES_TB](0) using format [conllu]
2026-02-24 10:53:23 INFO [admin] AnnotationDocumentExporter - Exported annotation document content for user [yasena] for source document [ALE_cs.conllu](11) in project [BG_CHILDES_TB](0)
2026-02-24 10:53:23 INFO [admin] DocumentImportExportServiceImpl - Exported annotations [BOG_cds.conllu](12) for user [INITIAL_CAS] from project [BG_CHILDES_TB](0) using format [conllu]
2026-02-24 10:53:23 INFO [admin] AnnotationDocumentExporter - Exported annotation document content for user [INITIAL_CAS] for source document [BOG_cds.conllu](12) in project [BG_CHILDES_TB](0)
2026-02-24 10:53:23 INFO [admin] DocumentImportExportServiceImpl - Exported annotations [BOG_cds.conllu](12) for user [admin] from project [BG_CHILDES_TB](0) using format [conllu]
2026-02-24 10:53:23 INFO [admin] AnnotationDocumentExporter - Exported annotation document content for user [admin] for source document [BOG_cds.conllu](12) in project [BG_CHILDES_TB](0)
2026-02-24 10:53:23 INFO [admin] DocumentImportExportServiceImpl - Exported annotations [BOG_cds.conllu](12) for user [yasena] from project [BG_CHILDES_TB](0) using format [conllu]
2026-02-24 10:53:23 INFO [admin] AnnotationDocumentExporter - Exported annotation document content for user [yasena] for source document [BOG_cds.conllu](12) in project [BG_CHILDES_TB](0)
2026-02-24 10:53:23 INFO [admin] DocumentImportExportServiceImpl - Exported annotations [BOG_cds.conllu](12) for user [ivelina] from project [BG_CHILDES_TB](0) using format [conllu]
2026-02-24 10:53:23 INFO [admin] AnnotationDocumentExporter - Exported annotation document content for user [ivelina] for source document [BOG_cds.conllu](12) in project [BG_CHILDES_TB](0)
2026-02-24 10:53:23 INFO [admin] DocumentImportExportServiceImpl - Exported annotations [BOG_cds.conllu](12) for user [mila] from project [BG_CHILDES_TB](0) using format [conllu]
2026-02-24 10:53:23 INFO [admin] AnnotationDocumentExporter - Exported annotation document content for user [mila] for source document [BOG_cds.conllu](12) in project [BG_CHILDES_TB](0)
2026-02-24 10:53:23 INFO [admin] DocumentImportExportServiceImpl - Exported annotations [BOG_cds.conllu](12) for user [yoana] from project [BG_CHILDES_TB](0) using format [conllu]
2026-02-24 10:53:23 INFO [admin] AnnotationDocumentExporter - Exported annotation document content for user [yoana] for source document [BOG_cds.conllu](12) in project [BG_CHILDES_TB](0)
2026-02-24 10:53:23 INFO [admin] DocumentImportExportServiceImpl - Exported annotations [BOG_cs.conllu](13) for user [INITIAL_CAS] from project [BG_CHILDES_TB](0) using format [conllu]
2026-02-24 10:53:23 INFO [admin] AnnotationDocumentExporter - Exported annotation document content for user [INITIAL_CAS] for source document [BOG_cs.conllu](13) in project [BG_CHILDES_TB](0)
2026-02-24 10:53:23 INFO [admin] DocumentImportExportServiceImpl - Exported annotations [BOG_cs.conllu](13) for user [mila] from project [BG_CHILDES_TB](0) using format [conllu]
2026-02-24 10:53:23 INFO [admin] AnnotationDocumentExporter - Exported annotation document content for user [mila] for source document [BOG_cs.conllu](13) in project [BG_CHILDES_TB](0)
2026-02-24 10:53:23 INFO [admin] DocumentImportExportServiceImpl - Exported annotations [BOG_cs.conllu](13) for user [ivelina] from project [BG_CHILDES_TB](0) using format [conllu]
2026-02-24 10:53:23 INFO [admin] AnnotationDocumentExporter - Exported annotation document content for user [ivelina] for source document [BOG_cs.conllu](13) in project [BG_CHILDES_TB](0)
2026-02-24 10:53:24 INFO [admin] DocumentImportExportServiceImpl - Exported annotations [ELI_cds.conllu](14) for user [INITIAL_CAS] from project [BG_CHILDES_TB](0) using format [conllu]
2026-02-24 10:53:24 INFO [admin] AnnotationDocumentExporter - Exported annotation document content for user [INITIAL_CAS] for source document [ELI_cds.conllu](14) in project [BG_CHILDES_TB](0)
2026-02-24 10:53:24 INFO [admin] DocumentImportExportServiceImpl - Exported annotations [ELI_cds.conllu](14) for user [ivelina] from project [BG_CHILDES_TB](0) using format [conllu]
2026-02-24 10:53:24 INFO [admin] AnnotationDocumentExporter - Exported annotation document content for user [ivelina] for source document [ELI_cds.conllu](14) in project [BG_CHILDES_TB](0)
2026-02-24 10:53:24 INFO [admin] DocumentImportExportServiceImpl - Exported annotations [ELI_cs.conllu](15) for user [INITIAL_CAS] from project [BG_CHILDES_TB](0) using format [conllu]
2026-02-24 10:53:24 INFO [admin] AnnotationDocumentExporter - Exported annotation document content for user [INITIAL_CAS] for source document [ELI_cs.conllu](15) in project [BG_CHILDES_TB](0)
2026-02-24 10:53:24 INFO [admin] DocumentImportExportServiceImpl - Exported annotations [ELI_cs.conllu](15) for user [tsvetelina] from project [BG_CHILDES_TB](0) using format [conllu]
2026-02-24 10:53:24 INFO [admin] AnnotationDocumentExporter - Exported annotation document content for user [tsvetelina] for source document [ELI_cs.conllu](15) in project [BG_CHILDES_TB](0)
2026-02-24 10:53:24 INFO [admin] DocumentImportExportServiceImpl - Exported annotations [SIM_cds.conllu](16) for user [INITIAL_CAS] from project [BG_CHILDES_TB](0) using format [conllu]
2026-02-24 10:53:24 INFO [admin] AnnotationDocumentExporter - Exported annotation document content for user [INITIAL_CAS] for source document [SIM_cds.conllu](16) in project [BG_CHILDES_TB](0)
2026-02-24 10:53:24 INFO [admin] DocumentImportExportServiceImpl - Exported annotations [SIM_cds.conllu](16) for user [ivelina] from project [BG_CHILDES_TB](0) using format [conllu]
2026-02-24 10:53:24 INFO [admin] AnnotationDocumentExporter - Exported annotation document content for user [ivelina] for source document [SIM_cds.conllu](16) in project [BG_CHILDES_TB](0)
2026-02-24 10:53:24 INFO [admin] DocumentImportExportServiceImpl - Exported annotations [SIM_cs.conllu](17) for user [INITIAL_CAS] from project [BG_CHILDES_TB](0) using format [conllu]
2026-02-24 10:53:24 INFO [admin] AnnotationDocumentExporter - Exported annotation document content for user [INITIAL_CAS] for source document [SIM_cs.conllu](17) in project [BG_CHILDES_TB](0)
2026-02-24 10:53:24 INFO [admin] DocumentImportExportServiceImpl - Exported annotations [SIM_cs.conllu](17) for user [ivelina] from project [BG_CHILDES_TB](0) using format [conllu]
2026-02-24 10:53:24 INFO [admin] AnnotationDocumentExporter - Exported annotation document content for user [ivelina] for source document [SIM_cs.conllu](17) in project [BG_CHILDES_TB](0)
2026-02-24 10:53:24 INFO [admin] DocumentImportExportServiceImpl - Exported annotations [SIM_cs.conllu](17) for user [tsvetina] from project [BG_CHILDES_TB](0) using format [conllu]
2026-02-24 10:53:24 INFO [admin] AnnotationDocumentExporter - Exported annotation document content for user [tsvetina] for source document [SIM_cs.conllu](17) in project [BG_CHILDES_TB](0)
2026-02-24 10:53:24 INFO [admin] DocumentImportExportServiceImpl - Exported annotations [TEF_cds.conllu](18) for user [INITIAL_CAS] from project [BG_CHILDES_TB](0) using format [conllu]
2026-02-24 10:53:24 INFO [admin] AnnotationDocumentExporter - Exported annotation document content for user [INITIAL_CAS] for source document [TEF_cds.conllu](18) in project [BG_CHILDES_TB](0)
2026-02-24 10:53:25 INFO [admin] DocumentImportExportServiceImpl - Exported annotations [TEF_cds.conllu](18) for user [ivelina] from project [BG_CHILDES_TB](0) using format [conllu]
2026-02-24 10:53:25 INFO [admin] AnnotationDocumentExporter - Exported annotation document content for user [ivelina] for source document [TEF_cds.conllu](18) in project [BG_CHILDES_TB](0)
2026-02-24 10:53:25 INFO [admin] DocumentImportExportServiceImpl - Exported annotations [TEF_cs.conllu](19) for user [INITIAL_CAS] from project [BG_CHILDES_TB](0) using format [conllu]
2026-02-24 10:53:25 INFO [admin] AnnotationDocumentExporter - Exported annotation document content for user [INITIAL_CAS] for source document [TEF_cs.conllu](19) in project [BG_CHILDES_TB](0)
2026-02-24 10:53:25 INFO [admin] DocumentImportExportServiceImpl - Exported annotations [TEF_cs.conllu](19) for user [ivelina] from project [BG_CHILDES_TB](0) using format [conllu]
2026-02-24 10:53:25 INFO [admin] AnnotationDocumentExporter - Exported annotation document content for user [ivelina] for source document [TEF_cs.conllu](19) in project [BG_CHILDES_TB](0)
2026-02-24 10:53:25 INFO [admin] DocumentImportExportServiceImpl - Exported annotations [UD_relations_example_for_each.conllu](20) for user [INITIAL_CAS] from project [BG_CHILDES_TB](0) using format [conllu]
2026-02-24 10:53:25 INFO [admin] AnnotationDocumentExporter - Exported annotation document content for user [INITIAL_CAS] for source document [UD_relations_example_for_each.conllu](20) in project [BG_CHILDES_TB](0)
2026-02-24 10:53:25 INFO [admin] DocumentImportExportServiceImpl - Exported annotations [UD_relations_example_for_each.conllu](20) for user [mila] from project [BG_CHILDES_TB](0) using format [conllu]
2026-02-24 10:53:25 INFO [admin] AnnotationDocumentExporter - Exported annotation document content for user [mila] for source document [UD_relations_example_for_each.conllu](20) in project [BG_CHILDES_TB](0)
2026-02-24 10:54:41 INFO [admin] AnnotationSchemaServiceImpl - Upgraded CAS of user [mila] for document [ALE_cds.conllu](10) in project [BG_CHILDES_TB](0)
2026-02-24 10:55:01 INFO [admin] DocumentServiceImpl - Created annotation document [mila@SIM_cds.conllu](27) in project [BG_CHILDES_TB](0)
2026-02-24 10:55:01 INFO [admin] AnnotationSchemaServiceImpl - Upgraded CAS of user [mila] for document [SIM_cds.conllu](16) in project [BG_CHILDES_TB](0)
2026-02-24 12:35:52 INFO [admin] AnnotationSchemaServiceImpl - Upgraded CAS of user [tsvetina] for document [SIM_cs.conllu](17) in project [BG_CHILDES_TB](0)
2026-02-24 13:58:05 INFO [admin] AnnotationSchemaServiceImpl - Upgraded CAS of user [mila] for document [SIM_cds.conllu](16) in project [BG_CHILDES_TB](0)
2026-02-24 14:11:30 INFO [admin] AnnotationSchemaServiceImpl - Upgraded CAS of user [yoana] for document [BOG_cds.conllu](12) in project [BG_CHILDES_TB](0)
2026-02-24 15:04:50 INFO [admin] DocumentServiceImpl - Created annotation document [yoana@ALE_cs.conllu](28) in project [BG_CHILDES_TB](0)
2026-02-24 15:04:50 INFO [admin] AnnotationSchemaServiceImpl - Upgraded CAS of user [yoana] for document [ALE_cs.conllu](11) in project [BG_CHILDES_TB](0)
2026-02-24 15:05:24 INFO [admin] AnnotationSchemaServiceImpl - Upgraded CAS of user [yoana] for document [BOG_cds.conllu](12) in project [BG_CHILDES_TB](0)
2026-02-24 16:20:32 INFO [admin] DocumentServiceImpl - Created annotation document [mila@SIM_cs.conllu](29) in project [BG_CHILDES_TB](0)
2026-02-24 16:20:32 INFO [admin] AnnotationSchemaServiceImpl - Upgraded CAS of user [mila] for document [SIM_cs.conllu](17) in project [BG_CHILDES_TB](0)
2026-02-24 16:23:40 INFO [admin] AnnotationSchemaServiceImpl - Upgraded CAS of user [mila] for document [SIM_cds.conllu](16) in project [BG_CHILDES_TB](0)
2026-02-24 16:33:01 INFO [admin] DocumentImportExportServiceImpl - Exported annotations [BOG_cds.conllu](12) for user [yoana] from project [BG_CHILDES_TB](0) using format [conll2000]
2026-02-24 16:48:27 INFO [admin] AnnotationSchemaServiceImpl - Upgraded CAS of user [tsvetelina] for document [ELI_cs.conllu](15) in project [BG_CHILDES_TB](0)
2026-02-24 17:14:25 INFO [admin] DocumentServiceImpl - Created annotation document [mila@ELI_cds.conllu](30) in project [BG_CHILDES_TB](0)
2026-02-24 17:14:25 INFO [admin] AnnotationSchemaServiceImpl - Upgraded CAS of user [mila] for document [ELI_cds.conllu](14) in project [BG_CHILDES_TB](0)
2026-02-24 19:23:19 INFO [admin] AnnotationSchemaServiceImpl - Upgraded CAS of user [tsvetelina] for document [ELI_cs.conllu](15) in project [BG_CHILDES_TB](0)
2026-02-24 20:14:41 INFO [admin] AnnotationSchemaServiceImpl - Upgraded CAS of user [ivelina] for document [TEF_cds.conllu](18) in project [BG_CHILDES_TB](0)
2026-02-24 20:14:47 INFO [admin] AnnotationSchemaServiceImpl - Upgraded CAS of user [mila] for document [ELI_cds.conllu](14) in project [BG_CHILDES_TB](0)
2026-02-24 21:37:37 INFO [admin] AnnotationSchemaServiceImpl - Upgraded CAS of user [ivelina] for document [TEF_cds.conllu](18) in project [BG_CHILDES_TB](0)
2026-02-24 21:44:02 INFO [admin] ProjectPermissionsExporter - Exported [9] permissions for project [BG_CHILDES_TB]
2026-02-24 21:44:02 INFO [admin] DocumentRepositoryExporter - Exported [0] document repositories for project [BG_CHILDES_TB]
2026-02-24 21:44:02 INFO [admin] KnowledgeBaseExporter - Exported [0] knowledge bases for project [BG_CHILDES_TB]
2026-02-24 21:44:02 INFO [admin] LayerExporter - Exported [10] layers for project [BG_CHILDES_TB]
2026-02-24 21:44:02 INFO [admin] TagSetExporter - Exported [23] tagsets for project [BG_CHILDES_TB]
2026-02-24 21:44:02 INFO [admin] DocumentImportExportServiceImpl - Exported annotations [BOG_cds.conllu](12) for user [CURATION_USER] from project [BG_CHILDES_TB](0) using format [conllu]
2026-02-24 21:44:02 INFO [admin] CurationWorkflowExporter - Exported curation workflow settings for project [BG_CHILDES_TB](0)
2026-02-24 21:44:02 INFO [admin] SourceDocumentExporter - Exported content for source document [10] in project [BG_CHILDES_TB] with id [0]
2026-02-24 21:44:02 INFO [admin] SourceDocumentExporter - Exported content for source document [11] in project [BG_CHILDES_TB] with id [0]
2026-02-24 21:44:02 INFO [admin] SourceDocumentExporter - Exported content for source document [12] in project [BG_CHILDES_TB] with id [0]
2026-02-24 21:44:02 INFO [admin] SourceDocumentExporter - Exported content for source document [13] in project [BG_CHILDES_TB] with id [0]
2026-02-24 21:44:02 INFO [admin] SourceDocumentExporter - Exported content for source document [14] in project [BG_CHILDES_TB] with id [0]
2026-02-24 21:44:02 INFO [admin] SourceDocumentExporter - Exported content for source document [15] in project [BG_CHILDES_TB] with id [0]
2026-02-24 21:44:02 INFO [admin] SourceDocumentExporter - Exported content for source document [16] in project [BG_CHILDES_TB] with id [0]
2026-02-24 21:44:02 INFO [admin] SourceDocumentExporter - Exported content for source document [17] in project [BG_CHILDES_TB] with id [0]
2026-02-24 21:44:02 INFO [admin] SourceDocumentExporter - Exported content for source document [18] in project [BG_CHILDES_TB] with id [0]
2026-02-24 21:44:02 INFO [admin] SourceDocumentExporter - Exported content for source document [19] in project [BG_CHILDES_TB] with id [0]
2026-02-24 21:44:02 INFO [admin] SourceDocumentExporter - Exported content for source document [20] in project [BG_CHILDES_TB] with id [0]
2026-02-24 21:44:02 INFO [admin] LoggedEventExporter - Exported [5361] logged events for project [BG_CHILDES_TB]
2026-02-24 21:44:02 INFO [admin] LoggedEventExporter - Skipped [59] logged events for [10] documents no longer existing
2026-02-24 21:44:02 INFO [admin] DefaultProjectPreferencesExporter - Exported [0] default preferences for project [BG_CHILDES_TB]
2026-02-24 21:44:02 INFO [admin] UserProjectPreferencesExporter - Exported [7] user preferences for project [BG_CHILDES_TB]
2026-02-24 21:44:02 INFO [admin] GazeteerExporter - Exported [0] gazeteers for project [BG_CHILDES_TB]
2026-02-24 21:44:02 INFO [admin] WorkloadManagerExporter - Exported workload manager for project [BG_CHILDES_TB]
2026-02-24 21:44:02 INFO [admin] RecommenderExporter - Exported [0] recommenders for project [BG_CHILDES_TB]
2026-02-24 21:44:02 INFO [admin] DocumentImportExportServiceImpl - Exported annotations [ALE_cds.conllu](10) for user [INITIAL_CAS] from project [BG_CHILDES_TB](0) using format [conllu]
2026-02-24 21:44:02 INFO [admin] AnnotationDocumentExporter - Exported annotation document content for user [INITIAL_CAS] for source document [ALE_cds.conllu](10) in project [BG_CHILDES_TB](0)
2026-02-24 21:44:02 INFO [admin] DocumentImportExportServiceImpl - Exported annotations [ALE_cds.conllu](10) for user [ivelina] from project [BG_CHILDES_TB](0) using format [conllu]
2026-02-24 21:44:02 INFO [admin] AnnotationDocumentExporter - Exported annotation document content for user [ivelina] for source document [ALE_cds.conllu](10) in project [BG_CHILDES_TB](0)
2026-02-24 21:44:02 INFO [admin] DocumentImportExportServiceImpl - Exported annotations [ALE_cds.conllu](10) for user [mila] from project [BG_CHILDES_TB](0) using format [conllu]
2026-02-24 21:44:02 INFO [admin] AnnotationDocumentExporter - Exported annotation document content for user [mila] for source document [ALE_cds.conllu](10) in project [BG_CHILDES_TB](0)
2026-02-24 21:44:02 INFO [admin] DocumentImportExportServiceImpl - Exported annotations [ALE_cds.conllu](10) for user [yasena] from project [BG_CHILDES_TB](0) using format [conllu]
2026-02-24 21:44:02 INFO [admin] AnnotationDocumentExporter - Exported annotation document content for user [yasena] for source document [ALE_cds.conllu](10) in project [BG_CHILDES_TB](0)
2026-02-24 21:44:03 INFO [admin] DocumentImportExportServiceImpl - Exported annotations [ALE_cs.conllu](11) for user [INITIAL_CAS] from project [BG_CHILDES_TB](0) using format [conllu]
2026-02-24 21:44:03 INFO [admin] AnnotationDocumentExporter - Exported annotation document content for user [INITIAL_CAS] for source document [ALE_cs.conllu](11) in project [BG_CHILDES_TB](0)
2026-02-24 21:44:03 INFO [admin] DocumentImportExportServiceImpl - Exported annotations [ALE_cs.conllu](11) for user [admin] from project [BG_CHILDES_TB](0) using format [conllu]
2026-02-24 21:44:03 INFO [admin] AnnotationDocumentExporter - Exported annotation document content for user [admin] for source document [ALE_cs.conllu](11) in project [BG_CHILDES_TB](0)
2026-02-24 21:44:03 INFO [admin] DocumentImportExportServiceImpl - Exported annotations [ALE_cs.conllu](11) for user [mila] from project [BG_CHILDES_TB](0) using format [conllu]
2026-02-24 21:44:03 INFO [admin] AnnotationDocumentExporter - Exported annotation document content for user [mila] for source document [ALE_cs.conllu](11) in project [BG_CHILDES_TB](0)
2026-02-24 21:44:03 INFO [admin] DocumentImportExportServiceImpl - Exported annotations [ALE_cs.conllu](11) for user [ivelina] from project [BG_CHILDES_TB](0) using format [conllu]
2026-02-24 21:44:03 INFO [admin] AnnotationDocumentExporter - Exported annotation document content for user [ivelina] for source document [ALE_cs.conllu](11) in project [BG_CHILDES_TB](0)
2026-02-24 21:44:03 INFO [admin] DocumentImportExportServiceImpl - Exported annotations [ALE_cs.conllu](11) for user [yasena] from project [BG_CHILDES_TB](0) using format [conllu]
2026-02-24 21:44:03 INFO [admin] AnnotationDocumentExporter - Exported annotation document content for user [yasena] for source document [ALE_cs.conllu](11) in project [BG_CHILDES_TB](0)
2026-02-24 21:44:03 INFO [admin] DocumentImportExportServiceImpl - Exported annotations [ALE_cs.conllu](11) for user [yoana] from project [BG_CHILDES_TB](0) using format [conllu]
2026-02-24 21:44:03 INFO [admin] AnnotationDocumentExporter - Exported annotation document content for user [yoana] for source document [ALE_cs.conllu](11) in project [BG_CHILDES_TB](0)
2026-02-24 21:44:03 INFO [admin] DocumentImportExportServiceImpl - Exported annotations [BOG_cds.conllu](12) for user [INITIAL_CAS] from project [BG_CHILDES_TB](0) using format [conllu]
2026-02-24 21:44:03 INFO [admin] AnnotationDocumentExporter - Exported annotation document content for user [INITIAL_CAS] for source document [BOG_cds.conllu](12) in project [BG_CHILDES_TB](0)
2026-02-24 21:44:03 INFO [admin] DocumentImportExportServiceImpl - Exported annotations [BOG_cds.conllu](12) for user [admin] from project [BG_CHILDES_TB](0) using format [conllu]
2026-02-24 21:44:03 INFO [admin] AnnotationDocumentExporter - Exported annotation document content for user [admin] for source document [BOG_cds.conllu](12) in project [BG_CHILDES_TB](0)
2026-02-24 21:44:03 INFO [admin] DocumentImportExportServiceImpl - Exported annotations [BOG_cds.conllu](12) for user [yasena] from project [BG_CHILDES_TB](0) using format [conllu]
2026-02-24 21:44:03 INFO [admin] AnnotationDocumentExporter - Exported annotation document content for user [yasena] for source document [BOG_cds.conllu](12) in project [BG_CHILDES_TB](0)
2026-02-24 21:44:03 INFO [admin] DocumentImportExportServiceImpl - Exported annotations [BOG_cds.conllu](12) for user [ivelina] from project [BG_CHILDES_TB](0) using format [conllu]
2026-02-24 21:44:03 INFO [admin] AnnotationDocumentExporter - Exported annotation document content for user [ivelina] for source document [BOG_cds.conllu](12) in project [BG_CHILDES_TB](0)
2026-02-24 21:44:03 INFO [admin] DocumentImportExportServiceImpl - Exported annotations [BOG_cds.conllu](12) for user [mila] from project [BG_CHILDES_TB](0) using format [conllu]
2026-02-24 21:44:03 INFO [admin] AnnotationDocumentExporter - Exported annotation document content for user [mila] for source document [BOG_cds.conllu](12) in project [BG_CHILDES_TB](0)
2026-02-24 21:44:03 INFO [admin] DocumentImportExportServiceImpl - Exported annotations [BOG_cds.conllu](12) for user [yoana] from project [BG_CHILDES_TB](0) using format [conllu]
2026-02-24 21:44:03 INFO [admin] AnnotationDocumentExporter - Exported annotation document content for user [yoana] for source document [BOG_cds.conllu](12) in project [BG_CHILDES_TB](0)
2026-02-24 21:44:03 INFO [admin] DocumentImportExportServiceImpl - Exported annotations [BOG_cs.conllu](13) for user [INITIAL_CAS] from project [BG_CHILDES_TB](0) using format [conllu]
2026-02-24 21:44:03 INFO [admin] AnnotationDocumentExporter - Exported annotation document content for user [INITIAL_CAS] for source document [BOG_cs.conllu](13) in project [BG_CHILDES_TB](0)
2026-02-24 21:44:03 INFO [admin] DocumentImportExportServiceImpl - Exported annotations [BOG_cs.conllu](13) for user [mila] from project [BG_CHILDES_TB](0) using format [conllu]
2026-02-24 21:44:03 INFO [admin] AnnotationDocumentExporter - Exported annotation document content for user [mila] for source document [BOG_cs.conllu](13) in project [BG_CHILDES_TB](0)
2026-02-24 21:44:03 INFO [admin] DocumentImportExportServiceImpl - Exported annotations [BOG_cs.conllu](13) for user [ivelina] from project [BG_CHILDES_TB](0) using format [conllu]
2026-02-24 21:44:03 INFO [admin] AnnotationDocumentExporter - Exported annotation document content for user [ivelina] for source document [BOG_cs.conllu](13) in project [BG_CHILDES_TB](0)
2026-02-24 21:44:03 INFO [admin] DocumentImportExportServiceImpl - Exported annotations [ELI_cds.conllu](14) for user [INITIAL_CAS] from project [BG_CHILDES_TB](0) using format [conllu]
2026-02-24 21:44:03 INFO [admin] AnnotationDocumentExporter - Exported annotation document content for user [INITIAL_CAS] for source document [ELI_cds.conllu](14) in project [BG_CHILDES_TB](0)
2026-02-24 21:44:03 INFO [admin] DocumentImportExportServiceImpl - Exported annotations [ELI_cds.conllu](14) for user [ivelina] from project [BG_CHILDES_TB](0) using format [conllu]
2026-02-24 21:44:03 INFO [admin] AnnotationDocumentExporter - Exported annotation document content for user [ivelina] for source document [ELI_cds.conllu](14) in project [BG_CHILDES_TB](0)
2026-02-24 21:44:03 INFO [admin] DocumentImportExportServiceImpl - Exported annotations [ELI_cds.conllu](14) for user [mila] from project [BG_CHILDES_TB](0) using format [conllu]
2026-02-24 21:44:03 INFO [admin] AnnotationDocumentExporter - Exported annotation document content for user [mila] for source document [ELI_cds.conllu](14) in project [BG_CHILDES_TB](0)
2026-02-24 21:44:03 INFO [admin] DocumentImportExportServiceImpl - Exported annotations [ELI_cs.conllu](15) for user [INITIAL_CAS] from project [BG_CHILDES_TB](0) using format [conllu]
2026-02-24 21:44:03 INFO [admin] AnnotationDocumentExporter - Exported annotation document content for user [INITIAL_CAS] for source document [ELI_cs.conllu](15) in project [BG_CHILDES_TB](0)
2026-02-24 21:44:03 INFO [admin] DocumentImportExportServiceImpl - Exported annotations [ELI_cs.conllu](15) for user [tsvetelina] from project [BG_CHILDES_TB](0) using format [conllu]
2026-02-24 21:44:03 INFO [admin] AnnotationDocumentExporter - Exported annotation document content for user [tsvetelina] for source document [ELI_cs.conllu](15) in project [BG_CHILDES_TB](0)
2026-02-24 21:44:03 INFO [admin] DocumentImportExportServiceImpl - Exported annotations [SIM_cds.conllu](16) for user [INITIAL_CAS] from project [BG_CHILDES_TB](0) using format [conllu]
2026-02-24 21:44:03 INFO [admin] AnnotationDocumentExporter - Exported annotation document content for user [INITIAL_CAS] for source document [SIM_cds.conllu](16) in project [BG_CHILDES_TB](0)
2026-02-24 21:44:03 INFO [admin] DocumentImportExportServiceImpl - Exported annotations [SIM_cds.conllu](16) for user [ivelina] from project [BG_CHILDES_TB](0) using format [conllu]
2026-02-24 21:44:03 INFO [admin] AnnotationDocumentExporter - Exported annotation document content for user [ivelina] for source document [SIM_cds.conllu](16) in project [BG_CHILDES_TB](0)
2026-02-24 21:44:04 INFO [admin] DocumentImportExportServiceImpl - Exported annotations [SIM_cds.conllu](16) for user [mila] from project [BG_CHILDES_TB](0) using format [conllu]
2026-02-24 21:44:04 INFO [admin] AnnotationDocumentExporter - Exported annotation document content for user [mila] for source document [SIM_cds.conllu](16) in project [BG_CHILDES_TB](0)
2026-02-24 21:44:04 INFO [admin] DocumentImportExportServiceImpl - Exported annotations [SIM_cs.conllu](17) for user [INITIAL_CAS] from project [BG_CHILDES_TB](0) using format [conllu]
2026-02-24 21:44:04 INFO [admin] AnnotationDocumentExporter - Exported annotation document content for user [INITIAL_CAS] for source document [SIM_cs.conllu](17) in project [BG_CHILDES_TB](0)
2026-02-24 21:44:04 INFO [admin] DocumentImportExportServiceImpl - Exported annotations [SIM_cs.conllu](17) for user [ivelina] from project [BG_CHILDES_TB](0) using format [conllu]
2026-02-24 21:44:04 INFO [admin] AnnotationDocumentExporter - Exported annotation document content for user [ivelina] for source document [SIM_cs.conllu](17) in project [BG_CHILDES_TB](0)
2026-02-24 21:44:04 INFO [admin] DocumentImportExportServiceImpl - Exported annotations [SIM_cs.conllu](17) for user [tsvetina] from project [BG_CHILDES_TB](0) using format [conllu]
2026-02-24 21:44:04 INFO [admin] AnnotationDocumentExporter - Exported annotation document content for user [tsvetina] for source document [SIM_cs.conllu](17) in project [BG_CHILDES_TB](0)
2026-02-24 21:44:04 INFO [admin] DocumentImportExportServiceImpl - Exported annotations [SIM_cs.conllu](17) for user [mila] from project [BG_CHILDES_TB](0) using format [conllu]
2026-02-24 21:44:04 INFO [admin] AnnotationDocumentExporter - Exported annotation document content for user [mila] for source document [SIM_cs.conllu](17) in project [BG_CHILDES_TB](0)
2026-02-24 21:44:04 INFO [admin] DocumentImportExportServiceImpl - Exported annotations [TEF_cds.conllu](18) for user [INITIAL_CAS] from project [BG_CHILDES_TB](0) using format [conllu]
2026-02-24 21:44:04 INFO [admin] AnnotationDocumentExporter - Exported annotation document content for user [INITIAL_CAS] for source document [TEF_cds.conllu](18) in project [BG_CHILDES_TB](0)
2026-02-24 21:44:04 INFO [admin] DocumentImportExportServiceImpl - Exported annotations [TEF_cds.conllu](18) for user [ivelina] from project [BG_CHILDES_TB](0) using format [conllu]
2026-02-24 21:44:04 INFO [admin] AnnotationDocumentExporter - Exported annotation document content for user [ivelina] for source document [TEF_cds.conllu](18) in project [BG_CHILDES_TB](0)
2026-02-24 21:44:04 INFO [admin] DocumentImportExportServiceImpl - Exported annotations [TEF_cs.conllu](19) for user [INITIAL_CAS] from project [BG_CHILDES_TB](0) using format [conllu]
2026-02-24 21:44:04 INFO [admin] AnnotationDocumentExporter - Exported annotation document content for user [INITIAL_CAS] for source document [TEF_cs.conllu](19) in project [BG_CHILDES_TB](0)
2026-02-24 21:44:04 INFO [admin] DocumentImportExportServiceImpl - Exported annotations [TEF_cs.conllu](19) for user [ivelina] from project [BG_CHILDES_TB](0) using format [conllu]
2026-02-24 21:44:04 INFO [admin] AnnotationDocumentExporter - Exported annotation document content for user [ivelina] for source document [TEF_cs.conllu](19) in project [BG_CHILDES_TB](0)
2026-02-24 21:44:04 INFO [admin] DocumentImportExportServiceImpl - Exported annotations [UD_relations_example_for_each.conllu](20) for user [INITIAL_CAS] from project [BG_CHILDES_TB](0) using format [conllu]
2026-02-24 21:44:04 INFO [admin] AnnotationDocumentExporter - Exported annotation document content for user [INITIAL_CAS] for source document [UD_relations_example_for_each.conllu](20) in project [BG_CHILDES_TB](0)
2026-02-24 21:44:04 INFO [admin] DocumentImportExportServiceImpl - Exported annotations [UD_relations_example_for_each.conllu](20) for user [mila] from project [BG_CHILDES_TB](0) using format [conllu]
2026-02-24 21:44:04 INFO [admin] AnnotationDocumentExporter - Exported annotation document content for user [mila] for source document [UD_relations_example_for_each.conllu](20) in project [BG_CHILDES_TB](0)
2026-02-25 06:59:38 INFO [admin] AnnotationSchemaServiceImpl - Upgraded CAS of user [tsvetina] for document [SIM_cs.conllu](17) in project [BG_CHILDES_TB](0)
2026-02-25 08:32:55 INFO [admin] AnnotationSchemaServiceImpl - Upgraded CAS of user [ivelina] for document [TEF_cds.conllu](18) in project [BG_CHILDES_TB](0)
2026-02-25 09:19:29 INFO [admin] DocumentServiceImpl - Created annotation document [tsvetina@SIM_cds.conllu](31) in project [BG_CHILDES_TB](0)
2026-02-25 09:19:29 INFO [admin] AnnotationSchemaServiceImpl - Upgraded CAS of user [tsvetina] for document [SIM_cds.conllu](16) in project [BG_CHILDES_TB](0)
2026-02-25 09:23:09 INFO [admin] AnnotationSchemaServiceImpl - Upgraded CAS of user [mila] for document [BOG_cs.conllu](13) in project [BG_CHILDES_TB](0)
2026-02-25 10:10:14 INFO [admin] AnnotationSchemaServiceImpl - Upgraded CAS of user [mila] for document [ALE_cs.conllu](11) in project [BG_CHILDES_TB](0)
2026-02-25 12:52:33 INFO [admin] AnnotationSchemaServiceImpl - Upgraded CAS of user [ivelina] for document [TEF_cds.conllu](18) in project [BG_CHILDES_TB](0)
2026-02-25 13:31:52 INFO [admin] AnnotationSchemaServiceImpl - Upgraded CAS of user [mila] for document [ALE_cs.conllu](11) in project [BG_CHILDES_TB](0)
2026-02-25 14:10:01 INFO [admin] ProjectPermissionsExporter - Exported [9] permissions for project [BG_CHILDES_TB]
2026-02-25 14:10:01 INFO [admin] DocumentRepositoryExporter - Exported [0] document repositories for project [BG_CHILDES_TB]
2026-02-25 14:10:01 INFO [admin] KnowledgeBaseExporter - Exported [0] knowledge bases for project [BG_CHILDES_TB]
2026-02-25 14:10:01 INFO [admin] LayerExporter - Exported [10] layers for project [BG_CHILDES_TB]
2026-02-25 14:10:01 INFO [admin] TagSetExporter - Exported [23] tagsets for project [BG_CHILDES_TB]
2026-02-25 14:10:01 INFO [admin] DocumentImportExportServiceImpl - Exported annotations [BOG_cds.conllu](12) for user [CURATION_USER] from project [BG_CHILDES_TB](0) using format [conllu]
2026-02-25 14:10:01 INFO [admin] CurationWorkflowExporter - Exported curation workflow settings for project [BG_CHILDES_TB](0)
2026-02-25 14:10:01 INFO [admin] SourceDocumentExporter - Exported content for source document [10] in project [BG_CHILDES_TB] with id [0]
2026-02-25 14:10:01 INFO [admin] SourceDocumentExporter - Exported content for source document [11] in project [BG_CHILDES_TB] with id [0]
2026-02-25 14:10:01 INFO [admin] SourceDocumentExporter - Exported content for source document [12] in project [BG_CHILDES_TB] with id [0]
2026-02-25 14:10:01 INFO [admin] SourceDocumentExporter - Exported content for source document [13] in project [BG_CHILDES_TB] with id [0]
2026-02-25 14:10:01 INFO [admin] SourceDocumentExporter - Exported content for source document [14] in project [BG_CHILDES_TB] with id [0]
2026-02-25 14:10:01 INFO [admin] SourceDocumentExporter - Exported content for source document [15] in project [BG_CHILDES_TB] with id [0]
2026-02-25 14:10:01 INFO [admin] SourceDocumentExporter - Exported content for source document [16] in project [BG_CHILDES_TB] with id [0]
2026-02-25 14:10:01 INFO [admin] SourceDocumentExporter - Exported content for source document [17] in project [BG_CHILDES_TB] with id [0]
2026-02-25 14:10:01 INFO [admin] SourceDocumentExporter - Exported content for source document [18] in project [BG_CHILDES_TB] with id [0]
2026-02-25 14:10:01 INFO [admin] SourceDocumentExporter - Exported content for source document [19] in project [BG_CHILDES_TB] with id [0]
2026-02-25 14:10:01 INFO [admin] SourceDocumentExporter - Exported content for source document [20] in project [BG_CHILDES_TB] with id [0]
2026-02-25 14:10:01 INFO [admin] LoggedEventExporter - Exported [6684] logged events for project [BG_CHILDES_TB]
2026-02-25 14:10:01 INFO [admin] LoggedEventExporter - Skipped [59] logged events for [10] documents no longer existing
2026-02-25 14:10:01 INFO [admin] DefaultProjectPreferencesExporter - Exported [0] default preferences for project [BG_CHILDES_TB]
2026-02-25 14:10:01 INFO [admin] UserProjectPreferencesExporter - Exported [7] user preferences for project [BG_CHILDES_TB]
2026-02-25 14:10:01 INFO [admin] GazeteerExporter - Exported [0] gazeteers for project [BG_CHILDES_TB]
2026-02-25 14:10:01 INFO [admin] WorkloadManagerExporter - Exported workload manager for project [BG_CHILDES_TB]
2026-02-25 14:10:01 INFO [admin] RecommenderExporter - Exported [0] recommenders for project [BG_CHILDES_TB]
2026-02-25 14:10:01 INFO [admin] DocumentImportExportServiceImpl - Exported annotations [ALE_cds.conllu](10) for user [INITIAL_CAS] from project [BG_CHILDES_TB](0) using format [conllu]
2026-02-25 14:10:01 INFO [admin] AnnotationDocumentExporter - Exported annotation document content for user [INITIAL_CAS] for source document [ALE_cds.conllu](10) in project [BG_CHILDES_TB](0)
2026-02-25 14:10:01 INFO [admin] DocumentImportExportServiceImpl - Exported annotations [ALE_cds.conllu](10) for user [ivelina] from project [BG_CHILDES_TB](0) using format [conllu]
2026-02-25 14:10:01 INFO [admin] AnnotationDocumentExporter - Exported annotation document content for user [ivelina] for source document [ALE_cds.conllu](10) in project [BG_CHILDES_TB](0)
2026-02-25 14:10:01 INFO [admin] DocumentImportExportServiceImpl - Exported annotations [ALE_cds.conllu](10) for user [mila] from project [BG_CHILDES_TB](0) using format [conllu]
2026-02-25 14:10:01 INFO [admin] AnnotationDocumentExporter - Exported annotation document content for user [mila] for source document [ALE_cds.conllu](10) in project [BG_CHILDES_TB](0)
2026-02-25 14:10:01 INFO [admin] DocumentImportExportServiceImpl - Exported annotations [ALE_cds.conllu](10) for user [yasena] from project [BG_CHILDES_TB](0) using format [conllu]
2026-02-25 14:10:01 INFO [admin] AnnotationDocumentExporter - Exported annotation document content for user [yasena] for source document [ALE_cds.conllu](10) in project [BG_CHILDES_TB](0)
2026-02-25 14:10:01 INFO [admin] DocumentImportExportServiceImpl - Exported annotations [ALE_cs.conllu](11) for user [INITIAL_CAS] from project [BG_CHILDES_TB](0) using format [conllu]
2026-02-25 14:10:01 INFO [admin] AnnotationDocumentExporter - Exported annotation document content for user [INITIAL_CAS] for source document [ALE_cs.conllu](11) in project [BG_CHILDES_TB](0)
2026-02-25 14:10:01 INFO [admin] DocumentImportExportServiceImpl - Exported annotations [ALE_cs.conllu](11) for user [admin] from project [BG_CHILDES_TB](0) using format [conllu]
2026-02-25 14:10:01 INFO [admin] AnnotationDocumentExporter - Exported annotation document content for user [admin] for source document [ALE_cs.conllu](11) in project [BG_CHILDES_TB](0)
2026-02-25 14:10:01 INFO [admin] DocumentImportExportServiceImpl - Exported annotations [ALE_cs.conllu](11) for user [ivelina] from project [BG_CHILDES_TB](0) using format [conllu]
2026-02-25 14:10:01 INFO [admin] AnnotationDocumentExporter - Exported annotation document content for user [ivelina] for source document [ALE_cs.conllu](11) in project [BG_CHILDES_TB](0)
2026-02-25 14:10:01 INFO [admin] DocumentImportExportServiceImpl - Exported annotations [ALE_cs.conllu](11) for user [yasena] from project [BG_CHILDES_TB](0) using format [conllu]
2026-02-25 14:10:01 INFO [admin] AnnotationDocumentExporter - Exported annotation document content for user [yasena] for source document [ALE_cs.conllu](11) in project [BG_CHILDES_TB](0)
2026-02-25 14:10:02 INFO [admin] DocumentImportExportServiceImpl - Exported annotations [ALE_cs.conllu](11) for user [yoana] from project [BG_CHILDES_TB](0) using format [conllu]
2026-02-25 14:10:02 INFO [admin] AnnotationDocumentExporter - Exported annotation document content for user [yoana] for source document [ALE_cs.conllu](11) in project [BG_CHILDES_TB](0)
2026-02-25 14:10:02 INFO [admin] DocumentImportExportServiceImpl - Exported annotations [ALE_cs.conllu](11) for user [mila] from project [BG_CHILDES_TB](0) using format [conllu]
2026-02-25 14:10:02 INFO [admin] AnnotationDocumentExporter - Exported annotation document content for user [mila] for source document [ALE_cs.conllu](11) in project [BG_CHILDES_TB](0)
2026-02-25 14:10:02 INFO [admin] DocumentImportExportServiceImpl - Exported annotations [BOG_cds.conllu](12) for user [INITIAL_CAS] from project [BG_CHILDES_TB](0) using format [conllu]
2026-02-25 14:10:02 INFO [admin] AnnotationDocumentExporter - Exported annotation document content for user [INITIAL_CAS] for source document [BOG_cds.conllu](12) in project [BG_CHILDES_TB](0)
2026-02-25 14:10:02 INFO [admin] DocumentImportExportServiceImpl - Exported annotations [BOG_cds.conllu](12) for user [admin] from project [BG_CHILDES_TB](0) using format [conllu]
2026-02-25 14:10:02 INFO [admin] AnnotationDocumentExporter - Exported annotation document content for user [admin] for source document [BOG_cds.conllu](12) in project [BG_CHILDES_TB](0)
2026-02-25 14:10:02 INFO [admin] DocumentImportExportServiceImpl - Exported annotations [BOG_cds.conllu](12) for user [yasena] from project [BG_CHILDES_TB](0) using format [conllu]
2026-02-25 14:10:02 INFO [admin] AnnotationDocumentExporter - Exported annotation document content for user [yasena] for source document [BOG_cds.conllu](12) in project [BG_CHILDES_TB](0)
2026-02-25 14:10:02 INFO [admin] DocumentImportExportServiceImpl - Exported annotations [BOG_cds.conllu](12) for user [ivelina] from project [BG_CHILDES_TB](0) using format [conllu]
2026-02-25 14:10:02 INFO [admin] AnnotationDocumentExporter - Exported annotation document content for user [ivelina] for source document [BOG_cds.conllu](12) in project [BG_CHILDES_TB](0)
2026-02-25 14:10:02 INFO [admin] DocumentImportExportServiceImpl - Exported annotations [BOG_cds.conllu](12) for user [mila] from project [BG_CHILDES_TB](0) using format [conllu]
2026-02-25 14:10:02 INFO [admin] AnnotationDocumentExporter - Exported annotation document content for user [mila] for source document [BOG_cds.conllu](12) in project [BG_CHILDES_TB](0)
2026-02-25 14:10:02 INFO [admin] DocumentImportExportServiceImpl - Exported annotations [BOG_cds.conllu](12) for user [yoana] from project [BG_CHILDES_TB](0) using format [conllu]
2026-02-25 14:10:02 INFO [admin] AnnotationDocumentExporter - Exported annotation document content for user [yoana] for source document [BOG_cds.conllu](12) in project [BG_CHILDES_TB](0)
2026-02-25 14:10:02 INFO [admin] DocumentImportExportServiceImpl - Exported annotations [BOG_cs.conllu](13) for user [INITIAL_CAS] from project [BG_CHILDES_TB](0) using format [conllu]
2026-02-25 14:10:02 INFO [admin] AnnotationDocumentExporter - Exported annotation document content for user [INITIAL_CAS] for source document [BOG_cs.conllu](13) in project [BG_CHILDES_TB](0)
2026-02-25 14:10:02 INFO [admin] DocumentImportExportServiceImpl - Exported annotations [BOG_cs.conllu](13) for user [ivelina] from project [BG_CHILDES_TB](0) using format [conllu]
2026-02-25 14:10:02 INFO [admin] AnnotationDocumentExporter - Exported annotation document content for user [ivelina] for source document [BOG_cs.conllu](13) in project [BG_CHILDES_TB](0)
2026-02-25 14:10:02 INFO [admin] DocumentImportExportServiceImpl - Exported annotations [BOG_cs.conllu](13) for user [mila] from project [BG_CHILDES_TB](0) using format [conllu]
2026-02-25 14:10:02 INFO [admin] AnnotationDocumentExporter - Exported annotation document content for user [mila] for source document [BOG_cs.conllu](13) in project [BG_CHILDES_TB](0)
2026-02-25 14:10:02 INFO [admin] DocumentImportExportServiceImpl - Exported annotations [ELI_cds.conllu](14) for user [INITIAL_CAS] from project [BG_CHILDES_TB](0) using format [conllu]
2026-02-25 14:10:02 INFO [admin] AnnotationDocumentExporter - Exported annotation document content for user [INITIAL_CAS] for source document [ELI_cds.conllu](14) in project [BG_CHILDES_TB](0)
2026-02-25 14:10:02 INFO [admin] DocumentImportExportServiceImpl - Exported annotations [ELI_cds.conllu](14) for user [ivelina] from project [BG_CHILDES_TB](0) using format [conllu]
2026-02-25 14:10:02 INFO [admin] AnnotationDocumentExporter - Exported annotation document content for user [ivelina] for source document [ELI_cds.conllu](14) in project [BG_CHILDES_TB](0)
2026-02-25 14:10:02 INFO [admin] DocumentImportExportServiceImpl - Exported annotations [ELI_cds.conllu](14) for user [mila] from project [BG_CHILDES_TB](0) using format [conllu]
2026-02-25 14:10:02 INFO [admin] AnnotationDocumentExporter - Exported annotation document content for user [mila] for source document [ELI_cds.conllu](14) in project [BG_CHILDES_TB](0)
2026-02-25 14:10:02 INFO [admin] DocumentImportExportServiceImpl - Exported annotations [ELI_cs.conllu](15) for user [INITIAL_CAS] from project [BG_CHILDES_TB](0) using format [conllu]
2026-02-25 14:10:02 INFO [admin] AnnotationDocumentExporter - Exported annotation document content for user [INITIAL_CAS] for source document [ELI_cs.conllu](15) in project [BG_CHILDES_TB](0)
2026-02-25 14:10:02 INFO [admin] DocumentImportExportServiceImpl - Exported annotations [ELI_cs.conllu](15) for user [tsvetelina] from project [BG_CHILDES_TB](0) using format [conllu]
2026-02-25 14:10:02 INFO [admin] AnnotationDocumentExporter - Exported annotation document content for user [tsvetelina] for source document [ELI_cs.conllu](15) in project [BG_CHILDES_TB](0)
2026-02-25 14:10:02 INFO [admin] DocumentImportExportServiceImpl - Exported annotations [SIM_cds.conllu](16) for user [INITIAL_CAS] from project [BG_CHILDES_TB](0) using format [conllu]
2026-02-25 14:10:02 INFO [admin] AnnotationDocumentExporter - Exported annotation document content for user [INITIAL_CAS] for source document [SIM_cds.conllu](16) in project [BG_CHILDES_TB](0)
2026-02-25 14:10:02 INFO [admin] DocumentImportExportServiceImpl - Exported annotations [SIM_cds.conllu](16) for user [ivelina] from project [BG_CHILDES_TB](0) using format [conllu]
2026-02-25 14:10:02 INFO [admin] AnnotationDocumentExporter - Exported annotation document content for user [ivelina] for source document [SIM_cds.conllu](16) in project [BG_CHILDES_TB](0)
2026-02-25 14:10:02 INFO [admin] DocumentImportExportServiceImpl - Exported annotations [SIM_cds.conllu](16) for user [mila] from project [BG_CHILDES_TB](0) using format [conllu]
2026-02-25 14:10:02 INFO [admin] AnnotationDocumentExporter - Exported annotation document content for user [mila] for source document [SIM_cds.conllu](16) in project [BG_CHILDES_TB](0)
2026-02-25 14:10:02 INFO [admin] DocumentImportExportServiceImpl - Exported annotations [SIM_cds.conllu](16) for user [tsvetina] from project [BG_CHILDES_TB](0) using format [conllu]
2026-02-25 14:10:02 INFO [admin] AnnotationDocumentExporter - Exported annotation document content for user [tsvetina] for source document [SIM_cds.conllu](16) in project [BG_CHILDES_TB](0)
2026-02-25 14:10:03 INFO [admin] DocumentImportExportServiceImpl - Exported annotations [SIM_cs.conllu](17) for user [INITIAL_CAS] from project [BG_CHILDES_TB](0) using format [conllu]
2026-02-25 14:10:03 INFO [admin] AnnotationDocumentExporter - Exported annotation document content for user [INITIAL_CAS] for source document [SIM_cs.conllu](17) in project [BG_CHILDES_TB](0)
2026-02-25 14:10:03 INFO [admin] DocumentImportExportServiceImpl - Exported annotations [SIM_cs.conllu](17) for user [ivelina] from project [BG_CHILDES_TB](0) using format [conllu]
2026-02-25 14:10:03 INFO [admin] AnnotationDocumentExporter - Exported annotation document content for user [ivelina] for source document [SIM_cs.conllu](17) in project [BG_CHILDES_TB](0)
2026-02-25 14:10:03 INFO [admin] DocumentImportExportServiceImpl - Exported annotations [SIM_cs.conllu](17) for user [mila] from project [BG_CHILDES_TB](0) using format [conllu]
2026-02-25 14:10:03 INFO [admin] AnnotationDocumentExporter - Exported annotation document content for user [mila] for source document [SIM_cs.conllu](17) in project [BG_CHILDES_TB](0)
2026-02-25 14:10:03 INFO [admin] DocumentImportExportServiceImpl - Exported annotations [SIM_cs.conllu](17) for user [tsvetina] from project [BG_CHILDES_TB](0) using format [conllu]
2026-02-25 14:10:03 INFO [admin] AnnotationDocumentExporter - Exported annotation document content for user [tsvetina] for source document [SIM_cs.conllu](17) in project [BG_CHILDES_TB](0)
2026-02-25 14:10:03 INFO [admin] DocumentImportExportServiceImpl - Exported annotations [TEF_cds.conllu](18) for user [INITIAL_CAS] from project [BG_CHILDES_TB](0) using format [conllu]
2026-02-25 14:10:03 INFO [admin] AnnotationDocumentExporter - Exported annotation document content for user [INITIAL_CAS] for source document [TEF_cds.conllu](18) in project [BG_CHILDES_TB](0)
2026-02-25 14:10:03 INFO [admin] DocumentImportExportServiceImpl - Exported annotations [TEF_cds.conllu](18) for user [ivelina] from project [BG_CHILDES_TB](0) using format [conllu]
2026-02-25 14:10:03 INFO [admin] AnnotationDocumentExporter - Exported annotation document content for user [ivelina] for source document [TEF_cds.conllu](18) in project [BG_CHILDES_TB](0)
2026-02-25 14:10:03 INFO [admin] DocumentImportExportServiceImpl - Exported annotations [TEF_cs.conllu](19) for user [INITIAL_CAS] from project [BG_CHILDES_TB](0) using format [conllu]
2026-02-25 14:10:03 INFO [admin] AnnotationDocumentExporter - Exported annotation document content for user [INITIAL_CAS] for source document [TEF_cs.conllu](19) in project [BG_CHILDES_TB](0)
2026-02-25 14:10:03 INFO [admin] DocumentImportExportServiceImpl - Exported annotations [TEF_cs.conllu](19) for user [ivelina] from project [BG_CHILDES_TB](0) using format [conllu]
2026-02-25 14:10:03 INFO [admin] AnnotationDocumentExporter - Exported annotation document content for user [ivelina] for source document [TEF_cs.conllu](19) in project [BG_CHILDES_TB](0)
2026-02-25 14:10:03 INFO [admin] DocumentImportExportServiceImpl - Exported annotations [UD_relations_example_for_each.conllu](20) for user [INITIAL_CAS] from project [BG_CHILDES_TB](0) using format [conllu]
2026-02-25 14:10:03 INFO [admin] AnnotationDocumentExporter - Exported annotation document content for user [INITIAL_CAS] for source document [UD_relations_example_for_each.conllu](20) in project [BG_CHILDES_TB](0)
2026-02-25 14:10:03 INFO [admin] DocumentImportExportServiceImpl - Exported annotations [UD_relations_example_for_each.conllu](20) for user [mila] from project [BG_CHILDES_TB](0) using format [conllu]
2026-02-25 14:10:03 INFO [admin] AnnotationDocumentExporter - Exported annotation document content for user [mila] for source document [UD_relations_example_for_each.conllu](20) in project [BG_CHILDES_TB](0)
2026-02-25 14:12:58 INFO [admin] AnnotationSchemaServiceImpl - Upgraded CAS of user [mila] for document [SIM_cs.conllu](17) in project [BG_CHILDES_TB](0)
2026-02-25 14:16:28 INFO [admin] AnnotationSchemaServiceImpl - Upgraded CAS of user [yoana] for document [BOG_cds.conllu](12) in project [BG_CHILDES_TB](0)
2026-02-25 16:01:04 INFO [admin] DocumentServiceImpl - Created annotation document [yoana@BOG_cs.conllu](32) in project [BG_CHILDES_TB](0)
2026-02-25 16:01:04 INFO [admin] AnnotationSchemaServiceImpl - Upgraded CAS of user [yoana] for document [BOG_cs.conllu](13) in project [BG_CHILDES_TB](0)
2026-02-25 17:11:23 INFO [admin] AnnotationSchemaServiceImpl - Upgraded CAS of user [tsvetina] for document [SIM_cds.conllu](16) in project [BG_CHILDES_TB](0)
2026-02-25 17:56:54 INFO [admin] DocumentImportExportServiceImpl - Exported annotations [BOG_cds.conllu](12) for user [yoana] from project [BG_CHILDES_TB](0) using format [dkpro-core-uima-inline-xml]
2026-02-25 18:00:10 INFO [admin] AnnotationSchemaServiceImpl - Upgraded CAS of user [ivelina] for document [TEF_cds.conllu](18) in project [BG_CHILDES_TB](0)
2026-02-25 18:11:21 INFO [admin] DocumentImportExportServiceImpl - Exported annotations [BOG_cs.conllu](13) for user [yoana] from project [BG_CHILDES_TB](0) using format [dkpro-core-uima-inline-xml]
2026-02-25 20:26:19 INFO [admin] AnnotationSchemaServiceImpl - Upgraded CAS of user [tsvetina] for document [SIM_cds.conllu](16) in project [BG_CHILDES_TB](0)
2026-02-25 21:49:02 INFO [admin] AnnotationSchemaServiceImpl - Upgraded CAS of user [ivelina] for document [TEF_cs.conllu](19) in project [BG_CHILDES_TB](0)
2026-02-26 06:40:40 INFO [admin] AnnotationSchemaServiceImpl - Upgraded CAS of user [tsvetina] for document [SIM_cds.conllu](16) in project [BG_CHILDES_TB](0)
2026-02-26 08:29:42 INFO [admin] AnnotationSchemaServiceImpl - Upgraded CAS of user [ivelina] for document [TEF_cs.conllu](19) in project [BG_CHILDES_TB](0)
2026-02-26 09:13:26 INFO [admin] AnnotationSchemaServiceImpl - Upgraded CAS of user [ivelina] for document [TEF_cs.conllu](19) in project [BG_CHILDES_TB](0)
2026-02-26 10:28:58 INFO [admin] ProjectPermissionsExporter - Exported [9] permissions for project [BG_CHILDES_TB]
2026-02-26 10:28:58 INFO [admin] DocumentRepositoryExporter - Exported [0] document repositories for project [BG_CHILDES_TB]
2026-02-26 10:28:58 INFO [admin] KnowledgeBaseExporter - Exported [0] knowledge bases for project [BG_CHILDES_TB]
2026-02-26 10:28:58 INFO [admin] LayerExporter - Exported [10] layers for project [BG_CHILDES_TB]
2026-02-26 10:28:58 INFO [admin] TagSetExporter - Exported [23] tagsets for project [BG_CHILDES_TB]
2026-02-26 10:28:58 INFO [admin] DocumentImportExportServiceImpl - Exported annotations [BOG_cds.conllu](12) for user [CURATION_USER] from project [BG_CHILDES_TB](0) using format [conllu]
2026-02-26 10:28:58 INFO [admin] CurationWorkflowExporter - Exported curation workflow settings for project [BG_CHILDES_TB](0)
2026-02-26 10:28:58 INFO [admin] SourceDocumentExporter - Exported content for source document [10] in project [BG_CHILDES_TB] with id [0]
2026-02-26 10:28:58 INFO [admin] SourceDocumentExporter - Exported content for source document [11] in project [BG_CHILDES_TB] with id [0]
2026-02-26 10:28:58 INFO [admin] SourceDocumentExporter - Exported content for source document [12] in project [BG_CHILDES_TB] with id [0]
2026-02-26 10:28:58 INFO [admin] SourceDocumentExporter - Exported content for source document [13] in project [BG_CHILDES_TB] with id [0]
2026-02-26 10:28:58 INFO [admin] SourceDocumentExporter - Exported content for source document [14] in project [BG_CHILDES_TB] with id [0]
2026-02-26 10:28:58 INFO [admin] SourceDocumentExporter - Exported content for source document [15] in project [BG_CHILDES_TB] with id [0]
2026-02-26 10:28:58 INFO [admin] SourceDocumentExporter - Exported content for source document [16] in project [BG_CHILDES_TB] with id [0]
2026-02-26 10:28:58 INFO [admin] SourceDocumentExporter - Exported content for source document [17] in project [BG_CHILDES_TB] with id [0]
2026-02-26 10:28:58 INFO [admin] SourceDocumentExporter - Exported content for source document [18] in project [BG_CHILDES_TB] with id [0]
2026-02-26 10:28:58 INFO [admin] SourceDocumentExporter - Exported content for source document [19] in project [BG_CHILDES_TB] with id [0]
2026-02-26 10:28:58 INFO [admin] SourceDocumentExporter - Exported content for source document [20] in project [BG_CHILDES_TB] with id [0]
2026-02-26 10:28:58 INFO [admin] LoggedEventExporter - Exported [8628] logged events for project [BG_CHILDES_TB]
2026-02-26 10:28:58 INFO [admin] LoggedEventExporter - Skipped [59] logged events for [10] documents no longer existing
2026-02-26 10:28:58 INFO [admin] DefaultProjectPreferencesExporter - Exported [0] default preferences for project [BG_CHILDES_TB]
2026-02-26 10:28:58 INFO [admin] UserProjectPreferencesExporter - Exported [7] user preferences for project [BG_CHILDES_TB]
2026-02-26 10:28:58 INFO [admin] GazeteerExporter - Exported [0] gazeteers for project [BG_CHILDES_TB]
2026-02-26 10:28:58 INFO [admin] WorkloadManagerExporter - Exported workload manager for project [BG_CHILDES_TB]
2026-02-26 10:28:58 INFO [admin] RecommenderExporter - Exported [0] recommenders for project [BG_CHILDES_TB]
2026-02-26 10:28:58 INFO [admin] DocumentImportExportServiceImpl - Exported annotations [ALE_cds.conllu](10) for user [INITIAL_CAS] from project [BG_CHILDES_TB](0) using format [conllu]
2026-02-26 10:28:58 INFO [admin] AnnotationDocumentExporter - Exported annotation document content for user [INITIAL_CAS] for source document [ALE_cds.conllu](10) in project [BG_CHILDES_TB](0)
2026-02-26 10:28:58 INFO [admin] DocumentImportExportServiceImpl - Exported annotations [ALE_cds.conllu](10) for user [ivelina] from project [BG_CHILDES_TB](0) using format [conllu]
2026-02-26 10:28:58 INFO [admin] AnnotationDocumentExporter - Exported annotation document content for user [ivelina] for source document [ALE_cds.conllu](10) in project [BG_CHILDES_TB](0)
2026-02-26 10:28:59 INFO [admin] DocumentImportExportServiceImpl - Exported annotations [ALE_cds.conllu](10) for user [mila] from project [BG_CHILDES_TB](0) using format [conllu]
2026-02-26 10:28:59 INFO [admin] AnnotationDocumentExporter - Exported annotation document content for user [mila] for source document [ALE_cds.conllu](10) in project [BG_CHILDES_TB](0)
2026-02-26 10:28:59 INFO [admin] DocumentImportExportServiceImpl - Exported annotations [ALE_cds.conllu](10) for user [yasena] from project [BG_CHILDES_TB](0) using format [conllu]
2026-02-26 10:28:59 INFO [admin] AnnotationDocumentExporter - Exported annotation document content for user [yasena] for source document [ALE_cds.conllu](10) in project [BG_CHILDES_TB](0)
2026-02-26 10:28:59 INFO [admin] DocumentImportExportServiceImpl - Exported annotations [ALE_cs.conllu](11) for user [INITIAL_CAS] from project [BG_CHILDES_TB](0) using format [conllu]
2026-02-26 10:28:59 INFO [admin] AnnotationDocumentExporter - Exported annotation document content for user [INITIAL_CAS] for source document [ALE_cs.conllu](11) in project [BG_CHILDES_TB](0)
2026-02-26 10:28:59 INFO [admin] DocumentImportExportServiceImpl - Exported annotations [ALE_cs.conllu](11) for user [admin] from project [BG_CHILDES_TB](0) using format [conllu]
2026-02-26 10:28:59 INFO [admin] AnnotationDocumentExporter - Exported annotation document content for user [admin] for source document [ALE_cs.conllu](11) in project [BG_CHILDES_TB](0)
2026-02-26 10:28:59 INFO [admin] DocumentImportExportServiceImpl - Exported annotations [ALE_cs.conllu](11) for user [ivelina] from project [BG_CHILDES_TB](0) using format [conllu]
2026-02-26 10:28:59 INFO [admin] AnnotationDocumentExporter - Exported annotation document content for user [ivelina] for source document [ALE_cs.conllu](11) in project [BG_CHILDES_TB](0)
2026-02-26 10:28:59 INFO [admin] DocumentImportExportServiceImpl - Exported annotations [ALE_cs.conllu](11) for user [yasena] from project [BG_CHILDES_TB](0) using format [conllu]
2026-02-26 10:28:59 INFO [admin] AnnotationDocumentExporter - Exported annotation document content for user [yasena] for source document [ALE_cs.conllu](11) in project [BG_CHILDES_TB](0)
2026-02-26 10:28:59 INFO [admin] DocumentImportExportServiceImpl - Exported annotations [ALE_cs.conllu](11) for user [yoana] from project [BG_CHILDES_TB](0) using format [conllu]
2026-02-26 10:28:59 INFO [admin] AnnotationDocumentExporter - Exported annotation document content for user [yoana] for source document [ALE_cs.conllu](11) in project [BG_CHILDES_TB](0)
2026-02-26 10:28:59 INFO [admin] DocumentImportExportServiceImpl - Exported annotations [ALE_cs.conllu](11) for user [mila] from project [BG_CHILDES_TB](0) using format [conllu]
2026-02-26 10:28:59 INFO [admin] AnnotationDocumentExporter - Exported annotation document content for user [mila] for source document [ALE_cs.conllu](11) in project [BG_CHILDES_TB](0)
2026-02-26 10:28:59 INFO [admin] DocumentImportExportServiceImpl - Exported annotations [BOG_cds.conllu](12) for user [INITIAL_CAS] from project [BG_CHILDES_TB](0) using format [conllu]
2026-02-26 10:28:59 INFO [admin] AnnotationDocumentExporter - Exported annotation document content for user [INITIAL_CAS] for source document [BOG_cds.conllu](12) in project [BG_CHILDES_TB](0)
2026-02-26 10:28:59 INFO [admin] DocumentImportExportServiceImpl - Exported annotations [BOG_cds.conllu](12) for user [admin] from project [BG_CHILDES_TB](0) using format [conllu]
2026-02-26 10:28:59 INFO [admin] AnnotationDocumentExporter - Exported annotation document content for user [admin] for source document [BOG_cds.conllu](12) in project [BG_CHILDES_TB](0)
2026-02-26 10:28:59 INFO [admin] DocumentImportExportServiceImpl - Exported annotations [BOG_cds.conllu](12) for user [yasena] from project [BG_CHILDES_TB](0) using format [conllu]
2026-02-26 10:28:59 INFO [admin] AnnotationDocumentExporter - Exported annotation document content for user [yasena] for source document [BOG_cds.conllu](12) in project [BG_CHILDES_TB](0)
2026-02-26 10:28:59 INFO [admin] DocumentImportExportServiceImpl - Exported annotations [BOG_cds.conllu](12) for user [ivelina] from project [BG_CHILDES_TB](0) using format [conllu]
2026-02-26 10:28:59 INFO [admin] AnnotationDocumentExporter - Exported annotation document content for user [ivelina] for source document [BOG_cds.conllu](12) in project [BG_CHILDES_TB](0)
2026-02-26 10:28:59 INFO [admin] DocumentImportExportServiceImpl - Exported annotations [BOG_cds.conllu](12) for user [mila] from project [BG_CHILDES_TB](0) using format [conllu]
2026-02-26 10:28:59 INFO [admin] AnnotationDocumentExporter - Exported annotation document content for user [mila] for source document [BOG_cds.conllu](12) in project [BG_CHILDES_TB](0)
2026-02-26 10:28:59 INFO [admin] DocumentImportExportServiceImpl - Exported annotations [BOG_cds.conllu](12) for user [yoana] from project [BG_CHILDES_TB](0) using format [conllu]
2026-02-26 10:28:59 INFO [admin] AnnotationDocumentExporter - Exported annotation document content for user [yoana] for source document [BOG_cds.conllu](12) in project [BG_CHILDES_TB](0)
2026-02-26 10:28:59 INFO [admin] DocumentImportExportServiceImpl - Exported annotations [BOG_cs.conllu](13) for user [INITIAL_CAS] from project [BG_CHILDES_TB](0) using format [conllu]
2026-02-26 10:28:59 INFO [admin] AnnotationDocumentExporter - Exported annotation document content for user [INITIAL_CAS] for source document [BOG_cs.conllu](13) in project [BG_CHILDES_TB](0)
2026-02-26 10:28:59 INFO [admin] DocumentImportExportServiceImpl - Exported annotations [BOG_cs.conllu](13) for user [ivelina] from project [BG_CHILDES_TB](0) using format [conllu]
2026-02-26 10:28:59 INFO [admin] AnnotationDocumentExporter - Exported annotation document content for user [ivelina] for source document [BOG_cs.conllu](13) in project [BG_CHILDES_TB](0)
2026-02-26 10:28:59 INFO [admin] DocumentImportExportServiceImpl - Exported annotations [BOG_cs.conllu](13) for user [mila] from project [BG_CHILDES_TB](0) using format [conllu]
2026-02-26 10:28:59 INFO [admin] AnnotationDocumentExporter - Exported annotation document content for user [mila] for source document [BOG_cs.conllu](13) in project [BG_CHILDES_TB](0)
2026-02-26 10:28:59 INFO [admin] DocumentImportExportServiceImpl - Exported annotations [BOG_cs.conllu](13) for user [yoana] from project [BG_CHILDES_TB](0) using format [conllu]
2026-02-26 10:28:59 INFO [admin] AnnotationDocumentExporter - Exported annotation document content for user [yoana] for source document [BOG_cs.conllu](13) in project [BG_CHILDES_TB](0)
2026-02-26 10:28:59 INFO [admin] DocumentImportExportServiceImpl - Exported annotations [ELI_cds.conllu](14) for user [INITIAL_CAS] from project [BG_CHILDES_TB](0) using format [conllu]
2026-02-26 10:28:59 INFO [admin] AnnotationDocumentExporter - Exported annotation document content for user [INITIAL_CAS] for source document [ELI_cds.conllu](14) in project [BG_CHILDES_TB](0)
2026-02-26 10:28:59 INFO [admin] DocumentImportExportServiceImpl - Exported annotations [ELI_cds.conllu](14) for user [ivelina] from project [BG_CHILDES_TB](0) using format [conllu]
2026-02-26 10:28:59 INFO [admin] AnnotationDocumentExporter - Exported annotation document content for user [ivelina] for source document [ELI_cds.conllu](14) in project [BG_CHILDES_TB](0)
2026-02-26 10:28:59 INFO [admin] DocumentImportExportServiceImpl - Exported annotations [ELI_cds.conllu](14) for user [mila] from project [BG_CHILDES_TB](0) using format [conllu]
2026-02-26 10:28:59 INFO [admin] AnnotationDocumentExporter - Exported annotation document content for user [mila] for source document [ELI_cds.conllu](14) in project [BG_CHILDES_TB](0)
2026-02-26 10:28:59 INFO [admin] DocumentImportExportServiceImpl - Exported annotations [ELI_cs.conllu](15) for user [INITIAL_CAS] from project [BG_CHILDES_TB](0) using format [conllu]
2026-02-26 10:28:59 INFO [admin] AnnotationDocumentExporter - Exported annotation document content for user [INITIAL_CAS] for source document [ELI_cs.conllu](15) in project [BG_CHILDES_TB](0)
2026-02-26 10:28:59 INFO [admin] DocumentImportExportServiceImpl - Exported annotations [ELI_cs.conllu](15) for user [tsvetelina] from project [BG_CHILDES_TB](0) using format [conllu]
2026-02-26 10:28:59 INFO [admin] AnnotationDocumentExporter - Exported annotation document content for user [tsvetelina] for source document [ELI_cs.conllu](15) in project [BG_CHILDES_TB](0)
2026-02-26 10:29:00 INFO [admin] DocumentImportExportServiceImpl - Exported annotations [SIM_cds.conllu](16) for user [INITIAL_CAS] from project [BG_CHILDES_TB](0) using format [conllu]
2026-02-26 10:29:00 INFO [admin] AnnotationDocumentExporter - Exported annotation document content for user [INITIAL_CAS] for source document [SIM_cds.conllu](16) in project [BG_CHILDES_TB](0)
2026-02-26 10:29:00 INFO [admin] DocumentImportExportServiceImpl - Exported annotations [SIM_cds.conllu](16) for user [ivelina] from project [BG_CHILDES_TB](0) using format [conllu]
2026-02-26 10:29:00 INFO [admin] AnnotationDocumentExporter - Exported annotation document content for user [ivelina] for source document [SIM_cds.conllu](16) in project [BG_CHILDES_TB](0)
2026-02-26 10:29:00 INFO [admin] DocumentImportExportServiceImpl - Exported annotations [SIM_cds.conllu](16) for user [mila] from project [BG_CHILDES_TB](0) using format [conllu]
2026-02-26 10:29:00 INFO [admin] AnnotationDocumentExporter - Exported annotation document content for user [mila] for source document [SIM_cds.conllu](16) in project [BG_CHILDES_TB](0)
2026-02-26 10:29:00 INFO [admin] DocumentImportExportServiceImpl - Exported annotations [SIM_cds.conllu](16) for user [tsvetina] from project [BG_CHILDES_TB](0) using format [conllu]
2026-02-26 10:29:00 INFO [admin] AnnotationDocumentExporter - Exported annotation document content for user [tsvetina] for source document [SIM_cds.conllu](16) in project [BG_CHILDES_TB](0)
2026-02-26 10:29:00 INFO [admin] DocumentImportExportServiceImpl - Exported annotations [SIM_cs.conllu](17) for user [INITIAL_CAS] from project [BG_CHILDES_TB](0) using format [conllu]
2026-02-26 10:29:00 INFO [admin] AnnotationDocumentExporter - Exported annotation document content for user [INITIAL_CAS] for source document [SIM_cs.conllu](17) in project [BG_CHILDES_TB](0)
2026-02-26 10:29:00 INFO [admin] DocumentImportExportServiceImpl - Exported annotations [SIM_cs.conllu](17) for user [ivelina] from project [BG_CHILDES_TB](0) using format [conllu]
2026-02-26 10:29:00 INFO [admin] AnnotationDocumentExporter - Exported annotation document content for user [ivelina] for source document [SIM_cs.conllu](17) in project [BG_CHILDES_TB](0)
2026-02-26 10:29:00 INFO [admin] DocumentImportExportServiceImpl - Exported annotations [SIM_cs.conllu](17) for user [tsvetina] from project [BG_CHILDES_TB](0) using format [conllu]
2026-02-26 10:29:00 INFO [admin] AnnotationDocumentExporter - Exported annotation document content for user [tsvetina] for source document [SIM_cs.conllu](17) in project [BG_CHILDES_TB](0)
2026-02-26 10:29:00 INFO [admin] DocumentImportExportServiceImpl - Exported annotations [SIM_cs.conllu](17) for user [mila] from project [BG_CHILDES_TB](0) using format [conllu]
2026-02-26 10:29:00 INFO [admin] AnnotationDocumentExporter - Exported annotation document content for user [mila] for source document [SIM_cs.conllu](17) in project [BG_CHILDES_TB](0)
2026-02-26 10:29:00 INFO [admin] DocumentImportExportServiceImpl - Exported annotations [TEF_cds.conllu](18) for user [INITIAL_CAS] from project [BG_CHILDES_TB](0) using format [conllu]
2026-02-26 10:29:00 INFO [admin] AnnotationDocumentExporter - Exported annotation document content for user [INITIAL_CAS] for source document [TEF_cds.conllu](18) in project [BG_CHILDES_TB](0)
2026-02-26 10:29:01 INFO [admin] DocumentImportExportServiceImpl - Exported annotations [TEF_cds.conllu](18) for user [ivelina] from project [BG_CHILDES_TB](0) using format [conllu]
2026-02-26 10:29:01 INFO [admin] AnnotationDocumentExporter - Exported annotation document content for user [ivelina] for source document [TEF_cds.conllu](18) in project [BG_CHILDES_TB](0)
2026-02-26 10:29:01 INFO [admin] DocumentImportExportServiceImpl - Exported annotations [TEF_cs.conllu](19) for user [INITIAL_CAS] from project [BG_CHILDES_TB](0) using format [conllu]
2026-02-26 10:29:01 INFO [admin] AnnotationDocumentExporter - Exported annotation document content for user [INITIAL_CAS] for source document [TEF_cs.conllu](19) in project [BG_CHILDES_TB](0)
2026-02-26 10:29:01 INFO [admin] DocumentImportExportServiceImpl - Exported annotations [TEF_cs.conllu](19) for user [ivelina] from project [BG_CHILDES_TB](0) using format [conllu]
2026-02-26 10:29:01 INFO [admin] AnnotationDocumentExporter - Exported annotation document content for user [ivelina] for source document [TEF_cs.conllu](19) in project [BG_CHILDES_TB](0)
2026-02-26 10:29:01 INFO [admin] DocumentImportExportServiceImpl - Exported annotations [UD_relations_example_for_each.conllu](20) for user [INITIAL_CAS] from project [BG_CHILDES_TB](0) using format [conllu]
2026-02-26 10:29:01 INFO [admin] AnnotationDocumentExporter - Exported annotation document content for user [INITIAL_CAS] for source document [UD_relations_example_for_each.conllu](20) in project [BG_CHILDES_TB](0)
2026-02-26 10:29:01 INFO [admin] DocumentImportExportServiceImpl - Exported annotations [UD_relations_example_for_each.conllu](20) for user [mila] from project [BG_CHILDES_TB](0) using format [conllu]
2026-02-26 10:29:01 INFO [admin] AnnotationDocumentExporter - Exported annotation document content for user [mila] for source document [UD_relations_example_for_each.conllu](20) in project [BG_CHILDES_TB](0)
2026-02-26 10:38:46 INFO [admin] AnnotationSchemaServiceImpl - Upgraded CAS of user [ivelina] for document [TEF_cs.conllu](19) in project [BG_CHILDES_TB](0)
2026-02-26 11:09:17 INFO [admin] AnnotationSchemaServiceImpl - Upgraded CAS of user [mila] for document [SIM_cs.conllu](17) in project [BG_CHILDES_TB](0)
2026-02-26 11:19:06 INFO [admin] AnnotationSchemaServiceImpl - Upgraded CAS of user [ivelina] for document [TEF_cs.conllu](19) in project [BG_CHILDES_TB](0)
2026-02-26 12:53:10 INFO [admin] AnnotationSchemaServiceImpl - Upgraded CAS of user [tsvetina] for document [SIM_cds.conllu](16) in project [BG_CHILDES_TB](0)
2026-02-26 13:05:15 INFO [admin] AnnotationSchemaServiceImpl - Upgraded CAS of user [mila] for document [SIM_cs.conllu](17) in project [BG_CHILDES_TB](0)
2026-02-26 13:07:10 INFO [admin] DocumentServiceImpl - Created annotation document [mila@ELI_cs.conllu](33) in project [BG_CHILDES_TB](0)
2026-02-26 13:07:10 INFO [admin] AnnotationSchemaServiceImpl - Upgraded CAS of user [mila] for document [ELI_cs.conllu](15) in project [BG_CHILDES_TB](0)
2026-02-26 14:35:58 INFO [admin] AnnotationSchemaServiceImpl - Upgraded CAS of user [ivelina] for document [TEF_cs.conllu](19) in project [BG_CHILDES_TB](0)
2026-02-26 15:19:07 INFO [admin] AnnotationSchemaServiceImpl - Upgraded CAS of user [ivelina] for document [TEF_cds.conllu](18) in project [BG_CHILDES_TB](0)
2026-02-26 15:32:14 INFO [admin] AnnotationSchemaServiceImpl - Upgraded CAS of user [ivelina] for document [TEF_cs.conllu](19) in project [BG_CHILDES_TB](0)
2026-02-26 16:30:49 INFO [admin] ProjectPermissionsExporter - Exported [9] permissions for project [BG_CHILDES_TB]
2026-02-26 16:30:49 INFO [admin] DocumentRepositoryExporter - Exported [0] document repositories for project [BG_CHILDES_TB]
2026-02-26 16:30:49 INFO [admin] KnowledgeBaseExporter - Exported [0] knowledge bases for project [BG_CHILDES_TB]
2026-02-26 16:30:49 INFO [admin] LayerExporter - Exported [10] layers for project [BG_CHILDES_TB]
2026-02-26 16:30:49 INFO [admin] TagSetExporter - Exported [23] tagsets for project [BG_CHILDES_TB]
2026-02-26 16:30:49 INFO [admin] DocumentImportExportServiceImpl - Exported annotations [BOG_cds.conllu](12) for user [CURATION_USER] from project [BG_CHILDES_TB](0) using format [conllu]
2026-02-26 16:30:49 INFO [admin] CurationWorkflowExporter - Exported curation workflow settings for project [BG_CHILDES_TB](0)
2026-02-26 16:30:49 INFO [admin] SourceDocumentExporter - Exported content for source document [10] in project [BG_CHILDES_TB] with id [0]
2026-02-26 16:30:49 INFO [admin] SourceDocumentExporter - Exported content for source document [11] in project [BG_CHILDES_TB] with id [0]
2026-02-26 16:30:49 INFO [admin] SourceDocumentExporter - Exported content for source document [12] in project [BG_CHILDES_TB] with id [0]
2026-02-26 16:30:49 INFO [admin] SourceDocumentExporter - Exported content for source document [13] in project [BG_CHILDES_TB] with id [0]
2026-02-26 16:30:49 INFO [admin] SourceDocumentExporter - Exported content for source document [14] in project [BG_CHILDES_TB] with id [0]
2026-02-26 16:30:49 INFO [admin] SourceDocumentExporter - Exported content for source document [15] in project [BG_CHILDES_TB] with id [0]
2026-02-26 16:30:49 INFO [admin] SourceDocumentExporter - Exported content for source document [16] in project [BG_CHILDES_TB] with id [0]
2026-02-26 16:30:49 INFO [admin] SourceDocumentExporter - Exported content for source document [17] in project [BG_CHILDES_TB] with id [0]
2026-02-26 16:30:49 INFO [admin] SourceDocumentExporter - Exported content for source document [18] in project [BG_CHILDES_TB] with id [0]
2026-02-26 16:30:49 INFO [admin] SourceDocumentExporter - Exported content for source document [19] in project [BG_CHILDES_TB] with id [0]
2026-02-26 16:30:49 INFO [admin] SourceDocumentExporter - Exported content for source document [20] in project [BG_CHILDES_TB] with id [0]
2026-02-26 16:30:49 INFO [admin] LoggedEventExporter - Exported [9460] logged events for project [BG_CHILDES_TB]
2026-02-26 16:30:49 INFO [admin] LoggedEventExporter - Skipped [59] logged events for [10] documents no longer existing
2026-02-26 16:30:49 INFO [admin] DefaultProjectPreferencesExporter - Exported [0] default preferences for project [BG_CHILDES_TB]
2026-02-26 16:30:49 INFO [admin] UserProjectPreferencesExporter - Exported [7] user preferences for project [BG_CHILDES_TB]
2026-02-26 16:30:49 INFO [admin] GazeteerExporter - Exported [0] gazeteers for project [BG_CHILDES_TB]
2026-02-26 16:30:49 INFO [admin] WorkloadManagerExporter - Exported workload manager for project [BG_CHILDES_TB]
2026-02-26 16:30:49 INFO [admin] RecommenderExporter - Exported [0] recommenders for project [BG_CHILDES_TB]
2026-02-26 16:30:49 INFO [admin] DocumentImportExportServiceImpl - Exported annotations [ALE_cds.conllu](10) for user [INITIAL_CAS] from project [BG_CHILDES_TB](0) using format [conllu]
2026-02-26 16:30:49 INFO [admin] AnnotationDocumentExporter - Exported annotation document content for user [INITIAL_CAS] for source document [ALE_cds.conllu](10) in project [BG_CHILDES_TB](0)
2026-02-26 16:30:49 INFO [admin] DocumentImportExportServiceImpl - Exported annotations [ALE_cds.conllu](10) for user [ivelina] from project [BG_CHILDES_TB](0) using format [conllu]
2026-02-26 16:30:49 INFO [admin] AnnotationDocumentExporter - Exported annotation document content for user [ivelina] for source document [ALE_cds.conllu](10) in project [BG_CHILDES_TB](0)
2026-02-26 16:30:50 INFO [admin] DocumentImportExportServiceImpl - Exported annotations [ALE_cds.conllu](10) for user [mila] from project [BG_CHILDES_TB](0) using format [conllu]
2026-02-26 16:30:50 INFO [admin] AnnotationDocumentExporter - Exported annotation document content for user [mila] for source document [ALE_cds.conllu](10) in project [BG_CHILDES_TB](0)
2026-02-26 16:30:50 INFO [admin] DocumentImportExportServiceImpl - Exported annotations [ALE_cds.conllu](10) for user [yasena] from project [BG_CHILDES_TB](0) using format [conllu]
2026-02-26 16:30:50 INFO [admin] AnnotationDocumentExporter - Exported annotation document content for user [yasena] for source document [ALE_cds.conllu](10) in project [BG_CHILDES_TB](0)
2026-02-26 16:30:50 INFO [admin] DocumentImportExportServiceImpl - Exported annotations [ALE_cs.conllu](11) for user [INITIAL_CAS] from project [BG_CHILDES_TB](0) using format [conllu]
2026-02-26 16:30:50 INFO [admin] AnnotationDocumentExporter - Exported annotation document content for user [INITIAL_CAS] for source document [ALE_cs.conllu](11) in project [BG_CHILDES_TB](0)
2026-02-26 16:30:50 INFO [admin] DocumentImportExportServiceImpl - Exported annotations [ALE_cs.conllu](11) for user [admin] from project [BG_CHILDES_TB](0) using format [conllu]
2026-02-26 16:30:50 INFO [admin] AnnotationDocumentExporter - Exported annotation document content for user [admin] for source document [ALE_cs.conllu](11) in project [BG_CHILDES_TB](0)
2026-02-26 16:30:50 INFO [admin] DocumentImportExportServiceImpl - Exported annotations [ALE_cs.conllu](11) for user [ivelina] from project [BG_CHILDES_TB](0) using format [conllu]
2026-02-26 16:30:50 INFO [admin] AnnotationDocumentExporter - Exported annotation document content for user [ivelina] for source document [ALE_cs.conllu](11) in project [BG_CHILDES_TB](0)
2026-02-26 16:30:50 INFO [admin] DocumentImportExportServiceImpl - Exported annotations [ALE_cs.conllu](11) for user [yasena] from project [BG_CHILDES_TB](0) using format [conllu]
2026-02-26 16:30:50 INFO [admin] AnnotationDocumentExporter - Exported annotation document content for user [yasena] for source document [ALE_cs.conllu](11) in project [BG_CHILDES_TB](0)
2026-02-26 16:30:50 INFO [admin] DocumentImportExportServiceImpl - Exported annotations [ALE_cs.conllu](11) for user [yoana] from project [BG_CHILDES_TB](0) using format [conllu]
2026-02-26 16:30:50 INFO [admin] AnnotationDocumentExporter - Exported annotation document content for user [yoana] for source document [ALE_cs.conllu](11) in project [BG_CHILDES_TB](0)
2026-02-26 16:30:50 INFO [admin] DocumentImportExportServiceImpl - Exported annotations [ALE_cs.conllu](11) for user [mila] from project [BG_CHILDES_TB](0) using format [conllu]
2026-02-26 16:30:50 INFO [admin] AnnotationDocumentExporter - Exported annotation document content for user [mila] for source document [ALE_cs.conllu](11) in project [BG_CHILDES_TB](0)
2026-02-26 16:30:50 INFO [admin] DocumentImportExportServiceImpl - Exported annotations [BOG_cds.conllu](12) for user [INITIAL_CAS] from project [BG_CHILDES_TB](0) using format [conllu]
2026-02-26 16:30:50 INFO [admin] AnnotationDocumentExporter - Exported annotation document content for user [INITIAL_CAS] for source document [BOG_cds.conllu](12) in project [BG_CHILDES_TB](0)
2026-02-26 16:30:50 INFO [admin] DocumentImportExportServiceImpl - Exported annotations [BOG_cds.conllu](12) for user [admin] from project [BG_CHILDES_TB](0) using format [conllu]
2026-02-26 16:30:50 INFO [admin] AnnotationDocumentExporter - Exported annotation document content for user [admin] for source document [BOG_cds.conllu](12) in project [BG_CHILDES_TB](0)
2026-02-26 16:30:50 INFO [admin] DocumentImportExportServiceImpl - Exported annotations [BOG_cds.conllu](12) for user [yasena] from project [BG_CHILDES_TB](0) using format [conllu]
2026-02-26 16:30:50 INFO [admin] AnnotationDocumentExporter - Exported annotation document content for user [yasena] for source document [BOG_cds.conllu](12) in project [BG_CHILDES_TB](0)
2026-02-26 16:30:50 INFO [admin] DocumentImportExportServiceImpl - Exported annotations [BOG_cds.conllu](12) for user [ivelina] from project [BG_CHILDES_TB](0) using format [conllu]
2026-02-26 16:30:50 INFO [admin] AnnotationDocumentExporter - Exported annotation document content for user [ivelina] for source document [BOG_cds.conllu](12) in project [BG_CHILDES_TB](0)
2026-02-26 16:30:50 INFO [admin] DocumentImportExportServiceImpl - Exported annotations [BOG_cds.conllu](12) for user [mila] from project [BG_CHILDES_TB](0) using format [conllu]
2026-02-26 16:30:50 INFO [admin] AnnotationDocumentExporter - Exported annotation document content for user [mila] for source document [BOG_cds.conllu](12) in project [BG_CHILDES_TB](0)
2026-02-26 16:30:50 INFO [admin] DocumentImportExportServiceImpl - Exported annotations [BOG_cds.conllu](12) for user [yoana] from project [BG_CHILDES_TB](0) using format [conllu]
2026-02-26 16:30:50 INFO [admin] AnnotationDocumentExporter - Exported annotation document content for user [yoana] for source document [BOG_cds.conllu](12) in project [BG_CHILDES_TB](0)
2026-02-26 16:30:50 INFO [admin] DocumentImportExportServiceImpl - Exported annotations [BOG_cs.conllu](13) for user [INITIAL_CAS] from project [BG_CHILDES_TB](0) using format [conllu]
2026-02-26 16:30:50 INFO [admin] AnnotationDocumentExporter - Exported annotation document content for user [INITIAL_CAS] for source document [BOG_cs.conllu](13) in project [BG_CHILDES_TB](0)
2026-02-26 16:30:50 INFO [admin] DocumentImportExportServiceImpl - Exported annotations [BOG_cs.conllu](13) for user [ivelina] from project [BG_CHILDES_TB](0) using format [conllu]
2026-02-26 16:30:50 INFO [admin] AnnotationDocumentExporter - Exported annotation document content for user [ivelina] for source document [BOG_cs.conllu](13) in project [BG_CHILDES_TB](0)
2026-02-26 16:30:50 INFO [admin] DocumentImportExportServiceImpl - Exported annotations [BOG_cs.conllu](13) for user [mila] from project [BG_CHILDES_TB](0) using format [conllu]
2026-02-26 16:30:50 INFO [admin] AnnotationDocumentExporter - Exported annotation document content for user [mila] for source document [BOG_cs.conllu](13) in project [BG_CHILDES_TB](0)
2026-02-26 16:30:50 INFO [admin] DocumentImportExportServiceImpl - Exported annotations [BOG_cs.conllu](13) for user [yoana] from project [BG_CHILDES_TB](0) using format [conllu]
2026-02-26 16:30:50 INFO [admin] AnnotationDocumentExporter - Exported annotation document content for user [yoana] for source document [BOG_cs.conllu](13) in project [BG_CHILDES_TB](0)
2026-02-26 16:30:50 INFO [admin] DocumentImportExportServiceImpl - Exported annotations [ELI_cds.conllu](14) for user [INITIAL_CAS] from project [BG_CHILDES_TB](0) using format [conllu]
2026-02-26 16:30:50 INFO [admin] AnnotationDocumentExporter - Exported annotation document content for user [INITIAL_CAS] for source document [ELI_cds.conllu](14) in project [BG_CHILDES_TB](0)
2026-02-26 16:30:50 INFO [admin] DocumentImportExportServiceImpl - Exported annotations [ELI_cds.conllu](14) for user [ivelina] from project [BG_CHILDES_TB](0) using format [conllu]
2026-02-26 16:30:50 INFO [admin] AnnotationDocumentExporter - Exported annotation document content for user [ivelina] for source document [ELI_cds.conllu](14) in project [BG_CHILDES_TB](0)
2026-02-26 16:30:50 INFO [admin] DocumentImportExportServiceImpl - Exported annotations [ELI_cds.conllu](14) for user [mila] from project [BG_CHILDES_TB](0) using format [conllu]
2026-02-26 16:30:50 INFO [admin] AnnotationDocumentExporter - Exported annotation document content for user [mila] for source document [ELI_cds.conllu](14) in project [BG_CHILDES_TB](0)
2026-02-26 16:30:50 INFO [admin] DocumentImportExportServiceImpl - Exported annotations [ELI_cs.conllu](15) for user [INITIAL_CAS] from project [BG_CHILDES_TB](0) using format [conllu]
2026-02-26 16:30:50 INFO [admin] AnnotationDocumentExporter - Exported annotation document content for user [INITIAL_CAS] for source document [ELI_cs.conllu](15) in project [BG_CHILDES_TB](0)
2026-02-26 16:30:50 INFO [admin] DocumentImportExportServiceImpl - Exported annotations [ELI_cs.conllu](15) for user [tsvetelina] from project [BG_CHILDES_TB](0) using format [conllu]
2026-02-26 16:30:50 INFO [admin] AnnotationDocumentExporter - Exported annotation document content for user [tsvetelina] for source document [ELI_cs.conllu](15) in project [BG_CHILDES_TB](0)
2026-02-26 16:30:50 INFO [admin] DocumentImportExportServiceImpl - Exported annotations [ELI_cs.conllu](15) for user [mila] from project [BG_CHILDES_TB](0) using format [conllu]
2026-02-26 16:30:50 INFO [admin] AnnotationDocumentExporter - Exported annotation document content for user [mila] for source document [ELI_cs.conllu](15) in project [BG_CHILDES_TB](0)
2026-02-26 16:30:50 INFO [admin] DocumentImportExportServiceImpl - Exported annotations [SIM_cds.conllu](16) for user [INITIAL_CAS] from project [BG_CHILDES_TB](0) using format [conllu]
2026-02-26 16:30:50 INFO [admin] AnnotationDocumentExporter - Exported annotation document content for user [INITIAL_CAS] for source document [SIM_cds.conllu](16) in project [BG_CHILDES_TB](0)
2026-02-26 16:30:51 INFO [admin] DocumentImportExportServiceImpl - Exported annotations [SIM_cds.conllu](16) for user [ivelina] from project [BG_CHILDES_TB](0) using format [conllu]
2026-02-26 16:30:51 INFO [admin] AnnotationDocumentExporter - Exported annotation document content for user [ivelina] for source document [SIM_cds.conllu](16) in project [BG_CHILDES_TB](0)
2026-02-26 16:30:51 INFO [admin] DocumentImportExportServiceImpl - Exported annotations [SIM_cds.conllu](16) for user [mila] from project [BG_CHILDES_TB](0) using format [conllu]
2026-02-26 16:30:51 INFO [admin] AnnotationDocumentExporter - Exported annotation document content for user [mila] for source document [SIM_cds.conllu](16) in project [BG_CHILDES_TB](0)
2026-02-26 16:30:51 INFO [admin] DocumentImportExportServiceImpl - Exported annotations [SIM_cds.conllu](16) for user [tsvetina] from project [BG_CHILDES_TB](0) using format [conllu]
2026-02-26 16:30:51 INFO [admin] AnnotationDocumentExporter - Exported annotation document content for user [tsvetina] for source document [SIM_cds.conllu](16) in project [BG_CHILDES_TB](0)
2026-02-26 16:30:51 INFO [admin] DocumentImportExportServiceImpl - Exported annotations [SIM_cs.conllu](17) for user [INITIAL_CAS] from project [BG_CHILDES_TB](0) using format [conllu]
2026-02-26 16:30:51 INFO [admin] AnnotationDocumentExporter - Exported annotation document content for user [INITIAL_CAS] for source document [SIM_cs.conllu](17) in project [BG_CHILDES_TB](0)
2026-02-26 16:30:51 INFO [admin] DocumentImportExportServiceImpl - Exported annotations [SIM_cs.conllu](17) for user [ivelina] from project [BG_CHILDES_TB](0) using format [conllu]
2026-02-26 16:30:51 INFO [admin] AnnotationDocumentExporter - Exported annotation document content for user [ivelina] for source document [SIM_cs.conllu](17) in project [BG_CHILDES_TB](0)
2026-02-26 16:30:51 INFO [admin] DocumentImportExportServiceImpl - Exported annotations [SIM_cs.conllu](17) for user [tsvetina] from project [BG_CHILDES_TB](0) using format [conllu]
2026-02-26 16:30:51 INFO [admin] AnnotationDocumentExporter - Exported annotation document content for user [tsvetina] for source document [SIM_cs.conllu](17) in project [BG_CHILDES_TB](0)
2026-02-26 16:30:51 INFO [admin] DocumentImportExportServiceImpl - Exported annotations [SIM_cs.conllu](17) for user [mila] from project [BG_CHILDES_TB](0) using format [conllu]
2026-02-26 16:30:51 INFO [admin] AnnotationDocumentExporter - Exported annotation document content for user [mila] for source document [SIM_cs.conllu](17) in project [BG_CHILDES_TB](0)
2026-02-26 16:30:51 INFO [admin] DocumentImportExportServiceImpl - Exported annotations [TEF_cds.conllu](18) for user [INITIAL_CAS] from project [BG_CHILDES_TB](0) using format [conllu]
2026-02-26 16:30:51 INFO [admin] AnnotationDocumentExporter - Exported annotation document content for user [INITIAL_CAS] for source document [TEF_cds.conllu](18) in project [BG_CHILDES_TB](0)
2026-02-26 16:30:51 INFO [admin] DocumentImportExportServiceImpl - Exported annotations [TEF_cds.conllu](18) for user [ivelina] from project [BG_CHILDES_TB](0) using format [conllu]
2026-02-26 16:30:51 INFO [admin] AnnotationDocumentExporter - Exported annotation document content for user [ivelina] for source document [TEF_cds.conllu](18) in project [BG_CHILDES_TB](0)
2026-02-26 16:30:52 INFO [admin] DocumentImportExportServiceImpl - Exported annotations [TEF_cs.conllu](19) for user [INITIAL_CAS] from project [BG_CHILDES_TB](0) using format [conllu]
2026-02-26 16:30:52 INFO [admin] AnnotationDocumentExporter - Exported annotation document content for user [INITIAL_CAS] for source document [TEF_cs.conllu](19) in project [BG_CHILDES_TB](0)
2026-02-26 16:30:52 INFO [admin] DocumentImportExportServiceImpl - Exported annotations [TEF_cs.conllu](19) for user [ivelina] from project [BG_CHILDES_TB](0) using format [conllu]
2026-02-26 16:30:52 INFO [admin] AnnotationDocumentExporter - Exported annotation document content for user [ivelina] for source document [TEF_cs.conllu](19) in project [BG_CHILDES_TB](0)
2026-02-26 16:30:52 INFO [admin] DocumentImportExportServiceImpl - Exported annotations [UD_relations_example_for_each.conllu](20) for user [INITIAL_CAS] from project [BG_CHILDES_TB](0) using format [conllu]
2026-02-26 16:30:52 INFO [admin] AnnotationDocumentExporter - Exported annotation document content for user [INITIAL_CAS] for source document [UD_relations_example_for_each.conllu](20) in project [BG_CHILDES_TB](0)
2026-02-26 16:30:52 INFO [admin] DocumentImportExportServiceImpl - Exported annotations [UD_relations_example_for_each.conllu](20) for user [mila] from project [BG_CHILDES_TB](0) using format [conllu]
2026-02-26 16:30:52 INFO [admin] AnnotationDocumentExporter - Exported annotation document content for user [mila] for source document [UD_relations_example_for_each.conllu](20) in project [BG_CHILDES_TB](0)
2026-02-26 16:31:13 INFO [admin] ProjectPermissionsExporter - Exported [9] permissions for project [BG_CHILDES_TB]
2026-02-26 16:31:13 INFO [admin] DocumentRepositoryExporter - Exported [0] document repositories for project [BG_CHILDES_TB]
2026-02-26 16:31:13 INFO [admin] KnowledgeBaseExporter - Exported [0] knowledge bases for project [BG_CHILDES_TB]
2026-02-26 16:31:13 INFO [admin] LayerExporter - Exported [10] layers for project [BG_CHILDES_TB]
2026-02-26 16:31:13 INFO [admin] TagSetExporter - Exported [23] tagsets for project [BG_CHILDES_TB]
2026-02-26 16:31:13 INFO [admin] DocumentImportExportServiceImpl - Exported annotations [BOG_cds.conllu](12) for user [CURATION_USER] from project [BG_CHILDES_TB](0) using format [conllu]
2026-02-26 16:31:13 INFO [admin] CurationWorkflowExporter - Exported curation workflow settings for project [BG_CHILDES_TB](0)
2026-02-26 16:31:13 INFO [admin] SourceDocumentExporter - Exported content for source document [10] in project [BG_CHILDES_TB] with id [0]
2026-02-26 16:31:13 INFO [admin] SourceDocumentExporter - Exported content for source document [11] in project [BG_CHILDES_TB] with id [0]
2026-02-26 16:31:13 INFO [admin] SourceDocumentExporter - Exported content for source document [12] in project [BG_CHILDES_TB] with id [0]
2026-02-26 16:31:13 INFO [admin] SourceDocumentExporter - Exported content for source document [13] in project [BG_CHILDES_TB] with id [0]
2026-02-26 16:31:13 INFO [admin] SourceDocumentExporter - Exported content for source document [14] in project [BG_CHILDES_TB] with id [0]
2026-02-26 16:31:13 INFO [admin] SourceDocumentExporter - Exported content for source document [15] in project [BG_CHILDES_TB] with id [0]
2026-02-26 16:31:13 INFO [admin] SourceDocumentExporter - Exported content for source document [16] in project [BG_CHILDES_TB] with id [0]
2026-02-26 16:31:13 INFO [admin] SourceDocumentExporter - Exported content for source document [17] in project [BG_CHILDES_TB] with id [0]
2026-02-26 16:31:13 INFO [admin] SourceDocumentExporter - Exported content for source document [18] in project [BG_CHILDES_TB] with id [0]
2026-02-26 16:31:13 INFO [admin] SourceDocumentExporter - Exported content for source document [19] in project [BG_CHILDES_TB] with id [0]
2026-02-26 16:31:13 INFO [admin] SourceDocumentExporter - Exported content for source document [20] in project [BG_CHILDES_TB] with id [0]
2026-02-26 16:31:14 INFO [admin] LoggedEventExporter - Exported [9460] logged events for project [BG_CHILDES_TB]
2026-02-26 16:31:14 INFO [admin] LoggedEventExporter - Skipped [59] logged events for [10] documents no longer existing
2026-02-26 16:31:14 INFO [admin] DefaultProjectPreferencesExporter - Exported [0] default preferences for project [BG_CHILDES_TB]
2026-02-26 16:31:14 INFO [admin] UserProjectPreferencesExporter - Exported [7] user preferences for project [BG_CHILDES_TB]
2026-02-26 16:31:14 INFO [admin] GazeteerExporter - Exported [0] gazeteers for project [BG_CHILDES_TB]
2026-02-26 16:31:14 INFO [admin] WorkloadManagerExporter - Exported workload manager for project [BG_CHILDES_TB]
2026-02-26 16:31:14 INFO [admin] RecommenderExporter - Exported [0] recommenders for project [BG_CHILDES_TB]
2026-02-26 16:31:14 INFO [admin] DocumentImportExportServiceImpl - Exported annotations [ALE_cds.conllu](10) for user [INITIAL_CAS] from project [BG_CHILDES_TB](0) using format [conllu]
2026-02-26 16:31:14 INFO [admin] AnnotationDocumentExporter - Exported annotation document content for user [INITIAL_CAS] for source document [ALE_cds.conllu](10) in project [BG_CHILDES_TB](0)
2026-02-26 16:31:14 INFO [admin] DocumentImportExportServiceImpl - Exported annotations [ALE_cds.conllu](10) for user [ivelina] from project [BG_CHILDES_TB](0) using format [conllu]
2026-02-26 16:31:14 INFO [admin] AnnotationDocumentExporter - Exported annotation document content for user [ivelina] for source document [ALE_cds.conllu](10) in project [BG_CHILDES_TB](0)
2026-02-26 16:31:14 INFO [admin] DocumentImportExportServiceImpl - Exported annotations [ALE_cds.conllu](10) for user [mila] from project [BG_CHILDES_TB](0) using format [conllu]
2026-02-26 16:31:14 INFO [admin] AnnotationDocumentExporter - Exported annotation document content for user [mila] for source document [ALE_cds.conllu](10) in project [BG_CHILDES_TB](0)
2026-02-26 16:31:14 INFO [admin] DocumentImportExportServiceImpl - Exported annotations [ALE_cds.conllu](10) for user [yasena] from project [BG_CHILDES_TB](0) using format [conllu]
2026-02-26 16:31:14 INFO [admin] AnnotationDocumentExporter - Exported annotation document content for user [yasena] for source document [ALE_cds.conllu](10) in project [BG_CHILDES_TB](0)
2026-02-26 16:31:14 INFO [admin] DocumentImportExportServiceImpl - Exported annotations [ALE_cs.conllu](11) for user [INITIAL_CAS] from project [BG_CHILDES_TB](0) using format [conllu]
2026-02-26 16:31:14 INFO [admin] AnnotationDocumentExporter - Exported annotation document content for user [INITIAL_CAS] for source document [ALE_cs.conllu](11) in project [BG_CHILDES_TB](0)
2026-02-26 16:31:14 INFO [admin] DocumentImportExportServiceImpl - Exported annotations [ALE_cs.conllu](11) for user [admin] from project [BG_CHILDES_TB](0) using format [conllu]
2026-02-26 16:31:14 INFO [admin] AnnotationDocumentExporter - Exported annotation document content for user [admin] for source document [ALE_cs.conllu](11) in project [BG_CHILDES_TB](0)
2026-02-26 16:31:14 INFO [admin] DocumentImportExportServiceImpl - Exported annotations [ALE_cs.conllu](11) for user [ivelina] from project [BG_CHILDES_TB](0) using format [conllu]
2026-02-26 16:31:14 INFO [admin] AnnotationDocumentExporter - Exported annotation document content for user [ivelina] for source document [ALE_cs.conllu](11) in project [BG_CHILDES_TB](0)
2026-02-26 16:31:14 INFO [admin] DocumentImportExportServiceImpl - Exported annotations [ALE_cs.conllu](11) for user [yasena] from project [BG_CHILDES_TB](0) using format [conllu]
2026-02-26 16:31:14 INFO [admin] AnnotationDocumentExporter - Exported annotation document content for user [yasena] for source document [ALE_cs.conllu](11) in project [BG_CHILDES_TB](0)
2026-02-26 16:31:14 INFO [admin] DocumentImportExportServiceImpl - Exported annotations [ALE_cs.conllu](11) for user [yoana] from project [BG_CHILDES_TB](0) using format [conllu]
2026-02-26 16:31:14 INFO [admin] AnnotationDocumentExporter - Exported annotation document content for user [yoana] for source document [ALE_cs.conllu](11) in project [BG_CHILDES_TB](0)
2026-02-26 16:31:14 INFO [admin] DocumentImportExportServiceImpl - Exported annotations [ALE_cs.conllu](11) for user [mila] from project [BG_CHILDES_TB](0) using format [conllu]
2026-02-26 16:31:14 INFO [admin] AnnotationDocumentExporter - Exported annotation document content for user [mila] for source document [ALE_cs.conllu](11) in project [BG_CHILDES_TB](0)
2026-02-26 16:31:14 INFO [admin] DocumentImportExportServiceImpl - Exported annotations [BOG_cds.conllu](12) for user [INITIAL_CAS] from project [BG_CHILDES_TB](0) using format [conllu]
2026-02-26 16:31:14 INFO [admin] AnnotationDocumentExporter - Exported annotation document content for user [INITIAL_CAS] for source document [BOG_cds.conllu](12) in project [BG_CHILDES_TB](0)
2026-02-26 16:31:14 INFO [admin] DocumentImportExportServiceImpl - Exported annotations [BOG_cds.conllu](12) for user [admin] from project [BG_CHILDES_TB](0) using format [conllu]
2026-02-26 16:31:14 INFO [admin] AnnotationDocumentExporter - Exported annotation document content for user [admin] for source document [BOG_cds.conllu](12) in project [BG_CHILDES_TB](0)
2026-02-26 16:31:14 INFO [admin] DocumentImportExportServiceImpl - Exported annotations [BOG_cds.conllu](12) for user [yasena] from project [BG_CHILDES_TB](0) using format [conllu]
2026-02-26 16:31:14 INFO [admin] AnnotationDocumentExporter - Exported annotation document content for user [yasena] for source document [BOG_cds.conllu](12) in project [BG_CHILDES_TB](0)
2026-02-26 16:31:14 INFO [admin] DocumentImportExportServiceImpl - Exported annotations [BOG_cds.conllu](12) for user [ivelina] from project [BG_CHILDES_TB](0) using format [conllu]
2026-02-26 16:31:14 INFO [admin] AnnotationDocumentExporter - Exported annotation document content for user [ivelina] for source document [BOG_cds.conllu](12) in project [BG_CHILDES_TB](0)
2026-02-26 16:31:14 INFO [admin] DocumentImportExportServiceImpl - Exported annotations [BOG_cds.conllu](12) for user [mila] from project [BG_CHILDES_TB](0) using format [conllu]
2026-02-26 16:31:14 INFO [admin] AnnotationDocumentExporter - Exported annotation document content for user [mila] for source document [BOG_cds.conllu](12) in project [BG_CHILDES_TB](0)
2026-02-26 16:31:14 INFO [admin] DocumentImportExportServiceImpl - Exported annotations [BOG_cds.conllu](12) for user [yoana] from project [BG_CHILDES_TB](0) using format [conllu]
2026-02-26 16:31:14 INFO [admin] AnnotationDocumentExporter - Exported annotation document content for user [yoana] for source document [BOG_cds.conllu](12) in project [BG_CHILDES_TB](0)
2026-02-26 16:31:14 INFO [admin] DocumentImportExportServiceImpl - Exported annotations [BOG_cs.conllu](13) for user [INITIAL_CAS] from project [BG_CHILDES_TB](0) using format [conllu]
2026-02-26 16:31:14 INFO [admin] AnnotationDocumentExporter - Exported annotation document content for user [INITIAL_CAS] for source document [BOG_cs.conllu](13) in project [BG_CHILDES_TB](0)
2026-02-26 16:31:14 INFO [admin] DocumentImportExportServiceImpl - Exported annotations [BOG_cs.conllu](13) for user [ivelina] from project [BG_CHILDES_TB](0) using format [conllu]
2026-02-26 16:31:14 INFO [admin] AnnotationDocumentExporter - Exported annotation document content for user [ivelina] for source document [BOG_cs.conllu](13) in project [BG_CHILDES_TB](0)
2026-02-26 16:31:14 INFO [admin] DocumentImportExportServiceImpl - Exported annotations [BOG_cs.conllu](13) for user [mila] from project [BG_CHILDES_TB](0) using format [conllu]
2026-02-26 16:31:14 INFO [admin] AnnotationDocumentExporter - Exported annotation document content for user [mila] for source document [BOG_cs.conllu](13) in project [BG_CHILDES_TB](0)
2026-02-26 16:31:14 INFO [admin] DocumentImportExportServiceImpl - Exported annotations [BOG_cs.conllu](13) for user [yoana] from project [BG_CHILDES_TB](0) using format [conllu]
2026-02-26 16:31:14 INFO [admin] AnnotationDocumentExporter - Exported annotation document content for user [yoana] for source document [BOG_cs.conllu](13) in project [BG_CHILDES_TB](0)
2026-02-26 16:31:14 INFO [admin] DocumentImportExportServiceImpl - Exported annotations [ELI_cds.conllu](14) for user [INITIAL_CAS] from project [BG_CHILDES_TB](0) using format [conllu]
2026-02-26 16:31:14 INFO [admin] AnnotationDocumentExporter - Exported annotation document content for user [INITIAL_CAS] for source document [ELI_cds.conllu](14) in project [BG_CHILDES_TB](0)
2026-02-26 16:31:14 INFO [admin] DocumentImportExportServiceImpl - Exported annotations [ELI_cds.conllu](14) for user [ivelina] from project [BG_CHILDES_TB](0) using format [conllu]
2026-02-26 16:31:14 INFO [admin] AnnotationDocumentExporter - Exported annotation document content for user [ivelina] for source document [ELI_cds.conllu](14) in project [BG_CHILDES_TB](0)
2026-02-26 16:31:14 INFO [admin] DocumentImportExportServiceImpl - Exported annotations [ELI_cds.conllu](14) for user [mila] from project [BG_CHILDES_TB](0) using format [conllu]
2026-02-26 16:31:14 INFO [admin] AnnotationDocumentExporter - Exported annotation document content for user [mila] for source document [ELI_cds.conllu](14) in project [BG_CHILDES_TB](0)
2026-02-26 16:31:14 INFO [admin] DocumentImportExportServiceImpl - Exported annotations [ELI_cs.conllu](15) for user [INITIAL_CAS] from project [BG_CHILDES_TB](0) using format [conllu]
2026-02-26 16:31:15 INFO [admin] AnnotationDocumentExporter - Exported annotation document content for user [INITIAL_CAS] for source document [ELI_cs.conllu](15) in project [BG_CHILDES_TB](0)
2026-02-26 16:31:15 INFO [admin] DocumentImportExportServiceImpl - Exported annotations [ELI_cs.conllu](15) for user [tsvetelina] from project [BG_CHILDES_TB](0) using format [conllu]
2026-02-26 16:31:15 INFO [admin] AnnotationDocumentExporter - Exported annotation document content for user [tsvetelina] for source document [ELI_cs.conllu](15) in project [BG_CHILDES_TB](0)
2026-02-26 16:31:15 INFO [admin] DocumentImportExportServiceImpl - Exported annotations [ELI_cs.conllu](15) for user [mila] from project [BG_CHILDES_TB](0) using format [conllu]
2026-02-26 16:31:15 INFO [admin] AnnotationDocumentExporter - Exported annotation document content for user [mila] for source document [ELI_cs.conllu](15) in project [BG_CHILDES_TB](0)
2026-02-26 16:31:15 INFO [admin] DocumentImportExportServiceImpl - Exported annotations [SIM_cds.conllu](16) for user [INITIAL_CAS] from project [BG_CHILDES_TB](0) using format [conllu]
2026-02-26 16:31:15 INFO [admin] AnnotationDocumentExporter - Exported annotation document content for user [INITIAL_CAS] for source document [SIM_cds.conllu](16) in project [BG_CHILDES_TB](0)
2026-02-26 16:31:15 INFO [admin] DocumentImportExportServiceImpl - Exported annotations [SIM_cds.conllu](16) for user [ivelina] from project [BG_CHILDES_TB](0) using format [conllu]
2026-02-26 16:31:15 INFO [admin] AnnotationDocumentExporter - Exported annotation document content for user [ivelina] for source document [SIM_cds.conllu](16) in project [BG_CHILDES_TB](0)
2026-02-26 16:31:15 INFO [admin] DocumentImportExportServiceImpl - Exported annotations [SIM_cds.conllu](16) for user [mila] from project [BG_CHILDES_TB](0) using format [conllu]
2026-02-26 16:31:15 INFO [admin] AnnotationDocumentExporter - Exported annotation document content for user [mila] for source document [SIM_cds.conllu](16) in project [BG_CHILDES_TB](0)
2026-02-26 16:31:15 INFO [admin] DocumentImportExportServiceImpl - Exported annotations [SIM_cds.conllu](16) for user [tsvetina] from project [BG_CHILDES_TB](0) using format [conllu]
2026-02-26 16:31:15 INFO [admin] AnnotationDocumentExporter - Exported annotation document content for user [tsvetina] for source document [SIM_cds.conllu](16) in project [BG_CHILDES_TB](0)
2026-02-26 16:31:15 INFO [admin] DocumentImportExportServiceImpl - Exported annotations [SIM_cs.conllu](17) for user [INITIAL_CAS] from project [BG_CHILDES_TB](0) using format [conllu]
2026-02-26 16:31:15 INFO [admin] AnnotationDocumentExporter - Exported annotation document content for user [INITIAL_CAS] for source document [SIM_cs.conllu](17) in project [BG_CHILDES_TB](0)
2026-02-26 16:31:15 INFO [admin] DocumentImportExportServiceImpl - Exported annotations [SIM_cs.conllu](17) for user [ivelina] from project [BG_CHILDES_TB](0) using format [conllu]
2026-02-26 16:31:15 INFO [admin] AnnotationDocumentExporter - Exported annotation document content for user [ivelina] for source document [SIM_cs.conllu](17) in project [BG_CHILDES_TB](0)
2026-02-26 16:31:15 INFO [admin] DocumentImportExportServiceImpl - Exported annotations [SIM_cs.conllu](17) for user [tsvetina] from project [BG_CHILDES_TB](0) using format [conllu]
2026-02-26 16:31:15 INFO [admin] AnnotationDocumentExporter - Exported annotation document content for user [tsvetina] for source document [SIM_cs.conllu](17) in project [BG_CHILDES_TB](0)
2026-02-26 16:31:15 INFO [admin] DocumentImportExportServiceImpl - Exported annotations [SIM_cs.conllu](17) for user [mila] from project [BG_CHILDES_TB](0) using format [conllu]
2026-02-26 16:31:15 INFO [admin] AnnotationDocumentExporter - Exported annotation document content for user [mila] for source document [SIM_cs.conllu](17) in project [BG_CHILDES_TB](0)
2026-02-26 16:31:15 INFO [admin] DocumentImportExportServiceImpl - Exported annotations [TEF_cds.conllu](18) for user [INITIAL_CAS] from project [BG_CHILDES_TB](0) using format [conllu]
2026-02-26 16:31:15 INFO [admin] AnnotationDocumentExporter - Exported annotation document content for user [INITIAL_CAS] for source document [TEF_cds.conllu](18) in project [BG_CHILDES_TB](0)
2026-02-26 16:31:16 INFO [admin] DocumentImportExportServiceImpl - Exported annotations [TEF_cds.conllu](18) for user [ivelina] from project [BG_CHILDES_TB](0) using format [conllu]
2026-02-26 16:31:16 INFO [admin] AnnotationDocumentExporter - Exported annotation document content for user [ivelina] for source document [TEF_cds.conllu](18) in project [BG_CHILDES_TB](0)
2026-02-26 16:31:16 INFO [admin] DocumentImportExportServiceImpl - Exported annotations [TEF_cs.conllu](19) for user [INITIAL_CAS] from project [BG_CHILDES_TB](0) using format [conllu]
2026-02-26 16:31:16 INFO [admin] AnnotationDocumentExporter - Exported annotation document content for user [INITIAL_CAS] for source document [TEF_cs.conllu](19) in project [BG_CHILDES_TB](0)
2026-02-26 16:31:16 INFO [admin] DocumentImportExportServiceImpl - Exported annotations [TEF_cs.conllu](19) for user [ivelina] from project [BG_CHILDES_TB](0) using format [conllu]
2026-02-26 16:31:16 INFO [admin] AnnotationDocumentExporter - Exported annotation document content for user [ivelina] for source document [TEF_cs.conllu](19) in project [BG_CHILDES_TB](0)
2026-02-26 16:31:16 INFO [admin] DocumentImportExportServiceImpl - Exported annotations [UD_relations_example_for_each.conllu](20) for user [INITIAL_CAS] from project [BG_CHILDES_TB](0) using format [conllu]
2026-02-26 16:31:16 INFO [admin] AnnotationDocumentExporter - Exported annotation document content for user [INITIAL_CAS] for source document [UD_relations_example_for_each.conllu](20) in project [BG_CHILDES_TB](0)
2026-02-26 16:31:16 INFO [admin] DocumentImportExportServiceImpl - Exported annotations [UD_relations_example_for_each.conllu](20) for user [mila] from project [BG_CHILDES_TB](0) using format [conllu]
2026-02-26 16:31:16 INFO [admin] AnnotationDocumentExporter - Exported annotation document content for user [mila] for source document [UD_relations_example_for_each.conllu](20) in project [BG_CHILDES_TB](0)
2026-02-26 21:20:28 INFO [admin] AnnotationSchemaServiceImpl - Upgraded CAS of user [ivelina] for document [TEF_cs.conllu](19) in project [BG_CHILDES_TB](0)
2026-02-27 09:54:13 INFO [admin] AnnotationSchemaServiceImpl - Upgraded CAS of user [yasena] for document [ALE_cds.conllu](10) in project [BG_CHILDES_TB](0)
2026-02-27 10:21:43 INFO [admin] ProjectPermissionsExporter - Exported [9] permissions for project [BG_CHILDES_TB]
2026-02-27 10:21:43 INFO [admin] DocumentRepositoryExporter - Exported [0] document repositories for project [BG_CHILDES_TB]
2026-02-27 10:21:43 INFO [admin] KnowledgeBaseExporter - Exported [0] knowledge bases for project [BG_CHILDES_TB]
2026-02-27 10:21:43 INFO [admin] LayerExporter - Exported [10] layers for project [BG_CHILDES_TB]
2026-02-27 10:21:43 INFO [admin] TagSetExporter - Exported [23] tagsets for project [BG_CHILDES_TB]
2026-02-27 10:21:43 INFO [admin] DocumentImportExportServiceImpl - Exported annotations [ALE_cds.conllu](10) for user [CURATION_USER] from project [BG_CHILDES_TB](0) using format [conllu]
2026-02-27 10:21:43 INFO [admin] DocumentImportExportServiceImpl - Exported annotations [BOG_cds.conllu](12) for user [CURATION_USER] from project [BG_CHILDES_TB](0) using format [conllu]
2026-02-27 10:21:43 INFO [admin] CurationWorkflowExporter - Exported curation workflow settings for project [BG_CHILDES_TB](0)
2026-02-27 10:21:43 INFO [admin] SourceDocumentExporter - Exported content for source document [10] in project [BG_CHILDES_TB] with id [0]
2026-02-27 10:21:43 INFO [admin] SourceDocumentExporter - Exported content for source document [11] in project [BG_CHILDES_TB] with id [0]
2026-02-27 10:21:43 INFO [admin] SourceDocumentExporter - Exported content for source document [12] in project [BG_CHILDES_TB] with id [0]
2026-02-27 10:21:43 INFO [admin] SourceDocumentExporter - Exported content for source document [13] in project [BG_CHILDES_TB] with id [0]
2026-02-27 10:21:43 INFO [admin] SourceDocumentExporter - Exported content for source document [14] in project [BG_CHILDES_TB] with id [0]
2026-02-27 10:21:43 INFO [admin] SourceDocumentExporter - Exported content for source document [15] in project [BG_CHILDES_TB] with id [0]
2026-02-27 10:21:43 INFO [admin] SourceDocumentExporter - Exported content for source document [16] in project [BG_CHILDES_TB] with id [0]
2026-02-27 10:21:43 INFO [admin] SourceDocumentExporter - Exported content for source document [17] in project [BG_CHILDES_TB] with id [0]
2026-02-27 10:21:43 INFO [admin] SourceDocumentExporter - Exported content for source document [18] in project [BG_CHILDES_TB] with id [0]
2026-02-27 10:21:43 INFO [admin] SourceDocumentExporter - Exported content for source document [19] in project [BG_CHILDES_TB] with id [0]
2026-02-27 10:21:43 INFO [admin] SourceDocumentExporter - Exported content for source document [20] in project [BG_CHILDES_TB] with id [0]
2026-02-27 10:21:43 INFO [admin] LoggedEventExporter - Exported [9498] logged events for project [BG_CHILDES_TB]
2026-02-27 10:21:43 INFO [admin] LoggedEventExporter - Skipped [59] logged events for [10] documents no longer existing
2026-02-27 10:21:43 INFO [admin] DefaultProjectPreferencesExporter - Exported [0] default preferences for project [BG_CHILDES_TB]
2026-02-27 10:21:43 INFO [admin] UserProjectPreferencesExporter - Exported [7] user preferences for project [BG_CHILDES_TB]
2026-02-27 10:21:43 INFO [admin] GazeteerExporter - Exported [0] gazeteers for project [BG_CHILDES_TB]
2026-02-27 10:21:43 INFO [admin] WorkloadManagerExporter - Exported workload manager for project [BG_CHILDES_TB]
2026-02-27 10:21:43 INFO [admin] RecommenderExporter - Exported [0] recommenders for project [BG_CHILDES_TB]
2026-02-27 10:21:43 INFO [admin] DocumentImportExportServiceImpl - Exported annotations [ALE_cds.conllu](10) for user [INITIAL_CAS] from project [BG_CHILDES_TB](0) using format [conllu]
2026-02-27 10:21:43 INFO [admin] AnnotationDocumentExporter - Exported annotation document content for user [INITIAL_CAS] for source document [ALE_cds.conllu](10) in project [BG_CHILDES_TB](0)
2026-02-27 10:21:43 INFO [admin] DocumentImportExportServiceImpl - Exported annotations [ALE_cds.conllu](10) for user [mila] from project [BG_CHILDES_TB](0) using format [conllu]
2026-02-27 10:21:43 INFO [admin] AnnotationDocumentExporter - Exported annotation document content for user [mila] for source document [ALE_cds.conllu](10) in project [BG_CHILDES_TB](0)
2026-02-27 10:21:44 INFO [admin] DocumentImportExportServiceImpl - Exported annotations [ALE_cds.conllu](10) for user [ivelina] from project [BG_CHILDES_TB](0) using format [conllu]
2026-02-27 10:21:44 INFO [admin] AnnotationDocumentExporter - Exported annotation document content for user [ivelina] for source document [ALE_cds.conllu](10) in project [BG_CHILDES_TB](0)
2026-02-27 10:21:44 INFO [admin] DocumentImportExportServiceImpl - Exported annotations [ALE_cds.conllu](10) for user [yasena] from project [BG_CHILDES_TB](0) using format [conllu]
2026-02-27 10:21:44 INFO [admin] AnnotationDocumentExporter - Exported annotation document content for user [yasena] for source document [ALE_cds.conllu](10) in project [BG_CHILDES_TB](0)
2026-02-27 10:21:44 INFO [admin] DocumentImportExportServiceImpl - Exported annotations [ALE_cs.conllu](11) for user [INITIAL_CAS] from project [BG_CHILDES_TB](0) using format [conllu]
2026-02-27 10:21:44 INFO [admin] AnnotationDocumentExporter - Exported annotation document content for user [INITIAL_CAS] for source document [ALE_cs.conllu](11) in project [BG_CHILDES_TB](0)
2026-02-27 10:21:44 INFO [admin] DocumentImportExportServiceImpl - Exported annotations [ALE_cs.conllu](11) for user [admin] from project [BG_CHILDES_TB](0) using format [conllu]
2026-02-27 10:21:44 INFO [admin] AnnotationDocumentExporter - Exported annotation document content for user [admin] for source document [ALE_cs.conllu](11) in project [BG_CHILDES_TB](0)
2026-02-27 10:21:44 INFO [admin] DocumentImportExportServiceImpl - Exported annotations [ALE_cs.conllu](11) for user [yoana] from project [BG_CHILDES_TB](0) using format [conllu]
2026-02-27 10:21:44 INFO [admin] AnnotationDocumentExporter - Exported annotation document content for user [yoana] for source document [ALE_cs.conllu](11) in project [BG_CHILDES_TB](0)
2026-02-27 10:21:44 INFO [admin] DocumentImportExportServiceImpl - Exported annotations [ALE_cs.conllu](11) for user [mila] from project [BG_CHILDES_TB](0) using format [conllu]
2026-02-27 10:21:44 INFO [admin] AnnotationDocumentExporter - Exported annotation document content for user [mila] for source document [ALE_cs.conllu](11) in project [BG_CHILDES_TB](0)
2026-02-27 10:21:44 INFO [admin] DocumentImportExportServiceImpl - Exported annotations [ALE_cs.conllu](11) for user [yasena] from project [BG_CHILDES_TB](0) using format [conllu]
2026-02-27 10:21:44 INFO [admin] AnnotationDocumentExporter - Exported annotation document content for user [yasena] for source document [ALE_cs.conllu](11) in project [BG_CHILDES_TB](0)
2026-02-27 10:21:44 INFO [admin] DocumentImportExportServiceImpl - Exported annotations [ALE_cs.conllu](11) for user [ivelina] from project [BG_CHILDES_TB](0) using format [conllu]
2026-02-27 10:21:44 INFO [admin] AnnotationDocumentExporter - Exported annotation document content for user [ivelina] for source document [ALE_cs.conllu](11) in project [BG_CHILDES_TB](0)
2026-02-27 10:21:44 INFO [admin] DocumentImportExportServiceImpl - Exported annotations [BOG_cds.conllu](12) for user [INITIAL_CAS] from project [BG_CHILDES_TB](0) using format [conllu]
2026-02-27 10:21:44 INFO [admin] AnnotationDocumentExporter - Exported annotation document content for user [INITIAL_CAS] for source document [BOG_cds.conllu](12) in project [BG_CHILDES_TB](0)
2026-02-27 10:21:44 INFO [admin] DocumentImportExportServiceImpl - Exported annotations [BOG_cds.conllu](12) for user [admin] from project [BG_CHILDES_TB](0) using format [conllu]
2026-02-27 10:21:44 INFO [admin] AnnotationDocumentExporter - Exported annotation document content for user [admin] for source document [BOG_cds.conllu](12) in project [BG_CHILDES_TB](0)
2026-02-27 10:21:44 INFO [admin] DocumentImportExportServiceImpl - Exported annotations [BOG_cds.conllu](12) for user [yasena] from project [BG_CHILDES_TB](0) using format [conllu]
2026-02-27 10:21:44 INFO [admin] AnnotationDocumentExporter - Exported annotation document content for user [yasena] for source document [BOG_cds.conllu](12) in project [BG_CHILDES_TB](0)
2026-02-27 10:21:44 INFO [admin] DocumentImportExportServiceImpl - Exported annotations [BOG_cds.conllu](12) for user [mila] from project [BG_CHILDES_TB](0) using format [conllu]
2026-02-27 10:21:44 INFO [admin] AnnotationDocumentExporter - Exported annotation document content for user [mila] for source document [BOG_cds.conllu](12) in project [BG_CHILDES_TB](0)
2026-02-27 10:21:44 INFO [admin] DocumentImportExportServiceImpl - Exported annotations [BOG_cds.conllu](12) for user [yoana] from project [BG_CHILDES_TB](0) using format [conllu]
2026-02-27 10:21:44 INFO [admin] AnnotationDocumentExporter - Exported annotation document content for user [yoana] for source document [BOG_cds.conllu](12) in project [BG_CHILDES_TB](0)
2026-02-27 10:21:44 INFO [admin] DocumentImportExportServiceImpl - Exported annotations [BOG_cds.conllu](12) for user [ivelina] from project [BG_CHILDES_TB](0) using format [conllu]
2026-02-27 10:21:44 INFO [admin] AnnotationDocumentExporter - Exported annotation document content for user [ivelina] for source document [BOG_cds.conllu](12) in project [BG_CHILDES_TB](0)
2026-02-27 10:21:44 INFO [admin] DocumentImportExportServiceImpl - Exported annotations [BOG_cs.conllu](13) for user [INITIAL_CAS] from project [BG_CHILDES_TB](0) using format [conllu]
2026-02-27 10:21:44 INFO [admin] AnnotationDocumentExporter - Exported annotation document content for user [INITIAL_CAS] for source document [BOG_cs.conllu](13) in project [BG_CHILDES_TB](0)
2026-02-27 10:21:44 INFO [admin] DocumentImportExportServiceImpl - Exported annotations [BOG_cs.conllu](13) for user [yoana] from project [BG_CHILDES_TB](0) using format [conllu]
2026-02-27 10:21:44 INFO [admin] AnnotationDocumentExporter - Exported annotation document content for user [yoana] for source document [BOG_cs.conllu](13) in project [BG_CHILDES_TB](0)
2026-02-27 10:21:44 INFO [admin] DocumentImportExportServiceImpl - Exported annotations [BOG_cs.conllu](13) for user [mila] from project [BG_CHILDES_TB](0) using format [conllu]
2026-02-27 10:21:44 INFO [admin] AnnotationDocumentExporter - Exported annotation document content for user [mila] for source document [BOG_cs.conllu](13) in project [BG_CHILDES_TB](0)
2026-02-27 10:21:44 INFO [admin] DocumentImportExportServiceImpl - Exported annotations [BOG_cs.conllu](13) for user [ivelina] from project [BG_CHILDES_TB](0) using format [conllu]
2026-02-27 10:21:44 INFO [admin] AnnotationDocumentExporter - Exported annotation document content for user [ivelina] for source document [BOG_cs.conllu](13) in project [BG_CHILDES_TB](0)
2026-02-27 10:21:44 INFO [admin] DocumentImportExportServiceImpl - Exported annotations [ELI_cds.conllu](14) for user [INITIAL_CAS] from project [BG_CHILDES_TB](0) using format [conllu]
2026-02-27 10:21:44 INFO [admin] AnnotationDocumentExporter - Exported annotation document content for user [INITIAL_CAS] for source document [ELI_cds.conllu](14) in project [BG_CHILDES_TB](0)
2026-02-27 10:21:44 INFO [admin] DocumentImportExportServiceImpl - Exported annotations [ELI_cds.conllu](14) for user [ivelina] from project [BG_CHILDES_TB](0) using format [conllu]
2026-02-27 10:21:44 INFO [admin] AnnotationDocumentExporter - Exported annotation document content for user [ivelina] for source document [ELI_cds.conllu](14) in project [BG_CHILDES_TB](0)
2026-02-27 10:21:44 INFO [admin] DocumentImportExportServiceImpl - Exported annotations [ELI_cds.conllu](14) for user [mila] from project [BG_CHILDES_TB](0) using format [conllu]
2026-02-27 10:21:44 INFO [admin] AnnotationDocumentExporter - Exported annotation document content for user [mila] for source document [ELI_cds.conllu](14) in project [BG_CHILDES_TB](0)
2026-02-27 10:21:44 INFO [admin] DocumentImportExportServiceImpl - Exported annotations [ELI_cs.conllu](15) for user [INITIAL_CAS] from project [BG_CHILDES_TB](0) using format [conllu]
2026-02-27 10:21:44 INFO [admin] AnnotationDocumentExporter - Exported annotation document content for user [INITIAL_CAS] for source document [ELI_cs.conllu](15) in project [BG_CHILDES_TB](0)
2026-02-27 10:21:44 INFO [admin] DocumentImportExportServiceImpl - Exported annotations [ELI_cs.conllu](15) for user [mila] from project [BG_CHILDES_TB](0) using format [conllu]
2026-02-27 10:21:44 INFO [admin] AnnotationDocumentExporter - Exported annotation document content for user [mila] for source document [ELI_cs.conllu](15) in project [BG_CHILDES_TB](0)
2026-02-27 10:21:44 INFO [admin] DocumentImportExportServiceImpl - Exported annotations [ELI_cs.conllu](15) for user [tsvetelina] from project [BG_CHILDES_TB](0) using format [conllu]
2026-02-27 10:21:44 INFO [admin] AnnotationDocumentExporter - Exported annotation document content for user [tsvetelina] for source document [ELI_cs.conllu](15) in project [BG_CHILDES_TB](0)
2026-02-27 10:21:45 INFO [admin] DocumentImportExportServiceImpl - Exported annotations [SIM_cds.conllu](16) for user [INITIAL_CAS] from project [BG_CHILDES_TB](0) using format [conllu]
2026-02-27 10:21:45 INFO [admin] AnnotationDocumentExporter - Exported annotation document content for user [INITIAL_CAS] for source document [SIM_cds.conllu](16) in project [BG_CHILDES_TB](0)
2026-02-27 10:21:45 INFO [admin] DocumentImportExportServiceImpl - Exported annotations [SIM_cds.conllu](16) for user [ivelina] from project [BG_CHILDES_TB](0) using format [conllu]
2026-02-27 10:21:45 INFO [admin] AnnotationDocumentExporter - Exported annotation document content for user [ivelina] for source document [SIM_cds.conllu](16) in project [BG_CHILDES_TB](0)
2026-02-27 10:21:45 INFO [admin] DocumentImportExportServiceImpl - Exported annotations [SIM_cds.conllu](16) for user [mila] from project [BG_CHILDES_TB](0) using format [conllu]
2026-02-27 10:21:45 INFO [admin] AnnotationDocumentExporter - Exported annotation document content for user [mila] for source document [SIM_cds.conllu](16) in project [BG_CHILDES_TB](0)
2026-02-27 10:21:45 INFO [admin] DocumentImportExportServiceImpl - Exported annotations [SIM_cds.conllu](16) for user [tsvetina] from project [BG_CHILDES_TB](0) using format [conllu]
2026-02-27 10:21:45 INFO [admin] AnnotationDocumentExporter - Exported annotation document content for user [tsvetina] for source document [SIM_cds.conllu](16) in project [BG_CHILDES_TB](0)
2026-02-27 10:21:45 INFO [admin] DocumentImportExportServiceImpl - Exported annotations [SIM_cs.conllu](17) for user [INITIAL_CAS] from project [BG_CHILDES_TB](0) using format [conllu]
2026-02-27 10:21:45 INFO [admin] AnnotationDocumentExporter - Exported annotation document content for user [INITIAL_CAS] for source document [SIM_cs.conllu](17) in project [BG_CHILDES_TB](0)
2026-02-27 10:21:45 INFO [admin] DocumentImportExportServiceImpl - Exported annotations [SIM_cs.conllu](17) for user [ivelina] from project [BG_CHILDES_TB](0) using format [conllu]
2026-02-27 10:21:45 INFO [admin] AnnotationDocumentExporter - Exported annotation document content for user [ivelina] for source document [SIM_cs.conllu](17) in project [BG_CHILDES_TB](0)
2026-02-27 10:21:45 INFO [admin] DocumentImportExportServiceImpl - Exported annotations [SIM_cs.conllu](17) for user [mila] from project [BG_CHILDES_TB](0) using format [conllu]
2026-02-27 10:21:45 INFO [admin] AnnotationDocumentExporter - Exported annotation document content for user [mila] for source document [SIM_cs.conllu](17) in project [BG_CHILDES_TB](0)
2026-02-27 10:21:46 INFO [admin] DocumentImportExportServiceImpl - Exported annotations [SIM_cs.conllu](17) for user [tsvetina] from project [BG_CHILDES_TB](0) using format [conllu]
2026-02-27 10:21:46 INFO [admin] AnnotationDocumentExporter - Exported annotation document content for user [tsvetina] for source document [SIM_cs.conllu](17) in project [BG_CHILDES_TB](0)
2026-02-27 10:21:46 INFO [admin] DocumentImportExportServiceImpl - Exported annotations [TEF_cds.conllu](18) for user [INITIAL_CAS] from project [BG_CHILDES_TB](0) using format [conllu]
2026-02-27 10:21:46 INFO [admin] AnnotationDocumentExporter - Exported annotation document content for user [INITIAL_CAS] for source document [TEF_cds.conllu](18) in project [BG_CHILDES_TB](0)
2026-02-27 10:21:46 INFO [admin] DocumentImportExportServiceImpl - Exported annotations [TEF_cds.conllu](18) for user [ivelina] from project [BG_CHILDES_TB](0) using format [conllu]
2026-02-27 10:21:46 INFO [admin] AnnotationDocumentExporter - Exported annotation document content for user [ivelina] for source document [TEF_cds.conllu](18) in project [BG_CHILDES_TB](0)
2026-02-27 10:21:46 INFO [admin] DocumentImportExportServiceImpl - Exported annotations [TEF_cs.conllu](19) for user [INITIAL_CAS] from project [BG_CHILDES_TB](0) using format [conllu]
2026-02-27 10:21:46 INFO [admin] AnnotationDocumentExporter - Exported annotation document content for user [INITIAL_CAS] for source document [TEF_cs.conllu](19) in project [BG_CHILDES_TB](0)
2026-02-27 10:21:46 INFO [admin] DocumentImportExportServiceImpl - Exported annotations [TEF_cs.conllu](19) for user [ivelina] from project [BG_CHILDES_TB](0) using format [conllu]
2026-02-27 10:21:46 INFO [admin] AnnotationDocumentExporter - Exported annotation document content for user [ivelina] for source document [TEF_cs.conllu](19) in project [BG_CHILDES_TB](0)
2026-02-27 10:21:46 INFO [admin] DocumentImportExportServiceImpl - Exported annotations [UD_relations_example_for_each.conllu](20) for user [INITIAL_CAS] from project [BG_CHILDES_TB](0) using format [conllu]
2026-02-27 10:21:46 INFO [admin] AnnotationDocumentExporter - Exported annotation document content for user [INITIAL_CAS] for source document [UD_relations_example_for_each.conllu](20) in project [BG_CHILDES_TB](0)
2026-02-27 10:21:46 INFO [admin] DocumentImportExportServiceImpl - Exported annotations [UD_relations_example_for_each.conllu](20) for user [mila] from project [BG_CHILDES_TB](0) using format [conllu]
2026-02-27 10:21:46 INFO [admin] AnnotationDocumentExporter - Exported annotation document content for user [mila] for source document [UD_relations_example_for_each.conllu](20) in project [BG_CHILDES_TB](0)
2026-02-27 10:58:41 INFO [admin] AnnotationSchemaServiceImpl - Upgraded CAS of user [CURATION_USER] for document [ALE_cds.conllu](10) in project [BG_CHILDES_TB](0)
2026-02-27 11:01:48 INFO [admin] DocumentServiceImpl - Created annotation document [tsvetelina@ELI_cds.conllu](34) in project [BG_CHILDES_TB](0)
2026-02-27 11:03:48 INFO [admin] AnnotationSchemaServiceImpl - Upgraded CAS of user [mila] for document [SIM_cds.conllu](16) in project [BG_CHILDES_TB](0)
2026-02-27 11:04:46 INFO [admin] AnnotationSchemaServiceImpl - Upgraded CAS of user [CURATION_USER] for document [ALE_cds.conllu](10) in project [BG_CHILDES_TB](0)
2026-02-27 11:06:20 INFO [admin] AnnotationSchemaServiceImpl - Upgraded CAS of user [CURATION_USER] for document [ALE_cds.conllu](10) in project [BG_CHILDES_TB](0)
2026-02-27 11:17:50 INFO [admin] AnnotationSchemaServiceImpl - Upgraded CAS of user [CURATION_USER] for document [ALE_cds.conllu](10) in project [BG_CHILDES_TB](0)
2026-02-27 11:24:09 INFO [admin] AnnotationSchemaServiceImpl - Upgraded CAS of user [CURATION_USER] for document [ALE_cds.conllu](10) in project [BG_CHILDES_TB](0)
2026-02-27 11:31:12 INFO [admin] AnnotationSchemaServiceImpl - Upgraded CAS of user [CURATION_USER] for document [ALE_cds.conllu](10) in project [BG_CHILDES_TB](0)
2026-02-27 11:57:03 INFO [admin] AnnotationSchemaServiceImpl - Upgraded CAS of user [mila] for document [ALE_cds.conllu](10) in project [BG_CHILDES_TB](0)
2026-02-27 11:58:45 INFO [admin] AnnotationSchemaServiceImpl - Upgraded CAS of user [mila] for document [ALE_cds.conllu](10) in project [BG_CHILDES_TB](0)
2026-02-27 11:59:57 INFO [admin] AnnotationSchemaServiceImpl - Upgraded CAS of user [CURATION_USER] for document [ALE_cds.conllu](10) in project [BG_CHILDES_TB](0)
2026-02-27 13:35:42 INFO [admin] AnnotationSchemaServiceImpl - Upgraded CAS of user [CURATION_USER] for document [ALE_cds.conllu](10) in project [BG_CHILDES_TB](0)
2026-02-27 14:21:39 INFO [admin] AnnotationSchemaServiceImpl - Upgraded CAS of user [CURATION_USER] for document [ALE_cds.conllu](10) in project [BG_CHILDES_TB](0)
2026-02-27 15:28:17 INFO [admin] AnnotationSchemaServiceImpl - Upgraded CAS of user [CURATION_USER] for document [BOG_cds.conllu](12) in project [BG_CHILDES_TB](0)
2026-02-28 14:21:01 INFO [admin] AnnotationSchemaServiceImpl - Upgraded CAS of user [admin] for document [BOG_cds.conllu](12) in project [BG_CHILDES_TB](0)
2026-02-28 14:21:14 INFO [admin] AnnotationSchemaServiceImpl - Upgraded CAS of user [CURATION_USER] for document [BOG_cds.conllu](12) in project [BG_CHILDES_TB](0)
2026-02-28 20:02:00 INFO [admin] AnnotationSchemaServiceImpl - Upgraded CAS of user [tsvetelina] for document [ELI_cds.conllu](14) in project [BG_CHILDES_TB](0)
2026-02-28 20:15:57 INFO [admin] AnnotationSchemaServiceImpl - Upgraded CAS of user [tsvetelina] for document [ELI_cds.conllu](14) in project [BG_CHILDES_TB](0)
2026-02-28 21:48:40 INFO [admin] AnnotationSchemaServiceImpl - Upgraded CAS of user [tsvetelina] for document [ELI_cds.conllu](14) in project [BG_CHILDES_TB](0)
2026-02-28 21:50:43 INFO [admin] AnnotationSchemaServiceImpl - Upgraded CAS of user [tsvetelina] for document [ELI_cds.conllu](14) in project [BG_CHILDES_TB](0)
2026-03-01 21:38:28 INFO [admin] AnnotationSchemaServiceImpl - Upgraded CAS of user [tsvetelina] for document [ELI_cs.conllu](15) in project [BG_CHILDES_TB](0)
2026-03-01 21:40:44 INFO [admin] AnnotationSchemaServiceImpl - Upgraded CAS of user [tsvetelina] for document [ELI_cds.conllu](14) in project [BG_CHILDES_TB](0)
2026-03-01 23:26:02 INFO [admin] AnnotationSchemaServiceImpl - Upgraded CAS of user [tsvetelina] for document [ELI_cs.conllu](15) in project [BG_CHILDES_TB](0)
2026-03-01 23:27:37 INFO [admin] AnnotationSchemaServiceImpl - Upgraded CAS of user [tsvetelina] for document [ELI_cs.conllu](15) in project [BG_CHILDES_TB](0)
2026-03-01 23:28:02 INFO [admin] DocumentImportExportServiceImpl - Exported annotations [ELI_cs.conllu](15) for user [tsvetelina] from project [BG_CHILDES_TB](0) using format [conllu]
2026-03-01 23:28:11 INFO [admin] AnnotationSchemaServiceImpl - Upgraded CAS of user [tsvetelina] for document [ELI_cds.conllu](14) in project [BG_CHILDES_TB](0)
2026-03-01 23:28:23 INFO [admin] DocumentImportExportServiceImpl - Exported annotations [ELI_cds.conllu](14) for user [tsvetelina] from project [BG_CHILDES_TB](0) using format [conllu]
2026-03-01 23:28:46 INFO [admin] AnnotationSchemaServiceImpl - Upgraded CAS of user [tsvetelina] for document [ELI_cds.conllu](14) in project [BG_CHILDES_TB](0)
2026-03-02 11:36:03 INFO [admin] AnnotationSchemaServiceImpl - Created feature [Comment](19) in project [BG_CHILDES_TB](0)
2026-03-02 11:36:03 INFO [admin] SearchServiceImpl - Re-indexing project [BG_CHILDES_TB](0). This may take a while...
2026-03-02 11:36:13 INFO [admin] SearchServiceImpl - Re-indexing project [BG_CHILDES_TB](0) complete!
2026-03-02 11:36:47 INFO [admin] DocumentServiceImpl - Created annotation document [admin@UD_relations_example_for_each.conllu](35) in project [BG_CHILDES_TB](0)
2026-03-02 11:36:47 INFO [admin] AnnotationSchemaServiceImpl - Upgraded CAS of user [admin] for document [UD_relations_example_for_each.conllu](20) in project [BG_CHILDES_TB](0)
2026-03-02 11:37:30 INFO [admin] AnnotationSchemaServiceImpl - Updated layer [webanno.custom.Comment](13) in project [BG_CHILDES_TB](0)
2026-03-02 11:37:30 INFO [admin] SearchServiceImpl - Re-indexing project [BG_CHILDES_TB](0). This may take a while...
2026-03-02 11:37:40 INFO [admin] SearchServiceImpl - Re-indexing project [BG_CHILDES_TB](0) complete!
2026-03-02 14:24:46 INFO [admin] AnnotationSchemaServiceImpl - Upgraded CAS of user [CURATION_USER] for document [ALE_cds.conllu](10) in project [BG_CHILDES_TB](0)
2026-03-05 10:41:06 INFO [admin] ProjectPermissionsExporter - Exported [9] permissions for project [BG_CHILDES_TB]
2026-03-05 10:41:06 INFO [admin] DocumentRepositoryExporter - Exported [0] document repositories for project [BG_CHILDES_TB]
2026-03-05 10:41:06 INFO [admin] KnowledgeBaseExporter - Exported [0] knowledge bases for project [BG_CHILDES_TB]
2026-03-05 10:41:06 INFO [admin] LayerExporter - Exported [10] layers for project [BG_CHILDES_TB]
2026-03-05 10:41:06 INFO [admin] TagSetExporter - Exported [23] tagsets for project [BG_CHILDES_TB]
2026-03-05 10:41:06 INFO [admin] DocumentImportExportServiceImpl - Exported annotations [ALE_cds.conllu](10) for user [CURATION_USER] from project [BG_CHILDES_TB](0) using format [conllu]
2026-03-05 10:41:06 INFO [admin] DocumentImportExportServiceImpl - Exported annotations [BOG_cds.conllu](12) for user [CURATION_USER] from project [BG_CHILDES_TB](0) using format [conllu]
2026-03-05 10:41:06 INFO [admin] DocumentImportExportServiceImpl - Exported annotations [SIM_cds.conllu](16) for user [CURATION_USER] from project [BG_CHILDES_TB](0) using format [conllu]
2026-03-05 10:41:06 INFO [admin] CurationWorkflowExporter - Exported curation workflow settings for project [BG_CHILDES_TB](0)
2026-03-05 10:41:06 INFO [admin] SourceDocumentExporter - Exported content for source document [10] in project [BG_CHILDES_TB] with id [0]
2026-03-05 10:41:06 INFO [admin] SourceDocumentExporter - Exported content for source document [11] in project [BG_CHILDES_TB] with id [0]
2026-03-05 10:41:06 INFO [admin] SourceDocumentExporter - Exported content for source document [12] in project [BG_CHILDES_TB] with id [0]
2026-03-05 10:41:06 INFO [admin] SourceDocumentExporter - Exported content for source document [13] in project [BG_CHILDES_TB] with id [0]
2026-03-05 10:41:06 INFO [admin] SourceDocumentExporter - Exported content for source document [14] in project [BG_CHILDES_TB] with id [0]
2026-03-05 10:41:06 INFO [admin] SourceDocumentExporter - Exported content for source document [15] in project [BG_CHILDES_TB] with id [0]
2026-03-05 10:41:06 INFO [admin] SourceDocumentExporter - Exported content for source document [16] in project [BG_CHILDES_TB] with id [0]
2026-03-05 10:41:06 INFO [admin] SourceDocumentExporter - Exported content for source document [17] in project [BG_CHILDES_TB] with id [0]
2026-03-05 10:41:06 INFO [admin] SourceDocumentExporter - Exported content for source document [18] in project [BG_CHILDES_TB] with id [0]
2026-03-05 10:41:06 INFO [admin] SourceDocumentExporter - Exported content for source document [19] in project [BG_CHILDES_TB] with id [0]
2026-03-05 10:41:06 INFO [admin] SourceDocumentExporter - Exported content for source document [20] in project [BG_CHILDES_TB] with id [0]
2026-03-05 10:41:07 INFO [admin] LoggedEventExporter - Exported [10956] logged events for project [BG_CHILDES_TB]
2026-03-05 10:41:07 INFO [admin] LoggedEventExporter - Skipped [59] logged events for [10] documents no longer existing
2026-03-05 10:41:07 INFO [admin] DefaultProjectPreferencesExporter - Exported [0] default preferences for project [BG_CHILDES_TB]
2026-03-05 10:41:07 INFO [admin] UserProjectPreferencesExporter - Exported [7] user preferences for project [BG_CHILDES_TB]
2026-03-05 10:41:07 INFO [admin] GazeteerExporter - Exported [0] gazeteers for project [BG_CHILDES_TB]
2026-03-05 10:41:07 INFO [admin] WorkloadManagerExporter - Exported workload manager for project [BG_CHILDES_TB]
2026-03-05 10:41:07 INFO [admin] RecommenderExporter - Exported [0] recommenders for project [BG_CHILDES_TB]
2026-03-05 10:41:07 INFO [admin] DocumentImportExportServiceImpl - Exported annotations [ALE_cds.conllu](10) for user [INITIAL_CAS] from project [BG_CHILDES_TB](0) using format [conllu]
2026-03-05 10:41:07 INFO [admin] AnnotationDocumentExporter - Exported annotation document content for user [INITIAL_CAS] for source document [ALE_cds.conllu](10) in project [BG_CHILDES_TB](0)
2026-03-05 10:41:07 INFO [admin] DocumentImportExportServiceImpl - Exported annotations [ALE_cds.conllu](10) for user [mila] from project [BG_CHILDES_TB](0) using format [conllu]
2026-03-05 10:41:07 INFO [admin] AnnotationDocumentExporter - Exported annotation document content for user [mila] for source document [ALE_cds.conllu](10) in project [BG_CHILDES_TB](0)
2026-03-05 10:41:07 INFO [admin] DocumentImportExportServiceImpl - Exported annotations [ALE_cds.conllu](10) for user [yasena] from project [BG_CHILDES_TB](0) using format [conllu]
2026-03-05 10:41:07 INFO [admin] AnnotationDocumentExporter - Exported annotation document content for user [yasena] for source document [ALE_cds.conllu](10) in project [BG_CHILDES_TB](0)
2026-03-05 10:41:07 INFO [admin] DocumentImportExportServiceImpl - Exported annotations [ALE_cds.conllu](10) for user [ivelina] from project [BG_CHILDES_TB](0) using format [conllu]
2026-03-05 10:41:07 INFO [admin] AnnotationDocumentExporter - Exported annotation document content for user [ivelina] for source document [ALE_cds.conllu](10) in project [BG_CHILDES_TB](0)
2026-03-05 10:41:07 INFO [admin] DocumentImportExportServiceImpl - Exported annotations [ALE_cs.conllu](11) for user [INITIAL_CAS] from project [BG_CHILDES_TB](0) using format [conllu]
2026-03-05 10:41:07 INFO [admin] AnnotationDocumentExporter - Exported annotation document content for user [INITIAL_CAS] for source document [ALE_cs.conllu](11) in project [BG_CHILDES_TB](0)
2026-03-05 10:41:07 INFO [admin] DocumentImportExportServiceImpl - Exported annotations [ALE_cs.conllu](11) for user [admin] from project [BG_CHILDES_TB](0) using format [conllu]
2026-03-05 10:41:07 INFO [admin] AnnotationDocumentExporter - Exported annotation document content for user [admin] for source document [ALE_cs.conllu](11) in project [BG_CHILDES_TB](0)
2026-03-05 10:41:07 INFO [admin] DocumentImportExportServiceImpl - Exported annotations [ALE_cs.conllu](11) for user [ivelina] from project [BG_CHILDES_TB](0) using format [conllu]
2026-03-05 10:41:07 INFO [admin] AnnotationDocumentExporter - Exported annotation document content for user [ivelina] for source document [ALE_cs.conllu](11) in project [BG_CHILDES_TB](0)
2026-03-05 10:41:07 INFO [admin] DocumentImportExportServiceImpl - Exported annotations [ALE_cs.conllu](11) for user [yoana] from project [BG_CHILDES_TB](0) using format [conllu]
2026-03-05 10:41:07 INFO [admin] AnnotationDocumentExporter - Exported annotation document content for user [yoana] for source document [ALE_cs.conllu](11) in project [BG_CHILDES_TB](0)
2026-03-05 10:41:07 INFO [admin] DocumentImportExportServiceImpl - Exported annotations [ALE_cs.conllu](11) for user [mila] from project [BG_CHILDES_TB](0) using format [conllu]
2026-03-05 10:41:07 INFO [admin] AnnotationDocumentExporter - Exported annotation document content for user [mila] for source document [ALE_cs.conllu](11) in project [BG_CHILDES_TB](0)
2026-03-05 10:41:07 INFO [admin] DocumentImportExportServiceImpl - Exported annotations [ALE_cs.conllu](11) for user [yasena] from project [BG_CHILDES_TB](0) using format [conllu]
2026-03-05 10:41:07 INFO [admin] AnnotationDocumentExporter - Exported annotation document content for user [yasena] for source document [ALE_cs.conllu](11) in project [BG_CHILDES_TB](0)
2026-03-05 10:41:07 INFO [admin] DocumentImportExportServiceImpl - Exported annotations [BOG_cds.conllu](12) for user [INITIAL_CAS] from project [BG_CHILDES_TB](0) using format [conllu]
2026-03-05 10:41:07 INFO [admin] AnnotationDocumentExporter - Exported annotation document content for user [INITIAL_CAS] for source document [BOG_cds.conllu](12) in project [BG_CHILDES_TB](0)
2026-03-05 10:41:07 INFO [admin] DocumentImportExportServiceImpl - Exported annotations [BOG_cds.conllu](12) for user [admin] from project [BG_CHILDES_TB](0) using format [conllu]
2026-03-05 10:41:07 INFO [admin] AnnotationDocumentExporter - Exported annotation document content for user [admin] for source document [BOG_cds.conllu](12) in project [BG_CHILDES_TB](0)
2026-03-05 10:41:07 INFO [admin] DocumentImportExportServiceImpl - Exported annotations [BOG_cds.conllu](12) for user [ivelina] from project [BG_CHILDES_TB](0) using format [conllu]
2026-03-05 10:41:07 INFO [admin] AnnotationDocumentExporter - Exported annotation document content for user [ivelina] for source document [BOG_cds.conllu](12) in project [BG_CHILDES_TB](0)
2026-03-05 10:41:07 INFO [admin] DocumentImportExportServiceImpl - Exported annotations [BOG_cds.conllu](12) for user [yasena] from project [BG_CHILDES_TB](0) using format [conllu]
2026-03-05 10:41:07 INFO [admin] AnnotationDocumentExporter - Exported annotation document content for user [yasena] for source document [BOG_cds.conllu](12) in project [BG_CHILDES_TB](0)
2026-03-05 10:41:08 INFO [admin] DocumentImportExportServiceImpl - Exported annotations [BOG_cds.conllu](12) for user [mila] from project [BG_CHILDES_TB](0) using format [conllu]
2026-03-05 10:41:08 INFO [admin] AnnotationDocumentExporter - Exported annotation document content for user [mila] for source document [BOG_cds.conllu](12) in project [BG_CHILDES_TB](0)
2026-03-05 10:41:08 INFO [admin] DocumentImportExportServiceImpl - Exported annotations [BOG_cds.conllu](12) for user [yoana] from project [BG_CHILDES_TB](0) using format [conllu]
2026-03-05 10:41:08 INFO [admin] AnnotationDocumentExporter - Exported annotation document content for user [yoana] for source document [BOG_cds.conllu](12) in project [BG_CHILDES_TB](0)
2026-03-05 10:41:08 INFO [admin] DocumentImportExportServiceImpl - Exported annotations [BOG_cs.conllu](13) for user [INITIAL_CAS] from project [BG_CHILDES_TB](0) using format [conllu]
2026-03-05 10:41:08 INFO [admin] AnnotationDocumentExporter - Exported annotation document content for user [INITIAL_CAS] for source document [BOG_cs.conllu](13) in project [BG_CHILDES_TB](0)
2026-03-05 10:41:08 INFO [admin] DocumentImportExportServiceImpl - Exported annotations [BOG_cs.conllu](13) for user [ivelina] from project [BG_CHILDES_TB](0) using format [conllu]
2026-03-05 10:41:08 INFO [admin] AnnotationDocumentExporter - Exported annotation document content for user [ivelina] for source document [BOG_cs.conllu](13) in project [BG_CHILDES_TB](0)
2026-03-05 10:41:08 INFO [admin] DocumentImportExportServiceImpl - Exported annotations [BOG_cs.conllu](13) for user [mila] from project [BG_CHILDES_TB](0) using format [conllu]
2026-03-05 10:41:08 INFO [admin] AnnotationDocumentExporter - Exported annotation document content for user [mila] for source document [BOG_cs.conllu](13) in project [BG_CHILDES_TB](0)
2026-03-05 10:41:08 INFO [admin] DocumentImportExportServiceImpl - Exported annotations [BOG_cs.conllu](13) for user [yoana] from project [BG_CHILDES_TB](0) using format [conllu]
2026-03-05 10:41:08 INFO [admin] AnnotationDocumentExporter - Exported annotation document content for user [yoana] for source document [BOG_cs.conllu](13) in project [BG_CHILDES_TB](0)
2026-03-05 10:41:08 INFO [admin] DocumentImportExportServiceImpl - Exported annotations [ELI_cds.conllu](14) for user [INITIAL_CAS] from project [BG_CHILDES_TB](0) using format [conllu]
2026-03-05 10:41:08 INFO [admin] AnnotationDocumentExporter - Exported annotation document content for user [INITIAL_CAS] for source document [ELI_cds.conllu](14) in project [BG_CHILDES_TB](0)
2026-03-05 10:41:08 INFO [admin] DocumentImportExportServiceImpl - Exported annotations [ELI_cds.conllu](14) for user [tsvetelina] from project [BG_CHILDES_TB](0) using format [conllu]
2026-03-05 10:41:08 INFO [admin] AnnotationDocumentExporter - Exported annotation document content for user [tsvetelina] for source document [ELI_cds.conllu](14) in project [BG_CHILDES_TB](0)
2026-03-05 10:41:08 INFO [admin] DocumentImportExportServiceImpl - Exported annotations [ELI_cds.conllu](14) for user [ivelina] from project [BG_CHILDES_TB](0) using format [conllu]
2026-03-05 10:41:08 INFO [admin] AnnotationDocumentExporter - Exported annotation document content for user [ivelina] for source document [ELI_cds.conllu](14) in project [BG_CHILDES_TB](0)
2026-03-05 10:41:08 INFO [admin] DocumentImportExportServiceImpl - Exported annotations [ELI_cds.conllu](14) for user [mila] from project [BG_CHILDES_TB](0) using format [conllu]
2026-03-05 10:41:08 INFO [admin] AnnotationDocumentExporter - Exported annotation document content for user [mila] for source document [ELI_cds.conllu](14) in project [BG_CHILDES_TB](0)
2026-03-05 10:41:08 INFO [admin] DocumentImportExportServiceImpl - Exported annotations [ELI_cs.conllu](15) for user [INITIAL_CAS] from project [BG_CHILDES_TB](0) using format [conllu]
2026-03-05 10:41:08 INFO [admin] AnnotationDocumentExporter - Exported annotation document content for user [INITIAL_CAS] for source document [ELI_cs.conllu](15) in project [BG_CHILDES_TB](0)
2026-03-05 10:41:08 INFO [admin] DocumentImportExportServiceImpl - Exported annotations [ELI_cs.conllu](15) for user [mila] from project [BG_CHILDES_TB](0) using format [conllu]
2026-03-05 10:41:08 INFO [admin] AnnotationDocumentExporter - Exported annotation document content for user [mila] for source document [ELI_cs.conllu](15) in project [BG_CHILDES_TB](0)
2026-03-05 10:41:08 INFO [admin] DocumentImportExportServiceImpl - Exported annotations [ELI_cs.conllu](15) for user [tsvetelina] from project [BG_CHILDES_TB](0) using format [conllu]
2026-03-05 10:41:08 INFO [admin] AnnotationDocumentExporter - Exported annotation document content for user [tsvetelina] for source document [ELI_cs.conllu](15) in project [BG_CHILDES_TB](0)
2026-03-05 10:41:08 INFO [admin] DocumentImportExportServiceImpl - Exported annotations [SIM_cds.conllu](16) for user [INITIAL_CAS] from project [BG_CHILDES_TB](0) using format [conllu]
2026-03-05 10:41:08 INFO [admin] AnnotationDocumentExporter - Exported annotation document content for user [INITIAL_CAS] for source document [SIM_cds.conllu](16) in project [BG_CHILDES_TB](0)
2026-03-05 10:41:08 INFO [admin] DocumentImportExportServiceImpl - Exported annotations [SIM_cds.conllu](16) for user [ivelina] from project [BG_CHILDES_TB](0) using format [conllu]
2026-03-05 10:41:08 INFO [admin] AnnotationDocumentExporter - Exported annotation document content for user [ivelina] for source document [SIM_cds.conllu](16) in project [BG_CHILDES_TB](0)
2026-03-05 10:41:08 INFO [admin] DocumentImportExportServiceImpl - Exported annotations [SIM_cds.conllu](16) for user [mila] from project [BG_CHILDES_TB](0) using format [conllu]
2026-03-05 10:41:08 INFO [admin] AnnotationDocumentExporter - Exported annotation document content for user [mila] for source document [SIM_cds.conllu](16) in project [BG_CHILDES_TB](0)
2026-03-05 10:41:09 INFO [admin] DocumentImportExportServiceImpl - Exported annotations [SIM_cds.conllu](16) for user [tsvetina] from project [BG_CHILDES_TB](0) using format [conllu]
2026-03-05 10:41:09 INFO [admin] AnnotationDocumentExporter - Exported annotation document content for user [tsvetina] for source document [SIM_cds.conllu](16) in project [BG_CHILDES_TB](0)
2026-03-05 10:41:09 INFO [admin] DocumentImportExportServiceImpl - Exported annotations [SIM_cs.conllu](17) for user [INITIAL_CAS] from project [BG_CHILDES_TB](0) using format [conllu]
2026-03-05 10:41:09 INFO [admin] AnnotationDocumentExporter - Exported annotation document content for user [INITIAL_CAS] for source document [SIM_cs.conllu](17) in project [BG_CHILDES_TB](0)
2026-03-05 10:41:09 INFO [admin] DocumentImportExportServiceImpl - Exported annotations [SIM_cs.conllu](17) for user [ivelina] from project [BG_CHILDES_TB](0) using format [conllu]
2026-03-05 10:41:09 INFO [admin] AnnotationDocumentExporter - Exported annotation document content for user [ivelina] for source document [SIM_cs.conllu](17) in project [BG_CHILDES_TB](0)
2026-03-05 10:41:09 INFO [admin] DocumentImportExportServiceImpl - Exported annotations [SIM_cs.conllu](17) for user [mila] from project [BG_CHILDES_TB](0) using format [conllu]
2026-03-05 10:41:09 INFO [admin] AnnotationDocumentExporter - Exported annotation document content for user [mila] for source document [SIM_cs.conllu](17) in project [BG_CHILDES_TB](0)
2026-03-05 10:41:09 INFO [admin] DocumentImportExportServiceImpl - Exported annotations [SIM_cs.conllu](17) for user [tsvetina] from project [BG_CHILDES_TB](0) using format [conllu]
2026-03-05 10:41:09 INFO [admin] AnnotationDocumentExporter - Exported annotation document content for user [tsvetina] for source document [SIM_cs.conllu](17) in project [BG_CHILDES_TB](0)
2026-03-05 10:41:09 INFO [admin] DocumentImportExportServiceImpl - Exported annotations [TEF_cds.conllu](18) for user [INITIAL_CAS] from project [BG_CHILDES_TB](0) using format [conllu]
2026-03-05 10:41:09 INFO [admin] AnnotationDocumentExporter - Exported annotation document content for user [INITIAL_CAS] for source document [TEF_cds.conllu](18) in project [BG_CHILDES_TB](0)
2026-03-05 10:41:09 INFO [admin] DocumentImportExportServiceImpl - Exported annotations [TEF_cds.conllu](18) for user [ivelina] from project [BG_CHILDES_TB](0) using format [conllu]
2026-03-05 10:41:09 INFO [admin] AnnotationDocumentExporter - Exported annotation document content for user [ivelina] for source document [TEF_cds.conllu](18) in project [BG_CHILDES_TB](0)
2026-03-05 10:41:09 INFO [admin] DocumentImportExportServiceImpl - Exported annotations [TEF_cs.conllu](19) for user [INITIAL_CAS] from project [BG_CHILDES_TB](0) using format [conllu]
2026-03-05 10:41:09 INFO [admin] AnnotationDocumentExporter - Exported annotation document content for user [INITIAL_CAS] for source document [TEF_cs.conllu](19) in project [BG_CHILDES_TB](0)
2026-03-05 10:41:09 INFO [admin] DocumentImportExportServiceImpl - Exported annotations [TEF_cs.conllu](19) for user [ivelina] from project [BG_CHILDES_TB](0) using format [conllu]
2026-03-05 10:41:09 INFO [admin] AnnotationDocumentExporter - Exported annotation document content for user [ivelina] for source document [TEF_cs.conllu](19) in project [BG_CHILDES_TB](0)
2026-03-05 10:41:09 INFO [admin] DocumentImportExportServiceImpl - Exported annotations [UD_relations_example_for_each.conllu](20) for user [INITIAL_CAS] from project [BG_CHILDES_TB](0) using format [conllu]
2026-03-05 10:41:09 INFO [admin] AnnotationDocumentExporter - Exported annotation document content for user [INITIAL_CAS] for source document [UD_relations_example_for_each.conllu](20) in project [BG_CHILDES_TB](0)
2026-03-05 10:41:09 INFO [admin] DocumentImportExportServiceImpl - Exported annotations [UD_relations_example_for_each.conllu](20) for user [mila] from project [BG_CHILDES_TB](0) using format [conllu]
2026-03-05 10:41:09 INFO [admin] AnnotationDocumentExporter - Exported annotation document content for user [mila] for source document [UD_relations_example_for_each.conllu](20) in project [BG_CHILDES_TB](0)
2026-03-05 10:41:09 INFO [admin] DocumentImportExportServiceImpl - Exported annotations [UD_relations_example_for_each.conllu](20) for user [admin] from project [BG_CHILDES_TB](0) using format [conllu]
2026-03-05 10:41:09 INFO [admin] AnnotationDocumentExporter - Exported annotation document content for user [admin] for source document [UD_relations_example_for_each.conllu](20) in project [BG_CHILDES_TB](0)
2026-03-05 15:28:55 INFO [admin] AnnotationSchemaServiceImpl - Upgraded CAS of user [tsvetina] for document [SIM_cds.conllu](16) in project [BG_CHILDES_TB](0)
2026-03-06 15:09:18 INFO [admin] AnnotationSchemaServiceImpl - Upgraded CAS of user [ivelina] for document [TEF_cs.conllu](19) in project [BG_CHILDES_TB](0)
2026-03-09 10:26:06 INFO [admin] AnnotationSchemaServiceImpl - Upgraded CAS of user [yasena] for document [ALE_cs.conllu](11) in project [BG_CHILDES_TB](0)
2026-03-09 10:26:51 INFO [admin] AnnotationSchemaServiceImpl - Upgraded CAS of user [yasena] for document [ALE_cds.conllu](10) in project [BG_CHILDES_TB](0)
2026-03-09 10:26:59 INFO [admin] AnnotationSchemaServiceImpl - Upgraded CAS of user [yasena] for document [ALE_cs.conllu](11) in project [BG_CHILDES_TB](0)
2026-03-09 10:29:03 INFO [admin] AnnotationSchemaServiceImpl - Upgraded CAS of user [yasena] for document [ALE_cds.conllu](10) in project [BG_CHILDES_TB](0)
2026-03-09 10:34:27 INFO [admin] AnnotationSchemaServiceImpl - Upgraded CAS of user [yasena] for document [ALE_cs.conllu](11) in project [BG_CHILDES_TB](0)
2026-03-09 10:48:23 INFO [admin] AnnotationSchemaServiceImpl - Upgraded CAS of user [yasena] for document [ALE_cs.conllu](11) in project [BG_CHILDES_TB](0)
2026-03-09 12:01:09 INFO [admin] AnnotationSchemaServiceImpl - Upgraded CAS of user [admin] for document [ALE_cs.conllu](11) in project [BG_CHILDES_TB](0)
2026-03-09 12:01:09 INFO [admin] SelectionTask - [admin][[Lemma@Lemma] String Matcher]: Evaluating...
2026-03-09 12:01:10 INFO [admin] StringMatchingRecommender - Training on [3497] items, predicting on [877] of total [4374].
2026-03-09 12:01:10 INFO [admin] SelectionTask - [admin][[Lemma@Lemma] String Matcher]: Activated (0.37878218137706793 >= threshold 0.0)
2026-03-09 12:01:10 INFO [admin] SelectionTask - [admin][[Morphological features@Features] String Matcher]: Evaluating...
2026-03-09 12:01:10 INFO [admin] StringMatchingRecommender - Training on [3258] items, predicting on [817] of total [4075].
2026-03-09 12:01:10 INFO [admin] SelectionTask - [admin][[Morphological features@Features] String Matcher]: Activated (0.47055280145314027 >= threshold 0.0)
2026-03-09 12:01:10 INFO [admin] SelectionTask - [admin][[Part of speech@UPOS] String Matcher]: Evaluating...
2026-03-09 12:01:10 INFO [admin] StringMatchingRecommender - Training on [3497] items, predicting on [877] of total [4374].
2026-03-09 12:01:10 INFO [admin] SelectionTask - [admin][[Part of speech@UPOS] String Matcher]: Activated (0.6607616036293007 >= threshold 0.0)
2026-03-09 12:02:17 INFO [admin] DocumentServiceImpl - Created annotation document [admin@ALE_cds.conllu](36) in project [BG_CHILDES_TB](0)
2026-03-09 12:02:17 INFO [admin] AnnotationSchemaServiceImpl - Upgraded CAS of user [admin] for document [ALE_cds.conllu](10) in project [BG_CHILDES_TB](0)
2026-03-09 12:02:56 INFO [admin] SelectionTask - [admin][[Lemma@Lemma] String Matcher]: Evaluating...
2026-03-09 12:02:56 INFO [admin] StringMatchingRecommender - Training on [3497] items, predicting on [877] of total [4374].
2026-03-09 12:02:56 INFO [admin] SelectionTask - [admin][[Lemma@Lemma] String Matcher]: Activated (0.37878218137706793 >= threshold 0.0)
2026-03-09 12:02:56 INFO [admin] SelectionTask - [admin][[Morphological features@Features] String Matcher]: Evaluating...
2026-03-09 12:02:56 INFO [admin] StringMatchingRecommender - Training on [3258] items, predicting on [817] of total [4075].
2026-03-09 12:02:56 INFO [admin] SelectionTask - [admin][[Morphological features@Features] String Matcher]: Activated (0.47055280145314027 >= threshold 0.0)
2026-03-09 12:02:56 INFO [admin] SelectionTask - [admin][[Part of speech@UPOS] String Matcher]: Evaluating...
2026-03-09 12:02:56 INFO [admin] StringMatchingRecommender - Training on [3497] items, predicting on [877] of total [4374].
2026-03-09 12:02:56 INFO [admin] SelectionTask - [admin][[Part of speech@UPOS] String Matcher]: Activated (0.6607616036293007 >= threshold 0.0)
2026-03-09 12:04:49 INFO [admin] AnnotationSchemaServiceImpl - Upgraded CAS of user [mila] for document [ALE_cds.conllu](10) in project [BG_CHILDES_TB](0)
2026-03-09 12:04:49 INFO [admin] SelectionTask - [mila][[Lemma@Lemma] String Matcher]: Evaluating...
2026-03-09 12:04:49 INFO [admin] StringMatchingRecommender - Training on [3497] items, predicting on [877] of total [4374].
2026-03-09 12:04:49 INFO [admin] SelectionTask - [mila][[Lemma@Lemma] String Matcher]: Activated (0.35465215291168445 >= threshold 0.0)
2026-03-09 12:04:49 INFO [admin] SelectionTask - [mila][[Morphological features@Features] String Matcher]: Evaluating...
2026-03-09 12:04:49 INFO [admin] StringMatchingRecommender - Training on [3248] items, predicting on [815] of total [4063].
2026-03-09 12:04:49 INFO [admin] SelectionTask - [mila][[Morphological features@Features] String Matcher]: Activated (0.45142489817305625 >= threshold 0.0)
2026-03-09 12:04:49 INFO [admin] SelectionTask - [mila][[Part of speech@UPOS] String Matcher]: Evaluating...
2026-03-09 12:04:49 INFO [admin] StringMatchingRecommender - Training on [3497] items, predicting on [877] of total [4374].
2026-03-09 12:04:49 INFO [admin] SelectionTask - [mila][[Part of speech@UPOS] String Matcher]: Activated (0.6183899933238547 >= threshold 0.0)
2026-03-09 12:06:58 INFO [admin] SelectionTask - [mila][[Lemma@Lemma] String Matcher]: Evaluating...
2026-03-09 12:06:58 INFO [admin] StringMatchingRecommender - Training on [3497] items, predicting on [877] of total [4374].
2026-03-09 12:06:58 INFO [admin] SelectionTask - [mila][[Lemma@Lemma] String Matcher]: Activated (0.35465215291168445 >= threshold 0.0)
2026-03-09 12:06:58 INFO [admin] SelectionTask - [mila][[Morphological features@Features] String Matcher]: Evaluating...
2026-03-09 12:06:58 INFO [admin] StringMatchingRecommender - Training on [3248] items, predicting on [815] of total [4063].
2026-03-09 12:06:58 INFO [admin] SelectionTask - [mila][[Morphological features@Features] String Matcher]: Activated (0.45142489817305625 >= threshold 0.0)
2026-03-09 12:06:58 INFO [admin] SelectionTask - [mila][[Part of speech@UPOS] String Matcher]: Evaluating...
2026-03-09 12:06:58 INFO [admin] StringMatchingRecommender - Training on [3497] items, predicting on [877] of total [4374].
2026-03-09 12:06:58 INFO [admin] SelectionTask - [mila][[Part of speech@UPOS] String Matcher]: Activated (0.6183899933238547 >= threshold 0.0)
2026-03-09 12:08:31 INFO [admin] DocumentServiceImpl - Created annotation document [mila@TEF_cds.conllu](37) in project [BG_CHILDES_TB](0)
2026-03-09 12:08:31 INFO [admin] AnnotationSchemaServiceImpl - Upgraded CAS of user [mila] for document [TEF_cds.conllu](18) in project [BG_CHILDES_TB](0)
2026-03-09 12:09:23 INFO [admin] SelectionTask - [mila][[Lemma@Lemma] String Matcher]: Evaluating...
2026-03-09 12:09:23 INFO [admin] StringMatchingRecommender - Training on [3497] items, predicting on [877] of total [4374].
2026-03-09 12:09:23 INFO [admin] SelectionTask - [mila][[Lemma@Lemma] String Matcher]: Activated (0.35465215291168445 >= threshold 0.0)
2026-03-09 12:09:23 INFO [admin] SelectionTask - [mila][[Morphological features@Features] String Matcher]: Evaluating...
2026-03-09 12:09:23 INFO [admin] StringMatchingRecommender - Training on [3248] items, predicting on [815] of total [4063].
2026-03-09 12:09:23 INFO [admin] SelectionTask - [mila][[Morphological features@Features] String Matcher]: Activated (0.4514556954659662 >= threshold 0.0)
2026-03-09 12:09:24 INFO [admin] SelectionTask - [mila][[Part of speech@UPOS] String Matcher]: Evaluating...
2026-03-09 12:09:24 INFO [admin] StringMatchingRecommender - Training on [3497] items, predicting on [877] of total [4374].
2026-03-09 12:09:24 INFO [admin] SelectionTask - [mila][[Part of speech@UPOS] String Matcher]: Activated (0.6183899933238547 >= threshold 0.0)
2026-03-09 12:10:58 INFO [admin] AnnotationSchemaServiceImpl - Upgraded CAS of user [mila] for document [TEF_cds.conllu](18) in project [BG_CHILDES_TB](0)
2026-03-09 12:10:58 INFO [admin] SelectionTask - [mila][[Lemma@Lemma] String Matcher]: Evaluating...
2026-03-09 12:10:58 INFO [admin] StringMatchingRecommender - Training on [3497] items, predicting on [877] of total [4374].
2026-03-09 12:10:58 INFO [admin] SelectionTask - [mila][[Lemma@Lemma] String Matcher]: Activated (0.35465215291168445 >= threshold 0.0)
2026-03-09 12:10:58 INFO [admin] SelectionTask - [mila][[Part of speech@UPOS] String Matcher]: Evaluating...
2026-03-09 12:10:58 INFO [admin] StringMatchingRecommender - Training on [3497] items, predicting on [877] of total [4374].
2026-03-09 12:10:58 INFO [admin] SelectionTask - [mila][[Part of speech@UPOS] String Matcher]: Activated (0.6183899933238547 >= threshold 0.0)
2026-03-09 12:11:54 INFO [admin] AnnotationSchemaServiceImpl - Upgraded CAS of user [mila] for document [TEF_cds.conllu](18) in project [BG_CHILDES_TB](0)
2026-03-09 12:12:24 INFO [admin] AnnotationSchemaServiceImpl - Upgraded CAS of user [mila] for document [BOG_cds.conllu](12) in project [BG_CHILDES_TB](0)
2026-03-09 14:07:33 INFO [admin] ConstraintsServiceImpl - Created constraints set [New constraints set] in project [BG_CHILDES_TB](0)
2026-03-09 14:07:33 INFO [admin] ConstraintsServiceImpl - Saved constraints set [New constraints set] in project [BG_CHILDES_TB](0)
2026-03-09 15:36:03 INFO [admin] ConstraintsServiceImpl - Created constraints set [copy_of_New constraints set] in project [BG_CHILDES_TB](0)
2026-03-09 15:36:03 INFO [admin] ConstraintsServiceImpl - Saved constraints set [copy_of_New constraints set] in project [BG_CHILDES_TB](0)
2026-03-09 15:41:02 INFO [admin] ConstraintsServiceImpl - Updated constraints set [New constraints set] in project [BG_CHILDES_TB](0)
2026-03-09 15:41:02 INFO [admin] ConstraintsServiceImpl - Saved constraints set [New constraints set] in project [BG_CHILDES_TB](0)
2026-03-09 15:41:08 INFO [admin] ConstraintsServiceImpl - Removed constraints set [copy_of_New constraints set] in project [BG_CHILDES_TB](0)
2026-03-09 15:41:19 INFO [admin] ConstraintsServiceImpl - Updated constraints set [New constraints set] in project [BG_CHILDES_TB](0)
2026-03-09 15:41:19 INFO [admin] ConstraintsServiceImpl - Saved constraints set [New constraints set] in project [BG_CHILDES_TB](0)
2026-03-09 15:50:20 INFO [admin] ConstraintsServiceImpl - Updated constraints set [New constraints set] in project [BG_CHILDES_TB](0)
2026-03-09 15:50:20 INFO [admin] ConstraintsServiceImpl - Saved constraints set [New constraints set] in project [BG_CHILDES_TB](0)
2026-03-09 15:51:02 INFO [admin] ConstraintsServiceImpl - Updated constraints set [New constraints set] in project [BG_CHILDES_TB](0)
2026-03-09 15:51:02 INFO [admin] ConstraintsServiceImpl - Saved constraints set [New constraints set] in project [BG_CHILDES_TB](0)
2026-03-09 15:53:09 INFO [admin] ConstraintsServiceImpl - Updated constraints set [New constraints set] in project [BG_CHILDES_TB](0)
2026-03-09 15:53:09 INFO [admin] ConstraintsServiceImpl - Saved constraints set [New constraints set] in project [BG_CHILDES_TB](0)
2026-03-09 15:53:26 INFO [admin] ConstraintsServiceImpl - Updated constraints set [New constraints set] in project [BG_CHILDES_TB](0)
2026-03-09 15:53:26 INFO [admin] ConstraintsServiceImpl - Saved constraints set [New constraints set] in project [BG_CHILDES_TB](0)
2026-03-09 15:53:27 INFO [admin] ConstraintsServiceImpl - Updated constraints set [New constraints set] in project [BG_CHILDES_TB](0)
2026-03-09 15:53:27 INFO [admin] ConstraintsServiceImpl - Saved constraints set [New constraints set] in project [BG_CHILDES_TB](0)
2026-03-09 15:53:40 INFO [admin] AnnotationSchemaServiceImpl - Upgraded CAS of user [admin] for document [ALE_cds.conllu](10) in project [BG_CHILDES_TB](0)
2026-03-09 15:53:40 INFO [admin] SelectionTask - [admin][[Lemma@Lemma] String Matcher]: Evaluating...
2026-03-09 15:53:41 INFO [admin] StringMatchingRecommender - Training on [3497] items, predicting on [877] of total [4374].
2026-03-09 15:53:41 INFO [admin] SelectionTask - [admin][[Lemma@Lemma] String Matcher]: Activated (0.37878218137706793 >= threshold 0.0)
2026-03-09 15:53:42 INFO [admin] SelectionTask - [admin][[Part of speech@UPOS] String Matcher]: Evaluating...
2026-03-09 15:53:42 INFO [admin] StringMatchingRecommender - Training on [3497] items, predicting on [877] of total [4374].
2026-03-09 15:53:42 INFO [admin] SelectionTask - [admin][[Part of speech@UPOS] String Matcher]: Activated (0.6607616036293007 >= threshold 0.0)
2026-03-09 15:54:40 INFO [admin] AnnotationSchemaServiceImpl - Upgraded CAS of user [mila] for document [BOG_cds.conllu](12) in project [BG_CHILDES_TB](0)
2026-03-09 15:54:40 INFO [admin] SelectionTask - [mila][[Lemma@Lemma] String Matcher]: Evaluating...
2026-03-09 15:54:41 INFO [admin] StringMatchingRecommender - Training on [3497] items, predicting on [877] of total [4374].
2026-03-09 15:54:41 INFO [admin] SelectionTask - [mila][[Lemma@Lemma] String Matcher]: Activated (0.35465215291168445 >= threshold 0.0)
2026-03-09 15:54:41 INFO [admin] SelectionTask - [mila][[Part of speech@UPOS] String Matcher]: Evaluating...
2026-03-09 15:54:41 INFO [admin] StringMatchingRecommender - Training on [3497] items, predicting on [877] of total [4374].
2026-03-09 15:54:41 INFO [admin] SelectionTask - [mila][[Part of speech@UPOS] String Matcher]: Activated (0.6183899933238547 >= threshold 0.0)
2026-03-09 15:54:48 INFO [admin] AnnotationSchemaServiceImpl - Upgraded CAS of user [mila] for document [ALE_cds.conllu](10) in project [BG_CHILDES_TB](0)
2026-03-09 15:56:47 INFO [admin] ConstraintsServiceImpl - Updated constraints set [Constraints set] in project [BG_CHILDES_TB](0)
2026-03-09 15:56:47 INFO [admin] ConstraintsServiceImpl - Saved constraints set [Constraints set] in project [BG_CHILDES_TB](0)
2026-03-09 15:56:58 INFO [admin] AnnotationSchemaServiceImpl - Upgraded CAS of user [mila] for document [BOG_cds.conllu](12) in project [BG_CHILDES_TB](0)
2026-03-09 15:56:58 INFO [admin] SelectionTask - [mila][[Lemma@Lemma] String Matcher]: Evaluating...
2026-03-09 15:56:59 INFO [admin] StringMatchingRecommender - Training on [3497] items, predicting on [877] of total [4374].
2026-03-09 15:56:59 INFO [admin] SelectionTask - [mila][[Lemma@Lemma] String Matcher]: Activated (0.35465215291168445 >= threshold 0.0)
2026-03-09 15:56:59 INFO [admin] SelectionTask - [mila][[Part of speech@UPOS] String Matcher]: Evaluating...
2026-03-09 15:56:59 INFO [admin] StringMatchingRecommender - Training on [3497] items, predicting on [877] of total [4374].
2026-03-09 15:56:59 INFO [admin] SelectionTask - [mila][[Part of speech@UPOS] String Matcher]: Activated (0.6183899933238547 >= threshold 0.0)
2026-03-09 15:57:05 INFO [admin] AnnotationSchemaServiceImpl - Upgraded CAS of user [mila] for document [ALE_cds.conllu](10) in project [BG_CHILDES_TB](0)
2026-03-09 15:57:57 INFO [admin] AnnotationSchemaServiceImpl - Upgraded CAS of user [admin] for document [ALE_cds.conllu](10) in project [BG_CHILDES_TB](0)
2026-03-09 15:57:58 INFO [admin] SelectionTask - [admin][[Lemma@Lemma] String Matcher]: Evaluating...
2026-03-09 15:57:58 INFO [admin] StringMatchingRecommender - Training on [3497] items, predicting on [877] of total [4374].
2026-03-09 15:57:58 INFO [admin] SelectionTask - [admin][[Lemma@Lemma] String Matcher]: Activated (0.37878218137706793 >= threshold 0.0)
2026-03-09 15:57:58 INFO [admin] SelectionTask - [admin][[Part of speech@UPOS] String Matcher]: Evaluating...
2026-03-09 15:57:58 INFO [admin] StringMatchingRecommender - Training on [3497] items, predicting on [877] of total [4374].
2026-03-09 15:57:58 INFO [admin] SelectionTask - [admin][[Part of speech@UPOS] String Matcher]: Activated (0.6607616036293007 >= threshold 0.0)
2026-03-09 16:01:03 INFO [admin] ConstraintsServiceImpl - Updated constraints set [Constraints set] in project [BG_CHILDES_TB](0)
2026-03-09 16:01:03 INFO [admin] ConstraintsServiceImpl - Saved constraints set [Constraints set] in project [BG_CHILDES_TB](0)
2026-03-09 16:02:12 INFO [admin] AnnotationSchemaServiceImpl - Upgraded CAS of user [mila] for document [ALE_cds.conllu](10) in project [BG_CHILDES_TB](0)
2026-03-09 16:02:12 INFO [admin] SelectionTask - [mila][[Lemma@Lemma] String Matcher]: Evaluating...
2026-03-09 16:02:12 INFO [admin] StringMatchingRecommender - Training on [3497] items, predicting on [877] of total [4374].
2026-03-09 16:02:12 INFO [admin] SelectionTask - [mila][[Lemma@Lemma] String Matcher]: Activated (0.35465215291168445 >= threshold 0.0)
2026-03-09 16:02:13 INFO [admin] SelectionTask - [mila][[Part of speech@UPOS] String Matcher]: Evaluating...
2026-03-09 16:02:13 INFO [admin] StringMatchingRecommender - Training on [3497] items, predicting on [877] of total [4374].
2026-03-09 16:02:13 INFO [admin] SelectionTask - [mila][[Part of speech@UPOS] String Matcher]: Activated (0.6183899933238547 >= threshold 0.0)
2026-03-09 16:09:05 INFO [admin] AnnotationSchemaServiceImpl - Updated feature [PosValue](11) in project [BG_CHILDES_TB](0)
2026-03-09 16:09:05 INFO [admin] SearchServiceImpl - Re-indexing project [BG_CHILDES_TB](0). This may take a while...
2026-03-09 16:09:14 INFO [admin] SearchServiceImpl - Re-indexing project [BG_CHILDES_TB](0) complete!
2026-03-09 16:12:04 INFO [admin] ConstraintsServiceImpl - Updated constraints set [Constraints set] in project [BG_CHILDES_TB](0)
2026-03-09 16:12:04 INFO [admin] ConstraintsServiceImpl - Saved constraints set [Constraints set] in project [BG_CHILDES_TB](0)
2026-03-09 16:53:51 INFO [admin] AnnotationSchemaServiceImpl - Upgraded CAS of user [mila] for document [ALE_cds.conllu](10) in project [BG_CHILDES_TB](0)
2026-03-09 16:53:51 INFO [admin] SelectionTask - [mila][[Lemma@Lemma] String Matcher]: Evaluating...
2026-03-09 16:53:52 INFO [admin] StringMatchingRecommender - Training on [3497] items, predicting on [877] of total [4374].
2026-03-09 16:53:52 INFO [admin] SelectionTask - [mila][[Lemma@Lemma] String Matcher]: Activated (0.35465215291168445 >= threshold 0.0)
2026-03-09 16:53:52 INFO [admin] SelectionTask - [mila][[Part of speech@UPOS] String Matcher]: Evaluating...
2026-03-09 16:53:52 INFO [admin] StringMatchingRecommender - Training on [3497] items, predicting on [877] of total [4374].
2026-03-09 16:53:52 INFO [admin] SelectionTask - [mila][[Part of speech@UPOS] String Matcher]: Activated (0.6183899933238547 >= threshold 0.0)
2026-03-09 16:56:10 INFO [admin] ConstraintsServiceImpl - Updated constraints set [Constraints set] in project [BG_CHILDES_TB](0)
2026-03-09 16:56:10 INFO [admin] ConstraintsServiceImpl - Saved constraints set [Constraints set] in project [BG_CHILDES_TB](0)
2026-03-09 16:56:12 INFO [admin] ConstraintsServiceImpl - Updated constraints set [Constraints set] in project [BG_CHILDES_TB](0)
2026-03-09 16:56:12 INFO [admin] ConstraintsServiceImpl - Saved constraints set [Constraints set] in project [BG_CHILDES_TB](0)
2026-03-09 16:56:21 INFO [admin] ConstraintsServiceImpl - Updated constraints set [Constraints set] in project [BG_CHILDES_TB](0)
2026-03-09 16:56:21 INFO [admin] ConstraintsServiceImpl - Saved constraints set [Constraints set] in project [BG_CHILDES_TB](0)
2026-03-09 16:56:32 INFO [admin] AnnotationSchemaServiceImpl - Upgraded CAS of user [admin] for document [ALE_cds.conllu](10) in project [BG_CHILDES_TB](0)
2026-03-09 16:56:32 INFO [admin] SelectionTask - [admin][[Lemma@Lemma] String Matcher]: Evaluating...
2026-03-09 16:56:33 INFO [admin] StringMatchingRecommender - Training on [3497] items, predicting on [877] of total [4374].
2026-03-09 16:56:33 INFO [admin] SelectionTask - [admin][[Lemma@Lemma] String Matcher]: Activated (0.37878218137706793 >= threshold 0.0)
2026-03-09 16:56:33 INFO [admin] SelectionTask - [admin][[Part of speech@UPOS] String Matcher]: Evaluating...
2026-03-09 16:56:33 INFO [admin] StringMatchingRecommender - Training on [3497] items, predicting on [877] of total [4374].
2026-03-09 16:56:33 INFO [admin] SelectionTask - [admin][[Part of speech@UPOS] String Matcher]: Activated (0.6607616036293007 >= threshold 0.0)
2026-03-09 17:17:36 INFO [admin] ConstraintsServiceImpl - Updated constraints set [Constraints set] in project [BG_CHILDES_TB](0)
2026-03-09 17:17:36 INFO [admin] ConstraintsServiceImpl - Saved constraints set [Constraints set] in project [BG_CHILDES_TB](0)
2026-03-09 17:17:49 INFO [admin] AnnotationSchemaServiceImpl - Upgraded CAS of user [admin] for document [ALE_cds.conllu](10) in project [BG_CHILDES_TB](0)
2026-03-09 17:20:57 INFO [admin] ConstraintsServiceImpl - Updated constraints set [Constraints set] in project [BG_CHILDES_TB](0)
2026-03-09 17:20:57 INFO [admin] ConstraintsServiceImpl - Saved constraints set [Constraints set] in project [BG_CHILDES_TB](0)
2026-03-09 17:21:07 INFO [admin] AnnotationSchemaServiceImpl - Upgraded CAS of user [admin] for document [ALE_cds.conllu](10) in project [BG_CHILDES_TB](0)
2026-03-10 08:26:12 INFO [admin] AnnotationSchemaServiceImpl - Upgraded CAS of user [ivelina] for document [TEF_cds.conllu](18) in project [BG_CHILDES_TB](0)
2026-03-10 08:26:12 INFO [admin] SelectionTask - [ivelina][[Lemma@Lemma] String Matcher]: Evaluating...
2026-03-10 08:26:13 INFO [admin] StringMatchingRecommender - Training on [3497] items, predicting on [877] of total [4374].
2026-03-10 08:26:13 INFO [admin] SelectionTask - [ivelina][[Lemma@Lemma] String Matcher]: Activated (0.3640582560570167 >= threshold 0.0)
2026-03-10 08:26:13 INFO [admin] SelectionTask - [ivelina][[Part of speech@UPOS] String Matcher]: Evaluating...
2026-03-10 08:26:13 INFO [admin] StringMatchingRecommender - Training on [3497] items, predicting on [877] of total [4374].
2026-03-10 08:26:13 INFO [admin] SelectionTask - [ivelina][[Part of speech@UPOS] String Matcher]: Activated (0.6590098156414708 >= threshold 0.0)
2026-03-10 08:54:34 INFO [admin] AnnotationSchemaServiceImpl - Upgraded CAS of user [yasena] for document [ALE_cs.conllu](11) in project [BG_CHILDES_TB](0)
2026-03-10 08:54:34 INFO [admin] SelectionTask - [yasena][[Lemma@Lemma] String Matcher]: Evaluating...
2026-03-10 08:54:34 INFO [admin] StringMatchingRecommender - Training on [3497] items, predicting on [877] of total [4374].
2026-03-10 08:54:34 INFO [admin] SelectionTask - [yasena][[Lemma@Lemma] String Matcher]: Activated (0.3730459052534491 >= threshold 0.0)
2026-03-10 08:54:35 INFO [admin] SelectionTask - [yasena][[Part of speech@UPOS] String Matcher]: Evaluating...
2026-03-10 08:54:35 INFO [admin] StringMatchingRecommender - Training on [3497] items, predicting on [877] of total [4374].
2026-03-10 08:54:35 INFO [admin] SelectionTask - [yasena][[Part of speech@UPOS] String Matcher]: Activated (0.6194575925249168 >= threshold 0.0)
2026-03-10 09:03:29 INFO [admin] SelectionTask - [yasena][[Lemma@Lemma] String Matcher]: Evaluating...
2026-03-10 09:03:29 INFO [admin] StringMatchingRecommender - Training on [3497] items, predicting on [877] of total [4374].
2026-03-10 09:03:29 INFO [admin] SelectionTask - [yasena][[Lemma@Lemma] String Matcher]: Activated (0.3730459052534491 >= threshold 0.0)
2026-03-10 09:03:29 INFO [admin] SelectionTask - [yasena][[Part of speech@UPOS] String Matcher]: Evaluating...
2026-03-10 09:03:29 INFO [admin] StringMatchingRecommender - Training on [3497] items, predicting on [877] of total [4374].
2026-03-10 09:03:29 INFO [admin] SelectionTask - [yasena][[Part of speech@UPOS] String Matcher]: Activated (0.6194454440642934 >= threshold 0.0)
2026-03-10 09:07:47 INFO [admin] AnnotationSchemaServiceImpl - Upgraded CAS of user [yasena] for document [ALE_cds.conllu](10) in project [BG_CHILDES_TB](0)
2026-03-10 09:08:47 INFO [admin] AnnotationSchemaServiceImpl - Upgraded CAS of user [yasena] for document [ALE_cs.conllu](11) in project [BG_CHILDES_TB](0)
2026-03-10 09:12:09 INFO [admin] ConstraintsServiceImpl - Updated constraints set [Constraints set] in project [BG_CHILDES_TB](0)
2026-03-10 09:12:09 INFO [admin] ConstraintsServiceImpl - Saved constraints set [Constraints set] in project [BG_CHILDES_TB](0)
2026-03-10 09:12:13 INFO [admin] ConstraintsServiceImpl - Updated constraints set [Constraints set] in project [BG_CHILDES_TB](0)
2026-03-10 09:12:13 INFO [admin] ConstraintsServiceImpl - Saved constraints set [Constraints set] in project [BG_CHILDES_TB](0)
2026-03-10 09:12:26 INFO [admin] AnnotationSchemaServiceImpl - Upgraded CAS of user [admin] for document [ALE_cds.conllu](10) in project [BG_CHILDES_TB](0)
2026-03-10 09:12:26 INFO [admin] SelectionTask - [admin][[Lemma@Lemma] String Matcher]: Evaluating...
2026-03-10 09:12:26 INFO [admin] StringMatchingRecommender - Training on [3497] items, predicting on [877] of total [4374].
2026-03-10 09:12:26 INFO [admin] SelectionTask - [admin][[Lemma@Lemma] String Matcher]: Activated (0.37878218137706793 >= threshold 0.0)
2026-03-10 09:12:26 INFO [admin] SelectionTask - [admin][[Part of speech@UPOS] String Matcher]: Evaluating...
2026-03-10 09:12:26 INFO [admin] StringMatchingRecommender - Training on [3497] items, predicting on [877] of total [4374].
2026-03-10 09:12:26 INFO [admin] SelectionTask - [admin][[Part of speech@UPOS] String Matcher]: Activated (0.6607616036293007 >= threshold 0.0)
2026-03-10 09:13:36 INFO [admin] DocumentServiceImpl - Created annotation document [admin@SIM_cs.conllu](38) in project [BG_CHILDES_TB](0)
2026-03-10 09:13:36 INFO [admin] AnnotationSchemaServiceImpl - Upgraded CAS of user [admin] for document [SIM_cs.conllu](17) in project [BG_CHILDES_TB](0)
2026-03-10 09:14:02 INFO [admin] AnnotationSchemaServiceImpl - Upgraded CAS of user [admin] for document [ALE_cds.conllu](10) in project [BG_CHILDES_TB](0)
2026-03-10 09:15:00 INFO [admin] SelectionTask - [yasena][[Lemma@Lemma] String Matcher]: Evaluating...
2026-03-10 09:15:00 INFO [admin] StringMatchingRecommender - Training on [3497] items, predicting on [877] of total [4374].
2026-03-10 09:15:00 INFO [admin] SelectionTask - [yasena][[Lemma@Lemma] String Matcher]: Activated (0.3730459052534491 >= threshold 0.0)
2026-03-10 09:15:00 INFO [admin] SelectionTask - [yasena][[Part of speech@UPOS] String Matcher]: Evaluating...
2026-03-10 09:15:00 INFO [admin] StringMatchingRecommender - Training on [3497] items, predicting on [877] of total [4374].
2026-03-10 09:15:00 INFO [admin] SelectionTask - [yasena][[Part of speech@UPOS] String Matcher]: Activated (0.6194454440642934 >= threshold 0.0)
2026-03-10 09:18:02 INFO [admin] SelectionTask - [yasena][[Lemma@Lemma] String Matcher]: Evaluating...
2026-03-10 09:18:02 INFO [admin] StringMatchingRecommender - Training on [3497] items, predicting on [877] of total [4374].
2026-03-10 09:18:02 INFO [admin] SelectionTask - [yasena][[Lemma@Lemma] String Matcher]: Activated (0.3730459052534491 >= threshold 0.0)
2026-03-10 09:18:03 INFO [admin] SelectionTask - [yasena][[Part of speech@UPOS] String Matcher]: Evaluating...
2026-03-10 09:18:03 INFO [admin] StringMatchingRecommender - Training on [3497] items, predicting on [877] of total [4374].
2026-03-10 09:18:03 INFO [admin] SelectionTask - [yasena][[Part of speech@UPOS] String Matcher]: Activated (0.6194454440642934 >= threshold 0.0)
2026-03-10 09:26:55 INFO [admin] SelectionTask - [yasena][[Lemma@Lemma] String Matcher]: Evaluating...
2026-03-10 09:26:55 INFO [admin] StringMatchingRecommender - Training on [3497] items, predicting on [877] of total [4374].
2026-03-10 09:26:55 INFO [admin] SelectionTask - [yasena][[Lemma@Lemma] String Matcher]: Activated (0.3730459052534491 >= threshold 0.0)
2026-03-10 09:26:56 INFO [admin] SelectionTask - [yasena][[Part of speech@UPOS] String Matcher]: Evaluating...
2026-03-10 09:26:56 INFO [admin] StringMatchingRecommender - Training on [3497] items, predicting on [877] of total [4374].
2026-03-10 09:26:56 INFO [admin] SelectionTask - [yasena][[Part of speech@UPOS] String Matcher]: Activated (0.6191335251316173 >= threshold 0.0)
2026-03-10 09:30:06 INFO [admin] SelectionTask - [yasena][[Lemma@Lemma] String Matcher]: Evaluating...
2026-03-10 09:30:06 INFO [admin] StringMatchingRecommender - Training on [3497] items, predicting on [877] of total [4374].
2026-03-10 09:30:06 INFO [admin] SelectionTask - [yasena][[Lemma@Lemma] String Matcher]: Activated (0.3714536737473012 >= threshold 0.0)
2026-03-10 09:30:06 INFO [admin] SelectionTask - [yasena][[Part of speech@UPOS] String Matcher]: Evaluating...
2026-03-10 09:30:07 INFO [admin] StringMatchingRecommender - Training on [3497] items, predicting on [877] of total [4374].
2026-03-10 09:30:07 INFO [admin] SelectionTask - [yasena][[Part of speech@UPOS] String Matcher]: Activated (0.6191335251316173 >= threshold 0.0)
2026-03-10 09:33:34 INFO [admin] SelectionTask - [yasena][[Lemma@Lemma] String Matcher]: Evaluating...
2026-03-10 09:33:34 INFO [admin] StringMatchingRecommender - Training on [3497] items, predicting on [877] of total [4374].
2026-03-10 09:33:34 INFO [admin] SelectionTask - [yasena][[Lemma@Lemma] String Matcher]: Activated (0.3714536737473012 >= threshold 0.0)
2026-03-10 09:33:34 INFO [admin] SelectionTask - [yasena][[Part of speech@UPOS] String Matcher]: Evaluating...
2026-03-10 09:33:34 INFO [admin] StringMatchingRecommender - Training on [3497] items, predicting on [877] of total [4374].
2026-03-10 09:33:34 INFO [admin] SelectionTask - [yasena][[Part of speech@UPOS] String Matcher]: Activated (0.6191335251316173 >= threshold 0.0)
2026-03-10 09:37:10 INFO [admin] SelectionTask - [yasena][[Lemma@Lemma] String Matcher]: Evaluating...
2026-03-10 09:37:10 INFO [admin] StringMatchingRecommender - Training on [3497] items, predicting on [877] of total [4374].
2026-03-10 09:37:10 INFO [admin] SelectionTask - [yasena][[Lemma@Lemma] String Matcher]: Activated (0.3714536737473012 >= threshold 0.0)
2026-03-10 09:37:10 INFO [admin] SelectionTask - [yasena][[Part of speech@UPOS] String Matcher]: Evaluating...
2026-03-10 09:37:10 INFO [admin] StringMatchingRecommender - Training on [3497] items, predicting on [877] of total [4374].
2026-03-10 09:37:10 INFO [admin] SelectionTask - [yasena][[Part of speech@UPOS] String Matcher]: Activated (0.6191335251316173 >= threshold 0.0)
2026-03-10 09:39:57 INFO [admin] SelectionTask - [yasena][[Lemma@Lemma] String Matcher]: Evaluating...
2026-03-10 09:39:57 INFO [admin] StringMatchingRecommender - Training on [3497] items, predicting on [877] of total [4374].
2026-03-10 09:39:57 INFO [admin] SelectionTask - [yasena][[Lemma@Lemma] String Matcher]: Activated (0.3714536737473012 >= threshold 0.0)
2026-03-10 09:39:57 INFO [admin] SelectionTask - [yasena][[Part of speech@UPOS] String Matcher]: Evaluating...
2026-03-10 09:39:57 INFO [admin] StringMatchingRecommender - Training on [3497] items, predicting on [877] of total [4374].
2026-03-10 09:39:57 INFO [admin] SelectionTask - [yasena][[Part of speech@UPOS] String Matcher]: Activated (0.6191335251316173 >= threshold 0.0)
2026-03-10 09:49:05 INFO [admin] AnnotationSchemaServiceImpl - Upgraded CAS of user [mila] for document [ALE_cds.conllu](10) in project [BG_CHILDES_TB](0)
2026-03-10 09:49:05 INFO [admin] SelectionTask - [mila][[Lemma@Lemma] String Matcher]: Evaluating...
2026-03-10 09:49:06 INFO [admin] StringMatchingRecommender - Training on [3497] items, predicting on [877] of total [4374].
2026-03-10 09:49:06 INFO [admin] SelectionTask - [mila][[Lemma@Lemma] String Matcher]: Activated (0.35465215291168445 >= threshold 0.0)
2026-03-10 09:49:06 INFO [admin] SelectionTask - [mila][[Part of speech@UPOS] String Matcher]: Evaluating...
2026-03-10 09:49:06 INFO [admin] StringMatchingRecommender - Training on [3497] items, predicting on [877] of total [4374].
2026-03-10 09:49:06 INFO [admin] SelectionTask - [mila][[Part of speech@UPOS] String Matcher]: Activated (0.6183899933238547 >= threshold 0.0)
2026-03-10 10:08:47 INFO [admin] SelectionTask - [yasena][[Lemma@Lemma] String Matcher]: Evaluating...
2026-03-10 10:08:47 INFO [admin] StringMatchingRecommender - Training on [3497] items, predicting on [877] of total [4374].
2026-03-10 10:08:47 INFO [admin] SelectionTask - [yasena][[Lemma@Lemma] String Matcher]: Activated (0.3714536737473012 >= threshold 0.0)
2026-03-10 10:08:48 INFO [admin] SelectionTask - [yasena][[Part of speech@UPOS] String Matcher]: Evaluating...
2026-03-10 10:08:48 INFO [admin] StringMatchingRecommender - Training on [3497] items, predicting on [877] of total [4374].
2026-03-10 10:08:48 INFO [admin] SelectionTask - [yasena][[Part of speech@UPOS] String Matcher]: Activated (0.619159198309719 >= threshold 0.0)
2026-03-10 10:46:26 INFO [admin] AnnotationSchemaServiceImpl - Upgraded CAS of user [ivelina] for document [TEF_cs.conllu](19) in project [BG_CHILDES_TB](0)
2026-03-10 10:46:26 INFO [admin] SelectionTask - [ivelina][[Lemma@Lemma] String Matcher]: Evaluating...
2026-03-10 10:46:26 INFO [admin] StringMatchingRecommender - Training on [3497] items, predicting on [877] of total [4374].
2026-03-10 10:46:26 INFO [admin] SelectionTask - [ivelina][[Lemma@Lemma] String Matcher]: Activated (0.3640582560570167 >= threshold 0.0)
2026-03-10 10:46:26 INFO [admin] SelectionTask - [ivelina][[Part of speech@UPOS] String Matcher]: Evaluating...
2026-03-10 10:46:27 INFO [admin] StringMatchingRecommender - Training on [3497] items, predicting on [877] of total [4374].
2026-03-10 10:46:27 INFO [admin] SelectionTask - [ivelina][[Part of speech@UPOS] String Matcher]: Activated (0.6590098156414708 >= threshold 0.0)
2026-03-10 10:51:23 INFO [admin] AnnotationSchemaServiceImpl - Upgraded CAS of user [yasena] for document [ALE_cs.conllu](11) in project [BG_CHILDES_TB](0)
2026-03-10 10:51:23 INFO [admin] SelectionTask - [yasena][[Lemma@Lemma] String Matcher]: Evaluating...
2026-03-10 10:51:24 INFO [admin] StringMatchingRecommender - Training on [3497] items, predicting on [877] of total [4374].
2026-03-10 10:51:24 INFO [admin] SelectionTask - [yasena][[Lemma@Lemma] String Matcher]: Activated (0.3714536737473012 >= threshold 0.0)
2026-03-10 10:51:24 INFO [admin] SelectionTask - [yasena][[Part of speech@UPOS] String Matcher]: Evaluating...
2026-03-10 10:51:24 INFO [admin] StringMatchingRecommender - Training on [3497] items, predicting on [877] of total [4374].
2026-03-10 10:51:24 INFO [admin] SelectionTask - [yasena][[Part of speech@UPOS] String Matcher]: Activated (0.6191620009943847 >= threshold 0.0)
2026-03-10 10:58:01 INFO [admin] SelectionTask - [yasena][[Lemma@Lemma] String Matcher]: Evaluating...
2026-03-10 10:58:01 INFO [admin] StringMatchingRecommender - Training on [3497] items, predicting on [877] of total [4374].
2026-03-10 10:58:01 INFO [admin] SelectionTask - [yasena][[Lemma@Lemma] String Matcher]: Activated (0.3714536737473012 >= threshold 0.0)
2026-03-10 10:58:01 INFO [admin] SelectionTask - [yasena][[Part of speech@UPOS] String Matcher]: Evaluating...
2026-03-10 10:58:01 INFO [admin] StringMatchingRecommender - Training on [3497] items, predicting on [877] of total [4374].
2026-03-10 10:58:01 INFO [admin] SelectionTask - [yasena][[Part of speech@UPOS] String Matcher]: Activated (0.6191620009943847 >= threshold 0.0)
2026-03-10 11:03:58 INFO [admin] SelectionTask - [yasena][[Lemma@Lemma] String Matcher]: Evaluating...
2026-03-10 11:03:58 INFO [admin] StringMatchingRecommender - Training on [3497] items, predicting on [877] of total [4374].
2026-03-10 11:03:58 INFO [admin] SelectionTask - [yasena][[Lemma@Lemma] String Matcher]: Activated (0.37079045781435976 >= threshold 0.0)
2026-03-10 11:03:58 INFO [admin] SelectionTask - [yasena][[Part of speech@UPOS] String Matcher]: Evaluating...
2026-03-10 11:03:58 INFO [admin] StringMatchingRecommender - Training on [3497] items, predicting on [877] of total [4374].
2026-03-10 11:03:58 INFO [admin] SelectionTask - [yasena][[Part of speech@UPOS] String Matcher]: Activated (0.6191620009943847 >= threshold 0.0)
2026-03-10 11:11:21 INFO [admin] SelectionTask - [yasena][[Lemma@Lemma] String Matcher]: Evaluating...
2026-03-10 11:11:21 INFO [admin] StringMatchingRecommender - Training on [3497] items, predicting on [877] of total [4374].
2026-03-10 11:11:21 INFO [admin] SelectionTask - [yasena][[Lemma@Lemma] String Matcher]: Activated (0.37079045781435976 >= threshold 0.0)
2026-03-10 11:11:21 INFO [admin] SelectionTask - [yasena][[Part of speech@UPOS] String Matcher]: Evaluating...
2026-03-10 11:11:21 INFO [admin] StringMatchingRecommender - Training on [3497] items, predicting on [877] of total [4374].
2026-03-10 11:11:21 INFO [admin] SelectionTask - [yasena][[Part of speech@UPOS] String Matcher]: Activated (0.6191620009943847 >= threshold 0.0)
2026-03-10 11:13:36 INFO [admin] SelectionTask - [yasena][[Lemma@Lemma] String Matcher]: Evaluating...
2026-03-10 11:13:36 INFO [admin] StringMatchingRecommender - Training on [3497] items, predicting on [877] of total [4374].
2026-03-10 11:13:36 INFO [admin] SelectionTask - [yasena][[Lemma@Lemma] String Matcher]: Activated (0.37079045781435976 >= threshold 0.0)
2026-03-10 11:13:36 INFO [admin] SelectionTask - [yasena][[Part of speech@UPOS] String Matcher]: Evaluating...
2026-03-10 11:13:36 INFO [admin] StringMatchingRecommender - Training on [3497] items, predicting on [877] of total [4374].
2026-03-10 11:13:36 INFO [admin] SelectionTask - [yasena][[Part of speech@UPOS] String Matcher]: Activated (0.6191620009943847 >= threshold 0.0)
2026-03-10 11:14:14 INFO [admin] SelectionTask - [yasena][[Lemma@Lemma] String Matcher]: Evaluating...
2026-03-10 11:14:14 INFO [admin] StringMatchingRecommender - Training on [3497] items, predicting on [877] of total [4374].
2026-03-10 11:14:14 INFO [admin] SelectionTask - [yasena][[Lemma@Lemma] String Matcher]: Activated (0.37079045781435976 >= threshold 0.0)
2026-03-10 11:14:14 INFO [admin] SelectionTask - [yasena][[Part of speech@UPOS] String Matcher]: Evaluating...
2026-03-10 11:14:14 INFO [admin] StringMatchingRecommender - Training on [3497] items, predicting on [877] of total [4374].
2026-03-10 11:14:14 INFO [admin] SelectionTask - [yasena][[Part of speech@UPOS] String Matcher]: Activated (0.6191620009943847 >= threshold 0.0)
2026-03-10 11:17:20 INFO [admin] SelectionTask - [yasena][[Lemma@Lemma] String Matcher]: Evaluating...
2026-03-10 11:17:20 INFO [admin] StringMatchingRecommender - Training on [3497] items, predicting on [877] of total [4374].
2026-03-10 11:17:21 INFO [admin] SelectionTask - [yasena][[Lemma@Lemma] String Matcher]: Activated (0.37079045781435976 >= threshold 0.0)
2026-03-10 11:17:21 INFO [admin] SelectionTask - [yasena][[Part of speech@UPOS] String Matcher]: Evaluating...
2026-03-10 11:17:21 INFO [admin] StringMatchingRecommender - Training on [3497] items, predicting on [877] of total [4374].
2026-03-10 11:17:21 INFO [admin] SelectionTask - [yasena][[Part of speech@UPOS] String Matcher]: Activated (0.6191620009943847 >= threshold 0.0)
2026-03-10 11:19:07 INFO [admin] SelectionTask - [yasena][[Lemma@Lemma] String Matcher]: Evaluating...
2026-03-10 11:19:07 INFO [admin] StringMatchingRecommender - Training on [3497] items, predicting on [877] of total [4374].
2026-03-10 11:19:07 INFO [admin] SelectionTask - [yasena][[Lemma@Lemma] String Matcher]: Activated (0.37079045781435976 >= threshold 0.0)
2026-03-10 11:19:08 INFO [admin] SelectionTask - [yasena][[Part of speech@UPOS] String Matcher]: Evaluating...
2026-03-10 11:19:08 INFO [admin] StringMatchingRecommender - Training on [3497] items, predicting on [877] of total [4374].
2026-03-10 11:19:08 INFO [admin] SelectionTask - [yasena][[Part of speech@UPOS] String Matcher]: Activated (0.6191620009943847 >= threshold 0.0)
2026-03-10 11:20:07 INFO [admin] SelectionTask - [yasena][[Lemma@Lemma] String Matcher]: Evaluating...
2026-03-10 11:20:07 INFO [admin] StringMatchingRecommender - Training on [3497] items, predicting on [877] of total [4374].
2026-03-10 11:20:07 INFO [admin] SelectionTask - [yasena][[Lemma@Lemma] String Matcher]: Activated (0.37079045781435976 >= threshold 0.0)
2026-03-10 11:20:07 INFO [admin] SelectionTask - [yasena][[Part of speech@UPOS] String Matcher]: Evaluating...
2026-03-10 11:20:07 INFO [admin] StringMatchingRecommender - Training on [3497] items, predicting on [877] of total [4374].
2026-03-10 11:20:07 INFO [admin] SelectionTask - [yasena][[Part of speech@UPOS] String Matcher]: Activated (0.6191620009943847 >= threshold 0.0)
2026-03-10 11:25:32 INFO [admin] SelectionTask - [yasena][[Lemma@Lemma] String Matcher]: Evaluating...
2026-03-10 11:25:32 INFO [admin] StringMatchingRecommender - Training on [3497] items, predicting on [877] of total [4374].
2026-03-10 11:25:32 INFO [admin] SelectionTask - [yasena][[Lemma@Lemma] String Matcher]: Activated (0.37079045781435976 >= threshold 0.0)
2026-03-10 11:25:32 INFO [admin] SelectionTask - [yasena][[Part of speech@UPOS] String Matcher]: Evaluating...
2026-03-10 11:25:32 INFO [admin] StringMatchingRecommender - Training on [3497] items, predicting on [877] of total [4374].
2026-03-10 11:25:32 INFO [admin] SelectionTask - [yasena][[Part of speech@UPOS] String Matcher]: Activated (0.6191620009943847 >= threshold 0.0)
2026-03-10 11:27:36 INFO [admin] SelectionTask - [yasena][[Lemma@Lemma] String Matcher]: Evaluating...
2026-03-10 11:27:36 INFO [admin] StringMatchingRecommender - Training on [3497] items, predicting on [877] of total [4374].
2026-03-10 11:27:36 INFO [admin] SelectionTask - [yasena][[Lemma@Lemma] String Matcher]: Activated (0.37079045781435976 >= threshold 0.0)
2026-03-10 11:27:36 INFO [admin] SelectionTask - [yasena][[Part of speech@UPOS] String Matcher]: Evaluating...
2026-03-10 11:27:36 INFO [admin] StringMatchingRecommender - Training on [3497] items, predicting on [877] of total [4374].
2026-03-10 11:27:36 INFO [admin] SelectionTask - [yasena][[Part of speech@UPOS] String Matcher]: Activated (0.6191620009943847 >= threshold 0.0)
2026-03-10 11:29:37 INFO [admin] SelectionTask - [yasena][[Lemma@Lemma] String Matcher]: Evaluating...
2026-03-10 11:29:37 INFO [admin] StringMatchingRecommender - Training on [3497] items, predicting on [877] of total [4374].
2026-03-10 11:29:37 INFO [admin] SelectionTask - [yasena][[Lemma@Lemma] String Matcher]: Activated (0.37079045781435976 >= threshold 0.0)
2026-03-10 11:29:38 INFO [admin] SelectionTask - [yasena][[Part of speech@UPOS] String Matcher]: Evaluating...
2026-03-10 11:29:38 INFO [admin] StringMatchingRecommender - Training on [3497] items, predicting on [877] of total [4374].
2026-03-10 11:29:38 INFO [admin] SelectionTask - [yasena][[Part of speech@UPOS] String Matcher]: Activated (0.6191620009943847 >= threshold 0.0)
2026-03-10 11:34:26 INFO [admin] SelectionTask - [yasena][[Lemma@Lemma] String Matcher]: Evaluating...
2026-03-10 11:34:26 INFO [admin] StringMatchingRecommender - Training on [3497] items, predicting on [877] of total [4374].
2026-03-10 11:34:26 INFO [admin] SelectionTask - [yasena][[Lemma@Lemma] String Matcher]: Activated (0.37079045781435976 >= threshold 0.0)
2026-03-10 11:34:26 INFO [admin] SelectionTask - [yasena][[Part of speech@UPOS] String Matcher]: Evaluating...
2026-03-10 11:34:26 INFO [admin] StringMatchingRecommender - Training on [3497] items, predicting on [877] of total [4374].
2026-03-10 11:34:26 INFO [admin] SelectionTask - [yasena][[Part of speech@UPOS] String Matcher]: Activated (0.6191620009943847 >= threshold 0.0)
2026-03-10 11:37:01 INFO [admin] SelectionTask - [yasena][[Lemma@Lemma] String Matcher]: Evaluating...
2026-03-10 11:37:01 INFO [admin] StringMatchingRecommender - Training on [3497] items, predicting on [877] of total [4374].
2026-03-10 11:37:01 INFO [admin] SelectionTask - [yasena][[Lemma@Lemma] String Matcher]: Activated (0.37079045781435976 >= threshold 0.0)
2026-03-10 11:37:01 INFO [admin] SelectionTask - [yasena][[Part of speech@UPOS] String Matcher]: Evaluating...
2026-03-10 11:37:01 INFO [admin] StringMatchingRecommender - Training on [3497] items, predicting on [877] of total [4374].
2026-03-10 11:37:01 INFO [admin] SelectionTask - [yasena][[Part of speech@UPOS] String Matcher]: Activated (0.6191620009943847 >= threshold 0.0)
2026-03-10 11:40:02 INFO [admin] SelectionTask - [yasena][[Lemma@Lemma] String Matcher]: Evaluating...
2026-03-10 11:40:02 INFO [admin] StringMatchingRecommender - Training on [3497] items, predicting on [877] of total [4374].
2026-03-10 11:40:02 INFO [admin] SelectionTask - [yasena][[Lemma@Lemma] String Matcher]: Activated (0.37079045781435976 >= threshold 0.0)
2026-03-10 11:40:02 INFO [admin] SelectionTask - [yasena][[Part of speech@UPOS] String Matcher]: Evaluating...
2026-03-10 11:40:02 INFO [admin] StringMatchingRecommender - Training on [3497] items, predicting on [877] of total [4374].
2026-03-10 11:40:02 INFO [admin] SelectionTask - [yasena][[Part of speech@UPOS] String Matcher]: Activated (0.6191620009943847 >= threshold 0.0)
2026-03-10 11:50:23 INFO [admin] AnnotationSchemaServiceImpl - Upgraded CAS of user [yasena] for document [ALE_cs.conllu](11) in project [BG_CHILDES_TB](0)
2026-03-10 11:52:59 INFO [admin] SelectionTask - [yasena][[Lemma@Lemma] String Matcher]: Evaluating...
2026-03-10 11:52:59 INFO [admin] StringMatchingRecommender - Training on [3497] items, predicting on [877] of total [4374].
2026-03-10 11:53:00 INFO [admin] SelectionTask - [yasena][[Lemma@Lemma] String Matcher]: Activated (0.3715866647693769 >= threshold 0.0)
2026-03-10 11:53:00 INFO [admin] SelectionTask - [yasena][[Part of speech@UPOS] String Matcher]: Evaluating...
2026-03-10 11:53:00 INFO [admin] StringMatchingRecommender - Training on [3497] items, predicting on [877] of total [4374].
2026-03-10 11:53:00 INFO [admin] SelectionTask - [yasena][[Part of speech@UPOS] String Matcher]: Activated (0.6191620009943847 >= threshold 0.0)
2026-03-10 11:56:34 INFO [admin] SelectionTask - [yasena][[Lemma@Lemma] String Matcher]: Evaluating...
2026-03-10 11:56:34 INFO [admin] StringMatchingRecommender - Training on [3497] items, predicting on [877] of total [4374].
2026-03-10 11:56:34 INFO [admin] SelectionTask - [yasena][[Lemma@Lemma] String Matcher]: Activated (0.3715866647693769 >= threshold 0.0)
2026-03-10 11:56:34 INFO [admin] SelectionTask - [yasena][[Part of speech@UPOS] String Matcher]: Evaluating...
2026-03-10 11:56:34 INFO [admin] StringMatchingRecommender - Training on [3497] items, predicting on [877] of total [4374].
2026-03-10 11:56:34 INFO [admin] SelectionTask - [yasena][[Part of speech@UPOS] String Matcher]: Activated (0.6189421099180369 >= threshold 0.0)
2026-03-10 11:58:59 INFO [admin] SelectionTask - [yasena][[Lemma@Lemma] String Matcher]: Evaluating...
2026-03-10 11:58:59 INFO [admin] StringMatchingRecommender - Training on [3497] items, predicting on [877] of total [4374].
2026-03-10 11:58:59 INFO [admin] SelectionTask - [yasena][[Lemma@Lemma] String Matcher]: Activated (0.3715866647693769 >= threshold 0.0)
2026-03-10 11:58:59 INFO [admin] SelectionTask - [yasena][[Part of speech@UPOS] String Matcher]: Evaluating...
2026-03-10 11:58:59 INFO [admin] StringMatchingRecommender - Training on [3497] items, predicting on [877] of total [4374].
2026-03-10 11:58:59 INFO [admin] SelectionTask - [yasena][[Part of speech@UPOS] String Matcher]: Activated (0.6189421099180369 >= threshold 0.0)
2026-03-10 12:12:25 INFO [admin] SelectionTask - [yasena][[Lemma@Lemma] String Matcher]: Evaluating...
2026-03-10 12:12:26 INFO [admin] StringMatchingRecommender - Training on [3497] items, predicting on [877] of total [4374].
2026-03-10 12:12:26 INFO [admin] SelectionTask - [yasena][[Lemma@Lemma] String Matcher]: Activated (0.37158309086870284 >= threshold 0.0)
2026-03-10 12:12:26 INFO [admin] SelectionTask - [yasena][[Part of speech@UPOS] String Matcher]: Evaluating...
2026-03-10 12:12:26 INFO [admin] StringMatchingRecommender - Training on [3497] items, predicting on [877] of total [4374].
2026-03-10 12:12:26 INFO [admin] SelectionTask - [yasena][[Part of speech@UPOS] String Matcher]: Activated (0.6189688170546588 >= threshold 0.0)
2026-03-10 12:14:34 INFO [admin] SelectionTask - [yasena][[Lemma@Lemma] String Matcher]: Evaluating...
2026-03-10 12:14:34 INFO [admin] StringMatchingRecommender - Training on [3497] items, predicting on [877] of total [4374].
2026-03-10 12:14:34 INFO [admin] SelectionTask - [yasena][[Lemma@Lemma] String Matcher]: Activated (0.3716662643913397 >= threshold 0.0)
2026-03-10 12:14:34 INFO [admin] SelectionTask - [yasena][[Part of speech@UPOS] String Matcher]: Evaluating...
2026-03-10 12:14:35 INFO [admin] StringMatchingRecommender - Training on [3497] items, predicting on [877] of total [4374].
2026-03-10 12:14:35 INFO [admin] SelectionTask - [yasena][[Part of speech@UPOS] String Matcher]: Activated (0.6189718473685933 >= threshold 0.0)
2026-03-10 12:15:36 INFO [admin] AnnotationSchemaServiceImpl - Upgraded CAS of user [ivelina] for document [TEF_cs.conllu](19) in project [BG_CHILDES_TB](0)
2026-03-10 12:15:36 INFO [admin] SelectionTask - [ivelina][[Lemma@Lemma] String Matcher]: Evaluating...
2026-03-10 12:15:36 INFO [admin] StringMatchingRecommender - Training on [3497] items, predicting on [877] of total [4374].
2026-03-10 12:15:36 INFO [admin] SelectionTask - [ivelina][[Lemma@Lemma] String Matcher]: Activated (0.3640582560570167 >= threshold 0.0)
2026-03-10 12:15:37 INFO [admin] SelectionTask - [ivelina][[Part of speech@UPOS] String Matcher]: Evaluating...
2026-03-10 12:15:37 INFO [admin] StringMatchingRecommender - Training on [3497] items, predicting on [877] of total [4374].
2026-03-10 12:15:37 INFO [admin] SelectionTask - [ivelina][[Part of speech@UPOS] String Matcher]: Activated (0.6590098156414708 >= threshold 0.0)
2026-03-10 12:17:12 INFO [admin] SelectionTask - [yasena][[Lemma@Lemma] String Matcher]: Evaluating...
2026-03-10 12:17:12 INFO [admin] StringMatchingRecommender - Training on [3497] items, predicting on [877] of total [4374].
2026-03-10 12:17:12 INFO [admin] SelectionTask - [yasena][[Lemma@Lemma] String Matcher]: Activated (0.3716662643913397 >= threshold 0.0)
2026-03-10 12:17:12 INFO [admin] SelectionTask - [yasena][[Part of speech@UPOS] String Matcher]: Evaluating...
2026-03-10 12:17:12 INFO [admin] StringMatchingRecommender - Training on [3497] items, predicting on [877] of total [4374].
2026-03-10 12:17:12 INFO [admin] SelectionTask - [yasena][[Part of speech@UPOS] String Matcher]: Activated (0.6189751403762442 >= threshold 0.0)
2026-03-10 12:20:00 INFO [admin] SelectionTask - [yasena][[Lemma@Lemma] String Matcher]: Evaluating...
2026-03-10 12:20:00 INFO [admin] StringMatchingRecommender - Training on [3497] items, predicting on [877] of total [4374].
2026-03-10 12:20:00 INFO [admin] SelectionTask - [yasena][[Lemma@Lemma] String Matcher]: Activated (0.3716662643913397 >= threshold 0.0)
2026-03-10 12:20:00 INFO [admin] SelectionTask - [yasena][[Part of speech@UPOS] String Matcher]: Evaluating...
2026-03-10 12:20:00 INFO [admin] StringMatchingRecommender - Training on [3497] items, predicting on [877] of total [4374].
2026-03-10 12:20:00 INFO [admin] SelectionTask - [yasena][[Part of speech@UPOS] String Matcher]: Activated (0.6189751403762442 >= threshold 0.0)
2026-03-10 12:23:19 INFO [admin] SelectionTask - [yasena][[Lemma@Lemma] String Matcher]: Evaluating...
2026-03-10 12:23:19 INFO [admin] StringMatchingRecommender - Training on [3497] items, predicting on [877] of total [4374].
2026-03-10 12:23:19 INFO [admin] SelectionTask - [yasena][[Lemma@Lemma] String Matcher]: Activated (0.3705010646004376 >= threshold 0.0)
2026-03-10 12:23:19 INFO [admin] SelectionTask - [yasena][[Part of speech@UPOS] String Matcher]: Evaluating...
2026-03-10 12:23:19 INFO [admin] StringMatchingRecommender - Training on [3497] items, predicting on [877] of total [4374].
2026-03-10 12:23:19 INFO [admin] SelectionTask - [yasena][[Part of speech@UPOS] String Matcher]: Activated (0.6186973805800837 >= threshold 0.0)
2026-03-10 12:28:12 INFO [admin] SelectionTask - [yasena][[Lemma@Lemma] String Matcher]: Evaluating...
2026-03-10 12:28:12 INFO [admin] StringMatchingRecommender - Training on [3497] items, predicting on [877] of total [4374].
2026-03-10 12:28:12 INFO [admin] SelectionTask - [yasena][[Lemma@Lemma] String Matcher]: Activated (0.3705010646004376 >= threshold 0.0)
2026-03-10 12:28:13 INFO [admin] SelectionTask - [yasena][[Part of speech@UPOS] String Matcher]: Evaluating...
2026-03-10 12:28:13 INFO [admin] StringMatchingRecommender - Training on [3497] items, predicting on [877] of total [4374].
2026-03-10 12:28:13 INFO [admin] SelectionTask - [yasena][[Part of speech@UPOS] String Matcher]: Activated (0.6187284044199468 >= threshold 0.0)
2026-03-10 12:30:22 INFO [admin] SelectionTask - [ivelina][[Lemma@Lemma] String Matcher]: Evaluating...
2026-03-10 12:30:22 INFO [admin] StringMatchingRecommender - Training on [3497] items, predicting on [877] of total [4374].
2026-03-10 12:30:22 INFO [admin] SelectionTask - [ivelina][[Lemma@Lemma] String Matcher]: Activated (0.3640582560570167 >= threshold 0.0)
2026-03-10 12:30:23 INFO [admin] SelectionTask - [ivelina][[Part of speech@UPOS] String Matcher]: Evaluating...
2026-03-10 12:30:23 INFO [admin] StringMatchingRecommender - Training on [3497] items, predicting on [877] of total [4374].
2026-03-10 12:30:23 INFO [admin] SelectionTask - [ivelina][[Part of speech@UPOS] String Matcher]: Activated (0.6590098156414708 >= threshold 0.0)
2026-03-10 12:30:28 INFO [admin] SelectionTask - [yasena][[Lemma@Lemma] String Matcher]: Evaluating...
2026-03-10 12:30:28 INFO [admin] StringMatchingRecommender - Training on [3497] items, predicting on [877] of total [4374].
2026-03-10 12:30:28 INFO [admin] SelectionTask - [yasena][[Lemma@Lemma] String Matcher]: Activated (0.3705010646004376 >= threshold 0.0)
2026-03-10 12:30:29 INFO [admin] SelectionTask - [yasena][[Part of speech@UPOS] String Matcher]: Evaluating...
2026-03-10 12:30:29 INFO [admin] StringMatchingRecommender - Training on [3497] items, predicting on [877] of total [4374].
2026-03-10 12:30:29 INFO [admin] SelectionTask - [yasena][[Part of speech@UPOS] String Matcher]: Activated (0.6189381375359755 >= threshold 0.0)
2026-03-10 12:37:13 INFO [admin] AnnotationSchemaServiceImpl - Upgraded CAS of user [yasena] for document [ALE_cds.conllu](10) in project [BG_CHILDES_TB](0)
2026-03-10 12:38:51 INFO [admin] AnnotationSchemaServiceImpl - Upgraded CAS of user [yasena] for document [ALE_cs.conllu](11) in project [BG_CHILDES_TB](0)
2026-03-10 12:39:02 INFO [admin] AnnotationSchemaServiceImpl - Upgraded CAS of user [yasena] for document [ALE_cds.conllu](10) in project [BG_CHILDES_TB](0)
2026-03-10 12:49:16 INFO [admin] AnnotationSchemaServiceImpl - Upgraded CAS of user [yasena] for document [ALE_cds.conllu](10) in project [BG_CHILDES_TB](0)
2026-03-10 12:49:51 INFO [admin] AnnotationSchemaServiceImpl - Upgraded CAS of user [yasena] for document [ALE_cs.conllu](11) in project [BG_CHILDES_TB](0)
2026-03-10 12:50:07 INFO [admin] AnnotationSchemaServiceImpl - Upgraded CAS of user [yasena] for document [ALE_cds.conllu](10) in project [BG_CHILDES_TB](0)
2026-03-10 12:50:51 INFO [admin] AnnotationSchemaServiceImpl - Upgraded CAS of user [yasena] for document [ALE_cs.conllu](11) in project [BG_CHILDES_TB](0)
2026-03-10 12:51:08 INFO [admin] AnnotationSchemaServiceImpl - Upgraded CAS of user [yasena] for document [ALE_cds.conllu](10) in project [BG_CHILDES_TB](0)
2026-03-10 13:00:55 INFO [admin] SelectionTask - [ivelina][[Lemma@Lemma] String Matcher]: Evaluating...
2026-03-10 13:00:56 INFO [admin] StringMatchingRecommender - Training on [3497] items, predicting on [877] of total [4374].
2026-03-10 13:00:56 INFO [admin] SelectionTask - [ivelina][[Lemma@Lemma] String Matcher]: Activated (0.3640582560570167 >= threshold 0.0)
2026-03-10 13:00:56 INFO [admin] SelectionTask - [ivelina][[Part of speech@UPOS] String Matcher]: Evaluating...
2026-03-10 13:00:56 INFO [admin] StringMatchingRecommender - Training on [3497] items, predicting on [877] of total [4374].
2026-03-10 13:00:56 INFO [admin] SelectionTask - [ivelina][[Part of speech@UPOS] String Matcher]: Activated (0.6590098156414708 >= threshold 0.0)
2026-03-10 13:15:50 INFO [admin] AnnotationSchemaServiceImpl - Upgraded CAS of user [yasena] for document [ALE_cds.conllu](10) in project [BG_CHILDES_TB](0)
2026-03-10 13:15:50 INFO [admin] SelectionTask - [yasena][[Lemma@Lemma] String Matcher]: Evaluating...
2026-03-10 13:15:50 INFO [admin] StringMatchingRecommender - Training on [3497] items, predicting on [877] of total [4374].
2026-03-10 13:15:50 INFO [admin] SelectionTask - [yasena][[Lemma@Lemma] String Matcher]: Activated (0.3705010646004376 >= threshold 0.0)
2026-03-10 13:15:50 INFO [admin] SelectionTask - [yasena][[Part of speech@UPOS] String Matcher]: Evaluating...
2026-03-10 13:15:50 INFO [admin] StringMatchingRecommender - Training on [3497] items, predicting on [877] of total [4374].
2026-03-10 13:15:50 INFO [admin] SelectionTask - [yasena][[Part of speech@UPOS] String Matcher]: Activated (0.6191969634279632 >= threshold 0.0)
2026-03-10 13:28:25 INFO [admin] SelectionTask - [ivelina][[Lemma@Lemma] String Matcher]: Evaluating...
2026-03-10 13:28:25 INFO [admin] StringMatchingRecommender - Training on [3497] items, predicting on [877] of total [4374].
2026-03-10 13:28:25 INFO [admin] SelectionTask - [ivelina][[Lemma@Lemma] String Matcher]: Activated (0.364479619779305 >= threshold 0.0)
2026-03-10 13:28:26 INFO [admin] SelectionTask - [ivelina][[Part of speech@UPOS] String Matcher]: Evaluating...
2026-03-10 13:28:26 INFO [admin] StringMatchingRecommender - Training on [3497] items, predicting on [877] of total [4374].
2026-03-10 13:28:26 INFO [admin] SelectionTask - [ivelina][[Part of speech@UPOS] String Matcher]: Activated (0.6590098156414708 >= threshold 0.0)
2026-03-10 14:04:40 INFO [admin] SelectionTask - [ivelina][[Lemma@Lemma] String Matcher]: Evaluating...
2026-03-10 14:04:40 INFO [admin] StringMatchingRecommender - Training on [3497] items, predicting on [877] of total [4374].
2026-03-10 14:04:40 INFO [admin] SelectionTask - [ivelina][[Lemma@Lemma] String Matcher]: Activated (0.364479619779305 >= threshold 0.0)
2026-03-10 14:04:41 INFO [admin] SelectionTask - [ivelina][[Part of speech@UPOS] String Matcher]: Evaluating...
2026-03-10 14:04:41 INFO [admin] StringMatchingRecommender - Training on [3497] items, predicting on [877] of total [4374].
2026-03-10 14:04:41 INFO [admin] SelectionTask - [ivelina][[Part of speech@UPOS] String Matcher]: Activated (0.6590098156414708 >= threshold 0.0)
2026-03-10 14:06:18 INFO [admin] SelectionTask - [ivelina][[Lemma@Lemma] String Matcher]: Evaluating...
2026-03-10 14:06:18 INFO [admin] StringMatchingRecommender - Training on [3497] items, predicting on [877] of total [4374].
2026-03-10 14:06:18 INFO [admin] SelectionTask - [ivelina][[Lemma@Lemma] String Matcher]: Activated (0.364479619779305 >= threshold 0.0)
2026-03-10 14:06:18 INFO [admin] SelectionTask - [ivelina][[Part of speech@UPOS] String Matcher]: Evaluating...
2026-03-10 14:06:18 INFO [admin] StringMatchingRecommender - Training on [3497] items, predicting on [877] of total [4374].
2026-03-10 14:06:18 INFO [admin] SelectionTask - [ivelina][[Part of speech@UPOS] String Matcher]: Activated (0.6590098156414708 >= threshold 0.0)
2026-03-10 14:07:45 INFO [admin] SelectionTask - [ivelina][[Lemma@Lemma] String Matcher]: Evaluating...
2026-03-10 14:07:45 INFO [admin] StringMatchingRecommender - Training on [3497] items, predicting on [877] of total [4374].
2026-03-10 14:07:45 INFO [admin] SelectionTask - [ivelina][[Lemma@Lemma] String Matcher]: Activated (0.364479619779305 >= threshold 0.0)
2026-03-10 14:07:45 INFO [admin] SelectionTask - [ivelina][[Part of speech@UPOS] String Matcher]: Evaluating...
2026-03-10 14:07:45 INFO [admin] StringMatchingRecommender - Training on [3497] items, predicting on [877] of total [4374].
2026-03-10 14:07:45 INFO [admin] SelectionTask - [ivelina][[Part of speech@UPOS] String Matcher]: Activated (0.6590098156414708 >= threshold 0.0)
2026-03-10 14:08:08 INFO [admin] SelectionTask - [ivelina][[Lemma@Lemma] String Matcher]: Evaluating...
2026-03-10 14:08:09 INFO [admin] StringMatchingRecommender - Training on [3497] items, predicting on [877] of total [4374].
2026-03-10 14:08:09 INFO [admin] SelectionTask - [ivelina][[Lemma@Lemma] String Matcher]: Activated (0.364479619779305 >= threshold 0.0)
2026-03-10 14:08:09 INFO [admin] SelectionTask - [ivelina][[Part of speech@UPOS] String Matcher]: Evaluating...
2026-03-10 14:08:09 INFO [admin] StringMatchingRecommender - Training on [3497] items, predicting on [877] of total [4374].
2026-03-10 14:08:09 INFO [admin] SelectionTask - [ivelina][[Part of speech@UPOS] String Matcher]: Activated (0.6590098156414708 >= threshold 0.0)
2026-03-10 15:28:29 INFO [admin] AnnotationSchemaServiceImpl - Upgraded CAS of user [ivelina] for document [TEF_cs.conllu](19) in project [BG_CHILDES_TB](0)
2026-03-10 15:28:29 INFO [admin] SelectionTask - [ivelina][[Lemma@Lemma] String Matcher]: Evaluating...
2026-03-10 15:28:30 INFO [admin] StringMatchingRecommender - Training on [3497] items, predicting on [877] of total [4374].
2026-03-10 15:28:30 INFO [admin] SelectionTask - [ivelina][[Lemma@Lemma] String Matcher]: Activated (0.364479619779305 >= threshold 0.0)
2026-03-10 15:28:30 INFO [admin] SelectionTask - [ivelina][[Part of speech@UPOS] String Matcher]: Evaluating...
2026-03-10 15:28:30 INFO [admin] StringMatchingRecommender - Training on [3497] items, predicting on [877] of total [4374].
2026-03-10 15:28:30 INFO [admin] SelectionTask - [ivelina][[Part of speech@UPOS] String Matcher]: Activated (0.6590098156414708 >= threshold 0.0)
2026-03-10 15:30:24 INFO [admin] SelectionTask - [ivelina][[Lemma@Lemma] String Matcher]: Evaluating...
2026-03-10 15:30:24 INFO [admin] StringMatchingRecommender - Training on [3497] items, predicting on [877] of total [4374].
2026-03-10 15:30:24 INFO [admin] SelectionTask - [ivelina][[Lemma@Lemma] String Matcher]: Activated (0.3648967913157251 >= threshold 0.0)
2026-03-10 15:30:25 INFO [admin] SelectionTask - [ivelina][[Part of speech@UPOS] String Matcher]: Evaluating...
2026-03-10 15:30:25 INFO [admin] StringMatchingRecommender - Training on [3497] items, predicting on [877] of total [4374].
2026-03-10 15:30:25 INFO [admin] SelectionTask - [ivelina][[Part of speech@UPOS] String Matcher]: Activated (0.6590098156414708 >= threshold 0.0)
2026-03-10 16:42:45 INFO [admin] AnnotationSchemaServiceImpl - Upgraded CAS of user [CURATION_USER] for document [BOG_cds.conllu](12) in project [BG_CHILDES_TB](0)
2026-03-11 08:11:53 INFO [admin] AnnotationSchemaServiceImpl - Upgraded CAS of user [CURATION_USER] for document [BOG_cds.conllu](12) in project [BG_CHILDES_TB](0)
2026-03-11 08:40:19 INFO [admin] AnnotationSchemaServiceImpl - Upgraded CAS of user [ivelina] for document [TEF_cs.conllu](19) in project [BG_CHILDES_TB](0)
2026-03-11 08:40:19 INFO [admin] SelectionTask - [ivelina][[Lemma@Lemma] String Matcher]: Evaluating...
2026-03-11 08:40:20 INFO [admin] StringMatchingRecommender - Training on [3497] items, predicting on [877] of total [4374].
2026-03-11 08:40:20 INFO [admin] SelectionTask - [ivelina][[Lemma@Lemma] String Matcher]: Activated (0.3648607396590838 >= threshold 0.0)
2026-03-11 08:40:20 INFO [admin] SelectionTask - [ivelina][[Part of speech@UPOS] String Matcher]: Evaluating...
2026-03-11 08:40:20 INFO [admin] StringMatchingRecommender - Training on [3497] items, predicting on [877] of total [4374].
2026-03-11 08:40:20 INFO [admin] SelectionTask - [ivelina][[Part of speech@UPOS] String Matcher]: Activated (0.6590098156414708 >= threshold 0.0)
2026-03-11 08:44:07 INFO [admin] SelectionTask - [ivelina][[Lemma@Lemma] String Matcher]: Evaluating...
2026-03-11 08:44:07 INFO [admin] StringMatchingRecommender - Training on [3497] items, predicting on [877] of total [4374].
2026-03-11 08:44:07 INFO [admin] SelectionTask - [ivelina][[Lemma@Lemma] String Matcher]: Activated (0.3655507380258053 >= threshold 0.0)
2026-03-11 08:44:07 INFO [admin] SelectionTask - [ivelina][[Part of speech@UPOS] String Matcher]: Evaluating...
2026-03-11 08:44:07 INFO [admin] StringMatchingRecommender - Training on [3497] items, predicting on [877] of total [4374].
2026-03-11 08:44:07 INFO [admin] SelectionTask - [ivelina][[Part of speech@UPOS] String Matcher]: Activated (0.6587078075148088 >= threshold 0.0)
2026-03-11 08:46:38 INFO [admin] SelectionTask - [ivelina][[Lemma@Lemma] String Matcher]: Evaluating...
2026-03-11 08:46:38 INFO [admin] StringMatchingRecommender - Training on [3497] items, predicting on [877] of total [4374].
2026-03-11 08:46:38 INFO [admin] SelectionTask - [ivelina][[Lemma@Lemma] String Matcher]: Activated (0.3655507380258053 >= threshold 0.0)
2026-03-11 08:46:38 INFO [admin] SelectionTask - [ivelina][[Part of speech@UPOS] String Matcher]: Evaluating...
2026-03-11 08:46:38 INFO [admin] StringMatchingRecommender - Training on [3497] items, predicting on [877] of total [4374].
2026-03-11 08:46:38 INFO [admin] SelectionTask - [ivelina][[Part of speech@UPOS] String Matcher]: Activated (0.6587078075148088 >= threshold 0.0)
2026-03-11 08:49:28 INFO [admin] SelectionTask - [ivelina][[Lemma@Lemma] String Matcher]: Evaluating...
2026-03-11 08:49:28 INFO [admin] StringMatchingRecommender - Training on [3497] items, predicting on [877] of total [4374].
2026-03-11 08:49:28 INFO [admin] SelectionTask - [ivelina][[Lemma@Lemma] String Matcher]: Activated (0.3655507380258053 >= threshold 0.0)
2026-03-11 08:49:29 INFO [admin] SelectionTask - [ivelina][[Part of speech@UPOS] String Matcher]: Evaluating...
2026-03-11 08:49:29 INFO [admin] StringMatchingRecommender - Training on [3497] items, predicting on [877] of total [4374].
2026-03-11 08:49:29 INFO [admin] SelectionTask - [ivelina][[Part of speech@UPOS] String Matcher]: Activated (0.6574903253581467 >= threshold 0.0)
2026-03-11 08:52:17 INFO [admin] SelectionTask - [ivelina][[Lemma@Lemma] String Matcher]: Evaluating...
2026-03-11 08:52:17 INFO [admin] StringMatchingRecommender - Training on [3497] items, predicting on [877] of total [4374].
2026-03-11 08:52:17 INFO [admin] SelectionTask - [ivelina][[Lemma@Lemma] String Matcher]: Activated (0.3655507380258053 >= threshold 0.0)
2026-03-11 08:52:17 INFO [admin] SelectionTask - [ivelina][[Part of speech@UPOS] String Matcher]: Evaluating...
2026-03-11 08:52:17 INFO [admin] StringMatchingRecommender - Training on [3497] items, predicting on [877] of total [4374].
2026-03-11 08:52:17 INFO [admin] SelectionTask - [ivelina][[Part of speech@UPOS] String Matcher]: Activated (0.6574903253581467 >= threshold 0.0)
2026-03-11 08:55:45 INFO [admin] SelectionTask - [ivelina][[Lemma@Lemma] String Matcher]: Evaluating...
2026-03-11 08:55:45 INFO [admin] StringMatchingRecommender - Training on [3497] items, predicting on [877] of total [4374].
2026-03-11 08:55:45 INFO [admin] SelectionTask - [ivelina][[Lemma@Lemma] String Matcher]: Activated (0.3662801468640214 >= threshold 0.0)
2026-03-11 08:55:45 INFO [admin] SelectionTask - [ivelina][[Part of speech@UPOS] String Matcher]: Evaluating...
2026-03-11 08:55:45 INFO [admin] StringMatchingRecommender - Training on [3497] items, predicting on [877] of total [4374].
2026-03-11 08:55:45 INFO [admin] SelectionTask - [ivelina][[Part of speech@UPOS] String Matcher]: Activated (0.6574903253581467 >= threshold 0.0)
2026-03-11 08:58:05 INFO [admin] SelectionTask - [ivelina][[Lemma@Lemma] String Matcher]: Evaluating...
2026-03-11 08:58:05 INFO [admin] StringMatchingRecommender - Training on [3497] items, predicting on [877] of total [4374].
2026-03-11 08:58:06 INFO [admin] SelectionTask - [ivelina][[Lemma@Lemma] String Matcher]: Activated (0.365388181432865 >= threshold 0.0)
2026-03-11 08:58:06 INFO [admin] SelectionTask - [ivelina][[Part of speech@UPOS] String Matcher]: Evaluating...
2026-03-11 08:58:06 INFO [admin] StringMatchingRecommender - Training on [3497] items, predicting on [877] of total [4374].
2026-03-11 08:58:06 INFO [admin] SelectionTask - [ivelina][[Part of speech@UPOS] String Matcher]: Activated (0.6575144790995558 >= threshold 0.0)
2026-03-11 08:58:42 INFO [admin] SelectionTask - [ivelina][[Lemma@Lemma] String Matcher]: Evaluating...
2026-03-11 08:58:42 INFO [admin] StringMatchingRecommender - Training on [3497] items, predicting on [877] of total [4374].
2026-03-11 08:58:42 INFO [admin] SelectionTask - [ivelina][[Lemma@Lemma] String Matcher]: Activated (0.365388181432865 >= threshold 0.0)
2026-03-11 08:58:43 INFO [admin] SelectionTask - [ivelina][[Part of speech@UPOS] String Matcher]: Evaluating...
2026-03-11 08:58:43 INFO [admin] StringMatchingRecommender - Training on [3497] items, predicting on [877] of total [4374].
2026-03-11 08:58:43 INFO [admin] SelectionTask - [ivelina][[Part of speech@UPOS] String Matcher]: Activated (0.6575144790995558 >= threshold 0.0)
2026-03-11 09:00:26 INFO [admin] SelectionTask - [ivelina][[Lemma@Lemma] String Matcher]: Evaluating...
2026-03-11 09:00:26 INFO [admin] StringMatchingRecommender - Training on [3497] items, predicting on [877] of total [4374].
2026-03-11 09:00:26 INFO [admin] SelectionTask - [ivelina][[Lemma@Lemma] String Matcher]: Activated (0.365388181432865 >= threshold 0.0)
2026-03-11 09:00:26 INFO [admin] SelectionTask - [ivelina][[Part of speech@UPOS] String Matcher]: Evaluating...
2026-03-11 09:00:26 INFO [admin] StringMatchingRecommender - Training on [3497] items, predicting on [877] of total [4374].
2026-03-11 09:00:26 INFO [admin] SelectionTask - [ivelina][[Part of speech@UPOS] String Matcher]: Activated (0.6575144790995558 >= threshold 0.0)
2026-03-11 09:01:48 INFO [admin] SelectionTask - [ivelina][[Lemma@Lemma] String Matcher]: Evaluating...
2026-03-11 09:01:48 INFO [admin] StringMatchingRecommender - Training on [3497] items, predicting on [877] of total [4374].
2026-03-11 09:01:48 INFO [admin] SelectionTask - [ivelina][[Lemma@Lemma] String Matcher]: Activated (0.365388181432865 >= threshold 0.0)
2026-03-11 09:01:49 INFO [admin] SelectionTask - [ivelina][[Part of speech@UPOS] String Matcher]: Evaluating...
2026-03-11 09:01:49 INFO [admin] StringMatchingRecommender - Training on [3497] items, predicting on [877] of total [4374].
2026-03-11 09:01:49 INFO [admin] SelectionTask - [ivelina][[Part of speech@UPOS] String Matcher]: Activated (0.6575144790995558 >= threshold 0.0)
2026-03-11 09:03:12 INFO [admin] SelectionTask - [ivelina][[Lemma@Lemma] String Matcher]: Evaluating...
2026-03-11 09:03:12 INFO [admin] StringMatchingRecommender - Training on [3497] items, predicting on [877] of total [4374].
2026-03-11 09:03:12 INFO [admin] SelectionTask - [ivelina][[Lemma@Lemma] String Matcher]: Activated (0.365388181432865 >= threshold 0.0)
2026-03-11 09:03:13 INFO [admin] SelectionTask - [ivelina][[Part of speech@UPOS] String Matcher]: Evaluating...
2026-03-11 09:03:13 INFO [admin] StringMatchingRecommender - Training on [3497] items, predicting on [877] of total [4374].
2026-03-11 09:03:13 INFO [admin] SelectionTask - [ivelina][[Part of speech@UPOS] String Matcher]: Activated (0.6575144790995558 >= threshold 0.0)
2026-03-11 09:20:16 INFO [admin] SelectionTask - [ivelina][[Lemma@Lemma] String Matcher]: Evaluating...
2026-03-11 09:20:17 INFO [admin] StringMatchingRecommender - Training on [3497] items, predicting on [877] of total [4374].
2026-03-11 09:20:17 INFO [admin] SelectionTask - [ivelina][[Lemma@Lemma] String Matcher]: Activated (0.365388181432865 >= threshold 0.0)
2026-03-11 09:20:17 INFO [admin] SelectionTask - [ivelina][[Part of speech@UPOS] String Matcher]: Evaluating...
2026-03-11 09:20:17 INFO [admin] StringMatchingRecommender - Training on [3497] items, predicting on [877] of total [4374].
2026-03-11 09:20:17 INFO [admin] SelectionTask - [ivelina][[Part of speech@UPOS] String Matcher]: Activated (0.6575144790995558 >= threshold 0.0)
2026-03-11 09:33:57 INFO [admin] SelectionTask - [ivelina][[Lemma@Lemma] String Matcher]: Evaluating...
2026-03-11 09:33:57 INFO [admin] StringMatchingRecommender - Training on [3497] items, predicting on [877] of total [4374].
2026-03-11 09:33:57 INFO [admin] SelectionTask - [ivelina][[Lemma@Lemma] String Matcher]: Activated (0.3656371467571293 >= threshold 0.0)
2026-03-11 09:33:58 INFO [admin] SelectionTask - [ivelina][[Part of speech@UPOS] String Matcher]: Evaluating...
2026-03-11 09:33:58 INFO [admin] StringMatchingRecommender - Training on [3497] items, predicting on [877] of total [4374].
2026-03-11 09:33:58 INFO [admin] SelectionTask - [ivelina][[Part of speech@UPOS] String Matcher]: Activated (0.6575144790995558 >= threshold 0.0)
2026-03-11 09:37:40 INFO [admin] SelectionTask - [ivelina][[Lemma@Lemma] String Matcher]: Evaluating...
2026-03-11 09:37:40 INFO [admin] StringMatchingRecommender - Training on [3497] items, predicting on [877] of total [4374].
2026-03-11 09:37:40 INFO [admin] SelectionTask - [ivelina][[Lemma@Lemma] String Matcher]: Activated (0.3656371467571293 >= threshold 0.0)
2026-03-11 09:37:40 INFO [admin] SelectionTask - [ivelina][[Part of speech@UPOS] String Matcher]: Evaluating...
2026-03-11 09:37:40 INFO [admin] StringMatchingRecommender - Training on [3497] items, predicting on [877] of total [4374].
2026-03-11 09:37:40 INFO [admin] SelectionTask - [ivelina][[Part of speech@UPOS] String Matcher]: Activated (0.6575144790995558 >= threshold 0.0)
2026-03-11 09:39:30 INFO [admin] SelectionTask - [ivelina][[Lemma@Lemma] String Matcher]: Evaluating...
2026-03-11 09:39:30 INFO [admin] StringMatchingRecommender - Training on [3497] items, predicting on [877] of total [4374].
2026-03-11 09:39:31 INFO [admin] SelectionTask - [ivelina][[Lemma@Lemma] String Matcher]: Activated (0.3656371467571293 >= threshold 0.0)
2026-03-11 09:39:31 INFO [admin] SelectionTask - [ivelina][[Part of speech@UPOS] String Matcher]: Evaluating...
2026-03-11 09:39:31 INFO [admin] StringMatchingRecommender - Training on [3497] items, predicting on [877] of total [4374].
2026-03-11 09:39:31 INFO [admin] SelectionTask - [ivelina][[Part of speech@UPOS] String Matcher]: Activated (0.6575144790995558 >= threshold 0.0)
2026-03-11 09:41:51 INFO [admin] SelectionTask - [ivelina][[Lemma@Lemma] String Matcher]: Evaluating...
2026-03-11 09:41:51 INFO [admin] StringMatchingRecommender - Training on [3497] items, predicting on [877] of total [4374].
2026-03-11 09:41:51 INFO [admin] SelectionTask - [ivelina][[Lemma@Lemma] String Matcher]: Activated (0.3656371467571293 >= threshold 0.0)
2026-03-11 09:41:52 INFO [admin] SelectionTask - [ivelina][[Part of speech@UPOS] String Matcher]: Evaluating...
2026-03-11 09:41:52 INFO [admin] StringMatchingRecommender - Training on [3497] items, predicting on [877] of total [4374].
2026-03-11 09:41:52 INFO [admin] SelectionTask - [ivelina][[Part of speech@UPOS] String Matcher]: Activated (0.6575144790995558 >= threshold 0.0)
2026-03-11 09:43:23 INFO [admin] SelectionTask - [ivelina][[Lemma@Lemma] String Matcher]: Evaluating...
2026-03-11 09:43:24 INFO [admin] StringMatchingRecommender - Training on [3497] items, predicting on [877] of total [4374].
2026-03-11 09:43:24 INFO [admin] SelectionTask - [ivelina][[Lemma@Lemma] String Matcher]: Activated (0.3656371467571293 >= threshold 0.0)
2026-03-11 09:43:24 INFO [admin] SelectionTask - [ivelina][[Part of speech@UPOS] String Matcher]: Evaluating...
2026-03-11 09:43:24 INFO [admin] StringMatchingRecommender - Training on [3497] items, predicting on [877] of total [4374].
2026-03-11 09:43:24 INFO [admin] SelectionTask - [ivelina][[Part of speech@UPOS] String Matcher]: Activated (0.6575144790995558 >= threshold 0.0)
2026-03-11 10:42:44 INFO [admin] AnnotationSchemaServiceImpl - Upgraded CAS of user [CURATION_USER] for document [BOG_cds.conllu](12) in project [BG_CHILDES_TB](0)
2026-03-11 10:49:50 INFO [admin] AnnotationSchemaServiceImpl - Upgraded CAS of user [ivelina] for document [TEF_cs.conllu](19) in project [BG_CHILDES_TB](0)
2026-03-11 10:49:50 INFO [admin] SelectionTask - [ivelina][[Lemma@Lemma] String Matcher]: Evaluating...
2026-03-11 10:49:51 INFO [admin] StringMatchingRecommender - Training on [3497] items, predicting on [877] of total [4374].
2026-03-11 10:49:51 INFO [admin] SelectionTask - [ivelina][[Lemma@Lemma] String Matcher]: Activated (0.3656371467571293 >= threshold 0.0)
2026-03-11 10:49:51 INFO [admin] SelectionTask - [ivelina][[Part of speech@UPOS] String Matcher]: Evaluating...
2026-03-11 10:49:51 INFO [admin] StringMatchingRecommender - Training on [3497] items, predicting on [877] of total [4374].
2026-03-11 10:49:51 INFO [admin] SelectionTask - [ivelina][[Part of speech@UPOS] String Matcher]: Activated (0.6575144790995558 >= threshold 0.0)
2026-03-11 11:03:07 INFO [admin] AnnotationSchemaServiceImpl - Upgraded CAS of user [CURATION_USER] for document [BOG_cds.conllu](12) in project [BG_CHILDES_TB](0)
2026-03-11 11:17:24 INFO [admin] DocumentServiceImpl - Created annotation document [admin@TEF_cs.conllu](39) in project [BG_CHILDES_TB](0)
2026-03-11 11:17:24 INFO [admin] AnnotationSchemaServiceImpl - Upgraded CAS of user [admin] for document [TEF_cs.conllu](19) in project [BG_CHILDES_TB](0)
2026-03-11 11:17:24 INFO [admin] SelectionTask - [admin][[Lemma@Lemma] String Matcher]: Evaluating...
2026-03-11 11:17:24 INFO [admin] StringMatchingRecommender - Training on [3497] items, predicting on [877] of total [4374].
2026-03-11 11:17:25 INFO [admin] SelectionTask - [admin][[Lemma@Lemma] String Matcher]: Activated (0.37878218137706793 >= threshold 0.0)
2026-03-11 11:17:25 INFO [admin] SelectionTask - [admin][[Part of speech@UPOS] String Matcher]: Evaluating...
2026-03-11 11:17:25 INFO [admin] StringMatchingRecommender - Training on [3497] items, predicting on [877] of total [4374].
2026-03-11 11:17:25 INFO [admin] SelectionTask - [admin][[Part of speech@UPOS] String Matcher]: Activated (0.6607616036293007 >= threshold 0.0)
2026-03-11 11:27:06 INFO [admin] AnnotationSchemaServiceImpl - Upgraded CAS of user [ivelina] for document [TEF_cs.conllu](19) in project [BG_CHILDES_TB](0)
2026-03-11 11:27:06 INFO [admin] SelectionTask - [ivelina][[Lemma@Lemma] String Matcher]: Evaluating...
2026-03-11 11:27:06 INFO [admin] StringMatchingRecommender - Training on [3497] items, predicting on [877] of total [4374].
2026-03-11 11:27:06 INFO [admin] SelectionTask - [ivelina][[Lemma@Lemma] String Matcher]: Activated (0.3656371467571293 >= threshold 0.0)
2026-03-11 11:27:06 INFO [admin] SelectionTask - [ivelina][[Part of speech@UPOS] String Matcher]: Evaluating...
2026-03-11 11:27:07 INFO [admin] StringMatchingRecommender - Training on [3497] items, predicting on [877] of total [4374].
2026-03-11 11:27:07 INFO [admin] SelectionTask - [ivelina][[Part of speech@UPOS] String Matcher]: Activated (0.6575144790995558 >= threshold 0.0)
2026-03-11 11:39:59 INFO [admin] SelectionTask - [ivelina][[Lemma@Lemma] String Matcher]: Evaluating...
2026-03-11 11:39:59 INFO [admin] StringMatchingRecommender - Training on [3497] items, predicting on [877] of total [4374].
2026-03-11 11:39:59 INFO [admin] SelectionTask - [ivelina][[Lemma@Lemma] String Matcher]: Activated (0.3656371467571293 >= threshold 0.0)
2026-03-11 11:40:00 INFO [admin] SelectionTask - [ivelina][[Part of speech@UPOS] String Matcher]: Evaluating...
2026-03-11 11:40:00 INFO [admin] StringMatchingRecommender - Training on [3497] items, predicting on [877] of total [4374].
2026-03-11 11:40:00 INFO [admin] SelectionTask - [ivelina][[Part of speech@UPOS] String Matcher]: Activated (0.6575144790995558 >= threshold 0.0)
2026-03-11 11:41:54 INFO [admin] DocumentServiceImpl - Created annotation document [mila@TEF_cs.conllu](40) in project [BG_CHILDES_TB](0)
2026-03-11 11:41:54 INFO [admin] AnnotationSchemaServiceImpl - Upgraded CAS of user [mila] for document [TEF_cs.conllu](19) in project [BG_CHILDES_TB](0)
2026-03-11 11:41:54 INFO [admin] SelectionTask - [mila][[Lemma@Lemma] String Matcher]: Evaluating...
2026-03-11 11:41:55 INFO [admin] StringMatchingRecommender - Training on [3497] items, predicting on [877] of total [4374].
2026-03-11 11:41:55 INFO [admin] SelectionTask - [mila][[Lemma@Lemma] String Matcher]: Activated (0.35465215291168445 >= threshold 0.0)
2026-03-11 11:41:55 INFO [admin] SelectionTask - [mila][[Part of speech@UPOS] String Matcher]: Evaluating...
2026-03-11 11:41:55 INFO [admin] StringMatchingRecommender - Training on [3497] items, predicting on [877] of total [4374].
2026-03-11 11:41:55 INFO [admin] SelectionTask - [mila][[Part of speech@UPOS] String Matcher]: Activated (0.6183899933238547 >= threshold 0.0)
2026-03-11 12:09:37 INFO [admin] AnnotationSchemaServiceImpl - Upgraded CAS of user [mila] for document [BOG_cs.conllu](13) in project [BG_CHILDES_TB](0)
2026-03-11 12:45:28 INFO [admin] AnnotationSchemaServiceImpl - Upgraded CAS of user [CURATION_USER] for document [BOG_cs.conllu](13) in project [BG_CHILDES_TB](0)
2026-03-11 13:08:15 INFO [admin] AnnotationSchemaServiceImpl - Upgraded CAS of user [ivelina] for document [TEF_cs.conllu](19) in project [BG_CHILDES_TB](0)
2026-03-11 14:44:17 INFO [admin] AnnotationSchemaServiceImpl - Upgraded CAS of user [ivelina] for document [TEF_cs.conllu](19) in project [BG_CHILDES_TB](0)
2026-03-11 15:02:16 INFO [admin] ConstraintsServiceImpl - Removed constraints set [Constraints set] in project [BG_CHILDES_TB](0)
2026-03-11 15:02:26 INFO [admin] AnnotationSchemaServiceImpl - Upgraded CAS of user [CURATION_USER] for document [BOG_cs.conllu](13) in project [BG_CHILDES_TB](0)
2026-03-11 15:34:22 INFO [admin] AnnotationSchemaServiceImpl - Upgraded CAS of user [ivelina] for document [TEF_cs.conllu](19) in project [BG_CHILDES_TB](0)
2026-03-11 15:59:00 INFO [admin] AnnotationSchemaServiceImpl - Upgraded CAS of user [tsvetelina] for document [ELI_cs.conllu](15) in project [BG_CHILDES_TB](0)
2026-03-11 20:41:28 INFO [admin] AnnotationSchemaServiceImpl - Upgraded CAS of user [ivelina] for document [TEF_cs.conllu](19) in project [BG_CHILDES_TB](0)
2026-03-12 09:11:24 INFO [admin] ProjectPermissionsExporter - Exported [9] permissions for project [BG_CHILDES_TB]
2026-03-12 09:11:24 INFO [admin] DocumentRepositoryExporter - Exported [0] document repositories for project [BG_CHILDES_TB]
2026-03-12 09:11:24 INFO [admin] KnowledgeBaseExporter - Exported [0] knowledge bases for project [BG_CHILDES_TB]
2026-03-12 09:11:24 INFO [admin] LayerExporter - Exported [10] layers for project [BG_CHILDES_TB]
2026-03-12 09:11:24 INFO [admin] TagSetExporter - Exported [23] tagsets for project [BG_CHILDES_TB]
2026-03-12 09:11:24 INFO [admin] DocumentImportExportServiceImpl - Exported annotations [ALE_cds.conllu](10) for user [CURATION_USER] from project [BG_CHILDES_TB](0) using format [conllu]
2026-03-12 09:11:24 INFO [admin] DocumentImportExportServiceImpl - Exported annotations [BOG_cds.conllu](12) for user [CURATION_USER] from project [BG_CHILDES_TB](0) using format [conllu]
2026-03-12 09:11:24 INFO [admin] DocumentImportExportServiceImpl - Exported annotations [BOG_cs.conllu](13) for user [CURATION_USER] from project [BG_CHILDES_TB](0) using format [conllu]
2026-03-12 09:11:24 INFO [admin] DocumentImportExportServiceImpl - Exported annotations [ELI_cs.conllu](15) for user [CURATION_USER] from project [BG_CHILDES_TB](0) using format [conllu]
2026-03-12 09:11:24 INFO [admin] DocumentImportExportServiceImpl - Exported annotations [SIM_cds.conllu](16) for user [CURATION_USER] from project [BG_CHILDES_TB](0) using format [conllu]
2026-03-12 09:11:24 INFO [admin] CurationWorkflowExporter - Exported curation workflow settings for project [BG_CHILDES_TB](0)
2026-03-12 09:11:24 INFO [admin] SourceDocumentExporter - Exported content for source document [10] in project [BG_CHILDES_TB] with id [0]
2026-03-12 09:11:24 INFO [admin] SourceDocumentExporter - Exported content for source document [11] in project [BG_CHILDES_TB] with id [0]
2026-03-12 09:11:24 INFO [admin] SourceDocumentExporter - Exported content for source document [12] in project [BG_CHILDES_TB] with id [0]
2026-03-12 09:11:24 INFO [admin] SourceDocumentExporter - Exported content for source document [13] in project [BG_CHILDES_TB] with id [0]
2026-03-12 09:11:24 INFO [admin] SourceDocumentExporter - Exported content for source document [14] in project [BG_CHILDES_TB] with id [0]
2026-03-12 09:11:24 INFO [admin] SourceDocumentExporter - Exported content for source document [15] in project [BG_CHILDES_TB] with id [0]
2026-03-12 09:11:24 INFO [admin] SourceDocumentExporter - Exported content for source document [16] in project [BG_CHILDES_TB] with id [0]
2026-03-12 09:11:24 INFO [admin] SourceDocumentExporter - Exported content for source document [17] in project [BG_CHILDES_TB] with id [0]
2026-03-12 09:11:24 INFO [admin] SourceDocumentExporter - Exported content for source document [18] in project [BG_CHILDES_TB] with id [0]
2026-03-12 09:11:24 INFO [admin] SourceDocumentExporter - Exported content for source document [19] in project [BG_CHILDES_TB] with id [0]
2026-03-12 09:11:24 INFO [admin] SourceDocumentExporter - Exported content for source document [20] in project [BG_CHILDES_TB] with id [0]
2026-03-12 09:11:25 INFO [admin] LoggedEventExporter - Exported [12826] logged events for project [BG_CHILDES_TB]
2026-03-12 09:11:25 INFO [admin] LoggedEventExporter - Skipped [59] logged events for [10] documents no longer existing
2026-03-12 09:11:25 INFO [admin] DefaultProjectPreferencesExporter - Exported [0] default preferences for project [BG_CHILDES_TB]
2026-03-12 09:11:25 INFO [admin] UserProjectPreferencesExporter - Exported [7] user preferences for project [BG_CHILDES_TB]
2026-03-12 09:11:25 INFO [admin] GazeteerExporter - Exported [0] gazeteers for project [BG_CHILDES_TB]
2026-03-12 09:11:25 INFO [admin] WorkloadManagerExporter - Exported workload manager for project [BG_CHILDES_TB]
2026-03-12 09:11:25 INFO [admin] RecommenderExporter - Exported [3] recommenders for project [BG_CHILDES_TB]
2026-03-12 09:11:25 INFO [admin] DocumentImportExportServiceImpl - Exported annotations [ALE_cds.conllu](10) for user [INITIAL_CAS] from project [BG_CHILDES_TB](0) using format [conllu]
2026-03-12 09:11:25 INFO [admin] AnnotationDocumentExporter - Exported annotation document content for user [INITIAL_CAS] for source document [ALE_cds.conllu](10) in project [BG_CHILDES_TB](0)
2026-03-12 09:11:25 INFO [admin] DocumentImportExportServiceImpl - Exported annotations [ALE_cds.conllu](10) for user [ivelina] from project [BG_CHILDES_TB](0) using format [conllu]
2026-03-12 09:11:25 INFO [admin] AnnotationDocumentExporter - Exported annotation document content for user [ivelina] for source document [ALE_cds.conllu](10) in project [BG_CHILDES_TB](0)
2026-03-12 09:11:25 INFO [admin] DocumentImportExportServiceImpl - Exported annotations [ALE_cds.conllu](10) for user [mila] from project [BG_CHILDES_TB](0) using format [conllu]
2026-03-12 09:11:25 INFO [admin] AnnotationDocumentExporter - Exported annotation document content for user [mila] for source document [ALE_cds.conllu](10) in project [BG_CHILDES_TB](0)
2026-03-12 09:11:25 INFO [admin] DocumentImportExportServiceImpl - Exported annotations [ALE_cds.conllu](10) for user [admin] from project [BG_CHILDES_TB](0) using format [conllu]
2026-03-12 09:11:25 INFO [admin] AnnotationDocumentExporter - Exported annotation document content for user [admin] for source document [ALE_cds.conllu](10) in project [BG_CHILDES_TB](0)
2026-03-12 09:11:25 INFO [admin] DocumentImportExportServiceImpl - Exported annotations [ALE_cds.conllu](10) for user [yasena] from project [BG_CHILDES_TB](0) using format [conllu]
2026-03-12 09:11:25 INFO [admin] AnnotationDocumentExporter - Exported annotation document content for user [yasena] for source document [ALE_cds.conllu](10) in project [BG_CHILDES_TB](0)
2026-03-12 09:11:25 INFO [admin] DocumentImportExportServiceImpl - Exported annotations [ALE_cs.conllu](11) for user [INITIAL_CAS] from project [BG_CHILDES_TB](0) using format [conllu]
2026-03-12 09:11:25 INFO [admin] AnnotationDocumentExporter - Exported annotation document content for user [INITIAL_CAS] for source document [ALE_cs.conllu](11) in project [BG_CHILDES_TB](0)
2026-03-12 09:11:25 INFO [admin] DocumentImportExportServiceImpl - Exported annotations [ALE_cs.conllu](11) for user [admin] from project [BG_CHILDES_TB](0) using format [conllu]
2026-03-12 09:11:25 INFO [admin] AnnotationDocumentExporter - Exported annotation document content for user [admin] for source document [ALE_cs.conllu](11) in project [BG_CHILDES_TB](0)
2026-03-12 09:11:26 INFO [admin] DocumentImportExportServiceImpl - Exported annotations [ALE_cs.conllu](11) for user [ivelina] from project [BG_CHILDES_TB](0) using format [conllu]
2026-03-12 09:11:26 INFO [admin] AnnotationDocumentExporter - Exported annotation document content for user [ivelina] for source document [ALE_cs.conllu](11) in project [BG_CHILDES_TB](0)
2026-03-12 09:11:26 INFO [admin] DocumentImportExportServiceImpl - Exported annotations [ALE_cs.conllu](11) for user [yoana] from project [BG_CHILDES_TB](0) using format [conllu]
2026-03-12 09:11:26 INFO [admin] AnnotationDocumentExporter - Exported annotation document content for user [yoana] for source document [ALE_cs.conllu](11) in project [BG_CHILDES_TB](0)
2026-03-12 09:11:26 INFO [admin] DocumentImportExportServiceImpl - Exported annotations [ALE_cs.conllu](11) for user [mila] from project [BG_CHILDES_TB](0) using format [conllu]
2026-03-12 09:11:26 INFO [admin] AnnotationDocumentExporter - Exported annotation document content for user [mila] for source document [ALE_cs.conllu](11) in project [BG_CHILDES_TB](0)
2026-03-12 09:11:26 INFO [admin] DocumentImportExportServiceImpl - Exported annotations [ALE_cs.conllu](11) for user [yasena] from project [BG_CHILDES_TB](0) using format [conllu]
2026-03-12 09:11:26 INFO [admin] AnnotationDocumentExporter - Exported annotation document content for user [yasena] for source document [ALE_cs.conllu](11) in project [BG_CHILDES_TB](0)
2026-03-12 09:11:26 INFO [admin] DocumentImportExportServiceImpl - Exported annotations [BOG_cds.conllu](12) for user [INITIAL_CAS] from project [BG_CHILDES_TB](0) using format [conllu]
2026-03-12 09:11:26 INFO [admin] AnnotationDocumentExporter - Exported annotation document content for user [INITIAL_CAS] for source document [BOG_cds.conllu](12) in project [BG_CHILDES_TB](0)
2026-03-12 09:11:26 INFO [admin] DocumentImportExportServiceImpl - Exported annotations [BOG_cds.conllu](12) for user [mila] from project [BG_CHILDES_TB](0) using format [conllu]
2026-03-12 09:11:26 INFO [admin] AnnotationDocumentExporter - Exported annotation document content for user [mila] for source document [BOG_cds.conllu](12) in project [BG_CHILDES_TB](0)
2026-03-12 09:11:26 INFO [admin] DocumentImportExportServiceImpl - Exported annotations [BOG_cds.conllu](12) for user [yoana] from project [BG_CHILDES_TB](0) using format [conllu]
2026-03-12 09:11:26 INFO [admin] AnnotationDocumentExporter - Exported annotation document content for user [yoana] for source document [BOG_cds.conllu](12) in project [BG_CHILDES_TB](0)
2026-03-12 09:11:26 INFO [admin] DocumentImportExportServiceImpl - Exported annotations [BOG_cs.conllu](13) for user [INITIAL_CAS] from project [BG_CHILDES_TB](0) using format [conllu]
2026-03-12 09:11:26 INFO [admin] AnnotationDocumentExporter - Exported annotation document content for user [INITIAL_CAS] for source document [BOG_cs.conllu](13) in project [BG_CHILDES_TB](0)
2026-03-12 09:11:26 INFO [admin] DocumentImportExportServiceImpl - Exported annotations [BOG_cs.conllu](13) for user [yoana] from project [BG_CHILDES_TB](0) using format [conllu]
2026-03-12 09:11:26 INFO [admin] AnnotationDocumentExporter - Exported annotation document content for user [yoana] for source document [BOG_cs.conllu](13) in project [BG_CHILDES_TB](0)
2026-03-12 09:11:26 INFO [admin] DocumentImportExportServiceImpl - Exported annotations [BOG_cs.conllu](13) for user [mila] from project [BG_CHILDES_TB](0) using format [conllu]
2026-03-12 09:11:26 INFO [admin] AnnotationDocumentExporter - Exported annotation document content for user [mila] for source document [BOG_cs.conllu](13) in project [BG_CHILDES_TB](0)
2026-03-12 09:11:26 INFO [admin] DocumentImportExportServiceImpl - Exported annotations [ELI_cds.conllu](14) for user [INITIAL_CAS] from project [BG_CHILDES_TB](0) using format [conllu]
2026-03-12 09:11:26 INFO [admin] AnnotationDocumentExporter - Exported annotation document content for user [INITIAL_CAS] for source document [ELI_cds.conllu](14) in project [BG_CHILDES_TB](0)
2026-03-12 09:11:26 INFO [admin] DocumentImportExportServiceImpl - Exported annotations [ELI_cds.conllu](14) for user [tsvetelina] from project [BG_CHILDES_TB](0) using format [conllu]
2026-03-12 09:11:26 INFO [admin] AnnotationDocumentExporter - Exported annotation document content for user [tsvetelina] for source document [ELI_cds.conllu](14) in project [BG_CHILDES_TB](0)
2026-03-12 09:11:26 INFO [admin] DocumentImportExportServiceImpl - Exported annotations [ELI_cds.conllu](14) for user [ivelina] from project [BG_CHILDES_TB](0) using format [conllu]
2026-03-12 09:11:26 INFO [admin] AnnotationDocumentExporter - Exported annotation document content for user [ivelina] for source document [ELI_cds.conllu](14) in project [BG_CHILDES_TB](0)
2026-03-12 09:11:26 INFO [admin] DocumentImportExportServiceImpl - Exported annotations [ELI_cds.conllu](14) for user [mila] from project [BG_CHILDES_TB](0) using format [conllu]
2026-03-12 09:11:26 INFO [admin] AnnotationDocumentExporter - Exported annotation document content for user [mila] for source document [ELI_cds.conllu](14) in project [BG_CHILDES_TB](0)
2026-03-12 09:11:26 INFO [admin] DocumentImportExportServiceImpl - Exported annotations [ELI_cs.conllu](15) for user [INITIAL_CAS] from project [BG_CHILDES_TB](0) using format [conllu]
2026-03-12 09:11:26 INFO [admin] AnnotationDocumentExporter - Exported annotation document content for user [INITIAL_CAS] for source document [ELI_cs.conllu](15) in project [BG_CHILDES_TB](0)
2026-03-12 09:11:26 INFO [admin] DocumentImportExportServiceImpl - Exported annotations [ELI_cs.conllu](15) for user [mila] from project [BG_CHILDES_TB](0) using format [conllu]
2026-03-12 09:11:26 INFO [admin] AnnotationDocumentExporter - Exported annotation document content for user [mila] for source document [ELI_cs.conllu](15) in project [BG_CHILDES_TB](0)
2026-03-12 09:11:26 INFO [admin] DocumentImportExportServiceImpl - Exported annotations [ELI_cs.conllu](15) for user [tsvetelina] from project [BG_CHILDES_TB](0) using format [conllu]
2026-03-12 09:11:26 INFO [admin] AnnotationDocumentExporter - Exported annotation document content for user [tsvetelina] for source document [ELI_cs.conllu](15) in project [BG_CHILDES_TB](0)
2026-03-12 09:11:26 INFO [admin] DocumentImportExportServiceImpl - Exported annotations [SIM_cds.conllu](16) for user [INITIAL_CAS] from project [BG_CHILDES_TB](0) using format [conllu]
2026-03-12 09:11:26 INFO [admin] AnnotationDocumentExporter - Exported annotation document content for user [INITIAL_CAS] for source document [SIM_cds.conllu](16) in project [BG_CHILDES_TB](0)
2026-03-12 09:11:26 INFO [admin] DocumentImportExportServiceImpl - Exported annotations [SIM_cds.conllu](16) for user [ivelina] from project [BG_CHILDES_TB](0) using format [conllu]
2026-03-12 09:11:26 INFO [admin] AnnotationDocumentExporter - Exported annotation document content for user [ivelina] for source document [SIM_cds.conllu](16) in project [BG_CHILDES_TB](0)
2026-03-12 09:11:26 INFO [admin] DocumentImportExportServiceImpl - Exported annotations [SIM_cds.conllu](16) for user [mila] from project [BG_CHILDES_TB](0) using format [conllu]
2026-03-12 09:11:26 INFO [admin] AnnotationDocumentExporter - Exported annotation document content for user [mila] for source document [SIM_cds.conllu](16) in project [BG_CHILDES_TB](0)
2026-03-12 09:11:27 INFO [admin] DocumentImportExportServiceImpl - Exported annotations [SIM_cds.conllu](16) for user [tsvetina] from project [BG_CHILDES_TB](0) using format [conllu]
2026-03-12 09:11:27 INFO [admin] AnnotationDocumentExporter - Exported annotation document content for user [tsvetina] for source document [SIM_cds.conllu](16) in project [BG_CHILDES_TB](0)
2026-03-12 09:11:27 INFO [admin] DocumentImportExportServiceImpl - Exported annotations [SIM_cs.conllu](17) for user [INITIAL_CAS] from project [BG_CHILDES_TB](0) using format [conllu]
2026-03-12 09:11:27 INFO [admin] AnnotationDocumentExporter - Exported annotation document content for user [INITIAL_CAS] for source document [SIM_cs.conllu](17) in project [BG_CHILDES_TB](0)
2026-03-12 09:11:27 INFO [admin] DocumentImportExportServiceImpl - Exported annotations [SIM_cs.conllu](17) for user [ivelina] from project [BG_CHILDES_TB](0) using format [conllu]
2026-03-12 09:11:27 INFO [admin] AnnotationDocumentExporter - Exported annotation document content for user [ivelina] for source document [SIM_cs.conllu](17) in project [BG_CHILDES_TB](0)
2026-03-12 09:11:27 INFO [admin] DocumentImportExportServiceImpl - Exported annotations [SIM_cs.conllu](17) for user [mila] from project [BG_CHILDES_TB](0) using format [conllu]
2026-03-12 09:11:27 INFO [admin] AnnotationDocumentExporter - Exported annotation document content for user [mila] for source document [SIM_cs.conllu](17) in project [BG_CHILDES_TB](0)
2026-03-12 09:11:27 INFO [admin] DocumentImportExportServiceImpl - Exported annotations [SIM_cs.conllu](17) for user [tsvetina] from project [BG_CHILDES_TB](0) using format [conllu]
2026-03-12 09:11:27 INFO [admin] AnnotationDocumentExporter - Exported annotation document content for user [tsvetina] for source document [SIM_cs.conllu](17) in project [BG_CHILDES_TB](0)
2026-03-12 09:11:27 INFO [admin] DocumentImportExportServiceImpl - Exported annotations [SIM_cs.conllu](17) for user [admin] from project [BG_CHILDES_TB](0) using format [conllu]
2026-03-12 09:11:27 INFO [admin] AnnotationDocumentExporter - Exported annotation document content for user [admin] for source document [SIM_cs.conllu](17) in project [BG_CHILDES_TB](0)
2026-03-12 09:11:27 INFO [admin] DocumentImportExportServiceImpl - Exported annotations [TEF_cds.conllu](18) for user [INITIAL_CAS] from project [BG_CHILDES_TB](0) using format [conllu]
2026-03-12 09:11:27 INFO [admin] AnnotationDocumentExporter - Exported annotation document content for user [INITIAL_CAS] for source document [TEF_cds.conllu](18) in project [BG_CHILDES_TB](0)
2026-03-12 09:11:27 INFO [admin] DocumentImportExportServiceImpl - Exported annotations [TEF_cds.conllu](18) for user [ivelina] from project [BG_CHILDES_TB](0) using format [conllu]
2026-03-12 09:11:27 INFO [admin] AnnotationDocumentExporter - Exported annotation document content for user [ivelina] for source document [TEF_cds.conllu](18) in project [BG_CHILDES_TB](0)
2026-03-12 09:11:28 INFO [admin] DocumentImportExportServiceImpl - Exported annotations [TEF_cds.conllu](18) for user [mila] from project [BG_CHILDES_TB](0) using format [conllu]
2026-03-12 09:11:28 INFO [admin] AnnotationDocumentExporter - Exported annotation document content for user [mila] for source document [TEF_cds.conllu](18) in project [BG_CHILDES_TB](0)
2026-03-12 09:11:28 INFO [admin] DocumentImportExportServiceImpl - Exported annotations [TEF_cs.conllu](19) for user [INITIAL_CAS] from project [BG_CHILDES_TB](0) using format [conllu]
2026-03-12 09:11:28 INFO [admin] AnnotationDocumentExporter - Exported annotation document content for user [INITIAL_CAS] for source document [TEF_cs.conllu](19) in project [BG_CHILDES_TB](0)
2026-03-12 09:11:28 INFO [admin] DocumentImportExportServiceImpl - Exported annotations [TEF_cs.conllu](19) for user [admin] from project [BG_CHILDES_TB](0) using format [conllu]
2026-03-12 09:11:28 INFO [admin] AnnotationDocumentExporter - Exported annotation document content for user [admin] for source document [TEF_cs.conllu](19) in project [BG_CHILDES_TB](0)
2026-03-12 09:11:28 INFO [admin] DocumentImportExportServiceImpl - Exported annotations [TEF_cs.conllu](19) for user [mila] from project [BG_CHILDES_TB](0) using format [conllu]
2026-03-12 09:11:28 INFO [admin] AnnotationDocumentExporter - Exported annotation document content for user [mila] for source document [TEF_cs.conllu](19) in project [BG_CHILDES_TB](0)
2026-03-12 09:11:28 INFO [admin] DocumentImportExportServiceImpl - Exported annotations [TEF_cs.conllu](19) for user [ivelina] from project [BG_CHILDES_TB](0) using format [conllu]
2026-03-12 09:11:28 INFO [admin] AnnotationDocumentExporter - Exported annotation document content for user [ivelina] for source document [TEF_cs.conllu](19) in project [BG_CHILDES_TB](0)
2026-03-12 09:11:28 INFO [admin] DocumentImportExportServiceImpl - Exported annotations [UD_relations_example_for_each.conllu](20) for user [INITIAL_CAS] from project [BG_CHILDES_TB](0) using format [conllu]
2026-03-12 09:11:28 INFO [admin] AnnotationDocumentExporter - Exported annotation document content for user [INITIAL_CAS] for source document [UD_relations_example_for_each.conllu](20) in project [BG_CHILDES_TB](0)
2026-03-12 09:11:28 INFO [admin] DocumentImportExportServiceImpl - Exported annotations [UD_relations_example_for_each.conllu](20) for user [mila] from project [BG_CHILDES_TB](0) using format [conllu]
2026-03-12 09:11:28 INFO [admin] AnnotationDocumentExporter - Exported annotation document content for user [mila] for source document [UD_relations_example_for_each.conllu](20) in project [BG_CHILDES_TB](0)
2026-03-12 09:11:28 INFO [admin] DocumentImportExportServiceImpl - Exported annotations [UD_relations_example_for_each.conllu](20) for user [admin] from project [BG_CHILDES_TB](0) using format [conllu]
2026-03-12 09:11:28 INFO [admin] AnnotationDocumentExporter - Exported annotation document content for user [admin] for source document [UD_relations_example_for_each.conllu](20) in project [BG_CHILDES_TB](0)
2026-03-12 09:14:23 INFO [admin] AnnotationSchemaServiceImpl - Upgraded CAS of user [CURATION_USER] for document [BOG_cds.conllu](12) in project [BG_CHILDES_TB](0)
2026-03-12 09:15:46 INFO [admin] AnnotationSchemaServiceImpl - Upgraded CAS of user [CURATION_USER] for document [BOG_cds.conllu](12) in project [BG_CHILDES_TB](0)
2026-03-12 09:16:53 INFO [admin] ProjectPermissionsExporter - Exported [9] permissions for project [BG_CHILDES_TB]
2026-03-12 09:16:53 INFO [admin] DocumentRepositoryExporter - Exported [0] document repositories for project [BG_CHILDES_TB]
2026-03-12 09:16:53 INFO [admin] KnowledgeBaseExporter - Exported [0] knowledge bases for project [BG_CHILDES_TB]
2026-03-12 09:16:53 INFO [admin] LayerExporter - Exported [10] layers for project [BG_CHILDES_TB]
2026-03-12 09:16:53 INFO [admin] TagSetExporter - Exported [23] tagsets for project [BG_CHILDES_TB]
2026-03-12 09:16:53 INFO [admin] DocumentImportExportServiceImpl - Exported annotations [ALE_cds.conllu](10) for user [CURATION_USER] from project [BG_CHILDES_TB](0) using format [conllu]
2026-03-12 09:16:53 INFO [admin] DocumentImportExportServiceImpl - Exported annotations [BOG_cds.conllu](12) for user [CURATION_USER] from project [BG_CHILDES_TB](0) using format [conllu]
2026-03-12 09:16:53 INFO [admin] DocumentImportExportServiceImpl - Exported annotations [BOG_cs.conllu](13) for user [CURATION_USER] from project [BG_CHILDES_TB](0) using format [conllu]
2026-03-12 09:16:53 INFO [admin] DocumentImportExportServiceImpl - Exported annotations [ELI_cs.conllu](15) for user [CURATION_USER] from project [BG_CHILDES_TB](0) using format [conllu]
2026-03-12 09:16:53 INFO [admin] DocumentImportExportServiceImpl - Exported annotations [SIM_cds.conllu](16) for user [CURATION_USER] from project [BG_CHILDES_TB](0) using format [conllu]
2026-03-12 09:16:53 INFO [admin] CurationWorkflowExporter - Exported curation workflow settings for project [BG_CHILDES_TB](0)
2026-03-12 09:16:53 INFO [admin] SourceDocumentExporter - Exported content for source document [10] in project [BG_CHILDES_TB] with id [0]
2026-03-12 09:16:53 INFO [admin] SourceDocumentExporter - Exported content for source document [11] in project [BG_CHILDES_TB] with id [0]
2026-03-12 09:16:53 INFO [admin] SourceDocumentExporter - Exported content for source document [12] in project [BG_CHILDES_TB] with id [0]
2026-03-12 09:16:53 INFO [admin] SourceDocumentExporter - Exported content for source document [13] in project [BG_CHILDES_TB] with id [0]
2026-03-12 09:16:53 INFO [admin] SourceDocumentExporter - Exported content for source document [14] in project [BG_CHILDES_TB] with id [0]
2026-03-12 09:16:53 INFO [admin] SourceDocumentExporter - Exported content for source document [15] in project [BG_CHILDES_TB] with id [0]
2026-03-12 09:16:53 INFO [admin] SourceDocumentExporter - Exported content for source document [16] in project [BG_CHILDES_TB] with id [0]
2026-03-12 09:16:53 INFO [admin] SourceDocumentExporter - Exported content for source document [17] in project [BG_CHILDES_TB] with id [0]
2026-03-12 09:16:53 INFO [admin] SourceDocumentExporter - Exported content for source document [18] in project [BG_CHILDES_TB] with id [0]
2026-03-12 09:16:53 INFO [admin] SourceDocumentExporter - Exported content for source document [19] in project [BG_CHILDES_TB] with id [0]
2026-03-12 09:16:53 INFO [admin] SourceDocumentExporter - Exported content for source document [20] in project [BG_CHILDES_TB] with id [0]
2026-03-12 09:16:54 INFO [admin] LoggedEventExporter - Exported [12833] logged events for project [BG_CHILDES_TB]
2026-03-12 09:16:54 INFO [admin] LoggedEventExporter - Skipped [59] logged events for [10] documents no longer existing
2026-03-12 09:16:54 INFO [admin] DefaultProjectPreferencesExporter - Exported [0] default preferences for project [BG_CHILDES_TB]
2026-03-12 09:16:54 INFO [admin] UserProjectPreferencesExporter - Exported [7] user preferences for project [BG_CHILDES_TB]
2026-03-12 09:16:54 INFO [admin] GazeteerExporter - Exported [0] gazeteers for project [BG_CHILDES_TB]
2026-03-12 09:16:54 INFO [admin] WorkloadManagerExporter - Exported workload manager for project [BG_CHILDES_TB]
2026-03-12 09:16:54 INFO [admin] RecommenderExporter - Exported [3] recommenders for project [BG_CHILDES_TB]
2026-03-12 09:16:54 INFO [admin] DocumentImportExportServiceImpl - Exported annotations [ALE_cds.conllu](10) for user [INITIAL_CAS] from project [BG_CHILDES_TB](0) using format [conllu]
2026-03-12 09:16:54 INFO [admin] AnnotationDocumentExporter - Exported annotation document content for user [INITIAL_CAS] for source document [ALE_cds.conllu](10) in project [BG_CHILDES_TB](0)
2026-03-12 09:16:54 INFO [admin] DocumentImportExportServiceImpl - Exported annotations [ALE_cds.conllu](10) for user [ivelina] from project [BG_CHILDES_TB](0) using format [conllu]
2026-03-12 09:16:54 INFO [admin] AnnotationDocumentExporter - Exported annotation document content for user [ivelina] for source document [ALE_cds.conllu](10) in project [BG_CHILDES_TB](0)
2026-03-12 09:16:54 INFO [admin] DocumentImportExportServiceImpl - Exported annotations [ALE_cds.conllu](10) for user [mila] from project [BG_CHILDES_TB](0) using format [conllu]
2026-03-12 09:16:54 INFO [admin] AnnotationDocumentExporter - Exported annotation document content for user [mila] for source document [ALE_cds.conllu](10) in project [BG_CHILDES_TB](0)
2026-03-12 09:16:54 INFO [admin] DocumentImportExportServiceImpl - Exported annotations [ALE_cds.conllu](10) for user [admin] from project [BG_CHILDES_TB](0) using format [conllu]
2026-03-12 09:16:54 INFO [admin] AnnotationDocumentExporter - Exported annotation document content for user [admin] for source document [ALE_cds.conllu](10) in project [BG_CHILDES_TB](0)
2026-03-12 09:16:54 INFO [admin] DocumentImportExportServiceImpl - Exported annotations [ALE_cds.conllu](10) for user [yasena] from project [BG_CHILDES_TB](0) using format [conllu]
2026-03-12 09:16:54 INFO [admin] AnnotationDocumentExporter - Exported annotation document content for user [yasena] for source document [ALE_cds.conllu](10) in project [BG_CHILDES_TB](0)
2026-03-12 09:16:54 INFO [admin] DocumentImportExportServiceImpl - Exported annotations [ALE_cs.conllu](11) for user [INITIAL_CAS] from project [BG_CHILDES_TB](0) using format [conllu]
2026-03-12 09:16:54 INFO [admin] AnnotationDocumentExporter - Exported annotation document content for user [INITIAL_CAS] for source document [ALE_cs.conllu](11) in project [BG_CHILDES_TB](0)
2026-03-12 09:16:54 INFO [admin] DocumentImportExportServiceImpl - Exported annotations [ALE_cs.conllu](11) for user [admin] from project [BG_CHILDES_TB](0) using format [conllu]
2026-03-12 09:16:54 INFO [admin] AnnotationDocumentExporter - Exported annotation document content for user [admin] for source document [ALE_cs.conllu](11) in project [BG_CHILDES_TB](0)
2026-03-12 09:16:54 INFO [admin] DocumentImportExportServiceImpl - Exported annotations [ALE_cs.conllu](11) for user [ivelina] from project [BG_CHILDES_TB](0) using format [conllu]
2026-03-12 09:16:54 INFO [admin] AnnotationDocumentExporter - Exported annotation document content for user [ivelina] for source document [ALE_cs.conllu](11) in project [BG_CHILDES_TB](0)
2026-03-12 09:16:55 INFO [admin] DocumentImportExportServiceImpl - Exported annotations [ALE_cs.conllu](11) for user [yoana] from project [BG_CHILDES_TB](0) using format [conllu]
2026-03-12 09:16:55 INFO [admin] AnnotationDocumentExporter - Exported annotation document content for user [yoana] for source document [ALE_cs.conllu](11) in project [BG_CHILDES_TB](0)
2026-03-12 09:16:55 INFO [admin] DocumentImportExportServiceImpl - Exported annotations [ALE_cs.conllu](11) for user [mila] from project [BG_CHILDES_TB](0) using format [conllu]
2026-03-12 09:16:55 INFO [admin] AnnotationDocumentExporter - Exported annotation document content for user [mila] for source document [ALE_cs.conllu](11) in project [BG_CHILDES_TB](0)
2026-03-12 09:16:55 INFO [admin] DocumentImportExportServiceImpl - Exported annotations [ALE_cs.conllu](11) for user [yasena] from project [BG_CHILDES_TB](0) using format [conllu]
2026-03-12 09:16:55 INFO [admin] AnnotationDocumentExporter - Exported annotation document content for user [yasena] for source document [ALE_cs.conllu](11) in project [BG_CHILDES_TB](0)
2026-03-12 09:16:55 INFO [admin] DocumentImportExportServiceImpl - Exported annotations [BOG_cds.conllu](12) for user [INITIAL_CAS] from project [BG_CHILDES_TB](0) using format [conllu]
2026-03-12 09:16:55 INFO [admin] AnnotationDocumentExporter - Exported annotation document content for user [INITIAL_CAS] for source document [BOG_cds.conllu](12) in project [BG_CHILDES_TB](0)
2026-03-12 09:16:55 INFO [admin] DocumentImportExportServiceImpl - Exported annotations [BOG_cds.conllu](12) for user [mila] from project [BG_CHILDES_TB](0) using format [conllu]
2026-03-12 09:16:55 INFO [admin] AnnotationDocumentExporter - Exported annotation document content for user [mila] for source document [BOG_cds.conllu](12) in project [BG_CHILDES_TB](0)
2026-03-12 09:16:55 INFO [admin] DocumentImportExportServiceImpl - Exported annotations [BOG_cds.conllu](12) for user [yoana] from project [BG_CHILDES_TB](0) using format [conllu]
2026-03-12 09:16:55 INFO [admin] AnnotationDocumentExporter - Exported annotation document content for user [yoana] for source document [BOG_cds.conllu](12) in project [BG_CHILDES_TB](0)
2026-03-12 09:16:55 INFO [admin] DocumentImportExportServiceImpl - Exported annotations [BOG_cs.conllu](13) for user [INITIAL_CAS] from project [BG_CHILDES_TB](0) using format [conllu]
2026-03-12 09:16:55 INFO [admin] AnnotationDocumentExporter - Exported annotation document content for user [INITIAL_CAS] for source document [BOG_cs.conllu](13) in project [BG_CHILDES_TB](0)
2026-03-12 09:16:55 INFO [admin] DocumentImportExportServiceImpl - Exported annotations [BOG_cs.conllu](13) for user [yoana] from project [BG_CHILDES_TB](0) using format [conllu]
2026-03-12 09:16:55 INFO [admin] AnnotationDocumentExporter - Exported annotation document content for user [yoana] for source document [BOG_cs.conllu](13) in project [BG_CHILDES_TB](0)
2026-03-12 09:16:55 INFO [admin] DocumentImportExportServiceImpl - Exported annotations [BOG_cs.conllu](13) for user [mila] from project [BG_CHILDES_TB](0) using format [conllu]
2026-03-12 09:16:55 INFO [admin] AnnotationDocumentExporter - Exported annotation document content for user [mila] for source document [BOG_cs.conllu](13) in project [BG_CHILDES_TB](0)
2026-03-12 09:16:55 INFO [admin] DocumentImportExportServiceImpl - Exported annotations [ELI_cds.conllu](14) for user [INITIAL_CAS] from project [BG_CHILDES_TB](0) using format [conllu]
2026-03-12 09:16:55 INFO [admin] AnnotationDocumentExporter - Exported annotation document content for user [INITIAL_CAS] for source document [ELI_cds.conllu](14) in project [BG_CHILDES_TB](0)
2026-03-12 09:16:55 INFO [admin] DocumentImportExportServiceImpl - Exported annotations [ELI_cds.conllu](14) for user [tsvetelina] from project [BG_CHILDES_TB](0) using format [conllu]
2026-03-12 09:16:55 INFO [admin] AnnotationDocumentExporter - Exported annotation document content for user [tsvetelina] for source document [ELI_cds.conllu](14) in project [BG_CHILDES_TB](0)
2026-03-12 09:16:55 INFO [admin] DocumentImportExportServiceImpl - Exported annotations [ELI_cds.conllu](14) for user [ivelina] from project [BG_CHILDES_TB](0) using format [conllu]
2026-03-12 09:16:55 INFO [admin] AnnotationDocumentExporter - Exported annotation document content for user [ivelina] for source document [ELI_cds.conllu](14) in project [BG_CHILDES_TB](0)
2026-03-12 09:16:55 INFO [admin] DocumentImportExportServiceImpl - Exported annotations [ELI_cds.conllu](14) for user [mila] from project [BG_CHILDES_TB](0) using format [conllu]
2026-03-12 09:16:55 INFO [admin] AnnotationDocumentExporter - Exported annotation document content for user [mila] for source document [ELI_cds.conllu](14) in project [BG_CHILDES_TB](0)
2026-03-12 09:16:55 INFO [admin] DocumentImportExportServiceImpl - Exported annotations [ELI_cs.conllu](15) for user [INITIAL_CAS] from project [BG_CHILDES_TB](0) using format [conllu]
2026-03-12 09:16:55 INFO [admin] AnnotationDocumentExporter - Exported annotation document content for user [INITIAL_CAS] for source document [ELI_cs.conllu](15) in project [BG_CHILDES_TB](0)
2026-03-12 09:16:55 INFO [admin] DocumentImportExportServiceImpl - Exported annotations [ELI_cs.conllu](15) for user [mila] from project [BG_CHILDES_TB](0) using format [conllu]
2026-03-12 09:16:55 INFO [admin] AnnotationDocumentExporter - Exported annotation document content for user [mila] for source document [ELI_cs.conllu](15) in project [BG_CHILDES_TB](0)
2026-03-12 09:16:55 INFO [admin] DocumentImportExportServiceImpl - Exported annotations [ELI_cs.conllu](15) for user [tsvetelina] from project [BG_CHILDES_TB](0) using format [conllu]
2026-03-12 09:16:55 INFO [admin] AnnotationDocumentExporter - Exported annotation document content for user [tsvetelina] for source document [ELI_cs.conllu](15) in project [BG_CHILDES_TB](0)
2026-03-12 09:16:55 INFO [admin] DocumentImportExportServiceImpl - Exported annotations [SIM_cds.conllu](16) for user [INITIAL_CAS] from project [BG_CHILDES_TB](0) using format [conllu]
2026-03-12 09:16:55 INFO [admin] AnnotationDocumentExporter - Exported annotation document content for user [INITIAL_CAS] for source document [SIM_cds.conllu](16) in project [BG_CHILDES_TB](0)
2026-03-12 09:16:55 INFO [admin] DocumentImportExportServiceImpl - Exported annotations [SIM_cds.conllu](16) for user [ivelina] from project [BG_CHILDES_TB](0) using format [conllu]
2026-03-12 09:16:55 INFO [admin] AnnotationDocumentExporter - Exported annotation document content for user [ivelina] for source document [SIM_cds.conllu](16) in project [BG_CHILDES_TB](0)
2026-03-12 09:16:55 INFO [admin] DocumentImportExportServiceImpl - Exported annotations [SIM_cds.conllu](16) for user [mila] from project [BG_CHILDES_TB](0) using format [conllu]
2026-03-12 09:16:55 INFO [admin] AnnotationDocumentExporter - Exported annotation document content for user [mila] for source document [SIM_cds.conllu](16) in project [BG_CHILDES_TB](0)
2026-03-12 09:16:55 INFO [admin] DocumentImportExportServiceImpl - Exported annotations [SIM_cds.conllu](16) for user [tsvetina] from project [BG_CHILDES_TB](0) using format [conllu]
2026-03-12 09:16:55 INFO [admin] AnnotationDocumentExporter - Exported annotation document content for user [tsvetina] for source document [SIM_cds.conllu](16) in project [BG_CHILDES_TB](0)
2026-03-12 09:16:56 INFO [admin] DocumentImportExportServiceImpl - Exported annotations [SIM_cs.conllu](17) for user [INITIAL_CAS] from project [BG_CHILDES_TB](0) using format [conllu]
2026-03-12 09:16:56 INFO [admin] AnnotationDocumentExporter - Exported annotation document content for user [INITIAL_CAS] for source document [SIM_cs.conllu](17) in project [BG_CHILDES_TB](0)
2026-03-12 09:16:56 INFO [admin] DocumentImportExportServiceImpl - Exported annotations [SIM_cs.conllu](17) for user [ivelina] from project [BG_CHILDES_TB](0) using format [conllu]
2026-03-12 09:16:56 INFO [admin] AnnotationDocumentExporter - Exported annotation document content for user [ivelina] for source document [SIM_cs.conllu](17) in project [BG_CHILDES_TB](0)
2026-03-12 09:16:56 INFO [admin] DocumentImportExportServiceImpl - Exported annotations [SIM_cs.conllu](17) for user [mila] from project [BG_CHILDES_TB](0) using format [conllu]
2026-03-12 09:16:56 INFO [admin] AnnotationDocumentExporter - Exported annotation document content for user [mila] for source document [SIM_cs.conllu](17) in project [BG_CHILDES_TB](0)
2026-03-12 09:16:56 INFO [admin] DocumentImportExportServiceImpl - Exported annotations [SIM_cs.conllu](17) for user [tsvetina] from project [BG_CHILDES_TB](0) using format [conllu]
2026-03-12 09:16:56 INFO [admin] AnnotationDocumentExporter - Exported annotation document content for user [tsvetina] for source document [SIM_cs.conllu](17) in project [BG_CHILDES_TB](0)
2026-03-12 09:16:56 INFO [admin] DocumentImportExportServiceImpl - Exported annotations [SIM_cs.conllu](17) for user [admin] from project [BG_CHILDES_TB](0) using format [conllu]
2026-03-12 09:16:56 INFO [admin] AnnotationDocumentExporter - Exported annotation document content for user [admin] for source document [SIM_cs.conllu](17) in project [BG_CHILDES_TB](0)
2026-03-12 09:16:56 INFO [admin] DocumentImportExportServiceImpl - Exported annotations [TEF_cds.conllu](18) for user [INITIAL_CAS] from project [BG_CHILDES_TB](0) using format [conllu]
2026-03-12 09:16:56 INFO [admin] AnnotationDocumentExporter - Exported annotation document content for user [INITIAL_CAS] for source document [TEF_cds.conllu](18) in project [BG_CHILDES_TB](0)
2026-03-12 09:16:56 INFO [admin] DocumentImportExportServiceImpl - Exported annotations [TEF_cds.conllu](18) for user [ivelina] from project [BG_CHILDES_TB](0) using format [conllu]
2026-03-12 09:16:56 INFO [admin] AnnotationDocumentExporter - Exported annotation document content for user [ivelina] for source document [TEF_cds.conllu](18) in project [BG_CHILDES_TB](0)
2026-03-12 09:16:56 INFO [admin] DocumentImportExportServiceImpl - Exported annotations [TEF_cds.conllu](18) for user [mila] from project [BG_CHILDES_TB](0) using format [conllu]
2026-03-12 09:16:56 INFO [admin] AnnotationDocumentExporter - Exported annotation document content for user [mila] for source document [TEF_cds.conllu](18) in project [BG_CHILDES_TB](0)
2026-03-12 09:16:56 INFO [admin] DocumentImportExportServiceImpl - Exported annotations [TEF_cs.conllu](19) for user [INITIAL_CAS] from project [BG_CHILDES_TB](0) using format [conllu]
2026-03-12 09:16:56 INFO [admin] AnnotationDocumentExporter - Exported annotation document content for user [INITIAL_CAS] for source document [TEF_cs.conllu](19) in project [BG_CHILDES_TB](0)
2026-03-12 09:16:56 INFO [admin] DocumentImportExportServiceImpl - Exported annotations [TEF_cs.conllu](19) for user [admin] from project [BG_CHILDES_TB](0) using format [conllu]
2026-03-12 09:16:56 INFO [admin] AnnotationDocumentExporter - Exported annotation document content for user [admin] for source document [TEF_cs.conllu](19) in project [BG_CHILDES_TB](0)
2026-03-12 09:16:56 INFO [admin] DocumentImportExportServiceImpl - Exported annotations [TEF_cs.conllu](19) for user [mila] from project [BG_CHILDES_TB](0) using format [conllu]
2026-03-12 09:16:56 INFO [admin] AnnotationDocumentExporter - Exported annotation document content for user [mila] for source document [TEF_cs.conllu](19) in project [BG_CHILDES_TB](0)
2026-03-12 09:16:56 INFO [admin] DocumentImportExportServiceImpl - Exported annotations [TEF_cs.conllu](19) for user [ivelina] from project [BG_CHILDES_TB](0) using format [conllu]
2026-03-12 09:16:56 INFO [admin] AnnotationDocumentExporter - Exported annotation document content for user [ivelina] for source document [TEF_cs.conllu](19) in project [BG_CHILDES_TB](0)
2026-03-12 09:16:56 INFO [admin] DocumentImportExportServiceImpl - Exported annotations [UD_relations_example_for_each.conllu](20) for user [INITIAL_CAS] from project [BG_CHILDES_TB](0) using format [conllu]
2026-03-12 09:16:56 INFO [admin] AnnotationDocumentExporter - Exported annotation document content for user [INITIAL_CAS] for source document [UD_relations_example_for_each.conllu](20) in project [BG_CHILDES_TB](0)
2026-03-12 09:16:56 INFO [admin] DocumentImportExportServiceImpl - Exported annotations [UD_relations_example_for_each.conllu](20) for user [mila] from project [BG_CHILDES_TB](0) using format [conllu]
2026-03-12 09:16:56 INFO [admin] AnnotationDocumentExporter - Exported annotation document content for user [mila] for source document [UD_relations_example_for_each.conllu](20) in project [BG_CHILDES_TB](0)
2026-03-12 09:16:56 INFO [admin] DocumentImportExportServiceImpl - Exported annotations [UD_relations_example_for_each.conllu](20) for user [admin] from project [BG_CHILDES_TB](0) using format [conllu]
2026-03-12 09:16:56 INFO [admin] AnnotationDocumentExporter - Exported annotation document content for user [admin] for source document [UD_relations_example_for_each.conllu](20) in project [BG_CHILDES_TB](0)
2026-03-12 12:26:17 INFO [admin] AnnotationSchemaServiceImpl - Upgraded CAS of user [CURATION_USER] for document [BOG_cds.conllu](12) in project [BG_CHILDES_TB](0)
2026-03-12 12:27:12 INFO [admin] AnnotationSchemaServiceImpl - Upgraded CAS of user [admin] for document [ALE_cds.conllu](10) in project [BG_CHILDES_TB](0)
2026-03-12 16:38:13 INFO [admin] AnnotationSchemaServiceImpl - Upgraded CAS of user [tsvetina] for document [SIM_cds.conllu](16) in project [BG_CHILDES_TB](0)
2026-03-12 16:39:21 INFO [admin] AnnotationSchemaServiceImpl - Upgraded CAS of user [tsvetina] for document [SIM_cs.conllu](17) in project [BG_CHILDES_TB](0)
2026-03-13 10:30:30 INFO [admin] AnnotationSchemaServiceImpl - Upgraded CAS of user [CURATION_USER] for document [ALE_cds.conllu](10) in project [BG_CHILDES_TB](0)
2026-03-13 10:48:21 INFO [admin] AnnotationSchemaServiceImpl - Upgraded CAS of user [CURATION_USER] for document [ALE_cds.conllu](10) in project [BG_CHILDES_TB](0)
2026-03-13 14:55:00 INFO [admin] AnnotationSchemaServiceImpl - Upgraded CAS of user [tsvetina] for document [SIM_cs.conllu](17) in project [BG_CHILDES_TB](0)
2026-03-13 15:37:53 INFO [admin] AnnotationSchemaServiceImpl - Upgraded CAS of user [ivelina] for document [TEF_cs.conllu](19) in project [BG_CHILDES_TB](0)
2026-03-13 15:38:00 INFO [admin] AnnotationSchemaServiceImpl - Upgraded CAS of user [ivelina] for document [TEF_cds.conllu](18) in project [BG_CHILDES_TB](0)
2026-03-13 17:53:59 INFO [admin] ProjectPermissionsExporter - Exported [9] permissions for project [BG_CHILDES_TB]
2026-03-13 17:53:59 INFO [admin] DocumentRepositoryExporter - Exported [0] document repositories for project [BG_CHILDES_TB]
2026-03-13 17:53:59 INFO [admin] KnowledgeBaseExporter - Exported [0] knowledge bases for project [BG_CHILDES_TB]
2026-03-13 17:53:59 INFO [admin] LayerExporter - Exported [10] layers for project [BG_CHILDES_TB]
2026-03-13 17:53:59 INFO [admin] TagSetExporter - Exported [23] tagsets for project [BG_CHILDES_TB]
2026-03-13 17:54:00 INFO [admin] DocumentImportExportServiceImpl - Exported annotations [ALE_cds.conllu](10) for user [CURATION_USER] from project [BG_CHILDES_TB](0) using format [conllu]
2026-03-13 17:54:00 INFO [admin] DocumentImportExportServiceImpl - Exported annotations [BOG_cds.conllu](12) for user [CURATION_USER] from project [BG_CHILDES_TB](0) using format [conllu]
2026-03-13 17:54:00 INFO [admin] DocumentImportExportServiceImpl - Exported annotations [BOG_cs.conllu](13) for user [CURATION_USER] from project [BG_CHILDES_TB](0) using format [conllu]
2026-03-13 17:54:00 INFO [admin] DocumentImportExportServiceImpl - Exported annotations [ELI_cs.conllu](15) for user [CURATION_USER] from project [BG_CHILDES_TB](0) using format [conllu]
2026-03-13 17:54:00 INFO [admin] DocumentImportExportServiceImpl - Exported annotations [SIM_cds.conllu](16) for user [CURATION_USER] from project [BG_CHILDES_TB](0) using format [conllu]
2026-03-13 17:54:00 INFO [admin] CurationWorkflowExporter - Exported curation workflow settings for project [BG_CHILDES_TB](0)
2026-03-13 17:54:00 INFO [admin] SourceDocumentExporter - Exported content for source document [10] in project [BG_CHILDES_TB] with id [0]
2026-03-13 17:54:00 INFO [admin] SourceDocumentExporter - Exported content for source document [11] in project [BG_CHILDES_TB] with id [0]
2026-03-13 17:54:00 INFO [admin] SourceDocumentExporter - Exported content for source document [12] in project [BG_CHILDES_TB] with id [0]
2026-03-13 17:54:00 INFO [admin] SourceDocumentExporter - Exported content for source document [13] in project [BG_CHILDES_TB] with id [0]
2026-03-13 17:54:00 INFO [admin] SourceDocumentExporter - Exported content for source document [14] in project [BG_CHILDES_TB] with id [0]
2026-03-13 17:54:00 INFO [admin] SourceDocumentExporter - Exported content for source document [15] in project [BG_CHILDES_TB] with id [0]
2026-03-13 17:54:00 INFO [admin] SourceDocumentExporter - Exported content for source document [16] in project [BG_CHILDES_TB] with id [0]
2026-03-13 17:54:00 INFO [admin] SourceDocumentExporter - Exported content for source document [17] in project [BG_CHILDES_TB] with id [0]
2026-03-13 17:54:00 INFO [admin] SourceDocumentExporter - Exported content for source document [18] in project [BG_CHILDES_TB] with id [0]
2026-03-13 17:54:00 INFO [admin] SourceDocumentExporter - Exported content for source document [19] in project [BG_CHILDES_TB] with id [0]
2026-03-13 17:54:00 INFO [admin] SourceDocumentExporter - Exported content for source document [20] in project [BG_CHILDES_TB] with id [0]
2026-03-13 17:54:00 INFO [admin] LoggedEventExporter - Exported [12987] logged events for project [BG_CHILDES_TB]
2026-03-13 17:54:00 INFO [admin] LoggedEventExporter - Skipped [59] logged events for [10] documents no longer existing
2026-03-13 17:54:00 INFO [admin] DefaultProjectPreferencesExporter - Exported [0] default preferences for project [BG_CHILDES_TB]
2026-03-13 17:54:00 INFO [admin] UserProjectPreferencesExporter - Exported [7] user preferences for project [BG_CHILDES_TB]
2026-03-13 17:54:00 INFO [admin] GazeteerExporter - Exported [0] gazeteers for project [BG_CHILDES_TB]
2026-03-13 17:54:00 INFO [admin] WorkloadManagerExporter - Exported workload manager for project [BG_CHILDES_TB]
2026-03-13 17:54:00 INFO [admin] RecommenderExporter - Exported [3] recommenders for project [BG_CHILDES_TB]
2026-03-13 17:54:00 INFO [admin] DocumentImportExportServiceImpl - Exported annotations [ALE_cds.conllu](10) for user [INITIAL_CAS] from project [BG_CHILDES_TB](0) using format [conllu]
2026-03-13 17:54:00 INFO [admin] AnnotationDocumentExporter - Exported annotation document content for user [INITIAL_CAS] for source document [ALE_cds.conllu](10) in project [BG_CHILDES_TB](0)
2026-03-13 17:54:00 INFO [admin] DocumentImportExportServiceImpl - Exported annotations [ALE_cds.conllu](10) for user [ivelina] from project [BG_CHILDES_TB](0) using format [conllu]
2026-03-13 17:54:00 INFO [admin] AnnotationDocumentExporter - Exported annotation document content for user [ivelina] for source document [ALE_cds.conllu](10) in project [BG_CHILDES_TB](0)
2026-03-13 17:54:01 INFO [admin] DocumentImportExportServiceImpl - Exported annotations [ALE_cds.conllu](10) for user [admin] from project [BG_CHILDES_TB](0) using format [conllu]
2026-03-13 17:54:01 INFO [admin] AnnotationDocumentExporter - Exported annotation document content for user [admin] for source document [ALE_cds.conllu](10) in project [BG_CHILDES_TB](0)
2026-03-13 17:54:01 INFO [admin] DocumentImportExportServiceImpl - Exported annotations [ALE_cds.conllu](10) for user [mila] from project [BG_CHILDES_TB](0) using format [conllu]
2026-03-13 17:54:01 INFO [admin] AnnotationDocumentExporter - Exported annotation document content for user [mila] for source document [ALE_cds.conllu](10) in project [BG_CHILDES_TB](0)
2026-03-13 17:54:01 INFO [admin] DocumentImportExportServiceImpl - Exported annotations [ALE_cds.conllu](10) for user [yasena] from project [BG_CHILDES_TB](0) using format [conllu]
2026-03-13 17:54:01 INFO [admin] AnnotationDocumentExporter - Exported annotation document content for user [yasena] for source document [ALE_cds.conllu](10) in project [BG_CHILDES_TB](0)
2026-03-13 17:54:01 INFO [admin] DocumentImportExportServiceImpl - Exported annotations [ALE_cs.conllu](11) for user [INITIAL_CAS] from project [BG_CHILDES_TB](0) using format [conllu]
2026-03-13 17:54:01 INFO [admin] AnnotationDocumentExporter - Exported annotation document content for user [INITIAL_CAS] for source document [ALE_cs.conllu](11) in project [BG_CHILDES_TB](0)
2026-03-13 17:54:01 INFO [admin] DocumentImportExportServiceImpl - Exported annotations [ALE_cs.conllu](11) for user [admin] from project [BG_CHILDES_TB](0) using format [conllu]
2026-03-13 17:54:01 INFO [admin] AnnotationDocumentExporter - Exported annotation document content for user [admin] for source document [ALE_cs.conllu](11) in project [BG_CHILDES_TB](0)
2026-03-13 17:54:01 INFO [admin] DocumentImportExportServiceImpl - Exported annotations [ALE_cs.conllu](11) for user [ivelina] from project [BG_CHILDES_TB](0) using format [conllu]
2026-03-13 17:54:01 INFO [admin] AnnotationDocumentExporter - Exported annotation document content for user [ivelina] for source document [ALE_cs.conllu](11) in project [BG_CHILDES_TB](0)
2026-03-13 17:54:01 INFO [admin] DocumentImportExportServiceImpl - Exported annotations [ALE_cs.conllu](11) for user [yoana] from project [BG_CHILDES_TB](0) using format [conllu]
2026-03-13 17:54:01 INFO [admin] AnnotationDocumentExporter - Exported annotation document content for user [yoana] for source document [ALE_cs.conllu](11) in project [BG_CHILDES_TB](0)
2026-03-13 17:54:01 INFO [admin] DocumentImportExportServiceImpl - Exported annotations [ALE_cs.conllu](11) for user [mila] from project [BG_CHILDES_TB](0) using format [conllu]
2026-03-13 17:54:01 INFO [admin] AnnotationDocumentExporter - Exported annotation document content for user [mila] for source document [ALE_cs.conllu](11) in project [BG_CHILDES_TB](0)
2026-03-13 17:54:01 INFO [admin] DocumentImportExportServiceImpl - Exported annotations [ALE_cs.conllu](11) for user [yasena] from project [BG_CHILDES_TB](0) using format [conllu]
2026-03-13 17:54:01 INFO [admin] AnnotationDocumentExporter - Exported annotation document content for user [yasena] for source document [ALE_cs.conllu](11) in project [BG_CHILDES_TB](0)
2026-03-13 17:54:01 INFO [admin] DocumentImportExportServiceImpl - Exported annotations [BOG_cds.conllu](12) for user [INITIAL_CAS] from project [BG_CHILDES_TB](0) using format [conllu]
2026-03-13 17:54:01 INFO [admin] AnnotationDocumentExporter - Exported annotation document content for user [INITIAL_CAS] for source document [BOG_cds.conllu](12) in project [BG_CHILDES_TB](0)
2026-03-13 17:54:01 INFO [admin] DocumentImportExportServiceImpl - Exported annotations [BOG_cds.conllu](12) for user [mila] from project [BG_CHILDES_TB](0) using format [conllu]
2026-03-13 17:54:01 INFO [admin] AnnotationDocumentExporter - Exported annotation document content for user [mila] for source document [BOG_cds.conllu](12) in project [BG_CHILDES_TB](0)
2026-03-13 17:54:01 INFO [admin] DocumentImportExportServiceImpl - Exported annotations [BOG_cds.conllu](12) for user [yoana] from project [BG_CHILDES_TB](0) using format [conllu]
2026-03-13 17:54:01 INFO [admin] AnnotationDocumentExporter - Exported annotation document content for user [yoana] for source document [BOG_cds.conllu](12) in project [BG_CHILDES_TB](0)
2026-03-13 17:54:01 INFO [admin] DocumentImportExportServiceImpl - Exported annotations [BOG_cs.conllu](13) for user [INITIAL_CAS] from project [BG_CHILDES_TB](0) using format [conllu]
2026-03-13 17:54:01 INFO [admin] AnnotationDocumentExporter - Exported annotation document content for user [INITIAL_CAS] for source document [BOG_cs.conllu](13) in project [BG_CHILDES_TB](0)
2026-03-13 17:54:01 INFO [admin] DocumentImportExportServiceImpl - Exported annotations [BOG_cs.conllu](13) for user [yoana] from project [BG_CHILDES_TB](0) using format [conllu]
2026-03-13 17:54:01 INFO [admin] AnnotationDocumentExporter - Exported annotation document content for user [yoana] for source document [BOG_cs.conllu](13) in project [BG_CHILDES_TB](0)
2026-03-13 17:54:01 INFO [admin] DocumentImportExportServiceImpl - Exported annotations [BOG_cs.conllu](13) for user [mila] from project [BG_CHILDES_TB](0) using format [conllu]
2026-03-13 17:54:01 INFO [admin] AnnotationDocumentExporter - Exported annotation document content for user [mila] for source document [BOG_cs.conllu](13) in project [BG_CHILDES_TB](0)
2026-03-13 17:54:01 INFO [admin] DocumentImportExportServiceImpl - Exported annotations [ELI_cds.conllu](14) for user [INITIAL_CAS] from project [BG_CHILDES_TB](0) using format [conllu]
2026-03-13 17:54:01 INFO [admin] AnnotationDocumentExporter - Exported annotation document content for user [INITIAL_CAS] for source document [ELI_cds.conllu](14) in project [BG_CHILDES_TB](0)
2026-03-13 17:54:01 INFO [admin] DocumentImportExportServiceImpl - Exported annotations [ELI_cds.conllu](14) for user [tsvetelina] from project [BG_CHILDES_TB](0) using format [conllu]
2026-03-13 17:54:01 INFO [admin] AnnotationDocumentExporter - Exported annotation document content for user [tsvetelina] for source document [ELI_cds.conllu](14) in project [BG_CHILDES_TB](0)
2026-03-13 17:54:01 INFO [admin] DocumentImportExportServiceImpl - Exported annotations [ELI_cds.conllu](14) for user [ivelina] from project [BG_CHILDES_TB](0) using format [conllu]
2026-03-13 17:54:01 INFO [admin] AnnotationDocumentExporter - Exported annotation document content for user [ivelina] for source document [ELI_cds.conllu](14) in project [BG_CHILDES_TB](0)
2026-03-13 17:54:01 INFO [admin] DocumentImportExportServiceImpl - Exported annotations [ELI_cds.conllu](14) for user [mila] from project [BG_CHILDES_TB](0) using format [conllu]
2026-03-13 17:54:01 INFO [admin] AnnotationDocumentExporter - Exported annotation document content for user [mila] for source document [ELI_cds.conllu](14) in project [BG_CHILDES_TB](0)
2026-03-13 17:54:01 INFO [admin] DocumentImportExportServiceImpl - Exported annotations [ELI_cs.conllu](15) for user [INITIAL_CAS] from project [BG_CHILDES_TB](0) using format [conllu]
2026-03-13 17:54:01 INFO [admin] AnnotationDocumentExporter - Exported annotation document content for user [INITIAL_CAS] for source document [ELI_cs.conllu](15) in project [BG_CHILDES_TB](0)
2026-03-13 17:54:01 INFO [admin] DocumentImportExportServiceImpl - Exported annotations [ELI_cs.conllu](15) for user [mila] from project [BG_CHILDES_TB](0) using format [conllu]
2026-03-13 17:54:01 INFO [admin] AnnotationDocumentExporter - Exported annotation document content for user [mila] for source document [ELI_cs.conllu](15) in project [BG_CHILDES_TB](0)
2026-03-13 17:54:01 INFO [admin] DocumentImportExportServiceImpl - Exported annotations [ELI_cs.conllu](15) for user [tsvetelina] from project [BG_CHILDES_TB](0) using format [conllu]
2026-03-13 17:54:01 INFO [admin] AnnotationDocumentExporter - Exported annotation document content for user [tsvetelina] for source document [ELI_cs.conllu](15) in project [BG_CHILDES_TB](0)
2026-03-13 17:54:01 INFO [admin] DocumentImportExportServiceImpl - Exported annotations [SIM_cds.conllu](16) for user [INITIAL_CAS] from project [BG_CHILDES_TB](0) using format [conllu]
2026-03-13 17:54:01 INFO [admin] AnnotationDocumentExporter - Exported annotation document content for user [INITIAL_CAS] for source document [SIM_cds.conllu](16) in project [BG_CHILDES_TB](0)
2026-03-13 17:54:02 INFO [admin] DocumentImportExportServiceImpl - Exported annotations [SIM_cds.conllu](16) for user [ivelina] from project [BG_CHILDES_TB](0) using format [conllu]
2026-03-13 17:54:02 INFO [admin] AnnotationDocumentExporter - Exported annotation document content for user [ivelina] for source document [SIM_cds.conllu](16) in project [BG_CHILDES_TB](0)
2026-03-13 17:54:02 INFO [admin] DocumentImportExportServiceImpl - Exported annotations [SIM_cds.conllu](16) for user [mila] from project [BG_CHILDES_TB](0) using format [conllu]
2026-03-13 17:54:02 INFO [admin] AnnotationDocumentExporter - Exported annotation document content for user [mila] for source document [SIM_cds.conllu](16) in project [BG_CHILDES_TB](0)
2026-03-13 17:54:02 INFO [admin] DocumentImportExportServiceImpl - Exported annotations [SIM_cds.conllu](16) for user [tsvetina] from project [BG_CHILDES_TB](0) using format [conllu]
2026-03-13 17:54:02 INFO [admin] AnnotationDocumentExporter - Exported annotation document content for user [tsvetina] for source document [SIM_cds.conllu](16) in project [BG_CHILDES_TB](0)
2026-03-13 17:54:02 INFO [admin] DocumentImportExportServiceImpl - Exported annotations [SIM_cs.conllu](17) for user [INITIAL_CAS] from project [BG_CHILDES_TB](0) using format [conllu]
2026-03-13 17:54:02 INFO [admin] AnnotationDocumentExporter - Exported annotation document content for user [INITIAL_CAS] for source document [SIM_cs.conllu](17) in project [BG_CHILDES_TB](0)
2026-03-13 17:54:02 INFO [admin] DocumentImportExportServiceImpl - Exported annotations [SIM_cs.conllu](17) for user [ivelina] from project [BG_CHILDES_TB](0) using format [conllu]
2026-03-13 17:54:02 INFO [admin] AnnotationDocumentExporter - Exported annotation document content for user [ivelina] for source document [SIM_cs.conllu](17) in project [BG_CHILDES_TB](0)
2026-03-13 17:54:02 INFO [admin] DocumentImportExportServiceImpl - Exported annotations [SIM_cs.conllu](17) for user [mila] from project [BG_CHILDES_TB](0) using format [conllu]
2026-03-13 17:54:02 INFO [admin] AnnotationDocumentExporter - Exported annotation document content for user [mila] for source document [SIM_cs.conllu](17) in project [BG_CHILDES_TB](0)
2026-03-13 17:54:02 INFO [admin] DocumentImportExportServiceImpl - Exported annotations [SIM_cs.conllu](17) for user [admin] from project [BG_CHILDES_TB](0) using format [conllu]
2026-03-13 17:54:02 INFO [admin] AnnotationDocumentExporter - Exported annotation document content for user [admin] for source document [SIM_cs.conllu](17) in project [BG_CHILDES_TB](0)
2026-03-13 17:54:02 INFO [admin] DocumentImportExportServiceImpl - Exported annotations [SIM_cs.conllu](17) for user [tsvetina] from project [BG_CHILDES_TB](0) using format [conllu]
2026-03-13 17:54:02 INFO [admin] AnnotationDocumentExporter - Exported annotation document content for user [tsvetina] for source document [SIM_cs.conllu](17) in project [BG_CHILDES_TB](0)
2026-03-13 17:54:02 INFO [admin] DocumentImportExportServiceImpl - Exported annotations [TEF_cds.conllu](18) for user [INITIAL_CAS] from project [BG_CHILDES_TB](0) using format [conllu]
2026-03-13 17:54:02 INFO [admin] AnnotationDocumentExporter - Exported annotation document content for user [INITIAL_CAS] for source document [TEF_cds.conllu](18) in project [BG_CHILDES_TB](0)
2026-03-13 17:54:02 INFO [admin] DocumentImportExportServiceImpl - Exported annotations [TEF_cds.conllu](18) for user [mila] from project [BG_CHILDES_TB](0) using format [conllu]
2026-03-13 17:54:02 INFO [admin] AnnotationDocumentExporter - Exported annotation document content for user [mila] for source document [TEF_cds.conllu](18) in project [BG_CHILDES_TB](0)
2026-03-13 17:54:03 INFO [admin] DocumentImportExportServiceImpl - Exported annotations [TEF_cds.conllu](18) for user [ivelina] from project [BG_CHILDES_TB](0) using format [conllu]
2026-03-13 17:54:03 INFO [admin] AnnotationDocumentExporter - Exported annotation document content for user [ivelina] for source document [TEF_cds.conllu](18) in project [BG_CHILDES_TB](0)
2026-03-13 17:54:03 INFO [admin] DocumentImportExportServiceImpl - Exported annotations [TEF_cs.conllu](19) for user [INITIAL_CAS] from project [BG_CHILDES_TB](0) using format [conllu]
2026-03-13 17:54:03 INFO [admin] AnnotationDocumentExporter - Exported annotation document content for user [INITIAL_CAS] for source document [TEF_cs.conllu](19) in project [BG_CHILDES_TB](0)
2026-03-13 17:54:03 INFO [admin] DocumentImportExportServiceImpl - Exported annotations [TEF_cs.conllu](19) for user [admin] from project [BG_CHILDES_TB](0) using format [conllu]
2026-03-13 17:54:03 INFO [admin] AnnotationDocumentExporter - Exported annotation document content for user [admin] for source document [TEF_cs.conllu](19) in project [BG_CHILDES_TB](0)
2026-03-13 17:54:03 INFO [admin] DocumentImportExportServiceImpl - Exported annotations [TEF_cs.conllu](19) for user [mila] from project [BG_CHILDES_TB](0) using format [conllu]
2026-03-13 17:54:03 INFO [admin] AnnotationDocumentExporter - Exported annotation document content for user [mila] for source document [TEF_cs.conllu](19) in project [BG_CHILDES_TB](0)
2026-03-13 17:54:03 INFO [admin] DocumentImportExportServiceImpl - Exported annotations [TEF_cs.conllu](19) for user [ivelina] from project [BG_CHILDES_TB](0) using format [conllu]
2026-03-13 17:54:03 INFO [admin] AnnotationDocumentExporter - Exported annotation document content for user [ivelina] for source document [TEF_cs.conllu](19) in project [BG_CHILDES_TB](0)
2026-03-13 17:54:03 INFO [admin] DocumentImportExportServiceImpl - Exported annotations [UD_relations_example_for_each.conllu](20) for user [INITIAL_CAS] from project [BG_CHILDES_TB](0) using format [conllu]
2026-03-13 17:54:03 INFO [admin] AnnotationDocumentExporter - Exported annotation document content for user [INITIAL_CAS] for source document [UD_relations_example_for_each.conllu](20) in project [BG_CHILDES_TB](0)
2026-03-13 17:54:03 INFO [admin] DocumentImportExportServiceImpl - Exported annotations [UD_relations_example_for_each.conllu](20) for user [mila] from project [BG_CHILDES_TB](0) using format [conllu]
2026-03-13 17:54:03 INFO [admin] AnnotationDocumentExporter - Exported annotation document content for user [mila] for source document [UD_relations_example_for_each.conllu](20) in project [BG_CHILDES_TB](0)
2026-03-13 17:54:03 INFO [admin] DocumentImportExportServiceImpl - Exported annotations [UD_relations_example_for_each.conllu](20) for user [admin] from project [BG_CHILDES_TB](0) using format [conllu]
2026-03-13 17:54:03 INFO [admin] AnnotationDocumentExporter - Exported annotation document content for user [admin] for source document [UD_relations_example_for_each.conllu](20) in project [BG_CHILDES_TB](0)
2026-03-14 13:05:23 INFO [admin] AnnotationSchemaServiceImpl - Upgraded CAS of user [yasena] for document [ALE_cds.conllu](10) in project [BG_CHILDES_TB](0)
2026-03-15 05:20:58 INFO [admin] AnnotationSchemaServiceImpl - Upgraded CAS of user [yasena] for document [ALE_cds.conllu](10) in project [BG_CHILDES_TB](0)
2026-03-15 08:01:24 INFO [admin] AnnotationSchemaServiceImpl - Upgraded CAS of user [yasena] for document [ALE_cs.conllu](11) in project [BG_CHILDES_TB](0)
2026-03-15 09:43:44 INFO [admin] AnnotationSchemaServiceImpl - Upgraded CAS of user [ivelina] for document [TEF_cds.conllu](18) in project [BG_CHILDES_TB](0)
2026-03-15 11:14:41 INFO [admin] AnnotationSchemaServiceImpl - Upgraded CAS of user [ivelina] for document [TEF_cds.conllu](18) in project [BG_CHILDES_TB](0)
2026-03-15 11:42:32 INFO [admin] AnnotationSchemaServiceImpl - Upgraded CAS of user [yasena] for document [ALE_cs.conllu](11) in project [BG_CHILDES_TB](0)
2026-03-15 12:19:49 INFO [admin] AnnotationSchemaServiceImpl - Upgraded CAS of user [ivelina] for document [TEF_cds.conllu](18) in project [BG_CHILDES_TB](0)
2026-03-15 13:53:13 INFO [admin] AnnotationSchemaServiceImpl - Upgraded CAS of user [ivelina] for document [TEF_cds.conllu](18) in project [BG_CHILDES_TB](0)
2026-03-15 17:52:39 INFO [admin] AnnotationSchemaServiceImpl - Upgraded CAS of user [yasena] for document [ALE_cs.conllu](11) in project [BG_CHILDES_TB](0)
2026-03-15 20:16:12 INFO [admin] AnnotationSchemaServiceImpl - Upgraded CAS of user [ivelina] for document [TEF_cds.conllu](18) in project [BG_CHILDES_TB](0)
2026-03-15 22:49:05 INFO [admin] AnnotationSchemaServiceImpl - Upgraded CAS of user [ivelina] for document [TEF_cds.conllu](18) in project [BG_CHILDES_TB](0)
2026-03-16 07:36:32 INFO [admin] AnnotationSchemaServiceImpl - Upgraded CAS of user [ivelina] for document [TEF_cds.conllu](18) in project [BG_CHILDES_TB](0)
2026-03-16 12:51:44 INFO [admin] AnnotationSchemaServiceImpl - Upgraded CAS of user [tsvetina] for document [SIM_cs.conllu](17) in project [BG_CHILDES_TB](0)
2026-03-16 13:47:03 INFO [admin] AnnotationSchemaServiceImpl - Upgraded CAS of user [ivelina] for document [TEF_cds.conllu](18) in project [BG_CHILDES_TB](0)
2026-03-16 15:03:52 INFO [admin] AnnotationSchemaServiceImpl - Upgraded CAS of user [ivelina] for document [TEF_cds.conllu](18) in project [BG_CHILDES_TB](0)
2026-03-16 16:09:03 INFO [admin] AnnotationSchemaServiceImpl - Upgraded CAS of user [tsvetina] for document [SIM_cs.conllu](17) in project [BG_CHILDES_TB](0)
2026-03-16 18:16:55 INFO [admin] AnnotationSchemaServiceImpl - Upgraded CAS of user [tsvetina] for document [SIM_cds.conllu](16) in project [BG_CHILDES_TB](0)
2026-03-16 21:31:21 INFO [admin] DocumentImportExportServiceImpl - Exported annotations [ALE_cds.conllu](10) for user [CURATION_USER] from project [BG_CHILDES_TB](0) using format [conllu]
2026-03-16 21:31:21 INFO [admin] DocumentImportExportServiceImpl - Exported annotations [BOG_cds.conllu](12) for user [CURATION_USER] from project [BG_CHILDES_TB](0) using format [conllu]
2026-03-16 21:31:21 INFO [admin] DocumentImportExportServiceImpl - Exported annotations [BOG_cs.conllu](13) for user [CURATION_USER] from project [BG_CHILDES_TB](0) using format [conllu]
2026-03-16 21:31:21 INFO [admin] DocumentImportExportServiceImpl - Exported annotations [ELI_cs.conllu](15) for user [CURATION_USER] from project [BG_CHILDES_TB](0) using format [conllu]
2026-03-16 21:31:32 INFO [admin] ProjectPermissionsExporter - Exported [9] permissions for project [BG_CHILDES_TB]
2026-03-16 21:31:32 INFO [admin] DocumentRepositoryExporter - Exported [0] document repositories for project [BG_CHILDES_TB]
2026-03-16 21:31:32 INFO [admin] KnowledgeBaseExporter - Exported [0] knowledge bases for project [BG_CHILDES_TB]
2026-03-16 21:31:32 INFO [admin] LayerExporter - Exported [10] layers for project [BG_CHILDES_TB]
2026-03-16 21:31:32 INFO [admin] TagSetExporter - Exported [23] tagsets for project [BG_CHILDES_TB]
2026-03-16 21:31:32 INFO [admin] DocumentImportExportServiceImpl - Exported annotations [ALE_cds.conllu](10) for user [CURATION_USER] from project [BG_CHILDES_TB](0) using format [conllu]
2026-03-16 21:31:32 INFO [admin] DocumentImportExportServiceImpl - Exported annotations [BOG_cds.conllu](12) for user [CURATION_USER] from project [BG_CHILDES_TB](0) using format [conllu]
2026-03-16 21:31:32 INFO [admin] DocumentImportExportServiceImpl - Exported annotations [BOG_cs.conllu](13) for user [CURATION_USER] from project [BG_CHILDES_TB](0) using format [conllu]
2026-03-16 21:31:32 INFO [admin] DocumentImportExportServiceImpl - Exported annotations [ELI_cs.conllu](15) for user [CURATION_USER] from project [BG_CHILDES_TB](0) using format [conllu]
2026-03-16 21:31:32 INFO [admin] DocumentImportExportServiceImpl - Exported annotations [SIM_cds.conllu](16) for user [CURATION_USER] from project [BG_CHILDES_TB](0) using format [conllu]
2026-03-16 21:31:32 INFO [admin] CurationWorkflowExporter - Exported curation workflow settings for project [BG_CHILDES_TB](0)
2026-03-16 21:31:32 INFO [admin] SourceDocumentExporter - Exported content for source document [10] in project [BG_CHILDES_TB] with id [0]
2026-03-16 21:31:32 INFO [admin] SourceDocumentExporter - Exported content for source document [11] in project [BG_CHILDES_TB] with id [0]
2026-03-16 21:31:32 INFO [admin] SourceDocumentExporter - Exported content for source document [12] in project [BG_CHILDES_TB] with id [0]
2026-03-16 21:31:32 INFO [admin] SourceDocumentExporter - Exported content for source document [13] in project [BG_CHILDES_TB] with id [0]
2026-03-16 21:31:32 INFO [admin] SourceDocumentExporter - Exported content for source document [14] in project [BG_CHILDES_TB] with id [0]
2026-03-16 21:31:32 INFO [admin] SourceDocumentExporter - Exported content for source document [15] in project [BG_CHILDES_TB] with id [0]
2026-03-16 21:31:32 INFO [admin] SourceDocumentExporter - Exported content for source document [16] in project [BG_CHILDES_TB] with id [0]
2026-03-16 21:31:32 INFO [admin] SourceDocumentExporter - Exported content for source document [17] in project [BG_CHILDES_TB] with id [0]
2026-03-16 21:31:32 INFO [admin] SourceDocumentExporter - Exported content for source document [18] in project [BG_CHILDES_TB] with id [0]
2026-03-16 21:31:32 INFO [admin] SourceDocumentExporter - Exported content for source document [19] in project [BG_CHILDES_TB] with id [0]
2026-03-16 21:31:32 INFO [admin] SourceDocumentExporter - Exported content for source document [20] in project [BG_CHILDES_TB] with id [0]
2026-03-16 21:31:32 INFO [admin] LoggedEventExporter - Exported [14117] logged events for project [BG_CHILDES_TB]
2026-03-16 21:31:32 INFO [admin] LoggedEventExporter - Skipped [59] logged events for [10] documents no longer existing
2026-03-16 21:31:32 INFO [admin] DefaultProjectPreferencesExporter - Exported [0] default preferences for project [BG_CHILDES_TB]
2026-03-16 21:31:32 INFO [admin] UserProjectPreferencesExporter - Exported [7] user preferences for project [BG_CHILDES_TB]
2026-03-16 21:31:33 INFO [admin] GazeteerExporter - Exported [0] gazeteers for project [BG_CHILDES_TB]
2026-03-16 21:31:33 INFO [admin] WorkloadManagerExporter - Exported workload manager for project [BG_CHILDES_TB]
2026-03-16 21:31:33 INFO [admin] RecommenderExporter - Exported [3] recommenders for project [BG_CHILDES_TB]
2026-03-16 21:31:33 INFO [admin] DocumentImportExportServiceImpl - Exported annotations [ALE_cds.conllu](10) for user [INITIAL_CAS] from project [BG_CHILDES_TB](0) using format [conllu]
2026-03-16 21:31:33 INFO [admin] AnnotationDocumentExporter - Exported annotation document content for user [INITIAL_CAS] for source document [ALE_cds.conllu](10) in project [BG_CHILDES_TB](0)
2026-03-16 21:31:33 INFO [admin] DocumentImportExportServiceImpl - Exported annotations [ALE_cds.conllu](10) for user [ivelina] from project [BG_CHILDES_TB](0) using format [conllu]
2026-03-16 21:31:33 INFO [admin] AnnotationDocumentExporter - Exported annotation document content for user [ivelina] for source document [ALE_cds.conllu](10) in project [BG_CHILDES_TB](0)
2026-03-16 21:31:33 INFO [admin] DocumentImportExportServiceImpl - Exported annotations [ALE_cds.conllu](10) for user [admin] from project [BG_CHILDES_TB](0) using format [conllu]
2026-03-16 21:31:33 INFO [admin] AnnotationDocumentExporter - Exported annotation document content for user [admin] for source document [ALE_cds.conllu](10) in project [BG_CHILDES_TB](0)
2026-03-16 21:31:33 INFO [admin] DocumentImportExportServiceImpl - Exported annotations [ALE_cds.conllu](10) for user [mila] from project [BG_CHILDES_TB](0) using format [conllu]
2026-03-16 21:31:33 INFO [admin] AnnotationDocumentExporter - Exported annotation document content for user [mila] for source document [ALE_cds.conllu](10) in project [BG_CHILDES_TB](0)
2026-03-16 21:31:33 INFO [admin] DocumentImportExportServiceImpl - Exported annotations [ALE_cds.conllu](10) for user [yasena] from project [BG_CHILDES_TB](0) using format [conllu]
2026-03-16 21:31:33 INFO [admin] AnnotationDocumentExporter - Exported annotation document content for user [yasena] for source document [ALE_cds.conllu](10) in project [BG_CHILDES_TB](0)
2026-03-16 21:31:33 INFO [admin] DocumentImportExportServiceImpl - Exported annotations [ALE_cs.conllu](11) for user [INITIAL_CAS] from project [BG_CHILDES_TB](0) using format [conllu]
2026-03-16 21:31:33 INFO [admin] AnnotationDocumentExporter - Exported annotation document content for user [INITIAL_CAS] for source document [ALE_cs.conllu](11) in project [BG_CHILDES_TB](0)
2026-03-16 21:31:33 INFO [admin] DocumentImportExportServiceImpl - Exported annotations [ALE_cs.conllu](11) for user [admin] from project [BG_CHILDES_TB](0) using format [conllu]
2026-03-16 21:31:33 INFO [admin] AnnotationDocumentExporter - Exported annotation document content for user [admin] for source document [ALE_cs.conllu](11) in project [BG_CHILDES_TB](0)
2026-03-16 21:31:33 INFO [admin] DocumentImportExportServiceImpl - Exported annotations [ALE_cs.conllu](11) for user [ivelina] from project [BG_CHILDES_TB](0) using format [conllu]
2026-03-16 21:31:33 INFO [admin] AnnotationDocumentExporter - Exported annotation document content for user [ivelina] for source document [ALE_cs.conllu](11) in project [BG_CHILDES_TB](0)
2026-03-16 21:31:33 INFO [admin] DocumentImportExportServiceImpl - Exported annotations [ALE_cs.conllu](11) for user [yoana] from project [BG_CHILDES_TB](0) using format [conllu]
2026-03-16 21:31:33 INFO [admin] AnnotationDocumentExporter - Exported annotation document content for user [yoana] for source document [ALE_cs.conllu](11) in project [BG_CHILDES_TB](0)
2026-03-16 21:31:33 INFO [admin] DocumentImportExportServiceImpl - Exported annotations [ALE_cs.conllu](11) for user [mila] from project [BG_CHILDES_TB](0) using format [conllu]
2026-03-16 21:31:33 INFO [admin] AnnotationDocumentExporter - Exported annotation document content for user [mila] for source document [ALE_cs.conllu](11) in project [BG_CHILDES_TB](0)
2026-03-16 21:31:33 INFO [admin] DocumentImportExportServiceImpl - Exported annotations [ALE_cs.conllu](11) for user [yasena] from project [BG_CHILDES_TB](0) using format [conllu]
2026-03-16 21:31:33 INFO [admin] AnnotationDocumentExporter - Exported annotation document content for user [yasena] for source document [ALE_cs.conllu](11) in project [BG_CHILDES_TB](0)
2026-03-16 21:31:33 INFO [admin] DocumentImportExportServiceImpl - Exported annotations [BOG_cds.conllu](12) for user [INITIAL_CAS] from project [BG_CHILDES_TB](0) using format [conllu]
2026-03-16 21:31:33 INFO [admin] AnnotationDocumentExporter - Exported annotation document content for user [INITIAL_CAS] for source document [BOG_cds.conllu](12) in project [BG_CHILDES_TB](0)
2026-03-16 21:31:33 INFO [admin] DocumentImportExportServiceImpl - Exported annotations [BOG_cds.conllu](12) for user [mila] from project [BG_CHILDES_TB](0) using format [conllu]
2026-03-16 21:31:33 INFO [admin] AnnotationDocumentExporter - Exported annotation document content for user [mila] for source document [BOG_cds.conllu](12) in project [BG_CHILDES_TB](0)
2026-03-16 21:31:33 INFO [admin] DocumentImportExportServiceImpl - Exported annotations [BOG_cds.conllu](12) for user [yoana] from project [BG_CHILDES_TB](0) using format [conllu]
2026-03-16 21:31:33 INFO [admin] AnnotationDocumentExporter - Exported annotation document content for user [yoana] for source document [BOG_cds.conllu](12) in project [BG_CHILDES_TB](0)
2026-03-16 21:31:33 INFO [admin] DocumentImportExportServiceImpl - Exported annotations [BOG_cs.conllu](13) for user [INITIAL_CAS] from project [BG_CHILDES_TB](0) using format [conllu]
2026-03-16 21:31:33 INFO [admin] AnnotationDocumentExporter - Exported annotation document content for user [INITIAL_CAS] for source document [BOG_cs.conllu](13) in project [BG_CHILDES_TB](0)
2026-03-16 21:31:33 INFO [admin] DocumentImportExportServiceImpl - Exported annotations [BOG_cs.conllu](13) for user [yoana] from project [BG_CHILDES_TB](0) using format [conllu]
2026-03-16 21:31:33 INFO [admin] AnnotationDocumentExporter - Exported annotation document content for user [yoana] for source document [BOG_cs.conllu](13) in project [BG_CHILDES_TB](0)
2026-03-16 21:31:33 INFO [admin] DocumentImportExportServiceImpl - Exported annotations [BOG_cs.conllu](13) for user [mila] from project [BG_CHILDES_TB](0) using format [conllu]
2026-03-16 21:31:33 INFO [admin] AnnotationDocumentExporter - Exported annotation document content for user [mila] for source document [BOG_cs.conllu](13) in project [BG_CHILDES_TB](0)
2026-03-16 21:31:33 INFO [admin] DocumentImportExportServiceImpl - Exported annotations [ELI_cds.conllu](14) for user [INITIAL_CAS] from project [BG_CHILDES_TB](0) using format [conllu]
2026-03-16 21:31:33 INFO [admin] AnnotationDocumentExporter - Exported annotation document content for user [INITIAL_CAS] for source document [ELI_cds.conllu](14) in project [BG_CHILDES_TB](0)
2026-03-16 21:31:34 INFO [admin] DocumentImportExportServiceImpl - Exported annotations [ELI_cds.conllu](14) for user [tsvetelina] from project [BG_CHILDES_TB](0) using format [conllu]
2026-03-16 21:31:34 INFO [admin] AnnotationDocumentExporter - Exported annotation document content for user [tsvetelina] for source document [ELI_cds.conllu](14) in project [BG_CHILDES_TB](0)
2026-03-16 21:31:34 INFO [admin] DocumentImportExportServiceImpl - Exported annotations [ELI_cds.conllu](14) for user [ivelina] from project [BG_CHILDES_TB](0) using format [conllu]
2026-03-16 21:31:34 INFO [admin] AnnotationDocumentExporter - Exported annotation document content for user [ivelina] for source document [ELI_cds.conllu](14) in project [BG_CHILDES_TB](0)
2026-03-16 21:31:34 INFO [admin] DocumentImportExportServiceImpl - Exported annotations [ELI_cds.conllu](14) for user [mila] from project [BG_CHILDES_TB](0) using format [conllu]
2026-03-16 21:31:34 INFO [admin] AnnotationDocumentExporter - Exported annotation document content for user [mila] for source document [ELI_cds.conllu](14) in project [BG_CHILDES_TB](0)
2026-03-16 21:31:34 INFO [admin] DocumentImportExportServiceImpl - Exported annotations [ELI_cs.conllu](15) for user [INITIAL_CAS] from project [BG_CHILDES_TB](0) using format [conllu]
2026-03-16 21:31:34 INFO [admin] AnnotationDocumentExporter - Exported annotation document content for user [INITIAL_CAS] for source document [ELI_cs.conllu](15) in project [BG_CHILDES_TB](0)
2026-03-16 21:31:34 INFO [admin] DocumentImportExportServiceImpl - Exported annotations [ELI_cs.conllu](15) for user [mila] from project [BG_CHILDES_TB](0) using format [conllu]
2026-03-16 21:31:34 INFO [admin] AnnotationDocumentExporter - Exported annotation document content for user [mila] for source document [ELI_cs.conllu](15) in project [BG_CHILDES_TB](0)
2026-03-16 21:31:34 INFO [admin] DocumentImportExportServiceImpl - Exported annotations [ELI_cs.conllu](15) for user [tsvetelina] from project [BG_CHILDES_TB](0) using format [conllu]
2026-03-16 21:31:34 INFO [admin] AnnotationDocumentExporter - Exported annotation document content for user [tsvetelina] for source document [ELI_cs.conllu](15) in project [BG_CHILDES_TB](0)
2026-03-16 21:31:34 INFO [admin] DocumentImportExportServiceImpl - Exported annotations [SIM_cds.conllu](16) for user [INITIAL_CAS] from project [BG_CHILDES_TB](0) using format [conllu]
2026-03-16 21:31:34 INFO [admin] AnnotationDocumentExporter - Exported annotation document content for user [INITIAL_CAS] for source document [SIM_cds.conllu](16) in project [BG_CHILDES_TB](0)
2026-03-16 21:31:34 INFO [admin] DocumentImportExportServiceImpl - Exported annotations [SIM_cds.conllu](16) for user [ivelina] from project [BG_CHILDES_TB](0) using format [conllu]
2026-03-16 21:31:34 INFO [admin] AnnotationDocumentExporter - Exported annotation document content for user [ivelina] for source document [SIM_cds.conllu](16) in project [BG_CHILDES_TB](0)
2026-03-16 21:31:34 INFO [admin] DocumentImportExportServiceImpl - Exported annotations [SIM_cds.conllu](16) for user [mila] from project [BG_CHILDES_TB](0) using format [conllu]
2026-03-16 21:31:34 INFO [admin] AnnotationDocumentExporter - Exported annotation document content for user [mila] for source document [SIM_cds.conllu](16) in project [BG_CHILDES_TB](0)
2026-03-16 21:31:34 INFO [admin] DocumentImportExportServiceImpl - Exported annotations [SIM_cds.conllu](16) for user [tsvetina] from project [BG_CHILDES_TB](0) using format [conllu]
2026-03-16 21:31:34 INFO [admin] AnnotationDocumentExporter - Exported annotation document content for user [tsvetina] for source document [SIM_cds.conllu](16) in project [BG_CHILDES_TB](0)
2026-03-16 21:31:34 INFO [admin] DocumentImportExportServiceImpl - Exported annotations [SIM_cs.conllu](17) for user [INITIAL_CAS] from project [BG_CHILDES_TB](0) using format [conllu]
2026-03-16 21:31:34 INFO [admin] AnnotationDocumentExporter - Exported annotation document content for user [INITIAL_CAS] for source document [SIM_cs.conllu](17) in project [BG_CHILDES_TB](0)
2026-03-16 21:31:34 INFO [admin] DocumentImportExportServiceImpl - Exported annotations [SIM_cs.conllu](17) for user [ivelina] from project [BG_CHILDES_TB](0) using format [conllu]
2026-03-16 21:31:34 INFO [admin] AnnotationDocumentExporter - Exported annotation document content for user [ivelina] for source document [SIM_cs.conllu](17) in project [BG_CHILDES_TB](0)
2026-03-16 21:31:35 INFO [admin] DocumentImportExportServiceImpl - Exported annotations [SIM_cs.conllu](17) for user [mila] from project [BG_CHILDES_TB](0) using format [conllu]
2026-03-16 21:31:35 INFO [admin] AnnotationDocumentExporter - Exported annotation document content for user [mila] for source document [SIM_cs.conllu](17) in project [BG_CHILDES_TB](0)
2026-03-16 21:31:35 INFO [admin] DocumentImportExportServiceImpl - Exported annotations [SIM_cs.conllu](17) for user [admin] from project [BG_CHILDES_TB](0) using format [conllu]
2026-03-16 21:31:35 INFO [admin] AnnotationDocumentExporter - Exported annotation document content for user [admin] for source document [SIM_cs.conllu](17) in project [BG_CHILDES_TB](0)
2026-03-16 21:31:35 INFO [admin] DocumentImportExportServiceImpl - Exported annotations [SIM_cs.conllu](17) for user [tsvetina] from project [BG_CHILDES_TB](0) using format [conllu]
2026-03-16 21:31:35 INFO [admin] AnnotationDocumentExporter - Exported annotation document content for user [tsvetina] for source document [SIM_cs.conllu](17) in project [BG_CHILDES_TB](0)
2026-03-16 21:31:35 INFO [admin] DocumentImportExportServiceImpl - Exported annotations [TEF_cds.conllu](18) for user [INITIAL_CAS] from project [BG_CHILDES_TB](0) using format [conllu]
2026-03-16 21:31:35 INFO [admin] AnnotationDocumentExporter - Exported annotation document content for user [INITIAL_CAS] for source document [TEF_cds.conllu](18) in project [BG_CHILDES_TB](0)
2026-03-16 21:31:35 INFO [admin] DocumentImportExportServiceImpl - Exported annotations [TEF_cds.conllu](18) for user [mila] from project [BG_CHILDES_TB](0) using format [conllu]
2026-03-16 21:31:35 INFO [admin] AnnotationDocumentExporter - Exported annotation document content for user [mila] for source document [TEF_cds.conllu](18) in project [BG_CHILDES_TB](0)
2026-03-16 21:31:35 INFO [admin] DocumentImportExportServiceImpl - Exported annotations [TEF_cds.conllu](18) for user [ivelina] from project [BG_CHILDES_TB](0) using format [conllu]
2026-03-16 21:31:35 INFO [admin] AnnotationDocumentExporter - Exported annotation document content for user [ivelina] for source document [TEF_cds.conllu](18) in project [BG_CHILDES_TB](0)
2026-03-16 21:31:35 INFO [admin] DocumentImportExportServiceImpl - Exported annotations [TEF_cs.conllu](19) for user [INITIAL_CAS] from project [BG_CHILDES_TB](0) using format [conllu]
2026-03-16 21:31:35 INFO [admin] AnnotationDocumentExporter - Exported annotation document content for user [INITIAL_CAS] for source document [TEF_cs.conllu](19) in project [BG_CHILDES_TB](0)
2026-03-16 21:31:35 INFO [admin] DocumentImportExportServiceImpl - Exported annotations [TEF_cs.conllu](19) for user [admin] from project [BG_CHILDES_TB](0) using format [conllu]
2026-03-16 21:31:35 INFO [admin] AnnotationDocumentExporter - Exported annotation document content for user [admin] for source document [TEF_cs.conllu](19) in project [BG_CHILDES_TB](0)
2026-03-16 21:31:35 INFO [admin] DocumentImportExportServiceImpl - Exported annotations [TEF_cs.conllu](19) for user [mila] from project [BG_CHILDES_TB](0) using format [conllu]
2026-03-16 21:31:35 INFO [admin] AnnotationDocumentExporter - Exported annotation document content for user [mila] for source document [TEF_cs.conllu](19) in project [BG_CHILDES_TB](0)
2026-03-16 21:31:35 INFO [admin] DocumentImportExportServiceImpl - Exported annotations [TEF_cs.conllu](19) for user [ivelina] from project [BG_CHILDES_TB](0) using format [conllu]
2026-03-16 21:31:35 INFO [admin] AnnotationDocumentExporter - Exported annotation document content for user [ivelina] for source document [TEF_cs.conllu](19) in project [BG_CHILDES_TB](0)
2026-03-16 21:31:35 INFO [admin] DocumentImportExportServiceImpl - Exported annotations [UD_relations_example_for_each.conllu](20) for user [INITIAL_CAS] from project [BG_CHILDES_TB](0) using format [conllu]
2026-03-16 21:31:35 INFO [admin] AnnotationDocumentExporter - Exported annotation document content for user [INITIAL_CAS] for source document [UD_relations_example_for_each.conllu](20) in project [BG_CHILDES_TB](0)
2026-03-16 21:31:35 INFO [admin] DocumentImportExportServiceImpl - Exported annotations [UD_relations_example_for_each.conllu](20) for user [mila] from project [BG_CHILDES_TB](0) using format [conllu]
2026-03-16 21:31:35 INFO [admin] AnnotationDocumentExporter - Exported annotation document content for user [mila] for source document [UD_relations_example_for_each.conllu](20) in project [BG_CHILDES_TB](0)
2026-03-16 21:31:35 INFO [admin] DocumentImportExportServiceImpl - Exported annotations [UD_relations_example_for_each.conllu](20) for user [admin] from project [BG_CHILDES_TB](0) using format [conllu]
2026-03-16 21:31:35 INFO [admin] AnnotationDocumentExporter - Exported annotation document content for user [admin] for source document [UD_relations_example_for_each.conllu](20) in project [BG_CHILDES_TB](0)
2026-03-16 21:32:33 INFO [admin] ProjectPermissionsExporter - Exported [9] permissions for project [BG_CHILDES_TB]
2026-03-16 21:32:33 INFO [admin] DocumentRepositoryExporter - Exported [0] document repositories for project [BG_CHILDES_TB]
2026-03-16 21:32:33 INFO [admin] KnowledgeBaseExporter - Exported [0] knowledge bases for project [BG_CHILDES_TB]
2026-03-16 21:32:33 INFO [admin] LayerExporter - Exported [10] layers for project [BG_CHILDES_TB]
2026-03-16 21:32:33 INFO [admin] TagSetExporter - Exported [23] tagsets for project [BG_CHILDES_TB]
2026-03-16 21:32:33 INFO [admin] DocumentImportExportServiceImpl - Exported annotations [ALE_cds.conllu](10) for user [CURATION_USER] from project [BG_CHILDES_TB](0) using format [conllu]
2026-03-16 21:32:33 INFO [admin] DocumentImportExportServiceImpl - Exported annotations [BOG_cds.conllu](12) for user [CURATION_USER] from project [BG_CHILDES_TB](0) using format [conllu]
2026-03-16 21:32:33 INFO [admin] DocumentImportExportServiceImpl - Exported annotations [BOG_cs.conllu](13) for user [CURATION_USER] from project [BG_CHILDES_TB](0) using format [conllu]
2026-03-16 21:32:33 INFO [admin] DocumentImportExportServiceImpl - Exported annotations [ELI_cs.conllu](15) for user [CURATION_USER] from project [BG_CHILDES_TB](0) using format [conllu]
2026-03-16 21:32:33 INFO [admin] DocumentImportExportServiceImpl - Exported annotations [SIM_cds.conllu](16) for user [CURATION_USER] from project [BG_CHILDES_TB](0) using format [conllu]
2026-03-16 21:32:33 INFO [admin] CurationWorkflowExporter - Exported curation workflow settings for project [BG_CHILDES_TB](0)
2026-03-16 21:32:33 INFO [admin] SourceDocumentExporter - Exported content for source document [10] in project [BG_CHILDES_TB] with id [0]
2026-03-16 21:32:33 INFO [admin] SourceDocumentExporter - Exported content for source document [11] in project [BG_CHILDES_TB] with id [0]
2026-03-16 21:32:33 INFO [admin] SourceDocumentExporter - Exported content for source document [12] in project [BG_CHILDES_TB] with id [0]
2026-03-16 21:32:33 INFO [admin] SourceDocumentExporter - Exported content for source document [13] in project [BG_CHILDES_TB] with id [0]
2026-03-16 21:32:33 INFO [admin] SourceDocumentExporter - Exported content for source document [14] in project [BG_CHILDES_TB] with id [0]
2026-03-16 21:32:33 INFO [admin] SourceDocumentExporter - Exported content for source document [15] in project [BG_CHILDES_TB] with id [0]
2026-03-16 21:32:33 INFO [admin] SourceDocumentExporter - Exported content for source document [16] in project [BG_CHILDES_TB] with id [0]
2026-03-16 21:32:33 INFO [admin] SourceDocumentExporter - Exported content for source document [17] in project [BG_CHILDES_TB] with id [0]
2026-03-16 21:32:33 INFO [admin] SourceDocumentExporter - Exported content for source document [18] in project [BG_CHILDES_TB] with id [0]
2026-03-16 21:32:33 INFO [admin] SourceDocumentExporter - Exported content for source document [19] in project [BG_CHILDES_TB] with id [0]
2026-03-16 21:32:33 INFO [admin] SourceDocumentExporter - Exported content for source document [20] in project [BG_CHILDES_TB] with id [0]
2026-03-16 21:32:33 INFO [admin] LoggedEventExporter - Exported [14117] logged events for project [BG_CHILDES_TB]
2026-03-16 21:32:33 INFO [admin] LoggedEventExporter - Skipped [59] logged events for [10] documents no longer existing
2026-03-16 21:32:33 INFO [admin] DefaultProjectPreferencesExporter - Exported [0] default preferences for project [BG_CHILDES_TB]
2026-03-16 21:32:33 INFO [admin] UserProjectPreferencesExporter - Exported [7] user preferences for project [BG_CHILDES_TB]
2026-03-16 21:32:33 INFO [admin] GazeteerExporter - Exported [0] gazeteers for project [BG_CHILDES_TB]
2026-03-16 21:32:33 INFO [admin] WorkloadManagerExporter - Exported workload manager for project [BG_CHILDES_TB]
2026-03-16 21:32:33 INFO [admin] RecommenderExporter - Exported [3] recommenders for project [BG_CHILDES_TB]
2026-03-16 21:32:33 INFO [admin] DocumentImportExportServiceImpl - Exported annotations [ALE_cds.conllu](10) for user [INITIAL_CAS] from project [BG_CHILDES_TB](0) using format [conllu]
2026-03-16 21:32:33 INFO [admin] AnnotationDocumentExporter - Exported annotation document content for user [INITIAL_CAS] for source document [ALE_cds.conllu](10) in project [BG_CHILDES_TB](0)
2026-03-16 21:32:33 INFO [admin] DocumentImportExportServiceImpl - Exported annotations [ALE_cds.conllu](10) for user [ivelina] from project [BG_CHILDES_TB](0) using format [conllu]
2026-03-16 21:32:33 INFO [admin] AnnotationDocumentExporter - Exported annotation document content for user [ivelina] for source document [ALE_cds.conllu](10) in project [BG_CHILDES_TB](0)
2026-03-16 21:32:34 INFO [admin] DocumentImportExportServiceImpl - Exported annotations [ALE_cds.conllu](10) for user [admin] from project [BG_CHILDES_TB](0) using format [conllu]
2026-03-16 21:32:34 INFO [admin] AnnotationDocumentExporter - Exported annotation document content for user [admin] for source document [ALE_cds.conllu](10) in project [BG_CHILDES_TB](0)
2026-03-16 21:32:34 INFO [admin] DocumentImportExportServiceImpl - Exported annotations [ALE_cds.conllu](10) for user [mila] from project [BG_CHILDES_TB](0) using format [conllu]
2026-03-16 21:32:34 INFO [admin] AnnotationDocumentExporter - Exported annotation document content for user [mila] for source document [ALE_cds.conllu](10) in project [BG_CHILDES_TB](0)
2026-03-16 21:32:34 INFO [admin] DocumentImportExportServiceImpl - Exported annotations [ALE_cds.conllu](10) for user [yasena] from project [BG_CHILDES_TB](0) using format [conllu]
2026-03-16 21:32:34 INFO [admin] AnnotationDocumentExporter - Exported annotation document content for user [yasena] for source document [ALE_cds.conllu](10) in project [BG_CHILDES_TB](0)
2026-03-16 21:32:34 INFO [admin] DocumentImportExportServiceImpl - Exported annotations [ALE_cs.conllu](11) for user [INITIAL_CAS] from project [BG_CHILDES_TB](0) using format [conllu]
2026-03-16 21:32:34 INFO [admin] AnnotationDocumentExporter - Exported annotation document content for user [INITIAL_CAS] for source document [ALE_cs.conllu](11) in project [BG_CHILDES_TB](0)
2026-03-16 21:32:34 INFO [admin] DocumentImportExportServiceImpl - Exported annotations [ALE_cs.conllu](11) for user [admin] from project [BG_CHILDES_TB](0) using format [conllu]
2026-03-16 21:32:34 INFO [admin] AnnotationDocumentExporter - Exported annotation document content for user [admin] for source document [ALE_cs.conllu](11) in project [BG_CHILDES_TB](0)
2026-03-16 21:32:34 INFO [admin] DocumentImportExportServiceImpl - Exported annotations [ALE_cs.conllu](11) for user [ivelina] from project [BG_CHILDES_TB](0) using format [conllu]
2026-03-16 21:32:34 INFO [admin] AnnotationDocumentExporter - Exported annotation document content for user [ivelina] for source document [ALE_cs.conllu](11) in project [BG_CHILDES_TB](0)
2026-03-16 21:32:34 INFO [admin] DocumentImportExportServiceImpl - Exported annotations [ALE_cs.conllu](11) for user [yoana] from project [BG_CHILDES_TB](0) using format [conllu]
2026-03-16 21:32:34 INFO [admin] AnnotationDocumentExporter - Exported annotation document content for user [yoana] for source document [ALE_cs.conllu](11) in project [BG_CHILDES_TB](0)
2026-03-16 21:32:34 INFO [admin] DocumentImportExportServiceImpl - Exported annotations [ALE_cs.conllu](11) for user [mila] from project [BG_CHILDES_TB](0) using format [conllu]
2026-03-16 21:32:34 INFO [admin] AnnotationDocumentExporter - Exported annotation document content for user [mila] for source document [ALE_cs.conllu](11) in project [BG_CHILDES_TB](0)
2026-03-16 21:32:34 INFO [admin] DocumentImportExportServiceImpl - Exported annotations [ALE_cs.conllu](11) for user [yasena] from project [BG_CHILDES_TB](0) using format [conllu]
2026-03-16 21:32:34 INFO [admin] AnnotationDocumentExporter - Exported annotation document content for user [yasena] for source document [ALE_cs.conllu](11) in project [BG_CHILDES_TB](0)
2026-03-16 21:32:34 INFO [admin] DocumentImportExportServiceImpl - Exported annotations [BOG_cds.conllu](12) for user [INITIAL_CAS] from project [BG_CHILDES_TB](0) using format [conllu]
2026-03-16 21:32:34 INFO [admin] AnnotationDocumentExporter - Exported annotation document content for user [INITIAL_CAS] for source document [BOG_cds.conllu](12) in project [BG_CHILDES_TB](0)
2026-03-16 21:32:34 INFO [admin] DocumentImportExportServiceImpl - Exported annotations [BOG_cds.conllu](12) for user [mila] from project [BG_CHILDES_TB](0) using format [conllu]
2026-03-16 21:32:34 INFO [admin] AnnotationDocumentExporter - Exported annotation document content for user [mila] for source document [BOG_cds.conllu](12) in project [BG_CHILDES_TB](0)
2026-03-16 21:32:34 INFO [admin] DocumentImportExportServiceImpl - Exported annotations [BOG_cds.conllu](12) for user [yoana] from project [BG_CHILDES_TB](0) using format [conllu]
2026-03-16 21:32:34 INFO [admin] AnnotationDocumentExporter - Exported annotation document content for user [yoana] for source document [BOG_cds.conllu](12) in project [BG_CHILDES_TB](0)
2026-03-16 21:32:34 INFO [admin] DocumentImportExportServiceImpl - Exported annotations [BOG_cs.conllu](13) for user [INITIAL_CAS] from project [BG_CHILDES_TB](0) using format [conllu]
2026-03-16 21:32:34 INFO [admin] AnnotationDocumentExporter - Exported annotation document content for user [INITIAL_CAS] for source document [BOG_cs.conllu](13) in project [BG_CHILDES_TB](0)
2026-03-16 21:32:34 INFO [admin] DocumentImportExportServiceImpl - Exported annotations [BOG_cs.conllu](13) for user [yoana] from project [BG_CHILDES_TB](0) using format [conllu]
2026-03-16 21:32:34 INFO [admin] AnnotationDocumentExporter - Exported annotation document content for user [yoana] for source document [BOG_cs.conllu](13) in project [BG_CHILDES_TB](0)
2026-03-16 21:32:34 INFO [admin] DocumentImportExportServiceImpl - Exported annotations [BOG_cs.conllu](13) for user [mila] from project [BG_CHILDES_TB](0) using format [conllu]
2026-03-16 21:32:34 INFO [admin] AnnotationDocumentExporter - Exported annotation document content for user [mila] for source document [BOG_cs.conllu](13) in project [BG_CHILDES_TB](0)
2026-03-16 21:32:34 INFO [admin] DocumentImportExportServiceImpl - Exported annotations [ELI_cds.conllu](14) for user [INITIAL_CAS] from project [BG_CHILDES_TB](0) using format [conllu]
2026-03-16 21:32:34 INFO [admin] AnnotationDocumentExporter - Exported annotation document content for user [INITIAL_CAS] for source document [ELI_cds.conllu](14) in project [BG_CHILDES_TB](0)
2026-03-16 21:32:34 INFO [admin] DocumentImportExportServiceImpl - Exported annotations [ELI_cds.conllu](14) for user [tsvetelina] from project [BG_CHILDES_TB](0) using format [conllu]
2026-03-16 21:32:34 INFO [admin] AnnotationDocumentExporter - Exported annotation document content for user [tsvetelina] for source document [ELI_cds.conllu](14) in project [BG_CHILDES_TB](0)
2026-03-16 21:32:34 INFO [admin] DocumentImportExportServiceImpl - Exported annotations [ELI_cds.conllu](14) for user [ivelina] from project [BG_CHILDES_TB](0) using format [conllu]
2026-03-16 21:32:34 INFO [admin] AnnotationDocumentExporter - Exported annotation document content for user [ivelina] for source document [ELI_cds.conllu](14) in project [BG_CHILDES_TB](0)
2026-03-16 21:32:34 INFO [admin] DocumentImportExportServiceImpl - Exported annotations [ELI_cds.conllu](14) for user [mila] from project [BG_CHILDES_TB](0) using format [conllu]
2026-03-16 21:32:34 INFO [admin] AnnotationDocumentExporter - Exported annotation document content for user [mila] for source document [ELI_cds.conllu](14) in project [BG_CHILDES_TB](0)
2026-03-16 21:32:34 INFO [admin] DocumentImportExportServiceImpl - Exported annotations [ELI_cs.conllu](15) for user [INITIAL_CAS] from project [BG_CHILDES_TB](0) using format [conllu]
2026-03-16 21:32:34 INFO [admin] AnnotationDocumentExporter - Exported annotation document content for user [INITIAL_CAS] for source document [ELI_cs.conllu](15) in project [BG_CHILDES_TB](0)
2026-03-16 21:32:34 INFO [admin] DocumentImportExportServiceImpl - Exported annotations [ELI_cs.conllu](15) for user [mila] from project [BG_CHILDES_TB](0) using format [conllu]
2026-03-16 21:32:34 INFO [admin] AnnotationDocumentExporter - Exported annotation document content for user [mila] for source document [ELI_cs.conllu](15) in project [BG_CHILDES_TB](0)
2026-03-16 21:32:34 INFO [admin] DocumentImportExportServiceImpl - Exported annotations [ELI_cs.conllu](15) for user [tsvetelina] from project [BG_CHILDES_TB](0) using format [conllu]
2026-03-16 21:32:34 INFO [admin] AnnotationDocumentExporter - Exported annotation document content for user [tsvetelina] for source document [ELI_cs.conllu](15) in project [BG_CHILDES_TB](0)
2026-03-16 21:32:34 INFO [admin] DocumentImportExportServiceImpl - Exported annotations [SIM_cds.conllu](16) for user [INITIAL_CAS] from project [BG_CHILDES_TB](0) using format [conllu]
2026-03-16 21:32:34 INFO [admin] AnnotationDocumentExporter - Exported annotation document content for user [INITIAL_CAS] for source document [SIM_cds.conllu](16) in project [BG_CHILDES_TB](0)
2026-03-16 21:32:34 INFO [admin] DocumentImportExportServiceImpl - Exported annotations [SIM_cds.conllu](16) for user [ivelina] from project [BG_CHILDES_TB](0) using format [conllu]
2026-03-16 21:32:34 INFO [admin] AnnotationDocumentExporter - Exported annotation document content for user [ivelina] for source document [SIM_cds.conllu](16) in project [BG_CHILDES_TB](0)
2026-03-16 21:32:34 INFO [admin] DocumentImportExportServiceImpl - Exported annotations [SIM_cds.conllu](16) for user [mila] from project [BG_CHILDES_TB](0) using format [conllu]
2026-03-16 21:32:34 INFO [admin] AnnotationDocumentExporter - Exported annotation document content for user [mila] for source document [SIM_cds.conllu](16) in project [BG_CHILDES_TB](0)
2026-03-16 21:32:35 INFO [admin] DocumentImportExportServiceImpl - Exported annotations [SIM_cds.conllu](16) for user [tsvetina] from project [BG_CHILDES_TB](0) using format [conllu]
2026-03-16 21:32:35 INFO [admin] AnnotationDocumentExporter - Exported annotation document content for user [tsvetina] for source document [SIM_cds.conllu](16) in project [BG_CHILDES_TB](0)
2026-03-16 21:32:35 INFO [admin] DocumentImportExportServiceImpl - Exported annotations [SIM_cs.conllu](17) for user [INITIAL_CAS] from project [BG_CHILDES_TB](0) using format [conllu]
2026-03-16 21:32:35 INFO [admin] AnnotationDocumentExporter - Exported annotation document content for user [INITIAL_CAS] for source document [SIM_cs.conllu](17) in project [BG_CHILDES_TB](0)
2026-03-16 21:32:35 INFO [admin] DocumentImportExportServiceImpl - Exported annotations [SIM_cs.conllu](17) for user [ivelina] from project [BG_CHILDES_TB](0) using format [conllu]
2026-03-16 21:32:35 INFO [admin] AnnotationDocumentExporter - Exported annotation document content for user [ivelina] for source document [SIM_cs.conllu](17) in project [BG_CHILDES_TB](0)
2026-03-16 21:32:35 INFO [admin] DocumentImportExportServiceImpl - Exported annotations [SIM_cs.conllu](17) for user [mila] from project [BG_CHILDES_TB](0) using format [conllu]
2026-03-16 21:32:35 INFO [admin] AnnotationDocumentExporter - Exported annotation document content for user [mila] for source document [SIM_cs.conllu](17) in project [BG_CHILDES_TB](0)
2026-03-16 21:32:35 INFO [admin] DocumentImportExportServiceImpl - Exported annotations [SIM_cs.conllu](17) for user [admin] from project [BG_CHILDES_TB](0) using format [conllu]
2026-03-16 21:32:35 INFO [admin] AnnotationDocumentExporter - Exported annotation document content for user [admin] for source document [SIM_cs.conllu](17) in project [BG_CHILDES_TB](0)
2026-03-16 21:32:35 INFO [admin] DocumentImportExportServiceImpl - Exported annotations [SIM_cs.conllu](17) for user [tsvetina] from project [BG_CHILDES_TB](0) using format [conllu]
2026-03-16 21:32:35 INFO [admin] AnnotationDocumentExporter - Exported annotation document content for user [tsvetina] for source document [SIM_cs.conllu](17) in project [BG_CHILDES_TB](0)
2026-03-16 21:32:35 INFO [admin] DocumentImportExportServiceImpl - Exported annotations [TEF_cds.conllu](18) for user [INITIAL_CAS] from project [BG_CHILDES_TB](0) using format [conllu]
2026-03-16 21:32:35 INFO [admin] AnnotationDocumentExporter - Exported annotation document content for user [INITIAL_CAS] for source document [TEF_cds.conllu](18) in project [BG_CHILDES_TB](0)
2026-03-16 21:32:35 INFO [admin] DocumentImportExportServiceImpl - Exported annotations [TEF_cds.conllu](18) for user [mila] from project [BG_CHILDES_TB](0) using format [conllu]
2026-03-16 21:32:35 INFO [admin] AnnotationDocumentExporter - Exported annotation document content for user [mila] for source document [TEF_cds.conllu](18) in project [BG_CHILDES_TB](0)
2026-03-16 21:32:35 INFO [admin] DocumentImportExportServiceImpl - Exported annotations [TEF_cds.conllu](18) for user [ivelina] from project [BG_CHILDES_TB](0) using format [conllu]
2026-03-16 21:32:35 INFO [admin] AnnotationDocumentExporter - Exported annotation document content for user [ivelina] for source document [TEF_cds.conllu](18) in project [BG_CHILDES_TB](0)
2026-03-16 21:32:35 INFO [admin] DocumentImportExportServiceImpl - Exported annotations [TEF_cs.conllu](19) for user [INITIAL_CAS] from project [BG_CHILDES_TB](0) using format [conllu]
2026-03-16 21:32:35 INFO [admin] AnnotationDocumentExporter - Exported annotation document content for user [INITIAL_CAS] for source document [TEF_cs.conllu](19) in project [BG_CHILDES_TB](0)
2026-03-16 21:32:35 INFO [admin] DocumentImportExportServiceImpl - Exported annotations [TEF_cs.conllu](19) for user [admin] from project [BG_CHILDES_TB](0) using format [conllu]
2026-03-16 21:32:35 INFO [admin] AnnotationDocumentExporter - Exported annotation document content for user [admin] for source document [TEF_cs.conllu](19) in project [BG_CHILDES_TB](0)
2026-03-16 21:32:35 INFO [admin] DocumentImportExportServiceImpl - Exported annotations [TEF_cs.conllu](19) for user [mila] from project [BG_CHILDES_TB](0) using format [conllu]
2026-03-16 21:32:35 INFO [admin] AnnotationDocumentExporter - Exported annotation document content for user [mila] for source document [TEF_cs.conllu](19) in project [BG_CHILDES_TB](0)
2026-03-16 21:32:35 INFO [admin] DocumentImportExportServiceImpl - Exported annotations [TEF_cs.conllu](19) for user [ivelina] from project [BG_CHILDES_TB](0) using format [conllu]
2026-03-16 21:32:35 INFO [admin] AnnotationDocumentExporter - Exported annotation document content for user [ivelina] for source document [TEF_cs.conllu](19) in project [BG_CHILDES_TB](0)
2026-03-16 21:32:35 INFO [admin] DocumentImportExportServiceImpl - Exported annotations [UD_relations_example_for_each.conllu](20) for user [INITIAL_CAS] from project [BG_CHILDES_TB](0) using format [conllu]
2026-03-16 21:32:35 INFO [admin] AnnotationDocumentExporter - Exported annotation document content for user [INITIAL_CAS] for source document [UD_relations_example_for_each.conllu](20) in project [BG_CHILDES_TB](0)
2026-03-16 21:32:35 INFO [admin] DocumentImportExportServiceImpl - Exported annotations [UD_relations_example_for_each.conllu](20) for user [mila] from project [BG_CHILDES_TB](0) using format [conllu]
2026-03-16 21:32:35 INFO [admin] AnnotationDocumentExporter - Exported annotation document content for user [mila] for source document [UD_relations_example_for_each.conllu](20) in project [BG_CHILDES_TB](0)
2026-03-16 21:32:35 INFO [admin] DocumentImportExportServiceImpl - Exported annotations [UD_relations_example_for_each.conllu](20) for user [admin] from project [BG_CHILDES_TB](0) using format [conllu]
2026-03-16 21:32:35 INFO [admin] AnnotationDocumentExporter - Exported annotation document content for user [admin] for source document [UD_relations_example_for_each.conllu](20) in project [BG_CHILDES_TB](0)
2026-03-17 09:05:41 INFO [admin] AnnotationSchemaServiceImpl - Upgraded CAS of user [tsvetina] for document [SIM_cs.conllu](17) in project [BG_CHILDES_TB](0)
2026-03-17 09:06:30 INFO [admin] AnnotationSchemaServiceImpl - Upgraded CAS of user [tsvetina] for document [SIM_cds.conllu](16) in project [BG_CHILDES_TB](0)
2026-03-17 11:07:31 INFO [admin] AnnotationSchemaServiceImpl - Upgraded CAS of user [ivelina] for document [TEF_cds.conllu](18) in project [BG_CHILDES_TB](0)
2026-03-17 14:01:43 INFO [admin] AnnotationSchemaServiceImpl - Upgraded CAS of user [ivelina] for document [TEF_cds.conllu](18) in project [BG_CHILDES_TB](0)
2026-03-17 15:14:18 INFO [admin] AnnotationSchemaServiceImpl - Upgraded CAS of user [tsvetina] for document [SIM_cds.conllu](16) in project [BG_CHILDES_TB](0)
2026-03-17 17:03:31 INFO [admin] AnnotationSchemaServiceImpl - Upgraded CAS of user [tsvetina] for document [SIM_cds.conllu](16) in project [BG_CHILDES_TB](0)
2026-03-17 18:24:22 INFO [admin] AnnotationSchemaServiceImpl - Upgraded CAS of user [ivelina] for document [TEF_cds.conllu](18) in project [BG_CHILDES_TB](0)
2026-03-17 19:36:38 INFO [admin] AnnotationSchemaServiceImpl - Upgraded CAS of user [tsvetina] for document [SIM_cs.conllu](17) in project [BG_CHILDES_TB](0)
2026-03-18 07:53:32 INFO [admin] ProjectPermissionsExporter - Exported [9] permissions for project [BG_CHILDES_TB]
2026-03-18 07:53:32 INFO [admin] DocumentRepositoryExporter - Exported [0] document repositories for project [BG_CHILDES_TB]
2026-03-18 07:53:32 INFO [admin] KnowledgeBaseExporter - Exported [0] knowledge bases for project [BG_CHILDES_TB]
2026-03-18 07:53:32 INFO [admin] LayerExporter - Exported [10] layers for project [BG_CHILDES_TB]
2026-03-18 07:53:32 INFO [admin] TagSetExporter - Exported [23] tagsets for project [BG_CHILDES_TB]
2026-03-18 07:53:32 INFO [admin] DocumentImportExportServiceImpl - Exported annotations [ALE_cds.conllu](10) for user [CURATION_USER] from project [BG_CHILDES_TB](0) using format [conllu]
2026-03-18 07:53:32 INFO [admin] DocumentImportExportServiceImpl - Exported annotations [BOG_cds.conllu](12) for user [CURATION_USER] from project [BG_CHILDES_TB](0) using format [conllu]
2026-03-18 07:53:32 INFO [admin] DocumentImportExportServiceImpl - Exported annotations [BOG_cs.conllu](13) for user [CURATION_USER] from project [BG_CHILDES_TB](0) using format [conllu]
2026-03-18 07:53:32 INFO [admin] DocumentImportExportServiceImpl - Exported annotations [ELI_cs.conllu](15) for user [CURATION_USER] from project [BG_CHILDES_TB](0) using format [conllu]
2026-03-18 07:53:32 INFO [admin] DocumentImportExportServiceImpl - Exported annotations [SIM_cds.conllu](16) for user [CURATION_USER] from project [BG_CHILDES_TB](0) using format [conllu]
2026-03-18 07:53:32 INFO [admin] CurationWorkflowExporter - Exported curation workflow settings for project [BG_CHILDES_TB](0)
2026-03-18 07:53:32 INFO [admin] SourceDocumentExporter - Exported content for source document [10] in project [BG_CHILDES_TB] with id [0]
2026-03-18 07:53:32 INFO [admin] SourceDocumentExporter - Exported content for source document [11] in project [BG_CHILDES_TB] with id [0]
2026-03-18 07:53:32 INFO [admin] SourceDocumentExporter - Exported content for source document [12] in project [BG_CHILDES_TB] with id [0]
2026-03-18 07:53:32 INFO [admin] SourceDocumentExporter - Exported content for source document [13] in project [BG_CHILDES_TB] with id [0]
2026-03-18 07:53:32 INFO [admin] SourceDocumentExporter - Exported content for source document [14] in project [BG_CHILDES_TB] with id [0]
2026-03-18 07:53:32 INFO [admin] SourceDocumentExporter - Exported content for source document [15] in project [BG_CHILDES_TB] with id [0]
2026-03-18 07:53:32 INFO [admin] SourceDocumentExporter - Exported content for source document [16] in project [BG_CHILDES_TB] with id [0]
2026-03-18 07:53:32 INFO [admin] SourceDocumentExporter - Exported content for source document [17] in project [BG_CHILDES_TB] with id [0]
2026-03-18 07:53:32 INFO [admin] SourceDocumentExporter - Exported content for source document [18] in project [BG_CHILDES_TB] with id [0]
2026-03-18 07:53:32 INFO [admin] SourceDocumentExporter - Exported content for source document [19] in project [BG_CHILDES_TB] with id [0]
2026-03-18 07:53:32 INFO [admin] SourceDocumentExporter - Exported content for source document [20] in project [BG_CHILDES_TB] with id [0]
2026-03-18 07:53:33 INFO [admin] LoggedEventExporter - Exported [15153] logged events for project [BG_CHILDES_TB]
2026-03-18 07:53:33 INFO [admin] LoggedEventExporter - Skipped [59] logged events for [10] documents no longer existing
2026-03-18 07:53:33 INFO [admin] DefaultProjectPreferencesExporter - Exported [0] default preferences for project [BG_CHILDES_TB]
2026-03-18 07:53:33 INFO [admin] UserProjectPreferencesExporter - Exported [7] user preferences for project [BG_CHILDES_TB]
2026-03-18 07:53:33 INFO [admin] GazeteerExporter - Exported [0] gazeteers for project [BG_CHILDES_TB]
2026-03-18 07:53:33 INFO [admin] WorkloadManagerExporter - Exported workload manager for project [BG_CHILDES_TB]
2026-03-18 07:53:33 INFO [admin] RecommenderExporter - Exported [3] recommenders for project [BG_CHILDES_TB]
2026-03-18 07:53:33 INFO [admin] DocumentImportExportServiceImpl - Exported annotations [ALE_cds.conllu](10) for user [INITIAL_CAS] from project [BG_CHILDES_TB](0) using format [conllu]
2026-03-18 07:53:33 INFO [admin] AnnotationDocumentExporter - Exported annotation document content for user [INITIAL_CAS] for source document [ALE_cds.conllu](10) in project [BG_CHILDES_TB](0)
2026-03-18 07:53:33 INFO [admin] DocumentImportExportServiceImpl - Exported annotations [ALE_cds.conllu](10) for user [ivelina] from project [BG_CHILDES_TB](0) using format [conllu]
2026-03-18 07:53:33 INFO [admin] AnnotationDocumentExporter - Exported annotation document content for user [ivelina] for source document [ALE_cds.conllu](10) in project [BG_CHILDES_TB](0)
2026-03-18 07:53:33 INFO [admin] DocumentImportExportServiceImpl - Exported annotations [ALE_cds.conllu](10) for user [admin] from project [BG_CHILDES_TB](0) using format [conllu]
2026-03-18 07:53:33 INFO [admin] AnnotationDocumentExporter - Exported annotation document content for user [admin] for source document [ALE_cds.conllu](10) in project [BG_CHILDES_TB](0)
2026-03-18 07:53:33 INFO [admin] DocumentImportExportServiceImpl - Exported annotations [ALE_cds.conllu](10) for user [mila] from project [BG_CHILDES_TB](0) using format [conllu]
2026-03-18 07:53:33 INFO [admin] AnnotationDocumentExporter - Exported annotation document content for user [mila] for source document [ALE_cds.conllu](10) in project [BG_CHILDES_TB](0)
2026-03-18 07:53:33 INFO [admin] DocumentImportExportServiceImpl - Exported annotations [ALE_cds.conllu](10) for user [yasena] from project [BG_CHILDES_TB](0) using format [conllu]
2026-03-18 07:53:33 INFO [admin] AnnotationDocumentExporter - Exported annotation document content for user [yasena] for source document [ALE_cds.conllu](10) in project [BG_CHILDES_TB](0)
2026-03-18 07:53:33 INFO [admin] DocumentImportExportServiceImpl - Exported annotations [ALE_cs.conllu](11) for user [INITIAL_CAS] from project [BG_CHILDES_TB](0) using format [conllu]
2026-03-18 07:53:33 INFO [admin] AnnotationDocumentExporter - Exported annotation document content for user [INITIAL_CAS] for source document [ALE_cs.conllu](11) in project [BG_CHILDES_TB](0)
2026-03-18 07:53:34 INFO [admin] DocumentImportExportServiceImpl - Exported annotations [ALE_cs.conllu](11) for user [admin] from project [BG_CHILDES_TB](0) using format [conllu]
2026-03-18 07:53:34 INFO [admin] AnnotationDocumentExporter - Exported annotation document content for user [admin] for source document [ALE_cs.conllu](11) in project [BG_CHILDES_TB](0)
2026-03-18 07:53:34 INFO [admin] DocumentImportExportServiceImpl - Exported annotations [ALE_cs.conllu](11) for user [ivelina] from project [BG_CHILDES_TB](0) using format [conllu]
2026-03-18 07:53:34 INFO [admin] AnnotationDocumentExporter - Exported annotation document content for user [ivelina] for source document [ALE_cs.conllu](11) in project [BG_CHILDES_TB](0)
2026-03-18 07:53:34 INFO [admin] DocumentImportExportServiceImpl - Exported annotations [ALE_cs.conllu](11) for user [yoana] from project [BG_CHILDES_TB](0) using format [conllu]
2026-03-18 07:53:34 INFO [admin] AnnotationDocumentExporter - Exported annotation document content for user [yoana] for source document [ALE_cs.conllu](11) in project [BG_CHILDES_TB](0)
2026-03-18 07:53:34 INFO [admin] DocumentImportExportServiceImpl - Exported annotations [ALE_cs.conllu](11) for user [mila] from project [BG_CHILDES_TB](0) using format [conllu]
2026-03-18 07:53:34 INFO [admin] AnnotationDocumentExporter - Exported annotation document content for user [mila] for source document [ALE_cs.conllu](11) in project [BG_CHILDES_TB](0)
2026-03-18 07:53:34 INFO [admin] DocumentImportExportServiceImpl - Exported annotations [ALE_cs.conllu](11) for user [yasena] from project [BG_CHILDES_TB](0) using format [conllu]
2026-03-18 07:53:34 INFO [admin] AnnotationDocumentExporter - Exported annotation document content for user [yasena] for source document [ALE_cs.conllu](11) in project [BG_CHILDES_TB](0)
2026-03-18 07:53:34 INFO [admin] DocumentImportExportServiceImpl - Exported annotations [BOG_cds.conllu](12) for user [INITIAL_CAS] from project [BG_CHILDES_TB](0) using format [conllu]
2026-03-18 07:53:34 INFO [admin] AnnotationDocumentExporter - Exported annotation document content for user [INITIAL_CAS] for source document [BOG_cds.conllu](12) in project [BG_CHILDES_TB](0)
2026-03-18 07:53:34 INFO [admin] DocumentImportExportServiceImpl - Exported annotations [BOG_cds.conllu](12) for user [mila] from project [BG_CHILDES_TB](0) using format [conllu]
2026-03-18 07:53:34 INFO [admin] AnnotationDocumentExporter - Exported annotation document content for user [mila] for source document [BOG_cds.conllu](12) in project [BG_CHILDES_TB](0)
2026-03-18 07:53:34 INFO [admin] DocumentImportExportServiceImpl - Exported annotations [BOG_cds.conllu](12) for user [yoana] from project [BG_CHILDES_TB](0) using format [conllu]
2026-03-18 07:53:34 INFO [admin] AnnotationDocumentExporter - Exported annotation document content for user [yoana] for source document [BOG_cds.conllu](12) in project [BG_CHILDES_TB](0)
2026-03-18 07:53:34 INFO [admin] DocumentImportExportServiceImpl - Exported annotations [BOG_cs.conllu](13) for user [INITIAL_CAS] from project [BG_CHILDES_TB](0) using format [conllu]
2026-03-18 07:53:34 INFO [admin] AnnotationDocumentExporter - Exported annotation document content for user [INITIAL_CAS] for source document [BOG_cs.conllu](13) in project [BG_CHILDES_TB](0)
2026-03-18 07:53:34 INFO [admin] DocumentImportExportServiceImpl - Exported annotations [BOG_cs.conllu](13) for user [yoana] from project [BG_CHILDES_TB](0) using format [conllu]
2026-03-18 07:53:34 INFO [admin] AnnotationDocumentExporter - Exported annotation document content for user [yoana] for source document [BOG_cs.conllu](13) in project [BG_CHILDES_TB](0)
2026-03-18 07:53:34 INFO [admin] DocumentImportExportServiceImpl - Exported annotations [BOG_cs.conllu](13) for user [mila] from project [BG_CHILDES_TB](0) using format [conllu]
2026-03-18 07:53:34 INFO [admin] AnnotationDocumentExporter - Exported annotation document content for user [mila] for source document [BOG_cs.conllu](13) in project [BG_CHILDES_TB](0)
2026-03-18 07:53:34 INFO [admin] DocumentImportExportServiceImpl - Exported annotations [ELI_cds.conllu](14) for user [INITIAL_CAS] from project [BG_CHILDES_TB](0) using format [conllu]
2026-03-18 07:53:34 INFO [admin] AnnotationDocumentExporter - Exported annotation document content for user [INITIAL_CAS] for source document [ELI_cds.conllu](14) in project [BG_CHILDES_TB](0)
2026-03-18 07:53:34 INFO [admin] DocumentImportExportServiceImpl - Exported annotations [ELI_cds.conllu](14) for user [tsvetelina] from project [BG_CHILDES_TB](0) using format [conllu]
2026-03-18 07:53:34 INFO [admin] AnnotationDocumentExporter - Exported annotation document content for user [tsvetelina] for source document [ELI_cds.conllu](14) in project [BG_CHILDES_TB](0)
2026-03-18 07:53:34 INFO [admin] DocumentImportExportServiceImpl - Exported annotations [ELI_cds.conllu](14) for user [ivelina] from project [BG_CHILDES_TB](0) using format [conllu]
2026-03-18 07:53:34 INFO [admin] AnnotationDocumentExporter - Exported annotation document content for user [ivelina] for source document [ELI_cds.conllu](14) in project [BG_CHILDES_TB](0)
2026-03-18 07:53:34 INFO [admin] DocumentImportExportServiceImpl - Exported annotations [ELI_cds.conllu](14) for user [mila] from project [BG_CHILDES_TB](0) using format [conllu]
2026-03-18 07:53:34 INFO [admin] AnnotationDocumentExporter - Exported annotation document content for user [mila] for source document [ELI_cds.conllu](14) in project [BG_CHILDES_TB](0)
2026-03-18 07:53:34 INFO [admin] DocumentImportExportServiceImpl - Exported annotations [ELI_cs.conllu](15) for user [INITIAL_CAS] from project [BG_CHILDES_TB](0) using format [conllu]
2026-03-18 07:53:34 INFO [admin] AnnotationDocumentExporter - Exported annotation document content for user [INITIAL_CAS] for source document [ELI_cs.conllu](15) in project [BG_CHILDES_TB](0)
2026-03-18 07:53:34 INFO [admin] DocumentImportExportServiceImpl - Exported annotations [ELI_cs.conllu](15) for user [mila] from project [BG_CHILDES_TB](0) using format [conllu]
2026-03-18 07:53:34 INFO [admin] AnnotationDocumentExporter - Exported annotation document content for user [mila] for source document [ELI_cs.conllu](15) in project [BG_CHILDES_TB](0)
2026-03-18 07:53:34 INFO [admin] DocumentImportExportServiceImpl - Exported annotations [ELI_cs.conllu](15) for user [tsvetelina] from project [BG_CHILDES_TB](0) using format [conllu]
2026-03-18 07:53:34 INFO [admin] AnnotationDocumentExporter - Exported annotation document content for user [tsvetelina] for source document [ELI_cs.conllu](15) in project [BG_CHILDES_TB](0)
2026-03-18 07:53:34 INFO [admin] DocumentImportExportServiceImpl - Exported annotations [SIM_cds.conllu](16) for user [INITIAL_CAS] from project [BG_CHILDES_TB](0) using format [conllu]
2026-03-18 07:53:34 INFO [admin] AnnotationDocumentExporter - Exported annotation document content for user [INITIAL_CAS] for source document [SIM_cds.conllu](16) in project [BG_CHILDES_TB](0)
2026-03-18 07:53:34 INFO [admin] DocumentImportExportServiceImpl - Exported annotations [SIM_cds.conllu](16) for user [ivelina] from project [BG_CHILDES_TB](0) using format [conllu]
2026-03-18 07:53:34 INFO [admin] AnnotationDocumentExporter - Exported annotation document content for user [ivelina] for source document [SIM_cds.conllu](16) in project [BG_CHILDES_TB](0)
2026-03-18 07:53:35 INFO [admin] DocumentImportExportServiceImpl - Exported annotations [SIM_cds.conllu](16) for user [mila] from project [BG_CHILDES_TB](0) using format [conllu]
2026-03-18 07:53:35 INFO [admin] AnnotationDocumentExporter - Exported annotation document content for user [mila] for source document [SIM_cds.conllu](16) in project [BG_CHILDES_TB](0)
2026-03-18 07:53:35 INFO [admin] DocumentImportExportServiceImpl - Exported annotations [SIM_cds.conllu](16) for user [tsvetina] from project [BG_CHILDES_TB](0) using format [conllu]
2026-03-18 07:53:35 INFO [admin] AnnotationDocumentExporter - Exported annotation document content for user [tsvetina] for source document [SIM_cds.conllu](16) in project [BG_CHILDES_TB](0)
2026-03-18 07:53:35 INFO [admin] DocumentImportExportServiceImpl - Exported annotations [SIM_cs.conllu](17) for user [INITIAL_CAS] from project [BG_CHILDES_TB](0) using format [conllu]
2026-03-18 07:53:35 INFO [admin] AnnotationDocumentExporter - Exported annotation document content for user [INITIAL_CAS] for source document [SIM_cs.conllu](17) in project [BG_CHILDES_TB](0)
2026-03-18 07:53:35 INFO [admin] DocumentImportExportServiceImpl - Exported annotations [SIM_cs.conllu](17) for user [ivelina] from project [BG_CHILDES_TB](0) using format [conllu]
2026-03-18 07:53:35 INFO [admin] AnnotationDocumentExporter - Exported annotation document content for user [ivelina] for source document [SIM_cs.conllu](17) in project [BG_CHILDES_TB](0)
2026-03-18 07:53:35 INFO [admin] DocumentImportExportServiceImpl - Exported annotations [SIM_cs.conllu](17) for user [mila] from project [BG_CHILDES_TB](0) using format [conllu]
2026-03-18 07:53:35 INFO [admin] AnnotationDocumentExporter - Exported annotation document content for user [mila] for source document [SIM_cs.conllu](17) in project [BG_CHILDES_TB](0)
2026-03-18 07:53:35 INFO [admin] DocumentImportExportServiceImpl - Exported annotations [SIM_cs.conllu](17) for user [admin] from project [BG_CHILDES_TB](0) using format [conllu]
2026-03-18 07:53:35 INFO [admin] AnnotationDocumentExporter - Exported annotation document content for user [admin] for source document [SIM_cs.conllu](17) in project [BG_CHILDES_TB](0)
2026-03-18 07:53:35 INFO [admin] DocumentImportExportServiceImpl - Exported annotations [SIM_cs.conllu](17) for user [tsvetina] from project [BG_CHILDES_TB](0) using format [conllu]
2026-03-18 07:53:35 INFO [admin] AnnotationDocumentExporter - Exported annotation document content for user [tsvetina] for source document [SIM_cs.conllu](17) in project [BG_CHILDES_TB](0)
2026-03-18 07:53:35 INFO [admin] DocumentImportExportServiceImpl - Exported annotations [TEF_cds.conllu](18) for user [INITIAL_CAS] from project [BG_CHILDES_TB](0) using format [conllu]
2026-03-18 07:53:35 INFO [admin] AnnotationDocumentExporter - Exported annotation document content for user [INITIAL_CAS] for source document [TEF_cds.conllu](18) in project [BG_CHILDES_TB](0)
2026-03-18 07:53:35 INFO [admin] DocumentImportExportServiceImpl - Exported annotations [TEF_cds.conllu](18) for user [mila] from project [BG_CHILDES_TB](0) using format [conllu]
2026-03-18 07:53:35 INFO [admin] AnnotationDocumentExporter - Exported annotation document content for user [mila] for source document [TEF_cds.conllu](18) in project [BG_CHILDES_TB](0)
2026-03-18 07:53:35 INFO [admin] DocumentImportExportServiceImpl - Exported annotations [TEF_cds.conllu](18) for user [ivelina] from project [BG_CHILDES_TB](0) using format [conllu]
2026-03-18 07:53:35 INFO [admin] AnnotationDocumentExporter - Exported annotation document content for user [ivelina] for source document [TEF_cds.conllu](18) in project [BG_CHILDES_TB](0)
2026-03-18 07:53:35 INFO [admin] DocumentImportExportServiceImpl - Exported annotations [TEF_cs.conllu](19) for user [INITIAL_CAS] from project [BG_CHILDES_TB](0) using format [conllu]
2026-03-18 07:53:35 INFO [admin] AnnotationDocumentExporter - Exported annotation document content for user [INITIAL_CAS] for source document [TEF_cs.conllu](19) in project [BG_CHILDES_TB](0)
2026-03-18 07:53:36 INFO [admin] DocumentImportExportServiceImpl - Exported annotations [TEF_cs.conllu](19) for user [admin] from project [BG_CHILDES_TB](0) using format [conllu]
2026-03-18 07:53:36 INFO [admin] AnnotationDocumentExporter - Exported annotation document content for user [admin] for source document [TEF_cs.conllu](19) in project [BG_CHILDES_TB](0)
2026-03-18 07:53:36 INFO [admin] DocumentImportExportServiceImpl - Exported annotations [TEF_cs.conllu](19) for user [mila] from project [BG_CHILDES_TB](0) using format [conllu]
2026-03-18 07:53:36 INFO [admin] AnnotationDocumentExporter - Exported annotation document content for user [mila] for source document [TEF_cs.conllu](19) in project [BG_CHILDES_TB](0)
2026-03-18 07:53:36 INFO [admin] DocumentImportExportServiceImpl - Exported annotations [TEF_cs.conllu](19) for user [ivelina] from project [BG_CHILDES_TB](0) using format [conllu]
2026-03-18 07:53:36 INFO [admin] AnnotationDocumentExporter - Exported annotation document content for user [ivelina] for source document [TEF_cs.conllu](19) in project [BG_CHILDES_TB](0)
2026-03-18 07:53:36 INFO [admin] DocumentImportExportServiceImpl - Exported annotations [UD_relations_example_for_each.conllu](20) for user [INITIAL_CAS] from project [BG_CHILDES_TB](0) using format [conllu]
2026-03-18 07:53:36 INFO [admin] AnnotationDocumentExporter - Exported annotation document content for user [INITIAL_CAS] for source document [UD_relations_example_for_each.conllu](20) in project [BG_CHILDES_TB](0)
2026-03-18 07:53:36 INFO [admin] DocumentImportExportServiceImpl - Exported annotations [UD_relations_example_for_each.conllu](20) for user [mila] from project [BG_CHILDES_TB](0) using format [conllu]
2026-03-18 07:53:36 INFO [admin] AnnotationDocumentExporter - Exported annotation document content for user [mila] for source document [UD_relations_example_for_each.conllu](20) in project [BG_CHILDES_TB](0)
2026-03-18 07:53:36 INFO [admin] DocumentImportExportServiceImpl - Exported annotations [UD_relations_example_for_each.conllu](20) for user [admin] from project [BG_CHILDES_TB](0) using format [conllu]
2026-03-18 07:53:36 INFO [admin] AnnotationDocumentExporter - Exported annotation document content for user [admin] for source document [UD_relations_example_for_each.conllu](20) in project [BG_CHILDES_TB](0)
2026-03-18 12:19:50 INFO [admin] DocumentServiceImpl - Created annotation document [yoana@TEF_cds.conllu](41) in project [BG_CHILDES_TB](0)
2026-03-18 12:19:50 INFO [admin] AnnotationSchemaServiceImpl - Upgraded CAS of user [yoana] for document [TEF_cds.conllu](18) in project [BG_CHILDES_TB](0)
2026-03-18 14:43:34 INFO [admin] AnnotationSchemaServiceImpl - Upgraded CAS of user [tsvetelina] for document [ELI_cs.conllu](15) in project [BG_CHILDES_TB](0)
2026-03-18 15:38:34 INFO [admin] AnnotationSchemaServiceImpl - Upgraded CAS of user [yoana] for document [TEF_cds.conllu](18) in project [BG_CHILDES_TB](0)
2026-03-18 17:33:55 INFO [admin] AnnotationSchemaServiceImpl - Upgraded CAS of user [ivelina] for document [TEF_cds.conllu](18) in project [BG_CHILDES_TB](0)
2026-03-18 19:30:14 INFO [admin] AnnotationSchemaServiceImpl - Upgraded CAS of user [ivelina] for document [TEF_cds.conllu](18) in project [BG_CHILDES_TB](0)
2026-03-18 20:36:37 INFO [admin] AnnotationSchemaServiceImpl - Upgraded CAS of user [yoana] for document [TEF_cds.conllu](18) in project [BG_CHILDES_TB](0)
2026-03-18 21:41:40 INFO [admin] DocumentServiceImpl - Created annotation document [yoana@TEF_cs.conllu](42) in project [BG_CHILDES_TB](0)
2026-03-18 21:41:40 INFO [admin] AnnotationSchemaServiceImpl - Upgraded CAS of user [yoana] for document [TEF_cs.conllu](19) in project [BG_CHILDES_TB](0)
2026-03-19 08:18:14 INFO [admin] AnnotationSchemaServiceImpl - Upgraded CAS of user [ivelina] for document [TEF_cds.conllu](18) in project [BG_CHILDES_TB](0)
2026-03-19 09:04:23 INFO [admin] AnnotationSchemaServiceImpl - Upgraded CAS of user [ivelina] for document [TEF_cds.conllu](18) in project [BG_CHILDES_TB](0)
2026-03-19 09:30:53 INFO [admin] AnnotationSchemaServiceImpl - Upgraded CAS of user [yoana] for document [TEF_cs.conllu](19) in project [BG_CHILDES_TB](0)
2026-03-19 10:28:43 INFO [admin] AnnotationSchemaServiceImpl - Upgraded CAS of user [ivelina] for document [TEF_cds.conllu](18) in project [BG_CHILDES_TB](0)
2026-03-19 11:29:56 INFO [admin] AnnotationSchemaServiceImpl - Upgraded CAS of user [ivelina] for document [TEF_cds.conllu](18) in project [BG_CHILDES_TB](0)
2026-03-19 13:56:55 INFO [admin] AnnotationSchemaServiceImpl - Upgraded CAS of user [ivelina] for document [TEF_cds.conllu](18) in project [BG_CHILDES_TB](0)
2026-03-19 14:36:07 INFO [admin] AnnotationSchemaServiceImpl - Upgraded CAS of user [ivelina] for document [TEF_cds.conllu](18) in project [BG_CHILDES_TB](0)
2026-03-19 20:33:41 INFO [admin] AnnotationSchemaServiceImpl - Upgraded CAS of user [ivelina] for document [TEF_cds.conllu](18) in project [BG_CHILDES_TB](0)
2026-03-19 21:05:26 INFO [admin] AnnotationSchemaServiceImpl - Upgraded CAS of user [ivelina] for document [TEF_cds.conllu](18) in project [BG_CHILDES_TB](0)
2026-03-20 15:26:21 INFO [admin] AnnotationSchemaServiceImpl - Upgraded CAS of user [tsvetina] for document [SIM_cs.conllu](17) in project [BG_CHILDES_TB](0)
2026-03-20 15:27:23 INFO [admin] AnnotationSchemaServiceImpl - Upgraded CAS of user [tsvetina] for document [SIM_cs.conllu](17) in project [BG_CHILDES_TB](0)
2026-03-20 15:32:18 INFO [admin] AnnotationSchemaServiceImpl - Upgraded CAS of user [tsvetina] for document [SIM_cds.conllu](16) in project [BG_CHILDES_TB](0)
2026-03-20 15:34:10 INFO [admin] AnnotationSchemaServiceImpl - Upgraded CAS of user [tsvetina] for document [SIM_cs.conllu](17) in project [BG_CHILDES_TB](0)
2026-03-20 15:35:23 INFO [admin] AnnotationSchemaServiceImpl - Upgraded CAS of user [tsvetina] for document [SIM_cds.conllu](16) in project [BG_CHILDES_TB](0)
2026-03-20 15:39:03 INFO [admin] AnnotationSchemaServiceImpl - Upgraded CAS of user [tsvetina] for document [SIM_cds.conllu](16) in project [BG_CHILDES_TB](0)
2026-03-20 15:40:55 INFO [admin] AnnotationSchemaServiceImpl - Upgraded CAS of user [tsvetina] for document [SIM_cs.conllu](17) in project [BG_CHILDES_TB](0)
2026-03-20 15:42:14 INFO [admin] AnnotationSchemaServiceImpl - Upgraded CAS of user [tsvetina] for document [SIM_cds.conllu](16) in project [BG_CHILDES_TB](0)
2026-03-21 13:34:38 INFO [admin] AnnotationSchemaServiceImpl - Upgraded CAS of user [yoana] for document [TEF_cs.conllu](19) in project [BG_CHILDES_TB](0)
2026-03-21 15:52:29 INFO [admin] AnnotationSchemaServiceImpl - Upgraded CAS of user [yoana] for document [TEF_cds.conllu](18) in project [BG_CHILDES_TB](0)
2026-03-21 16:39:39 INFO [admin] AnnotationSchemaServiceImpl - Upgraded CAS of user [ivelina] for document [TEF_cds.conllu](18) in project [BG_CHILDES_TB](0)
2026-03-21 16:41:18 INFO [admin] AnnotationSchemaServiceImpl - Upgraded CAS of user [ivelina] for document [ALE_cs.conllu](11) in project [BG_CHILDES_TB](0)
2026-03-21 16:41:55 INFO [admin] AnnotationSchemaServiceImpl - Upgraded CAS of user [ivelina] for document [TEF_cds.conllu](18) in project [BG_CHILDES_TB](0)
2026-03-21 21:43:49 INFO [admin] AnnotationSchemaServiceImpl - Upgraded CAS of user [ivelina] for document [TEF_cds.conllu](18) in project [BG_CHILDES_TB](0)
2026-03-22 07:16:27 INFO [admin] AnnotationSchemaServiceImpl - Upgraded CAS of user [ivelina] for document [TEF_cds.conllu](18) in project [BG_CHILDES_TB](0)
2026-03-22 08:59:36 INFO [admin] AnnotationSchemaServiceImpl - Upgraded CAS of user [ivelina] for document [TEF_cds.conllu](18) in project [BG_CHILDES_TB](0)
2026-03-22 12:05:57 INFO [admin] AnnotationSchemaServiceImpl - Upgraded CAS of user [ivelina] for document [TEF_cds.conllu](18) in project [BG_CHILDES_TB](0)
2026-03-22 12:50:47 INFO [admin] AnnotationSchemaServiceImpl - Upgraded CAS of user [ivelina] for document [TEF_cds.conllu](18) in project [BG_CHILDES_TB](0)
2026-03-22 15:18:45 INFO [admin] AnnotationSchemaServiceImpl - Upgraded CAS of user [ivelina] for document [TEF_cds.conllu](18) in project [BG_CHILDES_TB](0)
2026-03-22 17:33:47 INFO [admin] AnnotationSchemaServiceImpl - Upgraded CAS of user [ivelina] for document [TEF_cds.conllu](18) in project [BG_CHILDES_TB](0)
2026-03-22 19:03:30 INFO [admin] AnnotationSchemaServiceImpl - Upgraded CAS of user [ivelina] for document [TEF_cds.conllu](18) in project [BG_CHILDES_TB](0)
2026-03-22 19:14:06 INFO [admin] AnnotationSchemaServiceImpl - Upgraded CAS of user [yoana] for document [TEF_cds.conllu](18) in project [BG_CHILDES_TB](0)
2026-03-22 20:01:17 INFO [admin] AnnotationSchemaServiceImpl - Upgraded CAS of user [yoana] for document [BOG_cds.conllu](12) in project [BG_CHILDES_TB](0)
2026-03-22 20:01:59 INFO [admin] AnnotationSchemaServiceImpl - Upgraded CAS of user [yoana] for document [BOG_cs.conllu](13) in project [BG_CHILDES_TB](0)
2026-03-22 20:20:15 INFO [admin] AnnotationSchemaServiceImpl - Upgraded CAS of user [ivelina] for document [TEF_cds.conllu](18) in project [BG_CHILDES_TB](0)
2026-03-22 22:36:04 INFO [admin] AnnotationSchemaServiceImpl - Upgraded CAS of user [ivelina] for document [TEF_cds.conllu](18) in project [BG_CHILDES_TB](0)
2026-03-23 11:51:59 INFO [admin] AnnotationSchemaServiceImpl - Upgraded CAS of user [ivelina] for document [TEF_cds.conllu](18) in project [BG_CHILDES_TB](0)
2026-03-23 19:38:14 INFO [admin] AnnotationSchemaServiceImpl - Upgraded CAS of user [ivelina] for document [TEF_cds.conllu](18) in project [BG_CHILDES_TB](0)
2026-03-23 20:33:02 INFO [admin] AnnotationSchemaServiceImpl - Upgraded CAS of user [ivelina] for document [TEF_cds.conllu](18) in project [BG_CHILDES_TB](0)
2026-03-25 12:06:31 INFO [admin] AnnotationSchemaServiceImpl - Upgraded CAS of user [mila] for document [TEF_cds.conllu](18) in project [BG_CHILDES_TB](0)
2026-03-25 12:18:14 INFO [admin] AnnotationSchemaServiceImpl - Upgraded CAS of user [mila] for document [SIM_cds.conllu](16) in project [BG_CHILDES_TB](0)
2026-03-25 14:11:11 INFO [admin] AnnotationSchemaServiceImpl - Upgraded CAS of user [ivelina] for document [TEF_cds.conllu](18) in project [BG_CHILDES_TB](0)
2026-03-25 15:46:42 INFO [admin] AnnotationSchemaServiceImpl - Upgraded CAS of user [mila] for document [SIM_cds.conllu](16) in project [BG_CHILDES_TB](0)
2026-03-25 16:22:31 INFO [admin] AnnotationSchemaServiceImpl - Upgraded CAS of user [mila] for document [ALE_cds.conllu](10) in project [BG_CHILDES_TB](0)
2026-03-25 16:23:16 INFO [admin] AnnotationSchemaServiceImpl - Upgraded CAS of user [mila] for document [SIM_cds.conllu](16) in project [BG_CHILDES_TB](0)
2026-03-26 07:50:39 INFO [admin] AnnotationSchemaServiceImpl - Upgraded CAS of user [mila] for document [SIM_cds.conllu](16) in project [BG_CHILDES_TB](0)
2026-03-26 12:31:41 INFO [admin] AnnotationSchemaServiceImpl - Upgraded CAS of user [mila] for document [SIM_cds.conllu](16) in project [BG_CHILDES_TB](0)
2026-03-26 14:51:39 INFO [admin] AnnotationSchemaServiceImpl - Upgraded CAS of user [mila] for document [SIM_cds.conllu](16) in project [BG_CHILDES_TB](0)
2026-03-26 18:25:19 INFO [admin] AnnotationSchemaServiceImpl - Upgraded CAS of user [mila] for document [ALE_cs.conllu](11) in project [BG_CHILDES_TB](0)
2026-03-26 18:25:32 INFO [admin] AnnotationSchemaServiceImpl - Upgraded CAS of user [mila] for document [SIM_cds.conllu](16) in project [BG_CHILDES_TB](0)
2026-03-27 10:44:07 INFO [admin] AnnotationSchemaServiceImpl - Upgraded CAS of user [mila] for document [ALE_cds.conllu](10) in project [BG_CHILDES_TB](0)
2026-03-27 12:36:58 INFO [admin] AnnotationSchemaServiceImpl - Upgraded CAS of user [mila] for document [ELI_cds.conllu](14) in project [BG_CHILDES_TB](0)
2026-03-27 14:29:38 INFO [admin] AnnotationSchemaServiceImpl - Upgraded CAS of user [mila] for document [ELI_cds.conllu](14) in project [BG_CHILDES_TB](0)
2026-03-27 16:27:54 INFO [admin] AnnotationSchemaServiceImpl - Upgraded CAS of user [mila] for document [ALE_cs.conllu](11) in project [BG_CHILDES_TB](0)
2026-03-31 12:01:36 INFO [admin] AnnotationSchemaServiceImpl - Upgraded CAS of user [yoana] for document [BOG_cds.conllu](12) in project [BG_CHILDES_TB](0)
2026-03-31 15:55:21 INFO [admin] AnnotationSchemaServiceImpl - Upgraded CAS of user [yoana] for document [BOG_cs.conllu](13) in project [BG_CHILDES_TB](0)
2026-04-05 11:45:35 INFO [admin] AnnotationSchemaServiceImpl - Upgraded CAS of user [ivelina] for document [TEF_cds.conllu](18) in project [BG_CHILDES_TB](0)
2026-04-05 14:53:53 INFO [admin] AnnotationSchemaServiceImpl - Upgraded CAS of user [ivelina] for document [TEF_cds.conllu](18) in project [BG_CHILDES_TB](0)
2026-04-05 16:37:40 INFO [admin] AnnotationSchemaServiceImpl - Upgraded CAS of user [ivelina] for document [TEF_cds.conllu](18) in project [BG_CHILDES_TB](0)
2026-04-05 17:23:21 INFO [admin] AnnotationSchemaServiceImpl - Upgraded CAS of user [ivelina] for document [TEF_cds.conllu](18) in project [BG_CHILDES_TB](0)
2026-04-05 19:09:06 INFO [admin] AnnotationSchemaServiceImpl - Upgraded CAS of user [ivelina] for document [TEF_cds.conllu](18) in project [BG_CHILDES_TB](0)
2026-04-05 21:17:11 INFO [admin] AnnotationSchemaServiceImpl - Upgraded CAS of user [ivelina] for document [TEF_cds.conllu](18) in project [BG_CHILDES_TB](0)
2026-04-06 03:30:54 INFO [admin] AnnotationSchemaServiceImpl - Upgraded CAS of user [ivelina] for document [TEF_cds.conllu](18) in project [BG_CHILDES_TB](0)
2026-04-06 04:16:30 INFO [admin] AnnotationSchemaServiceImpl - Upgraded CAS of user [ivelina] for document [TEF_cds.conllu](18) in project [BG_CHILDES_TB](0)
2026-04-07 12:35:44 INFO [admin] AnnotationSchemaServiceImpl - Upgraded CAS of user [yoana] for document [BOG_cs.conllu](13) in project [BG_CHILDES_TB](0)
2026-04-07 12:36:23 INFO [admin] AnnotationSchemaServiceImpl - Upgraded CAS of user [yoana] for document [BOG_cds.conllu](12) in project [BG_CHILDES_TB](0)
2026-04-07 12:44:53 INFO [admin] AnnotationSchemaServiceImpl - Upgraded CAS of user [ivelina] for document [TEF_cds.conllu](18) in project [BG_CHILDES_TB](0)
2026-04-07 13:42:14 INFO [admin] AnnotationSchemaServiceImpl - Upgraded CAS of user [ivelina] for document [TEF_cds.conllu](18) in project [BG_CHILDES_TB](0)
2026-04-08 13:24:57 INFO [admin] AnnotationSchemaServiceImpl - Upgraded CAS of user [ivelina] for document [TEF_cds.conllu](18) in project [BG_CHILDES_TB](0)
2026-04-09 12:02:59 INFO [admin] AnnotationSchemaServiceImpl - Upgraded CAS of user [ivelina] for document [TEF_cds.conllu](18) in project [BG_CHILDES_TB](0)
2026-04-09 18:27:20 INFO [admin] AnnotationSchemaServiceImpl - Upgraded CAS of user [yasena] for document [ALE_cds.conllu](10) in project [BG_CHILDES_TB](0)
2026-04-09 18:28:18 INFO [admin] AnnotationSchemaServiceImpl - Upgraded CAS of user [mila] for document [ALE_cds.conllu](10) in project [BG_CHILDES_TB](0)
2026-04-09 19:48:03 INFO [admin] AnnotationSchemaServiceImpl - Upgraded CAS of user [mila] for document [ALE_cds.conllu](10) in project [BG_CHILDES_TB](0)
2026-04-10 09:37:49 INFO [admin] AnnotationSchemaServiceImpl - Upgraded CAS of user [yoana] for document [BOG_cs.conllu](13) in project [BG_CHILDES_TB](0)
2026-04-10 09:55:44 INFO [admin] DocumentServiceImpl - Created annotation document [yoana@ALE_cds.conllu](43) in project [BG_CHILDES_TB](0)
2026-04-10 09:55:44 INFO [admin] AnnotationSchemaServiceImpl - Upgraded CAS of user [yoana] for document [ALE_cds.conllu](10) in project [BG_CHILDES_TB](0)
2026-04-10 09:58:05 INFO [admin] AnnotationSchemaServiceImpl - Upgraded CAS of user [yoana] for document [BOG_cds.conllu](12) in project [BG_CHILDES_TB](0)
2026-04-10 10:02:58 INFO [admin] AnnotationSchemaServiceImpl - Upgraded CAS of user [yoana] for document [TEF_cds.conllu](18) in project [BG_CHILDES_TB](0)
2026-04-10 10:03:49 INFO [admin] AnnotationSchemaServiceImpl - Upgraded CAS of user [yoana] for document [TEF_cs.conllu](19) in project [BG_CHILDES_TB](0)
2026-04-10 10:05:57 INFO [admin] AnnotationSchemaServiceImpl - Upgraded CAS of user [yoana] for document [BOG_cds.conllu](12) in project [BG_CHILDES_TB](0)
2026-04-10 10:06:55 INFO [admin] AnnotationSchemaServiceImpl - Upgraded CAS of user [yoana] for document [TEF_cds.conllu](18) in project [BG_CHILDES_TB](0)
2026-04-10 10:08:36 INFO [admin] AnnotationSchemaServiceImpl - Upgraded CAS of user [yoana] for document [TEF_cs.conllu](19) in project [BG_CHILDES_TB](0)
2026-04-10 10:08:51 INFO [admin] DocumentServiceImpl - Created annotation document [yoana@UD_relations_example_for_each.conllu](44) in project [BG_CHILDES_TB](0)
2026-04-10 10:08:51 INFO [admin] AnnotationSchemaServiceImpl - Upgraded CAS of user [yoana] for document [UD_relations_example_for_each.conllu](20) in project [BG_CHILDES_TB](0)
2026-04-10 10:08:59 INFO [admin] AnnotationSchemaServiceImpl - Upgraded CAS of user [yoana] for document [TEF_cs.conllu](19) in project [BG_CHILDES_TB](0)
2026-04-10 10:09:19 INFO [admin] AnnotationSchemaServiceImpl - Upgraded CAS of user [yoana] for document [BOG_cds.conllu](12) in project [BG_CHILDES_TB](0)
2026-04-10 10:11:46 INFO [admin] AnnotationSchemaServiceImpl - Upgraded CAS of user [yoana] for document [TEF_cds.conllu](18) in project [BG_CHILDES_TB](0)
2026-04-10 10:11:46 INFO [admin] DocumentServiceImpl - Created annotation document [yoana@SIM_cds.conllu](45) in project [BG_CHILDES_TB](0)
2026-04-10 10:11:47 INFO [admin] AnnotationSchemaServiceImpl - Upgraded CAS of user [yoana] for document [SIM_cds.conllu](16) in project [BG_CHILDES_TB](0)
2026-04-10 10:11:53 INFO [admin] AnnotationSchemaServiceImpl - Upgraded CAS of user [yoana] for document [TEF_cds.conllu](18) in project [BG_CHILDES_TB](0)
2026-04-10 10:11:56 INFO [admin] AnnotationSchemaServiceImpl - Upgraded CAS of user [yoana] for document [SIM_cds.conllu](16) in project [BG_CHILDES_TB](0)
2026-04-10 10:12:01 INFO [admin] AnnotationSchemaServiceImpl - Upgraded CAS of user [yoana] for document [TEF_cds.conllu](18) in project [BG_CHILDES_TB](0)
2026-04-10 10:14:25 INFO [admin] AnnotationSchemaServiceImpl - Upgraded CAS of user [yoana] for document [BOG_cds.conllu](12) in project [BG_CHILDES_TB](0)
2026-04-10 10:26:44 INFO [admin] AnnotationSchemaServiceImpl - Upgraded CAS of user [yoana] for document [TEF_cds.conllu](18) in project [BG_CHILDES_TB](0)
2026-04-10 10:43:37 INFO [admin] AnnotationSchemaServiceImpl - Upgraded CAS of user [yoana] for document [BOG_cds.conllu](12) in project [BG_CHILDES_TB](0)
2026-04-10 11:34:40 INFO [admin] AnnotationSchemaServiceImpl - Upgraded CAS of user [ivelina] for document [TEF_cds.conllu](18) in project [BG_CHILDES_TB](0)
2026-04-10 12:26:44 INFO [admin] AnnotationSchemaServiceImpl - Upgraded CAS of user [yoana] for document [BOG_cds.conllu](12) in project [BG_CHILDES_TB](0)
2026-04-10 12:51:40 INFO [admin] AnnotationSchemaServiceImpl - Upgraded CAS of user [yoana] for document [BOG_cs.conllu](13) in project [BG_CHILDES_TB](0)
2026-04-10 12:57:00 INFO [admin] AnnotationSchemaServiceImpl - Upgraded CAS of user [yoana] for document [TEF_cds.conllu](18) in project [BG_CHILDES_TB](0)
2026-04-10 14:33:45 INFO [admin] AnnotationSchemaServiceImpl - Upgraded CAS of user [ivelina] for document [TEF_cds.conllu](18) in project [BG_CHILDES_TB](0)
2026-04-10 15:10:02 INFO [admin] AnnotationSchemaServiceImpl - Upgraded CAS of user [ivelina] for document [TEF_cds.conllu](18) in project [BG_CHILDES_TB](0)
2026-04-10 15:37:34 INFO [admin] AnnotationSchemaServiceImpl - Upgraded CAS of user [mila] for document [ALE_cds.conllu](10) in project [BG_CHILDES_TB](0)
2026-04-10 16:01:08 INFO [admin] AnnotationSchemaServiceImpl - Upgraded CAS of user [ivelina] for document [TEF_cds.conllu](18) in project [BG_CHILDES_TB](0)
2026-04-10 16:21:16 INFO [admin] AnnotationSchemaServiceImpl - Upgraded CAS of user [tsvetelina] for document [ELI_cs.conllu](15) in project [BG_CHILDES_TB](0)
2026-04-10 18:34:37 INFO [admin] AnnotationSchemaServiceImpl - Upgraded CAS of user [tsvetelina] for document [ELI_cds.conllu](14) in project [BG_CHILDES_TB](0)
2026-04-10 20:09:47 INFO [admin] AnnotationSchemaServiceImpl - Upgraded CAS of user [tsvetelina] for document [ELI_cds.conllu](14) in project [BG_CHILDES_TB](0)
2026-04-10 21:39:10 INFO [admin] AnnotationSchemaServiceImpl - Upgraded CAS of user [tsvetelina] for document [ELI_cs.conllu](15) in project [BG_CHILDES_TB](0)
2026-04-10 21:39:28 INFO [admin] AnnotationSchemaServiceImpl - Upgraded CAS of user [tsvetelina] for document [ELI_cds.conllu](14) in project [BG_CHILDES_TB](0)
2026-04-11 08:20:32 INFO [admin] AnnotationSchemaServiceImpl - Upgraded CAS of user [ivelina] for document [TEF_cds.conllu](18) in project [BG_CHILDES_TB](0)
2026-04-11 08:53:33 INFO [admin] AnnotationSchemaServiceImpl - Upgraded CAS of user [ivelina] for document [TEF_cds.conllu](18) in project [BG_CHILDES_TB](0)
2026-04-11 11:45:47 INFO [admin] AnnotationSchemaServiceImpl - Upgraded CAS of user [ivelina] for document [TEF_cds.conllu](18) in project [BG_CHILDES_TB](0)
2026-04-12 11:54:59 INFO [admin] AnnotationSchemaServiceImpl - Upgraded CAS of user [ivelina] for document [TEF_cds.conllu](18) in project [BG_CHILDES_TB](0)
2026-04-12 13:12:38 INFO [admin] AnnotationSchemaServiceImpl - Upgraded CAS of user [tsvetelina] for document [ELI_cds.conllu](14) in project [BG_CHILDES_TB](0)
2026-04-12 16:25:09 INFO [admin] AnnotationSchemaServiceImpl - Upgraded CAS of user [ivelina] for document [TEF_cds.conllu](18) in project [BG_CHILDES_TB](0)
2026-04-12 17:25:53 INFO [admin] AnnotationSchemaServiceImpl - Upgraded CAS of user [tsvetelina] for document [ELI_cs.conllu](15) in project [BG_CHILDES_TB](0)
2026-04-12 17:29:16 INFO [admin] AnnotationSchemaServiceImpl - Upgraded CAS of user [tsvetelina] for document [ELI_cds.conllu](14) in project [BG_CHILDES_TB](0)
2026-04-12 19:02:25 INFO [admin] AnnotationSchemaServiceImpl - Upgraded CAS of user [ivelina] for document [TEF_cds.conllu](18) in project [BG_CHILDES_TB](0)
2026-04-12 20:42:42 INFO [admin] AnnotationSchemaServiceImpl - Upgraded CAS of user [tsvetelina] for document [ELI_cds.conllu](14) in project [BG_CHILDES_TB](0)
2026-04-13 05:33:58 INFO [admin] AnnotationSchemaServiceImpl - Upgraded CAS of user [ivelina] for document [TEF_cds.conllu](18) in project [BG_CHILDES_TB](0)
2026-04-13 09:17:39 INFO [admin] AnnotationSchemaServiceImpl - Upgraded CAS of user [tsvetelina] for document [ELI_cds.conllu](14) in project [BG_CHILDES_TB](0)
2026-04-13 09:44:37 INFO [admin] AnnotationSchemaServiceImpl - Upgraded CAS of user [ivelina] for document [TEF_cs.conllu](19) in project [BG_CHILDES_TB](0)
2026-04-13 10:19:13 INFO [admin] DocumentServiceImpl - Created annotation document [tsvetelina@TEF_cs.conllu](46) in project [BG_CHILDES_TB](0)
2026-04-13 10:19:13 INFO [admin] AnnotationSchemaServiceImpl - Upgraded CAS of user [tsvetelina] for document [TEF_cs.conllu](19) in project [BG_CHILDES_TB](0)
2026-04-13 11:32:49 INFO [admin] AnnotationSchemaServiceImpl - Upgraded CAS of user [ivelina] for document [TEF_cs.conllu](19) in project [BG_CHILDES_TB](0)
2026-04-13 11:59:45 INFO [admin] AnnotationSchemaServiceImpl - Upgraded CAS of user [tsvetelina] for document [TEF_cs.conllu](19) in project [BG_CHILDES_TB](0)
2026-04-13 15:00:03 INFO [admin] AnnotationSchemaServiceImpl - Upgraded CAS of user [ivelina] for document [TEF_cs.conllu](19) in project [BG_CHILDES_TB](0)
2026-04-13 16:09:48 INFO [admin] AnnotationSchemaServiceImpl - Upgraded CAS of user [ivelina] for document [TEF_cs.conllu](19) in project [BG_CHILDES_TB](0)
2026-04-13 16:20:13 INFO [admin] DocumentServiceImpl - Created annotation document [ivelina@UD_relations_example_for_each.conllu](47) in project [BG_CHILDES_TB](0)
2026-04-13 16:20:13 INFO [admin] AnnotationSchemaServiceImpl - Upgraded CAS of user [ivelina] for document [UD_relations_example_for_each.conllu](20) in project [BG_CHILDES_TB](0)
2026-04-13 16:21:05 INFO [admin] AnnotationSchemaServiceImpl - Upgraded CAS of user [ivelina] for document [TEF_cs.conllu](19) in project [BG_CHILDES_TB](0)
2026-04-13 20:29:56 INFO [admin] AnnotationSchemaServiceImpl - Upgraded CAS of user [ivelina] for document [TEF_cs.conllu](19) in project [BG_CHILDES_TB](0)
2026-04-13 20:30:27 INFO [admin] AnnotationSchemaServiceImpl - Upgraded CAS of user [ivelina] for document [ALE_cds.conllu](10) in project [BG_CHILDES_TB](0)
2026-04-13 20:32:08 INFO [admin] AnnotationSchemaServiceImpl - Upgraded CAS of user [ivelina] for document [TEF_cs.conllu](19) in project [BG_CHILDES_TB](0)
2026-04-13 20:42:50 INFO [admin] AnnotationSchemaServiceImpl - Upgraded CAS of user [ivelina] for document [SIM_cds.conllu](16) in project [BG_CHILDES_TB](0)
2026-04-13 20:43:29 INFO [admin] AnnotationSchemaServiceImpl - Upgraded CAS of user [ivelina] for document [TEF_cds.conllu](18) in project [BG_CHILDES_TB](0)
2026-04-13 21:26:47 INFO [admin] AnnotationSchemaServiceImpl - Upgraded CAS of user [ivelina] for document [TEF_cds.conllu](18) in project [BG_CHILDES_TB](0)
2026-04-14 09:26:39 INFO [admin] AnnotationSchemaServiceImpl - Upgraded CAS of user [ivelina] for document [TEF_cds.conllu](18) in project [BG_CHILDES_TB](0)
2026-04-14 09:26:46 INFO [admin] AnnotationSchemaServiceImpl - Upgraded CAS of user [ivelina] for document [TEF_cs.conllu](19) in project [BG_CHILDES_TB](0)
2026-04-14 11:52:34 INFO [admin] AnnotationSchemaServiceImpl - Upgraded CAS of user [ivelina] for document [TEF_cs.conllu](19) in project [BG_CHILDES_TB](0)
2026-04-15 07:56:43 INFO [admin] ProjectPermissionsExporter - Exported [9] permissions for project [UD-CHILDES-BG]
2026-04-15 07:56:43 INFO [admin] DocumentRepositoryExporter - Exported [0] document repositories for project [UD-CHILDES-BG]
2026-04-15 07:56:43 INFO [admin] KnowledgeBaseExporter - Exported [0] knowledge bases for project [UD-CHILDES-BG]
2026-04-15 07:56:43 INFO [admin] LayerExporter - Exported [10] layers for project [UD-CHILDES-BG]
2026-04-15 07:56:43 INFO [admin] TagSetExporter - Exported [23] tagsets for project [UD-CHILDES-BG]
2026-04-15 07:56:44 INFO [admin] DocumentImportExportServiceImpl - Exported annotations [ALE_cds.conllu](10) for user [CURATION_USER] from project [UD-CHILDES-BG](0) using format [conllu]
2026-04-15 07:56:44 INFO [admin] DocumentImportExportServiceImpl - Exported annotations [BOG_cds.conllu](12) for user [CURATION_USER] from project [UD-CHILDES-BG](0) using format [conllu]
2026-04-15 07:56:44 INFO [admin] DocumentImportExportServiceImpl - Exported annotations [BOG_cs.conllu](13) for user [CURATION_USER] from project [UD-CHILDES-BG](0) using format [conllu]
2026-04-15 07:56:44 INFO [admin] DocumentImportExportServiceImpl - Exported annotations [ELI_cs.conllu](15) for user [CURATION_USER] from project [UD-CHILDES-BG](0) using format [conllu]
2026-04-15 07:56:44 INFO [admin] DocumentImportExportServiceImpl - Exported annotations [SIM_cds.conllu](16) for user [CURATION_USER] from project [UD-CHILDES-BG](0) using format [conllu]
2026-04-15 07:56:44 INFO [admin] CurationWorkflowExporter - Exported curation workflow settings for project [UD-CHILDES-BG](0)
2026-04-15 07:56:44 INFO [admin] SourceDocumentExporter - Exported content for source document [10] in project [UD-CHILDES-BG] with id [0]
2026-04-15 07:56:44 INFO [admin] SourceDocumentExporter - Exported content for source document [11] in project [UD-CHILDES-BG] with id [0]
2026-04-15 07:56:44 INFO [admin] SourceDocumentExporter - Exported content for source document [12] in project [UD-CHILDES-BG] with id [0]
2026-04-15 07:56:44 INFO [admin] SourceDocumentExporter - Exported content for source document [13] in project [UD-CHILDES-BG] with id [0]
2026-04-15 07:56:44 INFO [admin] SourceDocumentExporter - Exported content for source document [14] in project [UD-CHILDES-BG] with id [0]
2026-04-15 07:56:44 INFO [admin] SourceDocumentExporter - Exported content for source document [15] in project [UD-CHILDES-BG] with id [0]
2026-04-15 07:56:44 INFO [admin] SourceDocumentExporter - Exported content for source document [16] in project [UD-CHILDES-BG] with id [0]
2026-04-15 07:56:44 INFO [admin] SourceDocumentExporter - Exported content for source document [17] in project [UD-CHILDES-BG] with id [0]
2026-04-15 07:56:44 INFO [admin] SourceDocumentExporter - Exported content for source document [18] in project [UD-CHILDES-BG] with id [0]
2026-04-15 07:56:44 INFO [admin] SourceDocumentExporter - Exported content for source document [19] in project [UD-CHILDES-BG] with id [0]
2026-04-15 07:56:44 INFO [admin] SourceDocumentExporter - Exported content for source document [20] in project [UD-CHILDES-BG] with id [0]
2026-04-15 07:56:46 INFO [admin] LoggedEventExporter - Exported [20364] logged events for project [UD-CHILDES-BG]
2026-04-15 07:56:46 INFO [admin] LoggedEventExporter - Skipped [59] logged events for [10] documents no longer existing
2026-04-15 07:56:46 INFO [admin] DefaultProjectPreferencesExporter - Exported [0] default preferences for project [UD-CHILDES-BG]
2026-04-15 07:56:46 INFO [admin] UserProjectPreferencesExporter - Exported [7] user preferences for project [UD-CHILDES-BG]
2026-04-15 07:56:46 INFO [admin] GazeteerExporter - Exported [0] gazeteers for project [UD-CHILDES-BG]
2026-04-15 07:56:46 INFO [admin] WorkloadManagerExporter - Exported workload manager for project [UD-CHILDES-BG]
2026-04-15 07:56:46 INFO [admin] RecommenderExporter - Exported [3] recommenders for project [UD-CHILDES-BG]
2026-04-15 07:56:46 INFO [admin] DocumentImportExportServiceImpl - Exported annotations [ALE_cds.conllu](10) for user [INITIAL_CAS] from project [UD-CHILDES-BG](0) using format [conllu]
2026-04-15 07:56:46 INFO [admin] AnnotationDocumentExporter - Exported annotation document content for user [INITIAL_CAS] for source document [ALE_cds.conllu](10) in project [UD-CHILDES-BG](0)
2026-04-15 07:56:46 INFO [admin] DocumentImportExportServiceImpl - Exported annotations [ALE_cds.conllu](10) for user [ivelina] from project [UD-CHILDES-BG](0) using format [conllu]
2026-04-15 07:56:46 INFO [admin] AnnotationDocumentExporter - Exported annotation document content for user [ivelina] for source document [ALE_cds.conllu](10) in project [UD-CHILDES-BG](0)
2026-04-15 07:56:46 INFO [admin] DocumentImportExportServiceImpl - Exported annotations [ALE_cds.conllu](10) for user [admin] from project [UD-CHILDES-BG](0) using format [conllu]
2026-04-15 07:56:46 INFO [admin] AnnotationDocumentExporter - Exported annotation document content for user [admin] for source document [ALE_cds.conllu](10) in project [UD-CHILDES-BG](0)
2026-04-15 07:56:46 INFO [admin] DocumentImportExportServiceImpl - Exported annotations [ALE_cds.conllu](10) for user [yasena] from project [UD-CHILDES-BG](0) using format [conllu]
2026-04-15 07:56:46 INFO [admin] AnnotationDocumentExporter - Exported annotation document content for user [yasena] for source document [ALE_cds.conllu](10) in project [UD-CHILDES-BG](0)
2026-04-15 07:56:46 INFO [admin] DocumentImportExportServiceImpl - Exported annotations [ALE_cds.conllu](10) for user [yoana] from project [UD-CHILDES-BG](0) using format [conllu]
2026-04-15 07:56:46 INFO [admin] AnnotationDocumentExporter - Exported annotation document content for user [yoana] for source document [ALE_cds.conllu](10) in project [UD-CHILDES-BG](0)
2026-04-15 07:56:46 INFO [admin] DocumentImportExportServiceImpl - Exported annotations [ALE_cds.conllu](10) for user [mila] from project [UD-CHILDES-BG](0) using format [conllu]
2026-04-15 07:56:46 INFO [admin] AnnotationDocumentExporter - Exported annotation document content for user [mila] for source document [ALE_cds.conllu](10) in project [UD-CHILDES-BG](0)
2026-04-15 07:56:46 INFO [admin] DocumentImportExportServiceImpl - Exported annotations [ALE_cs.conllu](11) for user [INITIAL_CAS] from project [UD-CHILDES-BG](0) using format [conllu]
2026-04-15 07:56:46 INFO [admin] AnnotationDocumentExporter - Exported annotation document content for user [INITIAL_CAS] for source document [ALE_cs.conllu](11) in project [UD-CHILDES-BG](0)
2026-04-15 07:56:46 INFO [admin] DocumentImportExportServiceImpl - Exported annotations [ALE_cs.conllu](11) for user [admin] from project [UD-CHILDES-BG](0) using format [conllu]
2026-04-15 07:56:46 INFO [admin] AnnotationDocumentExporter - Exported annotation document content for user [admin] for source document [ALE_cs.conllu](11) in project [UD-CHILDES-BG](0)
2026-04-15 07:56:47 INFO [admin] DocumentImportExportServiceImpl - Exported annotations [ALE_cs.conllu](11) for user [ivelina] from project [UD-CHILDES-BG](0) using format [conllu]
2026-04-15 07:56:47 INFO [admin] AnnotationDocumentExporter - Exported annotation document content for user [ivelina] for source document [ALE_cs.conllu](11) in project [UD-CHILDES-BG](0)
2026-04-15 07:56:47 INFO [admin] DocumentImportExportServiceImpl - Exported annotations [ALE_cs.conllu](11) for user [yoana] from project [UD-CHILDES-BG](0) using format [conllu]
2026-04-15 07:56:47 INFO [admin] AnnotationDocumentExporter - Exported annotation document content for user [yoana] for source document [ALE_cs.conllu](11) in project [UD-CHILDES-BG](0)
2026-04-15 07:56:47 INFO [admin] DocumentImportExportServiceImpl - Exported annotations [ALE_cs.conllu](11) for user [yasena] from project [UD-CHILDES-BG](0) using format [conllu]
2026-04-15 07:56:47 INFO [admin] AnnotationDocumentExporter - Exported annotation document content for user [yasena] for source document [ALE_cs.conllu](11) in project [UD-CHILDES-BG](0)
2026-04-15 07:56:47 INFO [admin] DocumentImportExportServiceImpl - Exported annotations [ALE_cs.conllu](11) for user [mila] from project [UD-CHILDES-BG](0) using format [conllu]
2026-04-15 07:56:47 INFO [admin] AnnotationDocumentExporter - Exported annotation document content for user [mila] for source document [ALE_cs.conllu](11) in project [UD-CHILDES-BG](0)
2026-04-15 07:56:47 INFO [admin] DocumentImportExportServiceImpl - Exported annotations [BOG_cds.conllu](12) for user [INITIAL_CAS] from project [UD-CHILDES-BG](0) using format [conllu]
2026-04-15 07:56:47 INFO [admin] AnnotationDocumentExporter - Exported annotation document content for user [INITIAL_CAS] for source document [BOG_cds.conllu](12) in project [UD-CHILDES-BG](0)
2026-04-15 07:56:47 INFO [admin] DocumentImportExportServiceImpl - Exported annotations [BOG_cds.conllu](12) for user [admin] from project [UD-CHILDES-BG](0) using format [conllu]
2026-04-15 07:56:47 INFO [admin] AnnotationDocumentExporter - Exported annotation document content for user [admin] for source document [BOG_cds.conllu](12) in project [UD-CHILDES-BG](0)
2026-04-15 07:56:47 INFO [admin] DocumentImportExportServiceImpl - Exported annotations [BOG_cds.conllu](12) for user [ivelina] from project [UD-CHILDES-BG](0) using format [conllu]
2026-04-15 07:56:47 INFO [admin] AnnotationDocumentExporter - Exported annotation document content for user [ivelina] for source document [BOG_cds.conllu](12) in project [UD-CHILDES-BG](0)
2026-04-15 07:56:47 INFO [admin] DocumentImportExportServiceImpl - Exported annotations [BOG_cds.conllu](12) for user [mila] from project [UD-CHILDES-BG](0) using format [conllu]
2026-04-15 07:56:47 INFO [admin] AnnotationDocumentExporter - Exported annotation document content for user [mila] for source document [BOG_cds.conllu](12) in project [UD-CHILDES-BG](0)
2026-04-15 07:56:47 INFO [admin] DocumentImportExportServiceImpl - Exported annotations [BOG_cds.conllu](12) for user [yasena] from project [UD-CHILDES-BG](0) using format [conllu]
2026-04-15 07:56:47 INFO [admin] AnnotationDocumentExporter - Exported annotation document content for user [yasena] for source document [BOG_cds.conllu](12) in project [UD-CHILDES-BG](0)
2026-04-15 07:56:47 INFO [admin] DocumentImportExportServiceImpl - Exported annotations [BOG_cds.conllu](12) for user [yoana] from project [UD-CHILDES-BG](0) using format [conllu]
2026-04-15 07:56:47 INFO [admin] AnnotationDocumentExporter - Exported annotation document content for user [yoana] for source document [BOG_cds.conllu](12) in project [UD-CHILDES-BG](0)
2026-04-15 07:56:47 INFO [admin] DocumentImportExportServiceImpl - Exported annotations [BOG_cs.conllu](13) for user [INITIAL_CAS] from project [UD-CHILDES-BG](0) using format [conllu]
2026-04-15 07:56:47 INFO [admin] AnnotationDocumentExporter - Exported annotation document content for user [INITIAL_CAS] for source document [BOG_cs.conllu](13) in project [UD-CHILDES-BG](0)
2026-04-15 07:56:47 INFO [admin] DocumentImportExportServiceImpl - Exported annotations [BOG_cs.conllu](13) for user [ivelina] from project [UD-CHILDES-BG](0) using format [conllu]
2026-04-15 07:56:47 INFO [admin] AnnotationDocumentExporter - Exported annotation document content for user [ivelina] for source document [BOG_cs.conllu](13) in project [UD-CHILDES-BG](0)
2026-04-15 07:56:47 INFO [admin] DocumentImportExportServiceImpl - Exported annotations [BOG_cs.conllu](13) for user [mila] from project [UD-CHILDES-BG](0) using format [conllu]
2026-04-15 07:56:47 INFO [admin] AnnotationDocumentExporter - Exported annotation document content for user [mila] for source document [BOG_cs.conllu](13) in project [UD-CHILDES-BG](0)
2026-04-15 07:56:47 INFO [admin] DocumentImportExportServiceImpl - Exported annotations [BOG_cs.conllu](13) for user [yoana] from project [UD-CHILDES-BG](0) using format [conllu]
2026-04-15 07:56:47 INFO [admin] AnnotationDocumentExporter - Exported annotation document content for user [yoana] for source document [BOG_cs.conllu](13) in project [UD-CHILDES-BG](0)
2026-04-15 07:56:47 INFO [admin] DocumentImportExportServiceImpl - Exported annotations [ELI_cds.conllu](14) for user [INITIAL_CAS] from project [UD-CHILDES-BG](0) using format [conllu]
2026-04-15 07:56:47 INFO [admin] AnnotationDocumentExporter - Exported annotation document content for user [INITIAL_CAS] for source document [ELI_cds.conllu](14) in project [UD-CHILDES-BG](0)
2026-04-15 07:56:47 INFO [admin] DocumentImportExportServiceImpl - Exported annotations [ELI_cds.conllu](14) for user [ivelina] from project [UD-CHILDES-BG](0) using format [conllu]
2026-04-15 07:56:47 INFO [admin] AnnotationDocumentExporter - Exported annotation document content for user [ivelina] for source document [ELI_cds.conllu](14) in project [UD-CHILDES-BG](0)
2026-04-15 07:56:47 INFO [admin] DocumentImportExportServiceImpl - Exported annotations [ELI_cds.conllu](14) for user [mila] from project [UD-CHILDES-BG](0) using format [conllu]
2026-04-15 07:56:47 INFO [admin] AnnotationDocumentExporter - Exported annotation document content for user [mila] for source document [ELI_cds.conllu](14) in project [UD-CHILDES-BG](0)
2026-04-15 07:56:47 INFO [admin] DocumentImportExportServiceImpl - Exported annotations [ELI_cds.conllu](14) for user [tsvetelina] from project [UD-CHILDES-BG](0) using format [conllu]
2026-04-15 07:56:47 INFO [admin] AnnotationDocumentExporter - Exported annotation document content for user [tsvetelina] for source document [ELI_cds.conllu](14) in project [UD-CHILDES-BG](0)
2026-04-15 07:56:47 INFO [admin] DocumentImportExportServiceImpl - Exported annotations [ELI_cs.conllu](15) for user [INITIAL_CAS] from project [UD-CHILDES-BG](0) using format [conllu]
2026-04-15 07:56:47 INFO [admin] AnnotationDocumentExporter - Exported annotation document content for user [INITIAL_CAS] for source document [ELI_cs.conllu](15) in project [UD-CHILDES-BG](0)
2026-04-15 07:56:47 INFO [admin] DocumentImportExportServiceImpl - Exported annotations [ELI_cs.conllu](15) for user [mila] from project [UD-CHILDES-BG](0) using format [conllu]
2026-04-15 07:56:47 INFO [admin] AnnotationDocumentExporter - Exported annotation document content for user [mila] for source document [ELI_cs.conllu](15) in project [UD-CHILDES-BG](0)
2026-04-15 07:56:47 INFO [admin] DocumentImportExportServiceImpl - Exported annotations [ELI_cs.conllu](15) for user [tsvetelina] from project [UD-CHILDES-BG](0) using format [conllu]
2026-04-15 07:56:47 INFO [admin] AnnotationDocumentExporter - Exported annotation document content for user [tsvetelina] for source document [ELI_cs.conllu](15) in project [UD-CHILDES-BG](0)
2026-04-15 07:56:48 INFO [admin] DocumentImportExportServiceImpl - Exported annotations [SIM_cds.conllu](16) for user [INITIAL_CAS] from project [UD-CHILDES-BG](0) using format [conllu]
2026-04-15 07:56:48 INFO [admin] AnnotationDocumentExporter - Exported annotation document content for user [INITIAL_CAS] for source document [SIM_cds.conllu](16) in project [UD-CHILDES-BG](0)
2026-04-15 07:56:48 INFO [admin] DocumentImportExportServiceImpl - Exported annotations [SIM_cds.conllu](16) for user [ivelina] from project [UD-CHILDES-BG](0) using format [conllu]
2026-04-15 07:56:48 INFO [admin] AnnotationDocumentExporter - Exported annotation document content for user [ivelina] for source document [SIM_cds.conllu](16) in project [UD-CHILDES-BG](0)
2026-04-15 07:56:48 INFO [admin] DocumentImportExportServiceImpl - Exported annotations [SIM_cds.conllu](16) for user [tsvetina] from project [UD-CHILDES-BG](0) using format [conllu]
2026-04-15 07:56:48 INFO [admin] AnnotationDocumentExporter - Exported annotation document content for user [tsvetina] for source document [SIM_cds.conllu](16) in project [UD-CHILDES-BG](0)
2026-04-15 07:56:48 INFO [admin] DocumentImportExportServiceImpl - Exported annotations [SIM_cds.conllu](16) for user [mila] from project [UD-CHILDES-BG](0) using format [conllu]
2026-04-15 07:56:48 INFO [admin] AnnotationDocumentExporter - Exported annotation document content for user [mila] for source document [SIM_cds.conllu](16) in project [UD-CHILDES-BG](0)
2026-04-15 07:56:48 INFO [admin] DocumentImportExportServiceImpl - Exported annotations [SIM_cds.conllu](16) for user [yoana] from project [UD-CHILDES-BG](0) using format [conllu]
2026-04-15 07:56:48 INFO [admin] AnnotationDocumentExporter - Exported annotation document content for user [yoana] for source document [SIM_cds.conllu](16) in project [UD-CHILDES-BG](0)
2026-04-15 07:56:48 INFO [admin] DocumentImportExportServiceImpl - Exported annotations [SIM_cs.conllu](17) for user [INITIAL_CAS] from project [UD-CHILDES-BG](0) using format [conllu]
2026-04-15 07:56:48 INFO [admin] AnnotationDocumentExporter - Exported annotation document content for user [INITIAL_CAS] for source document [SIM_cs.conllu](17) in project [UD-CHILDES-BG](0)
2026-04-15 07:56:48 INFO [admin] DocumentImportExportServiceImpl - Exported annotations [SIM_cs.conllu](17) for user [ivelina] from project [UD-CHILDES-BG](0) using format [conllu]
2026-04-15 07:56:48 INFO [admin] AnnotationDocumentExporter - Exported annotation document content for user [ivelina] for source document [SIM_cs.conllu](17) in project [UD-CHILDES-BG](0)
2026-04-15 07:56:49 INFO [admin] DocumentImportExportServiceImpl - Exported annotations [SIM_cs.conllu](17) for user [mila] from project [UD-CHILDES-BG](0) using format [conllu]
2026-04-15 07:56:49 INFO [admin] AnnotationDocumentExporter - Exported annotation document content for user [mila] for source document [SIM_cs.conllu](17) in project [UD-CHILDES-BG](0)
2026-04-15 07:56:49 INFO [admin] DocumentImportExportServiceImpl - Exported annotations [SIM_cs.conllu](17) for user [admin] from project [UD-CHILDES-BG](0) using format [conllu]
2026-04-15 07:56:49 INFO [admin] AnnotationDocumentExporter - Exported annotation document content for user [admin] for source document [SIM_cs.conllu](17) in project [UD-CHILDES-BG](0)
2026-04-15 07:56:49 INFO [admin] DocumentImportExportServiceImpl - Exported annotations [SIM_cs.conllu](17) for user [tsvetina] from project [UD-CHILDES-BG](0) using format [conllu]
2026-04-15 07:56:49 INFO [admin] AnnotationDocumentExporter - Exported annotation document content for user [tsvetina] for source document [SIM_cs.conllu](17) in project [UD-CHILDES-BG](0)
2026-04-15 07:56:49 INFO [admin] DocumentImportExportServiceImpl - Exported annotations [TEF_cds.conllu](18) for user [INITIAL_CAS] from project [UD-CHILDES-BG](0) using format [conllu]
2026-04-15 07:56:49 INFO [admin] AnnotationDocumentExporter - Exported annotation document content for user [INITIAL_CAS] for source document [TEF_cds.conllu](18) in project [UD-CHILDES-BG](0)
2026-04-15 07:56:49 INFO [admin] DocumentImportExportServiceImpl - Exported annotations [TEF_cds.conllu](18) for user [mila] from project [UD-CHILDES-BG](0) using format [conllu]
2026-04-15 07:56:49 INFO [admin] AnnotationDocumentExporter - Exported annotation document content for user [mila] for source document [TEF_cds.conllu](18) in project [UD-CHILDES-BG](0)
2026-04-15 07:56:49 INFO [admin] DocumentImportExportServiceImpl - Exported annotations [TEF_cds.conllu](18) for user [yoana] from project [UD-CHILDES-BG](0) using format [conllu]
2026-04-15 07:56:49 INFO [admin] AnnotationDocumentExporter - Exported annotation document content for user [yoana] for source document [TEF_cds.conllu](18) in project [UD-CHILDES-BG](0)
2026-04-15 07:56:49 INFO [admin] DocumentImportExportServiceImpl - Exported annotations [TEF_cds.conllu](18) for user [ivelina] from project [UD-CHILDES-BG](0) using format [conllu]
2026-04-15 07:56:49 INFO [admin] AnnotationDocumentExporter - Exported annotation document content for user [ivelina] for source document [TEF_cds.conllu](18) in project [UD-CHILDES-BG](0)
2026-04-15 07:56:49 INFO [admin] DocumentImportExportServiceImpl - Exported annotations [TEF_cs.conllu](19) for user [INITIAL_CAS] from project [UD-CHILDES-BG](0) using format [conllu]
2026-04-15 07:56:49 INFO [admin] AnnotationDocumentExporter - Exported annotation document content for user [INITIAL_CAS] for source document [TEF_cs.conllu](19) in project [UD-CHILDES-BG](0)
2026-04-15 07:56:49 INFO [admin] DocumentImportExportServiceImpl - Exported annotations [TEF_cs.conllu](19) for user [admin] from project [UD-CHILDES-BG](0) using format [conllu]
2026-04-15 07:56:49 INFO [admin] AnnotationDocumentExporter - Exported annotation document content for user [admin] for source document [TEF_cs.conllu](19) in project [UD-CHILDES-BG](0)
2026-04-15 07:56:49 INFO [admin] DocumentImportExportServiceImpl - Exported annotations [TEF_cs.conllu](19) for user [mila] from project [UD-CHILDES-BG](0) using format [conllu]
2026-04-15 07:56:49 INFO [admin] AnnotationDocumentExporter - Exported annotation document content for user [mila] for source document [TEF_cs.conllu](19) in project [UD-CHILDES-BG](0)
2026-04-15 07:56:49 INFO [admin] DocumentImportExportServiceImpl - Exported annotations [TEF_cs.conllu](19) for user [yoana] from project [UD-CHILDES-BG](0) using format [conllu]
2026-04-15 07:56:49 INFO [admin] AnnotationDocumentExporter - Exported annotation document content for user [yoana] for source document [TEF_cs.conllu](19) in project [UD-CHILDES-BG](0)
2026-04-15 07:56:49 INFO [admin] DocumentImportExportServiceImpl - Exported annotations [TEF_cs.conllu](19) for user [tsvetelina] from project [UD-CHILDES-BG](0) using format [conllu]
2026-04-15 07:56:49 INFO [admin] AnnotationDocumentExporter - Exported annotation document content for user [tsvetelina] for source document [TEF_cs.conllu](19) in project [UD-CHILDES-BG](0)
2026-04-15 07:56:49 INFO [admin] DocumentImportExportServiceImpl - Exported annotations [TEF_cs.conllu](19) for user [ivelina] from project [UD-CHILDES-BG](0) using format [conllu]
2026-04-15 07:56:49 INFO [admin] AnnotationDocumentExporter - Exported annotation document content for user [ivelina] for source document [TEF_cs.conllu](19) in project [UD-CHILDES-BG](0)
2026-04-15 07:56:49 INFO [admin] DocumentImportExportServiceImpl - Exported annotations [UD_relations_example_for_each.conllu](20) for user [INITIAL_CAS] from project [UD-CHILDES-BG](0) using format [conllu]
2026-04-15 07:56:49 INFO [admin] AnnotationDocumentExporter - Exported annotation document content for user [INITIAL_CAS] for source document [UD_relations_example_for_each.conllu](20) in project [UD-CHILDES-BG](0)
2026-04-15 07:56:49 INFO [admin] DocumentImportExportServiceImpl - Exported annotations [UD_relations_example_for_each.conllu](20) for user [mila] from project [UD-CHILDES-BG](0) using format [conllu]
2026-04-15 07:56:49 INFO [admin] AnnotationDocumentExporter - Exported annotation document content for user [mila] for source document [UD_relations_example_for_each.conllu](20) in project [UD-CHILDES-BG](0)
2026-04-15 07:56:49 INFO [admin] DocumentImportExportServiceImpl - Exported annotations [UD_relations_example_for_each.conllu](20) for user [admin] from project [UD-CHILDES-BG](0) using format [conllu]
2026-04-15 07:56:49 INFO [admin] AnnotationDocumentExporter - Exported annotation document content for user [admin] for source document [UD_relations_example_for_each.conllu](20) in project [UD-CHILDES-BG](0)
2026-04-15 07:56:49 INFO [admin] DocumentImportExportServiceImpl - Exported annotations [UD_relations_example_for_each.conllu](20) for user [yoana] from project [UD-CHILDES-BG](0) using format [conllu]
2026-04-15 07:56:49 INFO [admin] AnnotationDocumentExporter - Exported annotation document content for user [yoana] for source document [UD_relations_example_for_each.conllu](20) in project [UD-CHILDES-BG](0)
2026-04-15 07:56:49 INFO [admin] DocumentImportExportServiceImpl - Exported annotations [UD_relations_example_for_each.conllu](20) for user [ivelina] from project [UD-CHILDES-BG](0) using format [conllu]
2026-04-15 07:56:49 INFO [admin] AnnotationDocumentExporter - Exported annotation document content for user [ivelina] for source document [UD_relations_example_for_each.conllu](20) in project [UD-CHILDES-BG](0)
2026-04-15 07:57:38 INFO [admin] ProjectPermissionsExporter - Exported [9] permissions for project [UD-CHILDES-BG]
2026-04-15 07:57:38 INFO [admin] DocumentRepositoryExporter - Exported [0] document repositories for project [UD-CHILDES-BG]
2026-04-15 07:57:38 INFO [admin] KnowledgeBaseExporter - Exported [0] knowledge bases for project [UD-CHILDES-BG]
2026-04-15 07:57:38 INFO [admin] LayerExporter - Exported [10] layers for project [UD-CHILDES-BG]
2026-04-15 07:57:38 INFO [admin] TagSetExporter - Exported [23] tagsets for project [UD-CHILDES-BG]
2026-04-15 07:57:38 INFO [admin] DocumentImportExportServiceImpl - Exported annotations [ALE_cds.conllu](10) for user [CURATION_USER] from project [UD-CHILDES-BG](0) using format [conllu]
2026-04-15 07:57:38 INFO [admin] DocumentImportExportServiceImpl - Exported annotations [BOG_cds.conllu](12) for user [CURATION_USER] from project [UD-CHILDES-BG](0) using format [conllu]
2026-04-15 07:57:38 INFO [admin] DocumentImportExportServiceImpl - Exported annotations [BOG_cs.conllu](13) for user [CURATION_USER] from project [UD-CHILDES-BG](0) using format [conllu]
2026-04-15 07:57:38 INFO [admin] DocumentImportExportServiceImpl - Exported annotations [ELI_cs.conllu](15) for user [CURATION_USER] from project [UD-CHILDES-BG](0) using format [conllu]
2026-04-15 07:57:39 INFO [admin] DocumentImportExportServiceImpl - Exported annotations [SIM_cds.conllu](16) for user [CURATION_USER] from project [UD-CHILDES-BG](0) using format [conllu]
2026-04-15 07:57:39 INFO [admin] CurationWorkflowExporter - Exported curation workflow settings for project [UD-CHILDES-BG](0)
2026-04-15 07:57:39 INFO [admin] SourceDocumentExporter - Exported content for source document [10] in project [UD-CHILDES-BG] with id [0]
2026-04-15 07:57:39 INFO [admin] SourceDocumentExporter - Exported content for source document [11] in project [UD-CHILDES-BG] with id [0]
2026-04-15 07:57:39 INFO [admin] SourceDocumentExporter - Exported content for source document [12] in project [UD-CHILDES-BG] with id [0]
2026-04-15 07:57:39 INFO [admin] SourceDocumentExporter - Exported content for source document [13] in project [UD-CHILDES-BG] with id [0]
2026-04-15 07:57:39 INFO [admin] SourceDocumentExporter - Exported content for source document [14] in project [UD-CHILDES-BG] with id [0]
2026-04-15 07:57:39 INFO [admin] SourceDocumentExporter - Exported content for source document [15] in project [UD-CHILDES-BG] with id [0]
2026-04-15 07:57:39 INFO [admin] SourceDocumentExporter - Exported content for source document [16] in project [UD-CHILDES-BG] with id [0]
2026-04-15 07:57:39 INFO [admin] SourceDocumentExporter - Exported content for source document [17] in project [UD-CHILDES-BG] with id [0]
2026-04-15 07:57:39 INFO [admin] SourceDocumentExporter - Exported content for source document [18] in project [UD-CHILDES-BG] with id [0]
2026-04-15 07:57:39 INFO [admin] SourceDocumentExporter - Exported content for source document [19] in project [UD-CHILDES-BG] with id [0]
2026-04-15 07:57:39 INFO [admin] SourceDocumentExporter - Exported content for source document [20] in project [UD-CHILDES-BG] with id [0]
2026-04-15 07:57:39 INFO [admin] LoggedEventExporter - Exported [20364] logged events for project [UD-CHILDES-BG]
2026-04-15 07:57:39 INFO [admin] LoggedEventExporter - Skipped [59] logged events for [10] documents no longer existing
2026-04-15 07:57:39 INFO [admin] DefaultProjectPreferencesExporter - Exported [0] default preferences for project [UD-CHILDES-BG]
2026-04-15 07:57:39 INFO [admin] UserProjectPreferencesExporter - Exported [7] user preferences for project [UD-CHILDES-BG]
2026-04-15 07:57:39 INFO [admin] GazeteerExporter - Exported [0] gazeteers for project [UD-CHILDES-BG]
2026-04-15 07:57:39 INFO [admin] WorkloadManagerExporter - Exported workload manager for project [UD-CHILDES-BG]
2026-04-15 07:57:39 INFO [admin] RecommenderExporter - Exported [3] recommenders for project [UD-CHILDES-BG]
2026-04-15 07:57:40 INFO [admin] DocumentImportExportServiceImpl - Exported annotations [ALE_cds.conllu](10) for user [INITIAL_CAS] from project [UD-CHILDES-BG](0) using format [conllu]
2026-04-15 07:57:40 INFO [admin] AnnotationDocumentExporter - Exported annotation document content for user [INITIAL_CAS] for source document [ALE_cds.conllu](10) in project [UD-CHILDES-BG](0)
2026-04-15 07:57:40 INFO [admin] DocumentImportExportServiceImpl - Exported annotations [ALE_cds.conllu](10) for user [ivelina] from project [UD-CHILDES-BG](0) using format [conllu]
2026-04-15 07:57:40 INFO [admin] AnnotationDocumentExporter - Exported annotation document content for user [ivelina] for source document [ALE_cds.conllu](10) in project [UD-CHILDES-BG](0)
2026-04-15 07:57:40 INFO [admin] DocumentImportExportServiceImpl - Exported annotations [ALE_cds.conllu](10) for user [admin] from project [UD-CHILDES-BG](0) using format [conllu]
2026-04-15 07:57:40 INFO [admin] AnnotationDocumentExporter - Exported annotation document content for user [admin] for source document [ALE_cds.conllu](10) in project [UD-CHILDES-BG](0)
2026-04-15 07:57:40 INFO [admin] DocumentImportExportServiceImpl - Exported annotations [ALE_cds.conllu](10) for user [yasena] from project [UD-CHILDES-BG](0) using format [conllu]
2026-04-15 07:57:40 INFO [admin] AnnotationDocumentExporter - Exported annotation document content for user [yasena] for source document [ALE_cds.conllu](10) in project [UD-CHILDES-BG](0)
2026-04-15 07:57:40 INFO [admin] DocumentImportExportServiceImpl - Exported annotations [ALE_cds.conllu](10) for user [yoana] from project [UD-CHILDES-BG](0) using format [conllu]
2026-04-15 07:57:40 INFO [admin] AnnotationDocumentExporter - Exported annotation document content for user [yoana] for source document [ALE_cds.conllu](10) in project [UD-CHILDES-BG](0)
2026-04-15 07:57:40 INFO [admin] DocumentImportExportServiceImpl - Exported annotations [ALE_cds.conllu](10) for user [mila] from project [UD-CHILDES-BG](0) using format [conllu]
2026-04-15 07:57:40 INFO [admin] AnnotationDocumentExporter - Exported annotation document content for user [mila] for source document [ALE_cds.conllu](10) in project [UD-CHILDES-BG](0)
2026-04-15 07:57:40 INFO [admin] DocumentImportExportServiceImpl - Exported annotations [ALE_cs.conllu](11) for user [INITIAL_CAS] from project [UD-CHILDES-BG](0) using format [conllu]
2026-04-15 07:57:40 INFO [admin] AnnotationDocumentExporter - Exported annotation document content for user [INITIAL_CAS] for source document [ALE_cs.conllu](11) in project [UD-CHILDES-BG](0)
2026-04-15 07:57:40 INFO [admin] DocumentImportExportServiceImpl - Exported annotations [ALE_cs.conllu](11) for user [admin] from project [UD-CHILDES-BG](0) using format [conllu]
2026-04-15 07:57:40 INFO [admin] AnnotationDocumentExporter - Exported annotation document content for user [admin] for source document [ALE_cs.conllu](11) in project [UD-CHILDES-BG](0)
2026-04-15 07:57:40 INFO [admin] DocumentImportExportServiceImpl - Exported annotations [ALE_cs.conllu](11) for user [ivelina] from project [UD-CHILDES-BG](0) using format [conllu]
2026-04-15 07:57:40 INFO [admin] AnnotationDocumentExporter - Exported annotation document content for user [ivelina] for source document [ALE_cs.conllu](11) in project [UD-CHILDES-BG](0)
2026-04-15 07:57:40 INFO [admin] DocumentImportExportServiceImpl - Exported annotations [ALE_cs.conllu](11) for user [yoana] from project [UD-CHILDES-BG](0) using format [conllu]
2026-04-15 07:57:40 INFO [admin] AnnotationDocumentExporter - Exported annotation document content for user [yoana] for source document [ALE_cs.conllu](11) in project [UD-CHILDES-BG](0)
2026-04-15 07:57:40 INFO [admin] DocumentImportExportServiceImpl - Exported annotations [ALE_cs.conllu](11) for user [yasena] from project [UD-CHILDES-BG](0) using format [conllu]
2026-04-15 07:57:40 INFO [admin] AnnotationDocumentExporter - Exported annotation document content for user [yasena] for source document [ALE_cs.conllu](11) in project [UD-CHILDES-BG](0)
2026-04-15 07:57:40 INFO [admin] DocumentImportExportServiceImpl - Exported annotations [ALE_cs.conllu](11) for user [mila] from project [UD-CHILDES-BG](0) using format [conllu]
2026-04-15 07:57:40 INFO [admin] AnnotationDocumentExporter - Exported annotation document content for user [mila] for source document [ALE_cs.conllu](11) in project [UD-CHILDES-BG](0)
2026-04-15 07:57:40 INFO [admin] DocumentImportExportServiceImpl - Exported annotations [BOG_cds.conllu](12) for user [INITIAL_CAS] from project [UD-CHILDES-BG](0) using format [conllu]
2026-04-15 07:57:40 INFO [admin] AnnotationDocumentExporter - Exported annotation document content for user [INITIAL_CAS] for source document [BOG_cds.conllu](12) in project [UD-CHILDES-BG](0)
2026-04-15 07:57:40 INFO [admin] DocumentImportExportServiceImpl - Exported annotations [BOG_cds.conllu](12) for user [admin] from project [UD-CHILDES-BG](0) using format [conllu]
2026-04-15 07:57:40 INFO [admin] AnnotationDocumentExporter - Exported annotation document content for user [admin] for source document [BOG_cds.conllu](12) in project [UD-CHILDES-BG](0)
2026-04-15 07:57:40 INFO [admin] DocumentImportExportServiceImpl - Exported annotations [BOG_cds.conllu](12) for user [ivelina] from project [UD-CHILDES-BG](0) using format [conllu]
2026-04-15 07:57:40 INFO [admin] AnnotationDocumentExporter - Exported annotation document content for user [ivelina] for source document [BOG_cds.conllu](12) in project [UD-CHILDES-BG](0)
2026-04-15 07:57:40 INFO [admin] DocumentImportExportServiceImpl - Exported annotations [BOG_cds.conllu](12) for user [mila] from project [UD-CHILDES-BG](0) using format [conllu]
2026-04-15 07:57:40 INFO [admin] AnnotationDocumentExporter - Exported annotation document content for user [mila] for source document [BOG_cds.conllu](12) in project [UD-CHILDES-BG](0)
2026-04-15 07:57:40 INFO [admin] DocumentImportExportServiceImpl - Exported annotations [BOG_cds.conllu](12) for user [yasena] from project [UD-CHILDES-BG](0) using format [conllu]
2026-04-15 07:57:40 INFO [admin] AnnotationDocumentExporter - Exported annotation document content for user [yasena] for source document [BOG_cds.conllu](12) in project [UD-CHILDES-BG](0)
2026-04-15 07:57:40 INFO [admin] DocumentImportExportServiceImpl - Exported annotations [BOG_cds.conllu](12) for user [yoana] from project [UD-CHILDES-BG](0) using format [conllu]
2026-04-15 07:57:40 INFO [admin] AnnotationDocumentExporter - Exported annotation document content for user [yoana] for source document [BOG_cds.conllu](12) in project [UD-CHILDES-BG](0)
2026-04-15 07:57:40 INFO [admin] DocumentImportExportServiceImpl - Exported annotations [BOG_cs.conllu](13) for user [INITIAL_CAS] from project [UD-CHILDES-BG](0) using format [conllu]
2026-04-15 07:57:40 INFO [admin] AnnotationDocumentExporter - Exported annotation document content for user [INITIAL_CAS] for source document [BOG_cs.conllu](13) in project [UD-CHILDES-BG](0)
2026-04-15 07:57:40 INFO [admin] DocumentImportExportServiceImpl - Exported annotations [BOG_cs.conllu](13) for user [ivelina] from project [UD-CHILDES-BG](0) using format [conllu]
2026-04-15 07:57:40 INFO [admin] AnnotationDocumentExporter - Exported annotation document content for user [ivelina] for source document [BOG_cs.conllu](13) in project [UD-CHILDES-BG](0)
2026-04-15 07:57:40 INFO [admin] DocumentImportExportServiceImpl - Exported annotations [BOG_cs.conllu](13) for user [mila] from project [UD-CHILDES-BG](0) using format [conllu]
2026-04-15 07:57:40 INFO [admin] AnnotationDocumentExporter - Exported annotation document content for user [mila] for source document [BOG_cs.conllu](13) in project [UD-CHILDES-BG](0)
2026-04-15 07:57:40 INFO [admin] DocumentImportExportServiceImpl - Exported annotations [BOG_cs.conllu](13) for user [yoana] from project [UD-CHILDES-BG](0) using format [conllu]
2026-04-15 07:57:40 INFO [admin] AnnotationDocumentExporter - Exported annotation document content for user [yoana] for source document [BOG_cs.conllu](13) in project [UD-CHILDES-BG](0)
2026-04-15 07:57:40 INFO [admin] DocumentImportExportServiceImpl - Exported annotations [ELI_cds.conllu](14) for user [INITIAL_CAS] from project [UD-CHILDES-BG](0) using format [conllu]
2026-04-15 07:57:40 INFO [admin] AnnotationDocumentExporter - Exported annotation document content for user [INITIAL_CAS] for source document [ELI_cds.conllu](14) in project [UD-CHILDES-BG](0)
2026-04-15 07:57:40 INFO [admin] DocumentImportExportServiceImpl - Exported annotations [ELI_cds.conllu](14) for user [ivelina] from project [UD-CHILDES-BG](0) using format [conllu]
2026-04-15 07:57:40 INFO [admin] AnnotationDocumentExporter - Exported annotation document content for user [ivelina] for source document [ELI_cds.conllu](14) in project [UD-CHILDES-BG](0)
2026-04-15 07:57:41 INFO [admin] DocumentImportExportServiceImpl - Exported annotations [ELI_cds.conllu](14) for user [mila] from project [UD-CHILDES-BG](0) using format [conllu]
2026-04-15 07:57:41 INFO [admin] AnnotationDocumentExporter - Exported annotation document content for user [mila] for source document [ELI_cds.conllu](14) in project [UD-CHILDES-BG](0)
2026-04-15 07:57:41 INFO [admin] DocumentImportExportServiceImpl - Exported annotations [ELI_cds.conllu](14) for user [tsvetelina] from project [UD-CHILDES-BG](0) using format [conllu]
2026-04-15 07:57:41 INFO [admin] AnnotationDocumentExporter - Exported annotation document content for user [tsvetelina] for source document [ELI_cds.conllu](14) in project [UD-CHILDES-BG](0)
2026-04-15 07:57:41 INFO [admin] DocumentImportExportServiceImpl - Exported annotations [ELI_cs.conllu](15) for user [INITIAL_CAS] from project [UD-CHILDES-BG](0) using format [conllu]
2026-04-15 07:57:41 INFO [admin] AnnotationDocumentExporter - Exported annotation document content for user [INITIAL_CAS] for source document [ELI_cs.conllu](15) in project [UD-CHILDES-BG](0)
2026-04-15 07:57:41 INFO [admin] DocumentImportExportServiceImpl - Exported annotations [ELI_cs.conllu](15) for user [mila] from project [UD-CHILDES-BG](0) using format [conllu]
2026-04-15 07:57:41 INFO [admin] AnnotationDocumentExporter - Exported annotation document content for user [mila] for source document [ELI_cs.conllu](15) in project [UD-CHILDES-BG](0)
2026-04-15 07:57:41 INFO [admin] DocumentImportExportServiceImpl - Exported annotations [ELI_cs.conllu](15) for user [tsvetelina] from project [UD-CHILDES-BG](0) using format [conllu]
2026-04-15 07:57:41 INFO [admin] AnnotationDocumentExporter - Exported annotation document content for user [tsvetelina] for source document [ELI_cs.conllu](15) in project [UD-CHILDES-BG](0)
2026-04-15 07:57:41 INFO [admin] DocumentImportExportServiceImpl - Exported annotations [SIM_cds.conllu](16) for user [INITIAL_CAS] from project [UD-CHILDES-BG](0) using format [conllu]
2026-04-15 07:57:41 INFO [admin] AnnotationDocumentExporter - Exported annotation document content for user [INITIAL_CAS] for source document [SIM_cds.conllu](16) in project [UD-CHILDES-BG](0)
2026-04-15 07:57:41 INFO [admin] DocumentImportExportServiceImpl - Exported annotations [SIM_cds.conllu](16) for user [ivelina] from project [UD-CHILDES-BG](0) using format [conllu]
2026-04-15 07:57:41 INFO [admin] AnnotationDocumentExporter - Exported annotation document content for user [ivelina] for source document [SIM_cds.conllu](16) in project [UD-CHILDES-BG](0)
2026-04-15 07:57:41 INFO [admin] DocumentImportExportServiceImpl - Exported annotations [SIM_cds.conllu](16) for user [tsvetina] from project [UD-CHILDES-BG](0) using format [conllu]
2026-04-15 07:57:41 INFO [admin] AnnotationDocumentExporter - Exported annotation document content for user [tsvetina] for source document [SIM_cds.conllu](16) in project [UD-CHILDES-BG](0)
2026-04-15 07:57:41 INFO [admin] DocumentImportExportServiceImpl - Exported annotations [SIM_cds.conllu](16) for user [mila] from project [UD-CHILDES-BG](0) using format [conllu]
2026-04-15 07:57:41 INFO [admin] AnnotationDocumentExporter - Exported annotation document content for user [mila] for source document [SIM_cds.conllu](16) in project [UD-CHILDES-BG](0)
2026-04-15 07:57:41 INFO [admin] DocumentImportExportServiceImpl - Exported annotations [SIM_cds.conllu](16) for user [yoana] from project [UD-CHILDES-BG](0) using format [conllu]
2026-04-15 07:57:41 INFO [admin] AnnotationDocumentExporter - Exported annotation document content for user [yoana] for source document [SIM_cds.conllu](16) in project [UD-CHILDES-BG](0)
2026-04-15 07:57:41 INFO [admin] DocumentImportExportServiceImpl - Exported annotations [SIM_cs.conllu](17) for user [INITIAL_CAS] from project [UD-CHILDES-BG](0) using format [conllu]
2026-04-15 07:57:41 INFO [admin] AnnotationDocumentExporter - Exported annotation document content for user [INITIAL_CAS] for source document [SIM_cs.conllu](17) in project [UD-CHILDES-BG](0)
2026-04-15 07:57:41 INFO [admin] DocumentImportExportServiceImpl - Exported annotations [SIM_cs.conllu](17) for user [ivelina] from project [UD-CHILDES-BG](0) using format [conllu]
2026-04-15 07:57:41 INFO [admin] AnnotationDocumentExporter - Exported annotation document content for user [ivelina] for source document [SIM_cs.conllu](17) in project [UD-CHILDES-BG](0)
2026-04-15 07:57:42 INFO [admin] DocumentImportExportServiceImpl - Exported annotations [SIM_cs.conllu](17) for user [mila] from project [UD-CHILDES-BG](0) using format [conllu]
2026-04-15 07:57:42 INFO [admin] AnnotationDocumentExporter - Exported annotation document content for user [mila] for source document [SIM_cs.conllu](17) in project [UD-CHILDES-BG](0)
2026-04-15 07:57:42 INFO [admin] DocumentImportExportServiceImpl - Exported annotations [SIM_cs.conllu](17) for user [admin] from project [UD-CHILDES-BG](0) using format [conllu]
2026-04-15 07:57:42 INFO [admin] AnnotationDocumentExporter - Exported annotation document content for user [admin] for source document [SIM_cs.conllu](17) in project [UD-CHILDES-BG](0)
2026-04-15 07:57:42 INFO [admin] DocumentImportExportServiceImpl - Exported annotations [SIM_cs.conllu](17) for user [tsvetina] from project [UD-CHILDES-BG](0) using format [conllu]
2026-04-15 07:57:42 INFO [admin] AnnotationDocumentExporter - Exported annotation document content for user [tsvetina] for source document [SIM_cs.conllu](17) in project [UD-CHILDES-BG](0)
2026-04-15 07:57:42 INFO [admin] DocumentImportExportServiceImpl - Exported annotations [TEF_cds.conllu](18) for user [INITIAL_CAS] from project [UD-CHILDES-BG](0) using format [conllu]
2026-04-15 07:57:42 INFO [admin] AnnotationDocumentExporter - Exported annotation document content for user [INITIAL_CAS] for source document [TEF_cds.conllu](18) in project [UD-CHILDES-BG](0)
2026-04-15 07:57:42 INFO [admin] DocumentImportExportServiceImpl - Exported annotations [TEF_cds.conllu](18) for user [mila] from project [UD-CHILDES-BG](0) using format [conllu]
2026-04-15 07:57:42 INFO [admin] AnnotationDocumentExporter - Exported annotation document content for user [mila] for source document [TEF_cds.conllu](18) in project [UD-CHILDES-BG](0)
2026-04-15 07:57:42 INFO [admin] DocumentImportExportServiceImpl - Exported annotations [TEF_cds.conllu](18) for user [yoana] from project [UD-CHILDES-BG](0) using format [conllu]
2026-04-15 07:57:42 INFO [admin] AnnotationDocumentExporter - Exported annotation document content for user [yoana] for source document [TEF_cds.conllu](18) in project [UD-CHILDES-BG](0)
2026-04-15 07:57:42 INFO [admin] DocumentImportExportServiceImpl - Exported annotations [TEF_cds.conllu](18) for user [ivelina] from project [UD-CHILDES-BG](0) using format [conllu]
2026-04-15 07:57:42 INFO [admin] AnnotationDocumentExporter - Exported annotation document content for user [ivelina] for source document [TEF_cds.conllu](18) in project [UD-CHILDES-BG](0)
2026-04-15 07:57:42 INFO [admin] DocumentImportExportServiceImpl - Exported annotations [TEF_cs.conllu](19) for user [INITIAL_CAS] from project [UD-CHILDES-BG](0) using format [conllu]
2026-04-15 07:57:42 INFO [admin] AnnotationDocumentExporter - Exported annotation document content for user [INITIAL_CAS] for source document [TEF_cs.conllu](19) in project [UD-CHILDES-BG](0)
2026-04-15 07:57:42 INFO [admin] DocumentImportExportServiceImpl - Exported annotations [TEF_cs.conllu](19) for user [admin] from project [UD-CHILDES-BG](0) using format [conllu]
2026-04-15 07:57:42 INFO [admin] AnnotationDocumentExporter - Exported annotation document content for user [admin] for source document [TEF_cs.conllu](19) in project [UD-CHILDES-BG](0)
2026-04-15 07:57:42 INFO [admin] DocumentImportExportServiceImpl - Exported annotations [TEF_cs.conllu](19) for user [mila] from project [UD-CHILDES-BG](0) using format [conllu]
2026-04-15 07:57:42 INFO [admin] AnnotationDocumentExporter - Exported annotation document content for user [mila] for source document [TEF_cs.conllu](19) in project [UD-CHILDES-BG](0)
2026-04-15 07:57:42 INFO [admin] DocumentImportExportServiceImpl - Exported annotations [TEF_cs.conllu](19) for user [yoana] from project [UD-CHILDES-BG](0) using format [conllu]
2026-04-15 07:57:42 INFO [admin] AnnotationDocumentExporter - Exported annotation document content for user [yoana] for source document [TEF_cs.conllu](19) in project [UD-CHILDES-BG](0)
2026-04-15 07:57:42 INFO [admin] DocumentImportExportServiceImpl - Exported annotations [TEF_cs.conllu](19) for user [tsvetelina] from project [UD-CHILDES-BG](0) using format [conllu]
2026-04-15 07:57:42 INFO [admin] AnnotationDocumentExporter - Exported annotation document content for user [tsvetelina] for source document [TEF_cs.conllu](19) in project [UD-CHILDES-BG](0)
2026-04-15 07:57:42 INFO [admin] DocumentImportExportServiceImpl - Exported annotations [TEF_cs.conllu](19) for user [ivelina] from project [UD-CHILDES-BG](0) using format [conllu]
2026-04-15 07:57:42 INFO [admin] AnnotationDocumentExporter - Exported annotation document content for user [ivelina] for source document [TEF_cs.conllu](19) in project [UD-CHILDES-BG](0)
2026-04-15 08:00:07 INFO [admin] ProjectPermissionsExporter - Exported [9] permissions for project [UD-CHILDES-BG]
2026-04-15 08:00:07 INFO [admin] DocumentRepositoryExporter - Exported [0] document repositories for project [UD-CHILDES-BG]
2026-04-15 08:00:07 INFO [admin] KnowledgeBaseExporter - Exported [0] knowledge bases for project [UD-CHILDES-BG]
2026-04-15 08:00:07 INFO [admin] LayerExporter - Exported [10] layers for project [UD-CHILDES-BG]
2026-04-15 08:00:07 INFO [admin] TagSetExporter - Exported [23] tagsets for project [UD-CHILDES-BG]
2026-04-15 08:00:07 INFO [admin] DocumentImportExportServiceImpl - Exported annotations [ALE_cds.conllu](10) for user [CURATION_USER] from project [UD-CHILDES-BG](0) using format [conllu]
2026-04-15 08:00:07 INFO [admin] DocumentImportExportServiceImpl - Exported annotations [BOG_cds.conllu](12) for user [CURATION_USER] from project [UD-CHILDES-BG](0) using format [conllu]
2026-04-15 08:00:07 INFO [admin] DocumentImportExportServiceImpl - Exported annotations [BOG_cs.conllu](13) for user [CURATION_USER] from project [UD-CHILDES-BG](0) using format [conllu]
2026-04-15 08:00:07 INFO [admin] DocumentImportExportServiceImpl - Exported annotations [ELI_cs.conllu](15) for user [CURATION_USER] from project [UD-CHILDES-BG](0) using format [conllu]
2026-04-15 08:00:08 INFO [admin] DocumentImportExportServiceImpl - Exported annotations [SIM_cds.conllu](16) for user [CURATION_USER] from project [UD-CHILDES-BG](0) using format [conllu]
2026-04-15 08:00:08 INFO [admin] CurationWorkflowExporter - Exported curation workflow settings for project [UD-CHILDES-BG](0)
2026-04-15 08:00:08 INFO [admin] SourceDocumentExporter - Exported content for source document [10] in project [UD-CHILDES-BG] with id [0]
2026-04-15 08:00:08 INFO [admin] SourceDocumentExporter - Exported content for source document [11] in project [UD-CHILDES-BG] with id [0]
2026-04-15 08:00:08 INFO [admin] SourceDocumentExporter - Exported content for source document [12] in project [UD-CHILDES-BG] with id [0]
2026-04-15 08:00:08 INFO [admin] SourceDocumentExporter - Exported content for source document [13] in project [UD-CHILDES-BG] with id [0]
2026-04-15 08:00:08 INFO [admin] SourceDocumentExporter - Exported content for source document [14] in project [UD-CHILDES-BG] with id [0]
2026-04-15 08:00:08 INFO [admin] SourceDocumentExporter - Exported content for source document [15] in project [UD-CHILDES-BG] with id [0]
2026-04-15 08:00:08 INFO [admin] SourceDocumentExporter - Exported content for source document [16] in project [UD-CHILDES-BG] with id [0]
2026-04-15 08:00:08 INFO [admin] SourceDocumentExporter - Exported content for source document [17] in project [UD-CHILDES-BG] with id [0]
2026-04-15 08:00:08 INFO [admin] SourceDocumentExporter - Exported content for source document [18] in project [UD-CHILDES-BG] with id [0]
2026-04-15 08:00:08 INFO [admin] SourceDocumentExporter - Exported content for source document [19] in project [UD-CHILDES-BG] with id [0]
2026-04-15 08:00:08 INFO [admin] SourceDocumentExporter - Exported content for source document [20] in project [UD-CHILDES-BG] with id [0]
2026-04-15 08:00:08 INFO [admin] LoggedEventExporter - Exported [20364] logged events for project [UD-CHILDES-BG]
2026-04-15 08:00:08 INFO [admin] LoggedEventExporter - Skipped [59] logged events for [10] documents no longer existing
2026-04-15 08:00:08 INFO [admin] DefaultProjectPreferencesExporter - Exported [0] default preferences for project [UD-CHILDES-BG]
2026-04-15 08:00:08 INFO [admin] UserProjectPreferencesExporter - Exported [7] user preferences for project [UD-CHILDES-BG]
2026-04-15 08:00:08 INFO [admin] GazeteerExporter - Exported [0] gazeteers for project [UD-CHILDES-BG]
2026-04-15 08:00:08 INFO [admin] WorkloadManagerExporter - Exported workload manager for project [UD-CHILDES-BG]
2026-04-15 08:00:09 INFO [admin] RecommenderExporter - Exported [3] recommenders for project [UD-CHILDES-BG]
2026-04-15 08:00:09 INFO [admin] DocumentImportExportServiceImpl - Exported annotations [ALE_cds.conllu](10) for user [INITIAL_CAS] from project [UD-CHILDES-BG](0) using format [conllu]
2026-04-15 08:00:09 INFO [admin] AnnotationDocumentExporter - Exported annotation document content for user [INITIAL_CAS] for source document [ALE_cds.conllu](10) in project [UD-CHILDES-BG](0)
2026-04-15 08:00:09 INFO [admin] DocumentImportExportServiceImpl - Exported annotations [ALE_cds.conllu](10) for user [ivelina] from project [UD-CHILDES-BG](0) using format [conllu]
2026-04-15 08:00:09 INFO [admin] AnnotationDocumentExporter - Exported annotation document content for user [ivelina] for source document [ALE_cds.conllu](10) in project [UD-CHILDES-BG](0)
2026-04-15 08:00:09 INFO [admin] DocumentImportExportServiceImpl - Exported annotations [ALE_cds.conllu](10) for user [admin] from project [UD-CHILDES-BG](0) using format [conllu]
2026-04-15 08:00:09 INFO [admin] AnnotationDocumentExporter - Exported annotation document content for user [admin] for source document [ALE_cds.conllu](10) in project [UD-CHILDES-BG](0)
2026-04-15 08:00:09 INFO [admin] DocumentImportExportServiceImpl - Exported annotations [ALE_cds.conllu](10) for user [yasena] from project [UD-CHILDES-BG](0) using format [conllu]
2026-04-15 08:00:09 INFO [admin] AnnotationDocumentExporter - Exported annotation document content for user [yasena] for source document [ALE_cds.conllu](10) in project [UD-CHILDES-BG](0)
2026-04-15 08:00:09 INFO [admin] DocumentImportExportServiceImpl - Exported annotations [ALE_cds.conllu](10) for user [yoana] from project [UD-CHILDES-BG](0) using format [conllu]
2026-04-15 08:00:09 INFO [admin] AnnotationDocumentExporter - Exported annotation document content for user [yoana] for source document [ALE_cds.conllu](10) in project [UD-CHILDES-BG](0)
2026-04-15 08:00:09 INFO [admin] DocumentImportExportServiceImpl - Exported annotations [ALE_cds.conllu](10) for user [mila] from project [UD-CHILDES-BG](0) using format [conllu]
2026-04-15 08:00:09 INFO [admin] AnnotationDocumentExporter - Exported annotation document content for user [mila] for source document [ALE_cds.conllu](10) in project [UD-CHILDES-BG](0)
2026-04-15 08:00:09 INFO [admin] DocumentImportExportServiceImpl - Exported annotations [ALE_cs.conllu](11) for user [INITIAL_CAS] from project [UD-CHILDES-BG](0) using format [conllu]
2026-04-15 08:00:09 INFO [admin] AnnotationDocumentExporter - Exported annotation document content for user [INITIAL_CAS] for source document [ALE_cs.conllu](11) in project [UD-CHILDES-BG](0)
2026-04-15 08:00:09 INFO [admin] DocumentImportExportServiceImpl - Exported annotations [ALE_cs.conllu](11) for user [admin] from project [UD-CHILDES-BG](0) using format [conllu]
2026-04-15 08:00:09 INFO [admin] AnnotationDocumentExporter - Exported annotation document content for user [admin] for source document [ALE_cs.conllu](11) in project [UD-CHILDES-BG](0)
2026-04-15 08:00:09 INFO [admin] DocumentImportExportServiceImpl - Exported annotations [ALE_cs.conllu](11) for user [ivelina] from project [UD-CHILDES-BG](0) using format [conllu]
2026-04-15 08:00:09 INFO [admin] AnnotationDocumentExporter - Exported annotation document content for user [ivelina] for source document [ALE_cs.conllu](11) in project [UD-CHILDES-BG](0)
2026-04-15 08:00:09 INFO [admin] DocumentImportExportServiceImpl - Exported annotations [ALE_cs.conllu](11) for user [yoana] from project [UD-CHILDES-BG](0) using format [conllu]
2026-04-15 08:00:09 INFO [admin] AnnotationDocumentExporter - Exported annotation document content for user [yoana] for source document [ALE_cs.conllu](11) in project [UD-CHILDES-BG](0)
2026-04-15 08:00:09 INFO [admin] DocumentImportExportServiceImpl - Exported annotations [ALE_cs.conllu](11) for user [yasena] from project [UD-CHILDES-BG](0) using format [conllu]
2026-04-15 08:00:09 INFO [admin] AnnotationDocumentExporter - Exported annotation document content for user [yasena] for source document [ALE_cs.conllu](11) in project [UD-CHILDES-BG](0)
2026-04-15 08:00:09 INFO [admin] DocumentImportExportServiceImpl - Exported annotations [ALE_cs.conllu](11) for user [mila] from project [UD-CHILDES-BG](0) using format [conllu]
2026-04-15 08:00:09 INFO [admin] AnnotationDocumentExporter - Exported annotation document content for user [mila] for source document [ALE_cs.conllu](11) in project [UD-CHILDES-BG](0)
2026-04-15 08:00:09 INFO [admin] DocumentImportExportServiceImpl - Exported annotations [BOG_cds.conllu](12) for user [INITIAL_CAS] from project [UD-CHILDES-BG](0) using format [conllu]
2026-04-15 08:00:09 INFO [admin] AnnotationDocumentExporter - Exported annotation document content for user [INITIAL_CAS] for source document [BOG_cds.conllu](12) in project [UD-CHILDES-BG](0)
2026-04-15 08:00:09 INFO [admin] DocumentImportExportServiceImpl - Exported annotations [BOG_cds.conllu](12) for user [admin] from project [UD-CHILDES-BG](0) using format [conllu]
2026-04-15 08:00:09 INFO [admin] AnnotationDocumentExporter - Exported annotation document content for user [admin] for source document [BOG_cds.conllu](12) in project [UD-CHILDES-BG](0)
2026-04-15 08:00:09 INFO [admin] DocumentImportExportServiceImpl - Exported annotations [BOG_cds.conllu](12) for user [ivelina] from project [UD-CHILDES-BG](0) using format [conllu]
2026-04-15 08:00:09 INFO [admin] AnnotationDocumentExporter - Exported annotation document content for user [ivelina] for source document [BOG_cds.conllu](12) in project [UD-CHILDES-BG](0)
2026-04-15 08:00:09 INFO [admin] DocumentImportExportServiceImpl - Exported annotations [BOG_cds.conllu](12) for user [mila] from project [UD-CHILDES-BG](0) using format [conllu]
2026-04-15 08:00:09 INFO [admin] AnnotationDocumentExporter - Exported annotation document content for user [mila] for source document [BOG_cds.conllu](12) in project [UD-CHILDES-BG](0)
2026-04-15 08:00:09 INFO [admin] DocumentImportExportServiceImpl - Exported annotations [BOG_cds.conllu](12) for user [yasena] from project [UD-CHILDES-BG](0) using format [conllu]
2026-04-15 08:00:09 INFO [admin] AnnotationDocumentExporter - Exported annotation document content for user [yasena] for source document [BOG_cds.conllu](12) in project [UD-CHILDES-BG](0)
2026-04-15 08:00:09 INFO [admin] DocumentImportExportServiceImpl - Exported annotations [BOG_cds.conllu](12) for user [yoana] from project [UD-CHILDES-BG](0) using format [conllu]
2026-04-15 08:00:09 INFO [admin] AnnotationDocumentExporter - Exported annotation document content for user [yoana] for source document [BOG_cds.conllu](12) in project [UD-CHILDES-BG](0)
2026-04-15 08:00:09 INFO [admin] DocumentImportExportServiceImpl - Exported annotations [BOG_cs.conllu](13) for user [INITIAL_CAS] from project [UD-CHILDES-BG](0) using format [conllu]
2026-04-15 08:00:09 INFO [admin] AnnotationDocumentExporter - Exported annotation document content for user [INITIAL_CAS] for source document [BOG_cs.conllu](13) in project [UD-CHILDES-BG](0)
2026-04-15 08:00:09 INFO [admin] DocumentImportExportServiceImpl - Exported annotations [BOG_cs.conllu](13) for user [ivelina] from project [UD-CHILDES-BG](0) using format [conllu]
2026-04-15 08:00:09 INFO [admin] AnnotationDocumentExporter - Exported annotation document content for user [ivelina] for source document [BOG_cs.conllu](13) in project [UD-CHILDES-BG](0)
2026-04-15 08:00:09 INFO [admin] DocumentImportExportServiceImpl - Exported annotations [BOG_cs.conllu](13) for user [mila] from project [UD-CHILDES-BG](0) using format [conllu]
2026-04-15 08:00:09 INFO [admin] AnnotationDocumentExporter - Exported annotation document content for user [mila] for source document [BOG_cs.conllu](13) in project [UD-CHILDES-BG](0)
2026-04-15 08:00:09 INFO [admin] DocumentImportExportServiceImpl - Exported annotations [BOG_cs.conllu](13) for user [yoana] from project [UD-CHILDES-BG](0) using format [conllu]
2026-04-15 08:00:09 INFO [admin] AnnotationDocumentExporter - Exported annotation document content for user [yoana] for source document [BOG_cs.conllu](13) in project [UD-CHILDES-BG](0)
2026-04-15 08:00:09 INFO [admin] DocumentImportExportServiceImpl - Exported annotations [ELI_cds.conllu](14) for user [INITIAL_CAS] from project [UD-CHILDES-BG](0) using format [conllu]
2026-04-15 08:00:09 INFO [admin] AnnotationDocumentExporter - Exported annotation document content for user [INITIAL_CAS] for source document [ELI_cds.conllu](14) in project [UD-CHILDES-BG](0)
2026-04-15 08:00:10 INFO [admin] DocumentImportExportServiceImpl - Exported annotations [ELI_cds.conllu](14) for user [ivelina] from project [UD-CHILDES-BG](0) using format [conllu]
2026-04-15 08:00:10 INFO [admin] AnnotationDocumentExporter - Exported annotation document content for user [ivelina] for source document [ELI_cds.conllu](14) in project [UD-CHILDES-BG](0)
2026-04-15 08:00:10 INFO [admin] DocumentImportExportServiceImpl - Exported annotations [ELI_cds.conllu](14) for user [mila] from project [UD-CHILDES-BG](0) using format [conllu]
2026-04-15 08:00:10 INFO [admin] AnnotationDocumentExporter - Exported annotation document content for user [mila] for source document [ELI_cds.conllu](14) in project [UD-CHILDES-BG](0)
2026-04-15 08:00:10 INFO [admin] DocumentImportExportServiceImpl - Exported annotations [ELI_cds.conllu](14) for user [tsvetelina] from project [UD-CHILDES-BG](0) using format [conllu]
2026-04-15 08:00:10 INFO [admin] AnnotationDocumentExporter - Exported annotation document content for user [tsvetelina] for source document [ELI_cds.conllu](14) in project [UD-CHILDES-BG](0)
2026-04-15 08:00:10 INFO [admin] DocumentImportExportServiceImpl - Exported annotations [ELI_cs.conllu](15) for user [INITIAL_CAS] from project [UD-CHILDES-BG](0) using format [conllu]
2026-04-15 08:00:10 INFO [admin] AnnotationDocumentExporter - Exported annotation document content for user [INITIAL_CAS] for source document [ELI_cs.conllu](15) in project [UD-CHILDES-BG](0)
2026-04-15 08:00:10 INFO [admin] DocumentImportExportServiceImpl - Exported annotations [ELI_cs.conllu](15) for user [mila] from project [UD-CHILDES-BG](0) using format [conllu]
2026-04-15 08:00:10 INFO [admin] AnnotationDocumentExporter - Exported annotation document content for user [mila] for source document [ELI_cs.conllu](15) in project [UD-CHILDES-BG](0)
2026-04-15 08:00:10 INFO [admin] DocumentImportExportServiceImpl - Exported annotations [ELI_cs.conllu](15) for user [tsvetelina] from project [UD-CHILDES-BG](0) using format [conllu]
2026-04-15 08:00:10 INFO [admin] AnnotationDocumentExporter - Exported annotation document content for user [tsvetelina] for source document [ELI_cs.conllu](15) in project [UD-CHILDES-BG](0)
2026-04-15 08:00:10 INFO [admin] DocumentImportExportServiceImpl - Exported annotations [SIM_cds.conllu](16) for user [INITIAL_CAS] from project [UD-CHILDES-BG](0) using format [conllu]
2026-04-15 08:00:10 INFO [admin] AnnotationDocumentExporter - Exported annotation document content for user [INITIAL_CAS] for source document [SIM_cds.conllu](16) in project [UD-CHILDES-BG](0)
2026-04-15 08:00:10 INFO [admin] DocumentImportExportServiceImpl - Exported annotations [SIM_cds.conllu](16) for user [ivelina] from project [UD-CHILDES-BG](0) using format [conllu]
2026-04-15 08:00:10 INFO [admin] AnnotationDocumentExporter - Exported annotation document content for user [ivelina] for source document [SIM_cds.conllu](16) in project [UD-CHILDES-BG](0)
2026-04-15 08:00:10 INFO [admin] DocumentImportExportServiceImpl - Exported annotations [SIM_cds.conllu](16) for user [tsvetina] from project [UD-CHILDES-BG](0) using format [conllu]
2026-04-15 08:00:10 INFO [admin] AnnotationDocumentExporter - Exported annotation document content for user [tsvetina] for source document [SIM_cds.conllu](16) in project [UD-CHILDES-BG](0)
2026-04-15 08:00:10 INFO [admin] DocumentImportExportServiceImpl - Exported annotations [SIM_cds.conllu](16) for user [mila] from project [UD-CHILDES-BG](0) using format [conllu]
2026-04-15 08:00:10 INFO [admin] AnnotationDocumentExporter - Exported annotation document content for user [mila] for source document [SIM_cds.conllu](16) in project [UD-CHILDES-BG](0)
2026-04-15 08:00:10 INFO [admin] DocumentImportExportServiceImpl - Exported annotations [SIM_cds.conllu](16) for user [yoana] from project [UD-CHILDES-BG](0) using format [conllu]
2026-04-15 08:00:10 INFO [admin] AnnotationDocumentExporter - Exported annotation document content for user [yoana] for source document [SIM_cds.conllu](16) in project [UD-CHILDES-BG](0)
2026-04-15 08:00:10 INFO [admin] DocumentImportExportServiceImpl - Exported annotations [SIM_cs.conllu](17) for user [INITIAL_CAS] from project [UD-CHILDES-BG](0) using format [conllu]
2026-04-15 08:00:10 INFO [admin] AnnotationDocumentExporter - Exported annotation document content for user [INITIAL_CAS] for source document [SIM_cs.conllu](17) in project [UD-CHILDES-BG](0)
2026-04-15 08:00:10 INFO [admin] DocumentImportExportServiceImpl - Exported annotations [SIM_cs.conllu](17) for user [ivelina] from project [UD-CHILDES-BG](0) using format [conllu]
2026-04-15 08:00:10 INFO [admin] AnnotationDocumentExporter - Exported annotation document content for user [ivelina] for source document [SIM_cs.conllu](17) in project [UD-CHILDES-BG](0)
2026-04-15 08:00:11 INFO [admin] DocumentImportExportServiceImpl - Exported annotations [SIM_cs.conllu](17) for user [mila] from project [UD-CHILDES-BG](0) using format [conllu]
2026-04-15 08:00:11 INFO [admin] AnnotationDocumentExporter - Exported annotation document content for user [mila] for source document [SIM_cs.conllu](17) in project [UD-CHILDES-BG](0)
2026-04-15 08:00:11 INFO [admin] DocumentImportExportServiceImpl - Exported annotations [SIM_cs.conllu](17) for user [admin] from project [UD-CHILDES-BG](0) using format [conllu]
2026-04-15 08:00:11 INFO [admin] AnnotationDocumentExporter - Exported annotation document content for user [admin] for source document [SIM_cs.conllu](17) in project [UD-CHILDES-BG](0)
2026-04-15 08:00:11 INFO [admin] DocumentImportExportServiceImpl - Exported annotations [SIM_cs.conllu](17) for user [tsvetina] from project [UD-CHILDES-BG](0) using format [conllu]
2026-04-15 08:00:11 INFO [admin] AnnotationDocumentExporter - Exported annotation document content for user [tsvetina] for source document [SIM_cs.conllu](17) in project [UD-CHILDES-BG](0)
2026-04-15 08:00:11 INFO [admin] DocumentImportExportServiceImpl - Exported annotations [TEF_cds.conllu](18) for user [INITIAL_CAS] from project [UD-CHILDES-BG](0) using format [conllu]
2026-04-15 08:00:11 INFO [admin] AnnotationDocumentExporter - Exported annotation document content for user [INITIAL_CAS] for source document [TEF_cds.conllu](18) in project [UD-CHILDES-BG](0)
2026-04-15 08:00:11 INFO [admin] DocumentImportExportServiceImpl - Exported annotations [TEF_cds.conllu](18) for user [mila] from project [UD-CHILDES-BG](0) using format [conllu]
2026-04-15 08:00:11 INFO [admin] AnnotationDocumentExporter - Exported annotation document content for user [mila] for source document [TEF_cds.conllu](18) in project [UD-CHILDES-BG](0)
2026-04-15 08:00:11 INFO [admin] DocumentImportExportServiceImpl - Exported annotations [TEF_cds.conllu](18) for user [yoana] from project [UD-CHILDES-BG](0) using format [conllu]
2026-04-15 08:00:11 INFO [admin] AnnotationDocumentExporter - Exported annotation document content for user [yoana] for source document [TEF_cds.conllu](18) in project [UD-CHILDES-BG](0)
2026-04-15 08:00:11 INFO [admin] DocumentImportExportServiceImpl - Exported annotations [TEF_cds.conllu](18) for user [ivelina] from project [UD-CHILDES-BG](0) using format [conllu]
2026-04-15 08:00:11 INFO [admin] AnnotationDocumentExporter - Exported annotation document content for user [ivelina] for source document [TEF_cds.conllu](18) in project [UD-CHILDES-BG](0)
2026-04-15 08:00:11 INFO [admin] DocumentImportExportServiceImpl - Exported annotations [TEF_cs.conllu](19) for user [INITIAL_CAS] from project [UD-CHILDES-BG](0) using format [conllu]
2026-04-15 08:00:11 INFO [admin] AnnotationDocumentExporter - Exported annotation document content for user [INITIAL_CAS] for source document [TEF_cs.conllu](19) in project [UD-CHILDES-BG](0)
2026-04-15 08:00:11 INFO [admin] DocumentImportExportServiceImpl - Exported annotations [TEF_cs.conllu](19) for user [admin] from project [UD-CHILDES-BG](0) using format [conllu]
2026-04-15 08:00:11 INFO [admin] AnnotationDocumentExporter - Exported annotation document content for user [admin] for source document [TEF_cs.conllu](19) in project [UD-CHILDES-BG](0)
2026-04-15 08:00:11 INFO [admin] DocumentImportExportServiceImpl - Exported annotations [TEF_cs.conllu](19) for user [mila] from project [UD-CHILDES-BG](0) using format [conllu]
2026-04-15 08:00:11 INFO [admin] AnnotationDocumentExporter - Exported annotation document content for user [mila] for source document [TEF_cs.conllu](19) in project [UD-CHILDES-BG](0)
2026-04-15 08:00:11 INFO [admin] DocumentImportExportServiceImpl - Exported annotations [TEF_cs.conllu](19) for user [yoana] from project [UD-CHILDES-BG](0) using format [conllu]
2026-04-15 08:00:11 INFO [admin] AnnotationDocumentExporter - Exported annotation document content for user [yoana] for source document [TEF_cs.conllu](19) in project [UD-CHILDES-BG](0)
2026-04-15 08:00:11 INFO [admin] DocumentImportExportServiceImpl - Exported annotations [TEF_cs.conllu](19) for user [tsvetelina] from project [UD-CHILDES-BG](0) using format [conllu]
2026-04-15 08:00:11 INFO [admin] AnnotationDocumentExporter - Exported annotation document content for user [tsvetelina] for source document [TEF_cs.conllu](19) in project [UD-CHILDES-BG](0)
2026-04-15 08:00:11 INFO [admin] DocumentImportExportServiceImpl - Exported annotations [TEF_cs.conllu](19) for user [ivelina] from project [UD-CHILDES-BG](0) using format [conllu]
2026-04-15 08:00:11 INFO [admin] AnnotationDocumentExporter - Exported annotation document content for user [ivelina] for source document [TEF_cs.conllu](19) in project [UD-CHILDES-BG](0)
2026-04-15 08:00:11 INFO [admin] DocumentImportExportServiceImpl - Exported annotations [UD_relations_example_for_each.conllu](20) for user [INITIAL_CAS] from project [UD-CHILDES-BG](0) using format [conllu]
2026-04-15 08:00:11 INFO [admin] AnnotationDocumentExporter - Exported annotation document content for user [INITIAL_CAS] for source document [UD_relations_example_for_each.conllu](20) in project [UD-CHILDES-BG](0)
2026-04-15 08:00:11 INFO [admin] DocumentImportExportServiceImpl - Exported annotations [UD_relations_example_for_each.conllu](20) for user [mila] from project [UD-CHILDES-BG](0) using format [conllu]
2026-04-15 08:00:11 INFO [admin] AnnotationDocumentExporter - Exported annotation document content for user [mila] for source document [UD_relations_example_for_each.conllu](20) in project [UD-CHILDES-BG](0)
2026-04-15 08:00:11 INFO [admin] DocumentImportExportServiceImpl - Exported annotations [UD_relations_example_for_each.conllu](20) for user [admin] from project [UD-CHILDES-BG](0) using format [conllu]
2026-04-15 08:00:11 INFO [admin] AnnotationDocumentExporter - Exported annotation document content for user [admin] for source document [UD_relations_example_for_each.conllu](20) in project [UD-CHILDES-BG](0)
2026-04-15 08:00:11 INFO [admin] DocumentImportExportServiceImpl - Exported annotations [UD_relations_example_for_each.conllu](20) for user [yoana] from project [UD-CHILDES-BG](0) using format [conllu]
2026-04-15 08:00:11 INFO [admin] AnnotationDocumentExporter - Exported annotation document content for user [yoana] for source document [UD_relations_example_for_each.conllu](20) in project [UD-CHILDES-BG](0)
2026-04-15 08:00:11 INFO [admin] DocumentImportExportServiceImpl - Exported annotations [UD_relations_example_for_each.conllu](20) for user [ivelina] from project [UD-CHILDES-BG](0) using format [conllu]
2026-04-15 08:00:11 INFO [admin] AnnotationDocumentExporter - Exported annotation document content for user [ivelina] for source document [UD_relations_example_for_each.conllu](20) in project [UD-CHILDES-BG](0)
2026-04-16 13:20:33 INFO [admin] AnnotationSchemaServiceImpl - Upgraded CAS of user [ivelina] for document [TEF_cs.conllu](19) in project [UD-CHILDES-BG](0)
2026-04-17 11:40:53 INFO [admin] AnnotationSchemaServiceImpl - Upgraded CAS of user [ivelina] for document [TEF_cs.conllu](19) in project [UD-CHILDES-BG](0)
2026-04-17 17:48:52 INFO [admin] AnnotationSchemaServiceImpl - Upgraded CAS of user [ivelina] for document [TEF_cs.conllu](19) in project [UD-CHILDES-BG](0)
2026-04-17 20:14:15 INFO [admin] AnnotationSchemaServiceImpl - Upgraded CAS of user [ivelina] for document [TEF_cs.conllu](19) in project [UD-CHILDES-BG](0)
2026-04-18 20:22:26 INFO [admin] AnnotationSchemaServiceImpl - Upgraded CAS of user [ivelina] for document [TEF_cs.conllu](19) in project [UD-CHILDES-BG](0)
2026-04-19 16:02:15 INFO [admin] AnnotationSchemaServiceImpl - Upgraded CAS of user [ivelina] for document [TEF_cs.conllu](19) in project [UD-CHILDES-BG](0)
2026-04-19 16:04:10 INFO [admin] AnnotationSchemaServiceImpl - Upgraded CAS of user [ivelina] for document [TEF_cds.conllu](18) in project [UD-CHILDES-BG](0)
2026-04-19 17:43:00 INFO [admin] AnnotationSchemaServiceImpl - Upgraded CAS of user [ivelina] for document [TEF_cds.conllu](18) in project [UD-CHILDES-BG](0)
2026-04-19 21:26:06 INFO [admin] AnnotationSchemaServiceImpl - Upgraded CAS of user [ivelina] for document [TEF_cds.conllu](18) in project [UD-CHILDES-BG](0)
2026-05-04 12:53:58 INFO [admin] AnnotationSchemaServiceImpl - Upgraded CAS of user [mila] for document [ALE_cds.conllu](10) in project [UD-CHILDES-BG](0)
2026-05-04 12:58:11 INFO [admin] AnnotationSchemaServiceImpl - Upgraded CAS of user [mila] for document [ALE_cds.conllu](10) in project [UD-CHILDES-BG](0)
2026-05-04 14:24:01 INFO [admin] AnnotationSchemaServiceImpl - Upgraded CAS of user [mila] for document [ALE_cds.conllu](10) in project [UD-CHILDES-BG](0)
2026-05-04 14:46:48 INFO [admin] AnnotationSchemaServiceImpl - Upgraded CAS of user [mila] for document [ELI_cds.conllu](14) in project [UD-CHILDES-BG](0)
2026-05-04 16:20:43 INFO [admin] AnnotationSchemaServiceImpl - Upgraded CAS of user [mila] for document [SIM_cds.conllu](16) in project [UD-CHILDES-BG](0)
2026-05-04 17:21:22 INFO [admin] AnnotationSchemaServiceImpl - Upgraded CAS of user [mila] for document [SIM_cds.conllu](16) in project [UD-CHILDES-BG](0)
2026-05-04 19:35:34 INFO [admin] AnnotationSchemaServiceImpl - Upgraded CAS of user [mila] for document [SIM_cds.conllu](16) in project [UD-CHILDES-BG](0)
2026-05-04 19:35:49 INFO [admin] AnnotationSchemaServiceImpl - Upgraded CAS of user [mila] for document [ALE_cs.conllu](11) in project [UD-CHILDES-BG](0)
2026-05-05 16:24:38 INFO [admin] AnnotationSchemaServiceImpl - Upgraded CAS of user [mila] for document [TEF_cds.conllu](18) in project [UD-CHILDES-BG](0)
2026-05-05 16:29:50 INFO [admin] AnnotationSchemaServiceImpl - Upgraded CAS of user [mila] for document [SIM_cs.conllu](17) in project [UD-CHILDES-BG](0)
2026-05-05 17:56:45 INFO [admin] AnnotationSchemaServiceImpl - Upgraded CAS of user [mila] for document [SIM_cs.conllu](17) in project [UD-CHILDES-BG](0)
2026-05-05 20:15:57 INFO [admin] AnnotationSchemaServiceImpl - Upgraded CAS of user [mila] for document [SIM_cs.conllu](17) in project [UD-CHILDES-BG](0)
2026-05-05 21:26:53 INFO [admin] AnnotationSchemaServiceImpl - Upgraded CAS of user [mila] for document [SIM_cs.conllu](17) in project [UD-CHILDES-BG](0)
2026-05-06 19:45:09 INFO [admin] AnnotationSchemaServiceImpl - Upgraded CAS of user [mila] for document [SIM_cs.conllu](17) in project [UD-CHILDES-BG](0)
2026-05-07 12:24:12 INFO [admin] AnnotationSchemaServiceImpl - Upgraded CAS of user [mila] for document [SIM_cs.conllu](17) in project [UD-CHILDES-BG](0)
2026-05-07 14:48:55 INFO [admin] AnnotationSchemaServiceImpl - Upgraded CAS of user [mila] for document [SIM_cs.conllu](17) in project [UD-CHILDES-BG](0)
2026-05-07 20:34:27 INFO [admin] AnnotationSchemaServiceImpl - Upgraded CAS of user [mila] for document [SIM_cs.conllu](17) in project [UD-CHILDES-BG](0)
2026-05-08 12:57:59 INFO [admin] AnnotationSchemaServiceImpl - Upgraded CAS of user [mila] for document [SIM_cs.conllu](17) in project [UD-CHILDES-BG](0)
2026-05-08 13:49:39 INFO [admin] AnnotationSchemaServiceImpl - Upgraded CAS of user [mila] for document [SIM_cs.conllu](17) in project [UD-CHILDES-BG](0)
2026-05-08 16:32:08 INFO [admin] AnnotationSchemaServiceImpl - Upgraded CAS of user [mila] for document [SIM_cs.conllu](17) in project [UD-CHILDES-BG](0)
2026-05-08 18:11:02 INFO [admin] AnnotationSchemaServiceImpl - Upgraded CAS of user [CURATION_USER] for document [SIM_cds.conllu](16) in project [UD-CHILDES-BG](0)
2026-05-08 18:40:54 INFO [admin] AnnotationSchemaServiceImpl - Upgraded CAS of user [CURATION_USER] for document [ALE_cds.conllu](10) in project [UD-CHILDES-BG](0)
2026-05-08 18:43:04 INFO [admin] AnnotationSchemaServiceImpl - Upgraded CAS of user [ivelina] for document [TEF_cds.conllu](18) in project [UD-CHILDES-BG](0)
2026-05-08 18:44:11 INFO [admin] AnnotationSchemaServiceImpl - Upgraded CAS of user [tsvetina] for document [SIM_cs.conllu](17) in project [UD-CHILDES-BG](0)
2026-05-08 18:52:58 INFO [admin] AnnotationSchemaServiceImpl - Upgraded CAS of user [CURATION_USER] for document [SIM_cs.conllu](17) in project [UD-CHILDES-BG](0)
2026-05-08 18:55:57 INFO [admin] AnnotationSchemaServiceImpl - Upgraded CAS of user [CURATION_USER] for document [SIM_cds.conllu](16) in project [UD-CHILDES-BG](0)
2026-05-08 19:18:38 INFO [admin] AnnotationSchemaServiceImpl - Upgraded CAS of user [CURATION_USER] for document [SIM_cds.conllu](16) in project [UD-CHILDES-BG](0)
2026-05-08 20:04:32 INFO [admin] ProjectPermissionsExporter - Exported [9] permissions for project [UD-CHILDES-BG]
2026-05-08 20:04:32 INFO [admin] DocumentRepositoryExporter - Exported [0] document repositories for project [UD-CHILDES-BG]
2026-05-08 20:04:32 INFO [admin] KnowledgeBaseExporter - Exported [0] knowledge bases for project [UD-CHILDES-BG]
2026-05-08 20:04:32 INFO [admin] LayerExporter - Exported [10] layers for project [UD-CHILDES-BG]
2026-05-08 20:04:32 INFO [admin] TagSetExporter - Exported [23] tagsets for project [UD-CHILDES-BG]
2026-05-08 20:04:32 INFO [admin] DocumentImportExportServiceImpl - Exported annotations [ALE_cds.conllu](10) for user [CURATION_USER] from project [UD-CHILDES-BG](0) using format [conllu]
2026-05-08 20:04:32 INFO [admin] DocumentImportExportServiceImpl - Exported annotations [BOG_cds.conllu](12) for user [CURATION_USER] from project [UD-CHILDES-BG](0) using format [conllu]
2026-05-08 20:04:32 INFO [admin] DocumentImportExportServiceImpl - Exported annotations [BOG_cs.conllu](13) for user [CURATION_USER] from project [UD-CHILDES-BG](0) using format [conllu]
2026-05-08 20:04:32 INFO [admin] DocumentImportExportServiceImpl - Exported annotations [ELI_cs.conllu](15) for user [CURATION_USER] from project [UD-CHILDES-BG](0) using format [conllu]
2026-05-08 20:04:32 INFO [admin] DocumentImportExportServiceImpl - Exported annotations [SIM_cds.conllu](16) for user [CURATION_USER] from project [UD-CHILDES-BG](0) using format [conllu]
2026-05-08 20:04:32 INFO [admin] DocumentImportExportServiceImpl - Exported annotations [SIM_cs.conllu](17) for user [CURATION_USER] from project [UD-CHILDES-BG](0) using format [conllu]
2026-05-08 20:04:32 INFO [admin] DocumentImportExportServiceImpl - Exported annotations [TEF_cds.conllu](18) for user [CURATION_USER] from project [UD-CHILDES-BG](0) using format [conllu]
2026-05-08 20:04:32 INFO [admin] CurationWorkflowExporter - Exported curation workflow settings for project [UD-CHILDES-BG](0)
2026-05-08 20:04:32 INFO [admin] SourceDocumentExporter - Exported content for source document [10] in project [UD-CHILDES-BG] with id [0]
2026-05-08 20:04:32 INFO [admin] SourceDocumentExporter - Exported content for source document [11] in project [UD-CHILDES-BG] with id [0]
2026-05-08 20:04:32 INFO [admin] SourceDocumentExporter - Exported content for source document [12] in project [UD-CHILDES-BG] with id [0]
2026-05-08 20:04:32 INFO [admin] SourceDocumentExporter - Exported content for source document [13] in project [UD-CHILDES-BG] with id [0]
2026-05-08 20:04:32 INFO [admin] SourceDocumentExporter - Exported content for source document [14] in project [UD-CHILDES-BG] with id [0]
2026-05-08 20:04:32 INFO [admin] SourceDocumentExporter - Exported content for source document [15] in project [UD-CHILDES-BG] with id [0]
2026-05-08 20:04:32 INFO [admin] SourceDocumentExporter - Exported content for source document [16] in project [UD-CHILDES-BG] with id [0]
2026-05-08 20:04:33 INFO [admin] SourceDocumentExporter - Exported content for source document [17] in project [UD-CHILDES-BG] with id [0]
2026-05-08 20:04:33 INFO [admin] SourceDocumentExporter - Exported content for source document [18] in project [UD-CHILDES-BG] with id [0]
2026-05-08 20:04:33 INFO [admin] SourceDocumentExporter - Exported content for source document [19] in project [UD-CHILDES-BG] with id [0]
2026-05-08 20:04:33 INFO [admin] SourceDocumentExporter - Exported content for source document [20] in project [UD-CHILDES-BG] with id [0]
