2026-02-17 15:25:44 INFO [admin] ProjectServiceImpl - Created project [BG_CHILDES_TB](0)
2026-02-17 15:25:44 INFO [admin] ProjectServiceImpl - Created permission [MANAGER] for user admin on project [BG_CHILDES_TB](0)
2026-02-17 15:25:44 INFO [admin] ProjectServiceImpl - Created permission [ANNOTATOR] for user admin on project [BG_CHILDES_TB](0)
2026-02-17 15:25:44 INFO [admin] ProjectServiceImpl - Created permission [CURATOR] for user admin on project [BG_CHILDES_TB](0)
2026-02-17 15:25:44 INFO [admin] AnnotationSchemaServiceImpl - Created tagset [Coreference relations](0) in project [BG_CHILDES_TB](0)
2026-02-17 15:25:44 INFO [admin] AnnotationSchemaServiceImpl - Created 1 tags and updated 0 tags in tagset [Coreference relations](0) in project [BG_CHILDES_TB](0)
2026-02-17 15:25:44 INFO [admin] AnnotationSchemaServiceImpl - Created tagset [Coreference mentions](1) in project [BG_CHILDES_TB](0)
2026-02-17 15:25:44 INFO [admin] AnnotationSchemaServiceImpl - Created 1 tags and updated 0 tags in tagset [Coreference mentions](1) in project [BG_CHILDES_TB](0)
2026-02-17 15:25:44 INFO [admin] AnnotationSchemaServiceImpl - Created tagset [Dependency flavors](2) in project [BG_CHILDES_TB](0)
2026-02-17 15:25:44 INFO [admin] AnnotationSchemaServiceImpl - Created 2 tags and updated 0 tags in tagset [Dependency flavors](2) in project [BG_CHILDES_TB](0)
2026-02-17 15:25:44 INFO [admin] AnnotationSchemaServiceImpl - Created tagset [UD Universal Dependencies (v2)](3) in project [BG_CHILDES_TB](0)
2026-02-17 15:25:45 INFO [admin] AnnotationSchemaServiceImpl - Created 37 tags and updated 0 tags in tagset [UD Universal Dependencies (v2)](3) in project [BG_CHILDES_TB](0)
2026-02-17 15:25:45 INFO [admin] AnnotationSchemaServiceImpl - Created tagset [Named Entity tags](4) in project [BG_CHILDES_TB](0)
2026-02-17 15:25:45 INFO [admin] AnnotationSchemaServiceImpl - Created 12 tags and updated 0 tags in tagset [Named Entity tags](4) in project [BG_CHILDES_TB](0)
2026-02-17 15:25:45 INFO [admin] AnnotationSchemaServiceImpl - Created tagset [UD Universal POS tags (v2)](5) in project [BG_CHILDES_TB](0)
2026-02-17 15:25:45 INFO [admin] AnnotationSchemaServiceImpl - Created 17 tags and updated 0 tags in tagset [UD Universal POS tags (v2)](5) in project [BG_CHILDES_TB](0)
2026-02-17 15:25:45 INFO [admin] AnnotationSchemaServiceImpl - Created tagset [Operation](6) in project [BG_CHILDES_TB](0)
2026-02-17 15:25:45 INFO [admin] AnnotationSchemaServiceImpl - Created 4 tags and updated 0 tags in tagset [Operation](6) in project [BG_CHILDES_TB](0)
2026-02-17 15:25:45 INFO [admin] AnnotationSchemaServiceImpl - Created layer [de.tudarmstadt.ukp.dkpro.core.api.segmentation.type.Token](0) in project [BG_CHILDES_TB](0)
2026-02-17 15:25:45 INFO [admin] AnnotationSchemaServiceImpl - Created layer [de.tudarmstadt.ukp.dkpro.core.api.segmentation.type.Sentence](1) in project [BG_CHILDES_TB](0)
2026-02-17 15:25:45 INFO [admin] AnnotationSchemaServiceImpl - Created layer [de.tudarmstadt.ukp.dkpro.core.api.syntax.type.chunk.Chunk](2) in project [BG_CHILDES_TB](0)
2026-02-17 15:25:45 INFO [admin] AnnotationSchemaServiceImpl - Created feature [chunkValue](0) in project [BG_CHILDES_TB](0)
2026-02-17 15:25:45 INFO [admin] AnnotationSchemaServiceImpl - Created layer [de.tudarmstadt.ukp.dkpro.core.api.coref.type.Coreference](3) in project [BG_CHILDES_TB](0)
2026-02-17 15:25:45 INFO [admin] AnnotationSchemaServiceImpl - Created feature [referenceType](1) in project [BG_CHILDES_TB](0)
2026-02-17 15:25:45 INFO [admin] AnnotationSchemaServiceImpl - Created feature [referenceRelation](2) in project [BG_CHILDES_TB](0)
2026-02-17 15:25:45 INFO [admin] AnnotationSchemaServiceImpl - Created feature [lemma](3) in project [BG_CHILDES_TB](0)
2026-02-17 15:25:45 INFO [admin] AnnotationSchemaServiceImpl - Created layer [de.tudarmstadt.ukp.dkpro.core.api.segmentation.type.Lemma](4) in project [BG_CHILDES_TB](0)
2026-02-17 15:25:45 INFO [admin] AnnotationSchemaServiceImpl - Created feature [value](4) in project [BG_CHILDES_TB](0)
2026-02-17 15:25:45 INFO [admin] AnnotationSchemaServiceImpl - Created feature [morph](5) in project [BG_CHILDES_TB](0)
2026-02-17 15:25:45 INFO [admin] AnnotationSchemaServiceImpl - Created layer [de.tudarmstadt.ukp.dkpro.core.api.lexmorph.type.morph.MorphologicalFeatures](5) in project [BG_CHILDES_TB](0)
2026-02-17 15:25:45 INFO [admin] AnnotationSchemaServiceImpl - Created feature [value](6) in project [BG_CHILDES_TB](0)
2026-02-17 15:25:45 INFO [admin] AnnotationSchemaServiceImpl - Created layer [de.tudarmstadt.ukp.dkpro.core.api.ner.type.NamedEntity](6) in project [BG_CHILDES_TB](0)
2026-02-17 15:25:45 INFO [admin] AnnotationSchemaServiceImpl - Created feature [value](7) in project [BG_CHILDES_TB](0)
2026-02-17 15:25:45 INFO [admin] AnnotationSchemaServiceImpl - Created layer [de.tudarmstadt.ukp.dkpro.core.api.transform.type.SofaChangeAnnotation](7) in project [BG_CHILDES_TB](0)
2026-02-17 15:25:45 INFO [admin] AnnotationSchemaServiceImpl - Created feature [value](8) in project [BG_CHILDES_TB](0)
2026-02-17 15:25:45 INFO [admin] AnnotationSchemaServiceImpl - Created feature [operation](9) in project [BG_CHILDES_TB](0)
2026-02-17 15:25:45 INFO [admin] AnnotationSchemaServiceImpl - Created feature [pos](10) in project [BG_CHILDES_TB](0)
2026-02-17 15:25:45 INFO [admin] AnnotationSchemaServiceImpl - Created layer [de.tudarmstadt.ukp.dkpro.core.api.lexmorph.type.pos.POS](8) in project [BG_CHILDES_TB](0)
2026-02-17 15:25:45 INFO [admin] AnnotationSchemaServiceImpl - Created feature [PosValue](11) in project [BG_CHILDES_TB](0)
2026-02-17 15:25:45 INFO [admin] AnnotationSchemaServiceImpl - Created feature [coarseValue](12) in project [BG_CHILDES_TB](0)
2026-02-17 15:25:45 INFO [admin] AnnotationSchemaServiceImpl - Created layer [de.tudarmstadt.ukp.dkpro.core.api.semantics.type.SemArg](9) in project [BG_CHILDES_TB](0)
2026-02-17 15:25:45 INFO [admin] AnnotationSchemaServiceImpl - Created feature [category](13) in project [BG_CHILDES_TB](0)
2026-02-17 15:25:45 INFO [admin] AnnotationSchemaServiceImpl - Created feature [arguments](14) in project [BG_CHILDES_TB](0)
2026-02-17 15:25:45 INFO [admin] AnnotationSchemaServiceImpl - Created layer [de.tudarmstadt.ukp.dkpro.core.api.semantics.type.SemPred](10) in project [BG_CHILDES_TB](0)
2026-02-17 15:25:45 INFO [admin] AnnotationSchemaServiceImpl - Created layer [de.tudarmstadt.ukp.dkpro.core.api.segmentation.type.SurfaceForm](11) in project [BG_CHILDES_TB](0)
2026-02-17 15:25:45 INFO [admin] AnnotationSchemaServiceImpl - Created feature [value](15) in project [BG_CHILDES_TB](0)
2026-02-17 15:25:45 INFO [admin] AnnotationSchemaServiceImpl - Created feature [identifier](16) in project [BG_CHILDES_TB](0)
2026-02-17 15:25:45 INFO [admin] AnnotationSchemaServiceImpl - Created layer [de.tudarmstadt.ukp.dkpro.core.api.syntax.type.dependency.Dependency](12) in project [BG_CHILDES_TB](0)
2026-02-17 15:25:45 INFO [admin] AnnotationSchemaServiceImpl - Created feature [DependencyType](17) in project [BG_CHILDES_TB](0)
2026-02-17 15:25:45 INFO [admin] AnnotationSchemaServiceImpl - Created feature [flavor](18) in project [BG_CHILDES_TB](0)
2026-02-17 15:25:53 INFO [admin] ProjectServiceImpl - Created permission [ANNOTATOR] for user annotator1 on project [BG_CHILDES_TB](0)
2026-02-17 15:25:53 INFO [admin] ProjectServiceImpl - Created permission [ANNOTATOR] for user annotator2 on project [BG_CHILDES_TB](0)
2026-02-17 15:25:53 INFO [admin] ProjectServiceImpl - Created permission [ANNOTATOR] for user annotator3 on project [BG_CHILDES_TB](0)
2026-02-17 15:43:01 INFO [admin] AnnotationSchemaServiceImpl - Removed feature [referenceRelation](2) from project [BG_CHILDES_TB](0)
2026-02-17 15:43:01 INFO [admin] AnnotationSchemaServiceImpl - Removed feature [referenceType](1) from project [BG_CHILDES_TB](0)
2026-02-17 15:43:01 INFO [admin] AnnotationSchemaServiceImpl - Removed layer [de.tudarmstadt.ukp.dkpro.core.api.coref.type.Coreference](3) from project [BG_CHILDES_TB](0)
2026-02-17 15:43:01 INFO [admin] SearchServiceImpl - Re-indexing project [BG_CHILDES_TB](0). This may take a while...
2026-02-17 15:43:01 INFO [admin] SearchServiceImpl - Re-indexing project [BG_CHILDES_TB](0) complete!
2026-02-17 15:43:10 INFO [admin] AnnotationSchemaServiceImpl - Removed feature [arguments](14) from project [BG_CHILDES_TB](0)
2026-02-17 15:43:10 INFO [admin] AnnotationSchemaServiceImpl - Removed feature [category](13) from project [BG_CHILDES_TB](0)
2026-02-17 15:43:10 INFO [admin] AnnotationSchemaServiceImpl - Removed layer [de.tudarmstadt.ukp.dkpro.core.api.semantics.type.SemPred](10) from project [BG_CHILDES_TB](0)
2026-02-17 15:43:10 INFO [admin] SearchServiceImpl - Re-indexing project [BG_CHILDES_TB](0). This may take a while...
2026-02-17 15:43:10 INFO [admin] SearchServiceImpl - Re-indexing project [BG_CHILDES_TB](0) complete!
2026-02-17 15:43:17 INFO [admin] AnnotationSchemaServiceImpl - Removed layer [de.tudarmstadt.ukp.dkpro.core.api.semantics.type.SemArg](9) from project [BG_CHILDES_TB](0)
2026-02-17 15:43:17 INFO [admin] SearchServiceImpl - Re-indexing project [BG_CHILDES_TB](0). This may take a while...
2026-02-17 15:43:17 INFO [admin] SearchServiceImpl - Re-indexing project [BG_CHILDES_TB](0) complete!
2026-02-17 15:43:26 INFO [admin] AnnotationSchemaServiceImpl - Removed feature [identifier](16) from project [BG_CHILDES_TB](0)
2026-02-17 15:43:26 INFO [admin] AnnotationSchemaServiceImpl - Removed feature [value](7) from project [BG_CHILDES_TB](0)
2026-02-17 15:43:26 INFO [admin] AnnotationSchemaServiceImpl - Removed layer [de.tudarmstadt.ukp.dkpro.core.api.ner.type.NamedEntity](6) from project [BG_CHILDES_TB](0)
2026-02-17 15:43:26 INFO [admin] SearchServiceImpl - Re-indexing project [BG_CHILDES_TB](0). This may take a while...
2026-02-17 15:43:26 INFO [admin] SearchServiceImpl - Re-indexing project [BG_CHILDES_TB](0) complete!
2026-02-17 21:26:18 INFO [admin] DocumentImportExportServiceImpl - Imported CAS with [2018] tokens and [408] sentences from file [/export/repository/project/0/document/0/source/ALE_cds.conllu] (size: 161860 bytes)
2026-02-17 21:26:20 INFO [admin] DocumentServiceImpl - Imported source document [ALE_cds.conllu](0) to project [BG_CHILDES_TB](0)
2026-02-17 21:26:20 INFO [admin] DocumentImportExportServiceImpl - Imported CAS with [1401] tokens and [364] sentences from file [/export/repository/project/0/document/1/source/ALE_cs.conllu] (size: 109002 bytes)
2026-02-17 21:26:21 INFO [admin] DocumentServiceImpl - Imported source document [ALE_cs.conllu](1) to project [BG_CHILDES_TB](0)
2026-02-17 21:26:21 INFO [admin] DocumentImportExportServiceImpl - Imported CAS with [697] tokens and [142] sentences from file [/export/repository/project/0/document/2/source/BOG_cds.conllu] (size: 55795 bytes)
2026-02-17 21:26:22 INFO [admin] DocumentServiceImpl - Imported source document [BOG_cds.conllu](2) to project [BG_CHILDES_TB](0)
2026-02-17 21:26:22 INFO [admin] DocumentImportExportServiceImpl - Imported CAS with [314] tokens and [92] sentences from file [/export/repository/project/0/document/3/source/BOG_cs.conllu] (size: 24488 bytes)
2026-02-17 21:26:22 INFO [admin] DocumentServiceImpl - Imported source document [BOG_cs.conllu](3) to project [BG_CHILDES_TB](0)
2026-02-17 21:26:22 INFO [admin] DocumentImportExportServiceImpl - Imported CAS with [3167] tokens and [670] sentences from file [/export/repository/project/0/document/4/source/ELI_cds.conllu] (size: 248107 bytes)
2026-02-17 21:26:24 INFO [admin] DocumentServiceImpl - Imported source document [ELI_cds.conllu](4) to project [BG_CHILDES_TB](0)
2026-02-17 21:26:24 INFO [admin] DocumentImportExportServiceImpl - Imported CAS with [278] tokens and [116] sentences from file [/export/repository/project/0/document/5/source/ELI_cs.conllu] (size: 17905 bytes)
2026-02-17 21:26:25 INFO [admin] DocumentServiceImpl - Imported source document [ELI_cs.conllu](5) to project [BG_CHILDES_TB](0)
2026-02-17 21:26:25 INFO [admin] DocumentImportExportServiceImpl - Imported CAS with [4139] tokens and [764] sentences from file [/export/repository/project/0/document/6/source/SIM_cds.conllu] (size: 326224 bytes)
2026-02-17 21:26:27 INFO [admin] DocumentServiceImpl - Imported source document [SIM_cds.conllu](6) to project [BG_CHILDES_TB](0)
2026-02-17 21:26:27 INFO [admin] DocumentImportExportServiceImpl - Imported CAS with [4292] tokens and [885] sentences from file [/export/repository/project/0/document/7/source/SIM_cs.conllu] (size: 338003 bytes)
2026-02-17 21:26:30 INFO [admin] DocumentServiceImpl - Imported source document [SIM_cs.conllu](7) to project [BG_CHILDES_TB](0)
2026-02-17 21:26:30 INFO [admin] DocumentImportExportServiceImpl - Imported CAS with [1990] tokens and [371] sentences from file [/export/repository/project/0/document/8/source/TEF_cds.conllu] (size: 160449 bytes)
2026-02-17 21:26:31 INFO [admin] DocumentServiceImpl - Imported source document [TEF_cds.conllu](8) to project [BG_CHILDES_TB](0)
2026-02-17 21:26:31 INFO [admin] DocumentImportExportServiceImpl - Imported CAS with [993] tokens and [319] sentences from file [/export/repository/project/0/document/9/source/TEF_cs.conllu] (size: 79987 bytes)
2026-02-17 21:26:33 INFO [admin] DocumentServiceImpl - Imported source document [TEF_cs.conllu](9) to project [BG_CHILDES_TB](0)
2026-02-17 21:27:10 INFO [admin] DocumentServiceImpl - Created annotation document [admin@ALE_cds.conllu](0) in project [BG_CHILDES_TB](0)
2026-02-17 21:27:11 INFO [admin] AnnotationSchemaServiceImpl - Upgraded CAS of user [admin] for document [ALE_cds.conllu](0) in project [BG_CHILDES_TB](0)
2026-02-18 09:19:24 INFO [admin] AnnotationSchemaServiceImpl - Upgraded CAS of user [admin] for document [ALE_cds.conllu](0) in project [BG_CHILDES_TB](0)
2026-02-18 09:58:28 INFO [admin] DocumentServiceImpl - Created annotation document [admin@BOG_cs.conllu](1) in project [BG_CHILDES_TB](0)
2026-02-18 09:58:28 INFO [admin] AnnotationSchemaServiceImpl - Upgraded CAS of user [admin] for document [BOG_cs.conllu](3) in project [BG_CHILDES_TB](0)
2026-02-18 09:59:25 INFO [admin] DocumentServiceImpl - Created annotation document [admin@BOG_cds.conllu](2) in project [BG_CHILDES_TB](0)
2026-02-18 09:59:25 INFO [admin] AnnotationSchemaServiceImpl - Upgraded CAS of user [admin] for document [BOG_cds.conllu](2) in project [BG_CHILDES_TB](0)
2026-02-18 09:59:44 INFO [admin] AnnotationSchemaServiceImpl - Upgraded CAS of user [admin] for document [ALE_cds.conllu](0) in project [BG_CHILDES_TB](0)
2026-02-18 10:03:36 INFO [admin] AnnotationSchemaServiceImpl - Upgraded CAS of user [admin] for document [ALE_cds.conllu](0) in project [BG_CHILDES_TB](0)
2026-02-18 10:18:34 INFO [admin] DocumentServiceImpl - Created annotation document [admin@ALE_cs.conllu](3) in project [BG_CHILDES_TB](0)
2026-02-18 10:18:34 INFO [admin] AnnotationSchemaServiceImpl - Upgraded CAS of user [admin] for document [ALE_cs.conllu](1) in project [BG_CHILDES_TB](0)
2026-02-18 11:27:46 INFO [admin] ProjectServiceImpl - Removed permission [ANNOTATOR] for user [annotator1] on project [BG_CHILDES_TB](0)
2026-02-18 11:27:49 INFO [admin] ProjectServiceImpl - Removed permission [ANNOTATOR] for user [annotator2] on project [BG_CHILDES_TB](0)
2026-02-18 11:27:51 INFO [admin] ProjectServiceImpl - Removed permission [ANNOTATOR] for user [annotator3] on project [BG_CHILDES_TB](0)
2026-02-18 11:38:22 INFO [admin] AnnotationSchemaServiceImpl - Upgraded CAS of user [admin] for document [ALE_cs.conllu](1) in project [BG_CHILDES_TB](0)
2026-02-18 11:39:04 INFO [admin] AnnotationSchemaServiceImpl - Upgraded CAS of user [admin] for document [ALE_cs.conllu](1) in project [BG_CHILDES_TB](0)
2026-02-18 11:41:54 INFO [admin] DocumentServiceImpl - Created annotation document [admin@ELI_cds.conllu](4) in project [BG_CHILDES_TB](0)
2026-02-18 11:41:54 INFO [admin] AnnotationSchemaServiceImpl - Upgraded CAS of user [admin] for document [ELI_cds.conllu](4) in project [BG_CHILDES_TB](0)
2026-02-18 11:42:19 INFO [admin] AnnotationSchemaServiceImpl - Upgraded CAS of user [admin] for document [ALE_cs.conllu](1) in project [BG_CHILDES_TB](0)
2026-02-18 11:42:39 INFO [admin] AnnotationSchemaServiceImpl - Upgraded CAS of user [admin] for document [ALE_cds.conllu](0) in project [BG_CHILDES_TB](0)
2026-02-18 11:42:51 INFO [admin] AnnotationSchemaServiceImpl - Upgraded CAS of user [admin] for document [BOG_cds.conllu](2) in project [BG_CHILDES_TB](0)
2026-02-18 11:43:06 INFO [admin] AnnotationSchemaServiceImpl - Upgraded CAS of user [admin] for document [BOG_cs.conllu](3) in project [BG_CHILDES_TB](0)
2026-02-18 11:51:37 INFO [admin] AnnotationSchemaServiceImpl - Upgraded CAS of user [admin] for document [ALE_cds.conllu](0) in project [BG_CHILDES_TB](0)
2026-02-18 14:52:10 INFO [admin] AnnotationSchemaServiceImpl - Upgraded CAS of user [admin] for document [ALE_cds.conllu](0) in project [BG_CHILDES_TB](0)
2026-02-18 14:53:00 INFO [admin] DocumentServiceImpl - Removed source document [ALE_cds.conllu](0) from project [BG_CHILDES_TB](0)
2026-02-18 14:53:04 INFO [admin] DocumentServiceImpl - Removed source document [ALE_cs.conllu](1) from project [BG_CHILDES_TB](0)
2026-02-18 14:53:08 INFO [admin] DocumentServiceImpl - Removed source document [BOG_cds.conllu](2) from project [BG_CHILDES_TB](0)
2026-02-18 14:53:13 INFO [admin] DocumentServiceImpl - Removed source document [BOG_cs.conllu](3) from project [BG_CHILDES_TB](0)
2026-02-18 14:53:16 INFO [admin] DocumentServiceImpl - Removed source document [ELI_cds.conllu](4) from project [BG_CHILDES_TB](0)
2026-02-18 14:53:20 INFO [admin] DocumentServiceImpl - Removed source document [ELI_cs.conllu](5) from project [BG_CHILDES_TB](0)
2026-02-18 14:53:25 INFO [admin] DocumentServiceImpl - Removed source document [SIM_cds.conllu](6) from project [BG_CHILDES_TB](0)
2026-02-18 14:53:29 INFO [admin] DocumentServiceImpl - Removed source document [SIM_cs.conllu](7) from project [BG_CHILDES_TB](0)
2026-02-18 14:53:34 INFO [admin] DocumentServiceImpl - Removed source document [TEF_cds.conllu](8) from project [BG_CHILDES_TB](0)
2026-02-18 14:53:39 INFO [admin] DocumentServiceImpl - Removed source document [TEF_cs.conllu](9) from project [BG_CHILDES_TB](0)
2026-02-18 14:53:56 INFO [admin] DocumentImportExportServiceImpl - Imported CAS with [2119] tokens and [430] sentences from file [/export/repository/project/0/document/10/source/ALE_cds.conllu] (size: 170255 bytes)
2026-02-18 14:53:58 INFO [admin] DocumentServiceImpl - Imported source document [ALE_cds.conllu](10) to project [BG_CHILDES_TB](0)
2026-02-18 14:53:58 INFO [admin] DocumentImportExportServiceImpl - Imported CAS with [1462] tokens and [379] sentences from file [/export/repository/project/0/document/11/source/ALE_cs.conllu] (size: 113858 bytes)
2026-02-18 14:53:59 INFO [admin] DocumentServiceImpl - Imported source document [ALE_cs.conllu](11) to project [BG_CHILDES_TB](0)
2026-02-18 14:53:59 INFO [admin] DocumentImportExportServiceImpl - Imported CAS with [723] tokens and [148] sentences from file [/export/repository/project/0/document/12/source/BOG_cds.conllu] (size: 57876 bytes)
2026-02-18 14:53:59 INFO [admin] DocumentServiceImpl - Imported source document [BOG_cds.conllu](12) to project [BG_CHILDES_TB](0)
2026-02-18 14:53:59 INFO [admin] DocumentImportExportServiceImpl - Imported CAS with [331] tokens and [97] sentences from file [/export/repository/project/0/document/13/source/BOG_cs.conllu] (size: 25962 bytes)
2026-02-18 14:53:59 INFO [admin] DocumentServiceImpl - Imported source document [BOG_cs.conllu](13) to project [BG_CHILDES_TB](0)
2026-02-18 14:53:59 INFO [admin] DocumentImportExportServiceImpl - Imported CAS with [3334] tokens and [706] sentences from file [/export/repository/project/0/document/14/source/ELI_cds.conllu] (size: 260756 bytes)
2026-02-18 14:54:01 INFO [admin] DocumentServiceImpl - Imported source document [ELI_cds.conllu](14) to project [BG_CHILDES_TB](0)
2026-02-18 14:54:01 INFO [admin] DocumentImportExportServiceImpl - Imported CAS with [288] tokens and [121] sentences from file [/export/repository/project/0/document/15/source/ELI_cs.conllu] (size: 18631 bytes)
2026-02-18 14:54:02 INFO [admin] DocumentServiceImpl - Imported source document [ELI_cs.conllu](15) to project [BG_CHILDES_TB](0)
2026-02-18 14:54:02 INFO [admin] DocumentImportExportServiceImpl - Imported CAS with [4360] tokens and [805] sentences from file [/export/repository/project/0/document/16/source/SIM_cds.conllu] (size: 343505 bytes)
2026-02-18 14:54:04 INFO [admin] DocumentServiceImpl - Imported source document [SIM_cds.conllu](16) to project [BG_CHILDES_TB](0)
2026-02-18 14:54:04 INFO [admin] DocumentImportExportServiceImpl - Imported CAS with [4468] tokens and [924] sentences from file [/export/repository/project/0/document/17/source/SIM_cs.conllu] (size: 351683 bytes)
2026-02-18 14:54:07 INFO [admin] DocumentServiceImpl - Imported source document [SIM_cs.conllu](17) to project [BG_CHILDES_TB](0)
2026-02-18 14:54:07 INFO [admin] DocumentImportExportServiceImpl - Imported CAS with [2102] tokens and [392] sentences from file [/export/repository/project/0/document/18/source/TEF_cds.conllu] (size: 169238 bytes)
2026-02-18 14:54:08 INFO [admin] DocumentServiceImpl - Imported source document [TEF_cds.conllu](18) to project [BG_CHILDES_TB](0)
2026-02-18 14:54:08 INFO [admin] DocumentImportExportServiceImpl - Imported CAS with [1047] tokens and [336] sentences from file [/export/repository/project/0/document/19/source/TEF_cs.conllu] (size: 84468 bytes)
2026-02-18 14:54:09 INFO [admin] DocumentServiceImpl - Imported source document [TEF_cs.conllu](19) to project [BG_CHILDES_TB](0)
2026-02-18 15:00:28 INFO [admin] DocumentServiceImpl - Created annotation document [admin@BOG_cds.conllu](5) in project [BG_CHILDES_TB](0)
2026-02-18 15:00:28 INFO [admin] AnnotationSchemaServiceImpl - Upgraded CAS of user [admin] for document [BOG_cds.conllu](12) in project [BG_CHILDES_TB](0)
2026-02-18 15:37:33 INFO [admin] ProjectServiceImpl - Created permission [ANNOTATOR] for user ivelina on project [BG_CHILDES_TB](0)
2026-02-18 15:37:33 INFO [admin] ProjectServiceImpl - Created permission [ANNOTATOR] for user mila on project [BG_CHILDES_TB](0)
2026-02-18 15:37:33 INFO [admin] ProjectServiceImpl - Created permission [ANNOTATOR] for user tsvetina on project [BG_CHILDES_TB](0)
2026-02-18 15:37:33 INFO [admin] ProjectServiceImpl - Created permission [ANNOTATOR] for user yasena on project [BG_CHILDES_TB](0)
2026-02-18 15:37:33 INFO [admin] ProjectServiceImpl - Created permission [ANNOTATOR] for user yoana on project [BG_CHILDES_TB](0)
2026-02-18 15:38:22 INFO [admin] DocumentServiceImpl - Created annotation document [mila@BOG_cds.conllu](6) in project [BG_CHILDES_TB](0)
2026-02-18 15:38:23 INFO [admin] AnnotationSchemaServiceImpl - Upgraded CAS of user [mila] for document [BOG_cds.conllu](12) in project [BG_CHILDES_TB](0)
2026-02-18 15:42:06 INFO [admin] DocumentServiceImpl - Created annotation document [mila@BOG_cs.conllu](7) in project [BG_CHILDES_TB](0)
2026-02-18 15:42:06 INFO [admin] AnnotationSchemaServiceImpl - Upgraded CAS of user [mila] for document [BOG_cs.conllu](13) in project [BG_CHILDES_TB](0)
2026-02-18 15:42:22 INFO [admin] DocumentServiceImpl - Created annotation document [mila@ALE_cs.conllu](8) in project [BG_CHILDES_TB](0)
2026-02-18 15:42:22 INFO [admin] AnnotationSchemaServiceImpl - Upgraded CAS of user [mila] for document [ALE_cs.conllu](11) in project [BG_CHILDES_TB](0)
2026-02-18 15:59:47 INFO [admin] AnnotationSchemaServiceImpl - Upgraded CAS of user [mila] for document [BOG_cds.conllu](12) in project [BG_CHILDES_TB](0)
2026-02-18 16:17:14 INFO [admin] AnnotationSchemaServiceImpl - Created layer [webanno.custom.Comment](13) in project [BG_CHILDES_TB](0)
2026-02-18 16:17:14 INFO [admin] SearchServiceImpl - Re-indexing project [BG_CHILDES_TB](0). This may take a while...
2026-02-18 16:17:18 INFO [admin] SearchServiceImpl - Re-indexing project [BG_CHILDES_TB](0) complete!
2026-02-18 16:17:32 INFO [admin] AnnotationSchemaServiceImpl - Upgraded CAS of user [mila] for document [BOG_cds.conllu](12) in project [BG_CHILDES_TB](0)
2026-02-18 16:17:44 INFO [admin] AnnotationSchemaServiceImpl - Upgraded CAS of user [mila] for document [BOG_cs.conllu](13) in project [BG_CHILDES_TB](0)
2026-02-18 16:38:15 INFO [admin] AnnotationSchemaServiceImpl - Upgraded CAS of user [mila] for document [ALE_cs.conllu](11) in project [BG_CHILDES_TB](0)
2026-02-18 18:55:30 INFO [admin] DocumentServiceImpl - Created annotation document [admin@ALE_cs.conllu](9) in project [BG_CHILDES_TB](0)
2026-02-18 18:55:30 INFO [admin] AnnotationSchemaServiceImpl - Upgraded CAS of user [admin] for document [ALE_cs.conllu](11) in project [BG_CHILDES_TB](0)
2026-02-18 19:07:16 INFO [admin] AnnotationSchemaServiceImpl - Created tagset [tag](7) in project [BG_CHILDES_TB](0)
2026-02-18 19:07:16 INFO [admin] AnnotationSchemaServiceImpl - Created tagset [copy_of_tag](8) in project [BG_CHILDES_TB](0)
2026-02-18 19:07:16 INFO [admin] AnnotationSchemaServiceImpl - Created tag [Perf](74) in tagset [copy_of_tag](8) in project [BG_CHILDES_TB](0)
2026-02-18 19:07:16 INFO [admin] AnnotationSchemaServiceImpl - Created tagset [copy_of_tag(1)](9) in project [BG_CHILDES_TB](0)
2026-02-18 19:07:16 INFO [admin] AnnotationSchemaServiceImpl - Created tag [Dat](75) in tagset [copy_of_tag(1)](9) in project [BG_CHILDES_TB](0)
2026-02-18 19:07:16 INFO [admin] AnnotationSchemaServiceImpl - Created tag [Nom](76) in tagset [copy_of_tag(1)](9) in project [BG_CHILDES_TB](0)
2026-02-18 19:07:16 INFO [admin] AnnotationSchemaServiceImpl - Created tag [Voc](77) in tagset [copy_of_tag(1)](9) in project [BG_CHILDES_TB](0)
2026-02-18 19:07:16 INFO [admin] AnnotationSchemaServiceImpl - Created tagset [copy_of_tag(2)](10) in project [BG_CHILDES_TB](0)
2026-02-18 19:07:16 INFO [admin] AnnotationSchemaServiceImpl - Created tag [Ind](78) in tagset [copy_of_tag(2)](10) in project [BG_CHILDES_TB](0)
2026-02-18 19:07:16 INFO [admin] AnnotationSchemaServiceImpl - Created tagset [copy_of_tag(3)](11) in project [BG_CHILDES_TB](0)
2026-02-18 19:07:16 INFO [admin] AnnotationSchemaServiceImpl - Created tag [Pos](79) in tagset [copy_of_tag(3)](11) in project [BG_CHILDES_TB](0)
2026-02-18 19:07:16 INFO [admin] AnnotationSchemaServiceImpl - Created tag [Sup](80) in tagset [copy_of_tag(3)](11) in project [BG_CHILDES_TB](0)
2026-02-18 19:07:16 INFO [admin] AnnotationSchemaServiceImpl - Created tagset [copy_of_tag(4)](12) in project [BG_CHILDES_TB](0)
2026-02-18 19:07:16 INFO [admin] AnnotationSchemaServiceImpl - Created tag [ADV](81) in tagset [copy_of_tag(4)](12) in project [BG_CHILDES_TB](0)
2026-02-18 19:07:16 INFO [admin] AnnotationSchemaServiceImpl - Created tag [CCONJ](82) in tagset [copy_of_tag(4)](12) in project [BG_CHILDES_TB](0)
2026-02-18 19:07:16 INFO [admin] AnnotationSchemaServiceImpl - Created tag [DET](83) in tagset [copy_of_tag(4)](12) in project [BG_CHILDES_TB](0)
2026-02-18 19:07:16 INFO [admin] AnnotationSchemaServiceImpl - Created tag [PRON](84) in tagset [copy_of_tag(4)](12) in project [BG_CHILDES_TB](0)
2026-02-18 19:07:16 INFO [admin] AnnotationSchemaServiceImpl - Created tag [SCONJ](85) in tagset [copy_of_tag(4)](12) in project [BG_CHILDES_TB](0)
2026-02-18 19:07:16 INFO [admin] AnnotationSchemaServiceImpl - Created tagset [copy_of_tag(5)](13) in project [BG_CHILDES_TB](0)
2026-02-18 19:07:16 INFO [admin] AnnotationSchemaServiceImpl - Created tagset [copy_of_tag(6)](14) in project [BG_CHILDES_TB](0)
2026-02-18 19:07:16 INFO [admin] AnnotationSchemaServiceImpl - Created tag [Masc](86) in tagset [copy_of_tag(6)](14) in project [BG_CHILDES_TB](0)
2026-02-18 19:07:16 INFO [admin] AnnotationSchemaServiceImpl - Created tag [Neut](87) in tagset [copy_of_tag(6)](14) in project [BG_CHILDES_TB](0)
2026-02-18 19:07:16 INFO [admin] AnnotationSchemaServiceImpl - Created tagset [copy_of_tag(7)](15) in project [BG_CHILDES_TB](0)
2026-02-18 19:07:16 INFO [admin] AnnotationSchemaServiceImpl - Created tag [Imp](88) in tagset [copy_of_tag(7)](15) in project [BG_CHILDES_TB](0)
2026-02-18 19:07:16 INFO [admin] AnnotationSchemaServiceImpl - Created tag [Ind](89) in tagset [copy_of_tag(7)](15) in project [BG_CHILDES_TB](0)
2026-02-18 19:07:16 INFO [admin] AnnotationSchemaServiceImpl - Created tagset [copy_of_tag(8)](16) in project [BG_CHILDES_TB](0)
2026-02-18 19:07:16 INFO [admin] AnnotationSchemaServiceImpl - Created tag [Plur](90) in tagset [copy_of_tag(8)](16) in project [BG_CHILDES_TB](0)
2026-02-18 19:07:16 INFO [admin] AnnotationSchemaServiceImpl - Created tag [Ptan](91) in tagset [copy_of_tag(8)](16) in project [BG_CHILDES_TB](0)
2026-02-18 19:07:16 INFO [admin] AnnotationSchemaServiceImpl - Created tag [Sing](92) in tagset [copy_of_tag(8)](16) in project [BG_CHILDES_TB](0)
2026-02-18 19:07:16 INFO [admin] AnnotationSchemaServiceImpl - Created tagset [copy_of_tag(9)](17) in project [BG_CHILDES_TB](0)
2026-02-18 19:07:16 INFO [admin] AnnotationSchemaServiceImpl - Created tag [Ord](93) in tagset [copy_of_tag(9)](17) in project [BG_CHILDES_TB](0)
2026-02-18 19:07:16 INFO [admin] AnnotationSchemaServiceImpl - Created tagset [copy_of_tag(10)](18) in project [BG_CHILDES_TB](0)
2026-02-18 19:07:16 INFO [admin] AnnotationSchemaServiceImpl - Created tag [2](94) in tagset [copy_of_tag(10)](18) in project [BG_CHILDES_TB](0)
2026-02-18 19:07:16 INFO [admin] AnnotationSchemaServiceImpl - Created tag [3](95) in tagset [copy_of_tag(10)](18) in project [BG_CHILDES_TB](0)
2026-02-18 19:07:16 INFO [admin] AnnotationSchemaServiceImpl - Created tagset [copy_of_tag(11)](19) in project [BG_CHILDES_TB](0)
2026-02-18 19:07:16 INFO [admin] AnnotationSchemaServiceImpl - Created tagset [copy_of_tag(12)](20) in project [BG_CHILDES_TB](0)
2026-02-18 19:07:16 INFO [admin] AnnotationSchemaServiceImpl - Created tagset [copy_of_tag(13)](21) in project [BG_CHILDES_TB](0)
2026-02-18 19:07:16 INFO [admin] AnnotationSchemaServiceImpl - Created tag [Ind](96) in tagset [copy_of_tag(13)](21) in project [BG_CHILDES_TB](0)
2026-02-18 19:07:16 INFO [admin] AnnotationSchemaServiceImpl - Created tag [Int](97) in tagset [copy_of_tag(13)](21) in project [BG_CHILDES_TB](0)
2026-02-18 19:07:16 INFO [admin] AnnotationSchemaServiceImpl - Created tag [Neg](98) in tagset [copy_of_tag(13)](21) in project [BG_CHILDES_TB](0)
2026-02-18 19:07:16 INFO [admin] AnnotationSchemaServiceImpl - Created tag [Prs](99) in tagset [copy_of_tag(13)](21) in project [BG_CHILDES_TB](0)
2026-02-18 19:07:16 INFO [admin] AnnotationSchemaServiceImpl - Created tag [Rel](100) in tagset [copy_of_tag(13)](21) in project [BG_CHILDES_TB](0)
2026-02-18 19:07:16 INFO [admin] AnnotationSchemaServiceImpl - Created tag [Tot](101) in tagset [copy_of_tag(13)](21) in project [BG_CHILDES_TB](0)
2026-02-18 19:07:16 INFO [admin] AnnotationSchemaServiceImpl - Created tagset [copy_of_tag(14)](22) in project [BG_CHILDES_TB](0)
2026-02-18 19:07:17 INFO [admin] AnnotationSchemaServiceImpl - Created tagset [copy_of_tag(15)](23) in project [BG_CHILDES_TB](0)
2026-02-18 19:07:17 INFO [admin] AnnotationSchemaServiceImpl - Created tag [Past](102) in tagset [copy_of_tag(15)](23) in project [BG_CHILDES_TB](0)
2026-02-18 19:07:17 INFO [admin] AnnotationSchemaServiceImpl - Created tag [Pres](103) in tagset [copy_of_tag(15)](23) in project [BG_CHILDES_TB](0)
2026-02-18 19:07:17 INFO [admin] AnnotationSchemaServiceImpl - Created tagset [copy_of_tag(16)](24) in project [BG_CHILDES_TB](0)
2026-02-18 19:07:17 INFO [admin] AnnotationSchemaServiceImpl - Created tag [Part](104) in tagset [copy_of_tag(16)](24) in project [BG_CHILDES_TB](0)
2026-02-18 19:07:17 INFO [admin] AnnotationSchemaServiceImpl - Created tagset [copy_of_tag(17)](25) in project [BG_CHILDES_TB](0)
2026-02-18 19:07:17 INFO [admin] AnnotationSchemaServiceImpl - Created tag [Pass](105) in tagset [copy_of_tag(17)](25) in project [BG_CHILDES_TB](0)
2026-02-18 19:12:35 INFO [admin] AnnotationSchemaServiceImpl - Created tagset [Animacy](26) in project [BG_CHILDES_TB](0)
2026-02-18 19:12:35 INFO [admin] AnnotationSchemaServiceImpl - Created tag [Anim](106) in tagset [Animacy](26) in project [BG_CHILDES_TB](0)
2026-02-18 19:14:02 INFO [admin] AnnotationSchemaServiceImpl - Created tagset [MF_Animacy](27) in project [BG_CHILDES_TB](0)
2026-02-18 19:14:02 INFO [admin] AnnotationSchemaServiceImpl - Created tag [Anim](107) in tagset [MF_Animacy](27) in project [BG_CHILDES_TB](0)
2026-02-18 19:14:50 INFO [admin] AnnotationSchemaServiceImpl - Created tagset [MF_Aspect](28) in project [BG_CHILDES_TB](0)
2026-02-18 19:14:50 INFO [admin] AnnotationSchemaServiceImpl - Created tag [Imp](108) in tagset [MF_Aspect](28) in project [BG_CHILDES_TB](0)
2026-02-18 19:14:50 INFO [admin] AnnotationSchemaServiceImpl - Created tag [Perf](109) in tagset [MF_Aspect](28) in project [BG_CHILDES_TB](0)
2026-02-18 19:14:50 INFO [admin] AnnotationSchemaServiceImpl - Created tagset [MF_Case](29) in project [BG_CHILDES_TB](0)
2026-02-18 19:14:50 INFO [admin] AnnotationSchemaServiceImpl - Created tag [Acc](110) in tagset [MF_Case](29) in project [BG_CHILDES_TB](0)
2026-02-18 19:14:50 INFO [admin] AnnotationSchemaServiceImpl - Created tag [Dat](111) in tagset [MF_Case](29) in project [BG_CHILDES_TB](0)
2026-02-18 19:14:50 INFO [admin] AnnotationSchemaServiceImpl - Created tag [Nom](112) in tagset [MF_Case](29) in project [BG_CHILDES_TB](0)
2026-02-18 19:14:50 INFO [admin] AnnotationSchemaServiceImpl - Created tag [Voc](113) in tagset [MF_Case](29) in project [BG_CHILDES_TB](0)
2026-02-18 19:14:50 INFO [admin] AnnotationSchemaServiceImpl - Created tagset [MF_Definite](30) in project [BG_CHILDES_TB](0)
2026-02-18 19:14:50 INFO [admin] AnnotationSchemaServiceImpl - Created tag [Def](114) in tagset [MF_Definite](30) in project [BG_CHILDES_TB](0)
2026-02-18 19:14:50 INFO [admin] AnnotationSchemaServiceImpl - Created tag [Ind](115) in tagset [MF_Definite](30) in project [BG_CHILDES_TB](0)
2026-02-18 19:14:50 INFO [admin] AnnotationSchemaServiceImpl - Created tagset [MF_Degree](31) in project [BG_CHILDES_TB](0)
2026-02-18 19:14:50 INFO [admin] AnnotationSchemaServiceImpl - Created tag [Cmp](116) in tagset [MF_Degree](31) in project [BG_CHILDES_TB](0)
2026-02-18 19:14:50 INFO [admin] AnnotationSchemaServiceImpl - Created tag [Pos](117) in tagset [MF_Degree](31) in project [BG_CHILDES_TB](0)
2026-02-18 19:14:50 INFO [admin] AnnotationSchemaServiceImpl - Created tag [Sup](118) in tagset [MF_Degree](31) in project [BG_CHILDES_TB](0)
2026-02-18 19:14:50 INFO [admin] AnnotationSchemaServiceImpl - Created tagset [MF_ExtPos](32) in project [BG_CHILDES_TB](0)
2026-02-18 19:14:50 INFO [admin] AnnotationSchemaServiceImpl - Created tag [ADP](119) in tagset [MF_ExtPos](32) in project [BG_CHILDES_TB](0)
2026-02-18 19:14:50 INFO [admin] AnnotationSchemaServiceImpl - Created tag [ADV](120) in tagset [MF_ExtPos](32) in project [BG_CHILDES_TB](0)
2026-02-18 19:14:50 INFO [admin] AnnotationSchemaServiceImpl - Created tag [CCONJ](121) in tagset [MF_ExtPos](32) in project [BG_CHILDES_TB](0)
2026-02-18 19:14:50 INFO [admin] AnnotationSchemaServiceImpl - Created tag [DET](122) in tagset [MF_ExtPos](32) in project [BG_CHILDES_TB](0)
2026-02-18 19:14:50 INFO [admin] AnnotationSchemaServiceImpl - Created tag [PRON](123) in tagset [MF_ExtPos](32) in project [BG_CHILDES_TB](0)
2026-02-18 19:14:50 INFO [admin] AnnotationSchemaServiceImpl - Created tag [SCONJ](124) in tagset [MF_ExtPos](32) in project [BG_CHILDES_TB](0)
2026-02-18 19:14:50 INFO [admin] AnnotationSchemaServiceImpl - Created tagset [MF_Foreign](33) in project [BG_CHILDES_TB](0)
2026-02-18 19:14:50 INFO [admin] AnnotationSchemaServiceImpl - Created tag [Yes](125) in tagset [MF_Foreign](33) in project [BG_CHILDES_TB](0)
2026-02-18 19:14:50 INFO [admin] AnnotationSchemaServiceImpl - Created tagset [MF_Gender](34) in project [BG_CHILDES_TB](0)
2026-02-18 19:14:50 INFO [admin] AnnotationSchemaServiceImpl - Created tag [Fem](126) in tagset [MF_Gender](34) in project [BG_CHILDES_TB](0)
2026-02-18 19:14:50 INFO [admin] AnnotationSchemaServiceImpl - Created tag [Masc](127) in tagset [MF_Gender](34) in project [BG_CHILDES_TB](0)
2026-02-18 19:14:50 INFO [admin] AnnotationSchemaServiceImpl - Created tag [Neut](128) in tagset [MF_Gender](34) in project [BG_CHILDES_TB](0)
2026-02-18 19:14:50 INFO [admin] AnnotationSchemaServiceImpl - Created tagset [MF_Mood](35) in project [BG_CHILDES_TB](0)
2026-02-18 19:14:50 INFO [admin] AnnotationSchemaServiceImpl - Created tag [Cnd](129) in tagset [MF_Mood](35) in project [BG_CHILDES_TB](0)
2026-02-18 19:14:50 INFO [admin] AnnotationSchemaServiceImpl - Created tag [Imp](130) in tagset [MF_Mood](35) in project [BG_CHILDES_TB](0)
2026-02-18 19:14:50 INFO [admin] AnnotationSchemaServiceImpl - Created tag [Ind](131) in tagset [MF_Mood](35) in project [BG_CHILDES_TB](0)
2026-02-18 19:14:50 INFO [admin] AnnotationSchemaServiceImpl - Created tagset [MF_Number](36) in project [BG_CHILDES_TB](0)
2026-02-18 19:14:50 INFO [admin] AnnotationSchemaServiceImpl - Created tag [Count](132) in tagset [MF_Number](36) in project [BG_CHILDES_TB](0)
2026-02-18 19:14:51 INFO [admin] AnnotationSchemaServiceImpl - Created tag [Plur](133) in tagset [MF_Number](36) in project [BG_CHILDES_TB](0)
2026-02-18 19:14:51 INFO [admin] AnnotationSchemaServiceImpl - Created tag [Ptan](134) in tagset [MF_Number](36) in project [BG_CHILDES_TB](0)
2026-02-18 19:14:51 INFO [admin] AnnotationSchemaServiceImpl - Created tag [Sing](135) in tagset [MF_Number](36) in project [BG_CHILDES_TB](0)
2026-02-18 19:14:51 INFO [admin] AnnotationSchemaServiceImpl - Created tagset [MF_NumType](37) in project [BG_CHILDES_TB](0)
2026-02-18 19:14:51 INFO [admin] AnnotationSchemaServiceImpl - Created tag [Card](136) in tagset [MF_NumType](37) in project [BG_CHILDES_TB](0)
2026-02-18 19:14:51 INFO [admin] AnnotationSchemaServiceImpl - Created tag [Ord](137) in tagset [MF_NumType](37) in project [BG_CHILDES_TB](0)
2026-02-18 19:14:51 INFO [admin] AnnotationSchemaServiceImpl - Created tagset [MF_Person](38) in project [BG_CHILDES_TB](0)
2026-02-18 19:14:51 INFO [admin] AnnotationSchemaServiceImpl - Created tag [1](138) in tagset [MF_Person](38) in project [BG_CHILDES_TB](0)
2026-02-18 19:14:51 INFO [admin] AnnotationSchemaServiceImpl - Created tag [2](139) in tagset [MF_Person](38) in project [BG_CHILDES_TB](0)
2026-02-18 19:14:51 INFO [admin] AnnotationSchemaServiceImpl - Created tag [3](140) in tagset [MF_Person](38) in project [BG_CHILDES_TB](0)
2026-02-18 19:14:51 INFO [admin] AnnotationSchemaServiceImpl - Created tagset [MF_Polarity](39) in project [BG_CHILDES_TB](0)
2026-02-18 19:14:51 INFO [admin] AnnotationSchemaServiceImpl - Created tag [Neg](141) in tagset [MF_Polarity](39) in project [BG_CHILDES_TB](0)
2026-02-18 19:14:51 INFO [admin] AnnotationSchemaServiceImpl - Created tagset [MF_Poss](40) in project [BG_CHILDES_TB](0)
2026-02-18 19:14:51 INFO [admin] AnnotationSchemaServiceImpl - Created tag [Yes](142) in tagset [MF_Poss](40) in project [BG_CHILDES_TB](0)
2026-02-18 19:14:51 INFO [admin] AnnotationSchemaServiceImpl - Created tagset [MF_PronType](41) in project [BG_CHILDES_TB](0)
2026-02-18 19:14:51 INFO [admin] AnnotationSchemaServiceImpl - Created tag [Dem](143) in tagset [MF_PronType](41) in project [BG_CHILDES_TB](0)
2026-02-18 19:14:51 INFO [admin] AnnotationSchemaServiceImpl - Created tag [Ind](144) in tagset [MF_PronType](41) in project [BG_CHILDES_TB](0)
2026-02-18 19:14:51 INFO [admin] AnnotationSchemaServiceImpl - Created tag [Int](145) in tagset [MF_PronType](41) in project [BG_CHILDES_TB](0)
2026-02-18 19:14:51 INFO [admin] AnnotationSchemaServiceImpl - Created tag [Neg](146) in tagset [MF_PronType](41) in project [BG_CHILDES_TB](0)
2026-02-18 19:14:51 INFO [admin] AnnotationSchemaServiceImpl - Created tag [Prs](147) in tagset [MF_PronType](41) in project [BG_CHILDES_TB](0)
2026-02-18 19:14:51 INFO [admin] AnnotationSchemaServiceImpl - Created tag [Rel](148) in tagset [MF_PronType](41) in project [BG_CHILDES_TB](0)
2026-02-18 19:14:51 INFO [admin] AnnotationSchemaServiceImpl - Created tag [Tot](149) in tagset [MF_PronType](41) in project [BG_CHILDES_TB](0)
2026-02-18 19:14:51 INFO [admin] AnnotationSchemaServiceImpl - Created tagset [MF_Reflex](42) in project [BG_CHILDES_TB](0)
2026-02-18 19:14:51 INFO [admin] AnnotationSchemaServiceImpl - Created tag [Yes](150) in tagset [MF_Reflex](42) in project [BG_CHILDES_TB](0)
2026-02-18 19:14:51 INFO [admin] AnnotationSchemaServiceImpl - Created tagset [MF_Tense](43) in project [BG_CHILDES_TB](0)
2026-02-18 19:14:51 INFO [admin] AnnotationSchemaServiceImpl - Created tag [Imp](151) in tagset [MF_Tense](43) in project [BG_CHILDES_TB](0)
2026-02-18 19:14:51 INFO [admin] AnnotationSchemaServiceImpl - Created tag [Past](152) in tagset [MF_Tense](43) in project [BG_CHILDES_TB](0)
2026-02-18 19:14:51 INFO [admin] AnnotationSchemaServiceImpl - Created tag [Pres](153) in tagset [MF_Tense](43) in project [BG_CHILDES_TB](0)
2026-02-18 19:14:51 INFO [admin] AnnotationSchemaServiceImpl - Created tagset [MF_VerbForm](44) in project [BG_CHILDES_TB](0)
2026-02-18 19:14:51 INFO [admin] AnnotationSchemaServiceImpl - Created tag [Fin](154) in tagset [MF_VerbForm](44) in project [BG_CHILDES_TB](0)
2026-02-18 19:14:51 INFO [admin] AnnotationSchemaServiceImpl - Created tag [Part](155) in tagset [MF_VerbForm](44) in project [BG_CHILDES_TB](0)
2026-02-18 19:14:51 INFO [admin] AnnotationSchemaServiceImpl - Created tagset [MF_Voice](45) in project [BG_CHILDES_TB](0)
2026-02-18 19:14:51 INFO [admin] AnnotationSchemaServiceImpl - Created tag [Act](156) in tagset [MF_Voice](45) in project [BG_CHILDES_TB](0)
2026-02-18 19:14:51 INFO [admin] AnnotationSchemaServiceImpl - Created tag [Pass](157) in tagset [MF_Voice](45) in project [BG_CHILDES_TB](0)
2026-02-18 19:15:15 INFO [admin] AnnotationSchemaServiceImpl - Updated tagset [MF_Voice](45) in project [BG_CHILDES_TB](0)
2026-02-18 19:31:23 INFO [admin] AnnotationSchemaServiceImpl - Created tag [acl:relcl](158) in tagset [UD Universal Dependencies (v2)](3) in project [BG_CHILDES_TB](0)
2026-02-18 19:31:42 INFO [admin] AnnotationSchemaServiceImpl - Created tag [csubj:pass](159) in tagset [UD Universal Dependencies (v2)](3) in project [BG_CHILDES_TB](0)
2026-02-18 19:31:58 INFO [admin] AnnotationSchemaServiceImpl - Created tag [nsubj:pass](160) in tagset [UD Universal Dependencies (v2)](3) in project [BG_CHILDES_TB](0)
2026-02-18 19:32:16 INFO [admin] AnnotationSchemaServiceImpl - Created tag [aux:pass](161) in tagset [UD Universal Dependencies (v2)](3) in project [BG_CHILDES_TB](0)
2026-02-18 19:32:45 INFO [admin] AnnotationSchemaServiceImpl - Updated tag [aux:pass](161) in tagset [UD Universal Dependencies (v2)](3) in project [BG_CHILDES_TB](0)
2026-02-18 19:39:41 INFO [admin] AnnotationSchemaServiceImpl - Updated tagset [Aspect](28) in project [BG_CHILDES_TB](0)
2026-02-18 19:39:43 INFO [admin] AnnotationSchemaServiceImpl - Updated tagset [Aspect](28) in project [BG_CHILDES_TB](0)
2026-02-18 19:39:47 INFO [admin] AnnotationSchemaServiceImpl - Updated tagset [Case](29) in project [BG_CHILDES_TB](0)
2026-02-18 19:39:52 INFO [admin] AnnotationSchemaServiceImpl - Updated tagset [Definite](30) in project [BG_CHILDES_TB](0)
2026-02-18 19:39:58 INFO [admin] AnnotationSchemaServiceImpl - Updated tagset [Gender](34) in project [BG_CHILDES_TB](0)
2026-02-18 19:40:07 INFO [admin] AnnotationSchemaServiceImpl - Updated tagset [Mood](35) in project [BG_CHILDES_TB](0)
2026-02-18 19:40:19 INFO [admin] AnnotationSchemaServiceImpl - Updated tagset [Number](36) in project [BG_CHILDES_TB](0)
2026-02-18 19:40:24 INFO [admin] AnnotationSchemaServiceImpl - Updated tagset [Person](38) in project [BG_CHILDES_TB](0)
2026-02-18 19:40:33 INFO [admin] AnnotationSchemaServiceImpl - Updated tagset [Tense](43) in project [BG_CHILDES_TB](0)
2026-02-18 19:40:39 INFO [admin] AnnotationSchemaServiceImpl - Updated tagset [VerbForm](44) in project [BG_CHILDES_TB](0)
2026-02-18 19:40:45 INFO [admin] AnnotationSchemaServiceImpl - Updated tagset [Voice](45) in project [BG_CHILDES_TB](0)
2026-02-18 19:44:30 INFO [admin] AnnotationSchemaServiceImpl - Updated feature [value](6) in project [BG_CHILDES_TB](0)
2026-02-18 19:44:30 INFO [admin] SearchServiceImpl - Re-indexing project [BG_CHILDES_TB](0). This may take a while...
2026-02-18 19:44:34 INFO [admin] SearchServiceImpl - Re-indexing project [BG_CHILDES_TB](0) complete!
2026-02-18 19:45:25 INFO [admin] AnnotationSchemaServiceImpl - Updated feature [value](6) in project [BG_CHILDES_TB](0)
2026-02-18 19:45:26 INFO [admin] SearchServiceImpl - Re-indexing project [BG_CHILDES_TB](0). This may take a while...
2026-02-18 19:45:30 INFO [admin] SearchServiceImpl - Re-indexing project [BG_CHILDES_TB](0) complete!
2026-02-18 19:47:59 INFO [admin] AnnotationSchemaServiceImpl - Upgraded CAS of user [mila] for document [BOG_cds.conllu](12) in project [BG_CHILDES_TB](0)
2026-02-18 19:55:46 INFO [admin] AnnotationSchemaServiceImpl - Updated tag [fixed](23) in tagset [UD Universal Dependencies (v2)](3) in project [BG_CHILDES_TB](0)
2026-02-18 19:56:19 INFO [admin] AnnotationSchemaServiceImpl - Updated tag [flat](24) in tagset [UD Universal Dependencies (v2)](3) in project [BG_CHILDES_TB](0)
2026-02-18 19:57:26 INFO [admin] DocumentImportExportServiceImpl - Imported CAS with [216] tokens and [36] sentences from file [/export/repository/project/0/document/20/source/UD_relations_example_for_each.conllu] (size: 27834 bytes)
2026-02-18 19:57:26 INFO [admin] DocumentServiceImpl - Imported source document [UD_relations_example_for_each.conllu](20) to project [BG_CHILDES_TB](0)
2026-02-18 19:58:53 INFO [admin] GuidelinesServiceImpl - Created guidelines file [feature_examples.txt] in project [BG_CHILDES_TB](0)
2026-02-18 19:58:53 INFO [admin] GuidelinesServiceImpl - Created guidelines file [upos_examples.txt] in project [BG_CHILDES_TB](0)
2026-02-18 19:59:09 INFO [admin] AnnotationSchemaServiceImpl - Upgraded CAS of user [mila] for document [BOG_cds.conllu](12) in project [BG_CHILDES_TB](0)
2026-02-18 20:12:18 INFO [admin] AnnotationSchemaServiceImpl - Upgraded CAS of user [admin] for document [ALE_cs.conllu](11) in project [BG_CHILDES_TB](0)
2026-02-18 20:16:49 INFO [admin] AnnotationSchemaServiceImpl - Updated layer [de.tudarmstadt.ukp.dkpro.core.api.syntax.type.dependency.Dependency](12) in project [BG_CHILDES_TB](0)
2026-02-18 20:16:49 INFO [admin] SearchServiceImpl - Re-indexing project [BG_CHILDES_TB](0). This may take a while...
2026-02-18 20:16:52 INFO [admin] SearchServiceImpl - Re-indexing project [BG_CHILDES_TB](0) complete!
2026-02-18 20:17:02 INFO [admin] AnnotationSchemaServiceImpl - Upgraded CAS of user [admin] for document [ALE_cs.conllu](11) in project [BG_CHILDES_TB](0)
2026-02-18 20:17:55 INFO [admin] AnnotationSchemaServiceImpl - Upgraded CAS of user [admin] for document [BOG_cds.conllu](12) in project [BG_CHILDES_TB](0)
2026-02-18 20:22:35 INFO [admin] AnnotationSchemaServiceImpl - Upgraded CAS of user [admin] for document [ALE_cs.conllu](11) in project [BG_CHILDES_TB](0)
2026-02-18 20:22:49 INFO [admin] AnnotationSchemaServiceImpl - Upgraded CAS of user [admin] for document [BOG_cds.conllu](12) in project [BG_CHILDES_TB](0)
2026-02-18 20:23:57 INFO [admin] AnnotationSchemaServiceImpl - Updated layer [de.tudarmstadt.ukp.dkpro.core.api.syntax.type.dependency.Dependency](12) in project [BG_CHILDES_TB](0)
2026-02-18 20:23:57 INFO [admin] SearchServiceImpl - Re-indexing project [BG_CHILDES_TB](0). This may take a while...
2026-02-18 20:24:00 INFO [admin] SearchServiceImpl - Re-indexing project [BG_CHILDES_TB](0) complete!
2026-02-18 20:24:03 INFO [admin] AnnotationSchemaServiceImpl - Updated layer [de.tudarmstadt.ukp.dkpro.core.api.syntax.type.dependency.Dependency](12) in project [BG_CHILDES_TB](0)
2026-02-18 20:24:03 INFO [admin] SearchServiceImpl - Re-indexing project [BG_CHILDES_TB](0). This may take a while...
2026-02-18 20:24:07 INFO [admin] SearchServiceImpl - Re-indexing project [BG_CHILDES_TB](0) complete!
2026-02-18 20:26:06 INFO [admin] AnnotationSchemaServiceImpl - Updated layer [de.tudarmstadt.ukp.dkpro.core.api.syntax.type.dependency.Dependency](12) in project [BG_CHILDES_TB](0)
2026-02-18 20:26:06 INFO [admin] SearchServiceImpl - Re-indexing project [BG_CHILDES_TB](0). This may take a while...
2026-02-18 20:26:10 INFO [admin] SearchServiceImpl - Re-indexing project [BG_CHILDES_TB](0) complete!
2026-02-18 20:26:51 INFO [admin] AnnotationSchemaServiceImpl - Upgraded CAS of user [mila] for document [BOG_cds.conllu](12) in project [BG_CHILDES_TB](0)
2026-02-18 20:46:11 INFO [admin] DocumentServiceImpl - Created annotation document [mila@UD_relations_example_for_each.conllu](10) in project [BG_CHILDES_TB](0)
2026-02-18 20:46:11 INFO [admin] AnnotationSchemaServiceImpl - Upgraded CAS of user [mila] for document [UD_relations_example_for_each.conllu](20) in project [BG_CHILDES_TB](0)
2026-02-18 20:49:12 INFO [admin] AnnotationSchemaServiceImpl - Upgraded CAS of user [mila] for document [BOG_cds.conllu](12) in project [BG_CHILDES_TB](0)
2026-02-18 20:50:31 INFO [admin] DocumentServiceImpl - Created annotation document [yasena@BOG_cds.conllu](11) in project [BG_CHILDES_TB](0)
2026-02-18 20:50:31 INFO [admin] AnnotationSchemaServiceImpl - Upgraded CAS of user [yasena] for document [BOG_cds.conllu](12) in project [BG_CHILDES_TB](0)
2026-02-18 21:00:03 INFO [admin] AnnotationSchemaServiceImpl - Upgraded CAS of user [mila] for document [BOG_cds.conllu](12) in project [BG_CHILDES_TB](0)
2026-02-18 21:04:30 INFO [admin] AnnotationSchemaServiceImpl - Upgraded CAS of user [admin] for document [BOG_cds.conllu](12) in project [BG_CHILDES_TB](0)
2026-02-19 09:28:36 INFO [admin] AnnotationSchemaServiceImpl - Upgraded CAS of user [yasena] for document [BOG_cds.conllu](12) in project [BG_CHILDES_TB](0)
2026-02-19 09:32:39 INFO [admin] AnnotationSchemaServiceImpl - Upgraded CAS of user [yasena] for document [BOG_cds.conllu](12) in project [BG_CHILDES_TB](0)
2026-02-19 09:55:07 INFO [admin] AnnotationSchemaServiceImpl - Upgraded CAS of user [admin] for document [BOG_cds.conllu](12) in project [BG_CHILDES_TB](0)
2026-02-19 09:56:30 INFO [admin] ProjectServiceImpl - Created permission [ANNOTATOR] for user tsvetelina on project [BG_CHILDES_TB](0)
2026-02-19 09:58:45 INFO [admin] DocumentServiceImpl - Created annotation document [ivelina@TEF_cds.conllu](12) in project [BG_CHILDES_TB](0)
2026-02-19 09:58:45 INFO [admin] AnnotationSchemaServiceImpl - Upgraded CAS of user [ivelina] for document [TEF_cds.conllu](18) in project [BG_CHILDES_TB](0)
2026-02-19 09:59:18 INFO [admin] DocumentServiceImpl - Created annotation document [ivelina@TEF_cs.conllu](13) in project [BG_CHILDES_TB](0)
2026-02-19 09:59:18 INFO [admin] AnnotationSchemaServiceImpl - Upgraded CAS of user [ivelina] for document [TEF_cs.conllu](19) in project [BG_CHILDES_TB](0)
2026-02-19 10:00:00 INFO [admin] AnnotationSchemaServiceImpl - Upgraded CAS of user [ivelina] for document [TEF_cs.conllu](19) in project [BG_CHILDES_TB](0)
2026-02-19 10:10:24 INFO [admin] DocumentServiceImpl - Created annotation document [tsvetelina@ELI_cs.conllu](14) in project [BG_CHILDES_TB](0)
2026-02-19 10:10:24 INFO [admin] AnnotationSchemaServiceImpl - Upgraded CAS of user [tsvetelina] for document [ELI_cs.conllu](15) in project [BG_CHILDES_TB](0)
2026-02-19 10:15:20 INFO [admin] AnnotationSchemaServiceImpl - Upgraded CAS of user [mila] for document [BOG_cds.conllu](12) in project [BG_CHILDES_TB](0)
2026-02-19 10:34:12 INFO [admin] AnnotationSchemaServiceImpl - Upgraded CAS of user [mila] for document [ALE_cs.conllu](11) in project [BG_CHILDES_TB](0)
2026-02-19 10:39:30 INFO [admin] AnnotationSchemaServiceImpl - Upgraded CAS of user [mila] for document [UD_relations_example_for_each.conllu](20) in project [BG_CHILDES_TB](0)
2026-02-19 11:17:02 INFO [admin] AnnotationSchemaServiceImpl - Upgraded CAS of user [yasena] for document [BOG_cds.conllu](12) in project [BG_CHILDES_TB](0)
2026-02-19 11:18:33 INFO [admin] DocumentServiceImpl - Created annotation document [yasena@ALE_cs.conllu](15) in project [BG_CHILDES_TB](0)
2026-02-19 11:18:33 INFO [admin] AnnotationSchemaServiceImpl - Upgraded CAS of user [yasena] for document [ALE_cs.conllu](11) in project [BG_CHILDES_TB](0)
2026-02-19 11:18:49 INFO [admin] DocumentServiceImpl - Created annotation document [yasena@ALE_cds.conllu](16) in project [BG_CHILDES_TB](0)
2026-02-19 11:18:49 INFO [admin] AnnotationSchemaServiceImpl - Upgraded CAS of user [yasena] for document [ALE_cds.conllu](10) in project [BG_CHILDES_TB](0)
2026-02-19 11:19:19 INFO [admin] AnnotationSchemaServiceImpl - Upgraded CAS of user [yasena] for document [ALE_cs.conllu](11) in project [BG_CHILDES_TB](0)
2026-02-19 12:14:52 INFO [admin] AnnotationSchemaServiceImpl - Upgraded CAS of user [ivelina] for document [TEF_cs.conllu](19) in project [BG_CHILDES_TB](0)
2026-02-19 14:06:57 INFO [admin] ProjectPermissionsExporter - Exported [9] permissions for project [BG_CHILDES_TB]
2026-02-19 14:06:57 INFO [admin] DocumentRepositoryExporter - Exported [0] document repositories for project [BG_CHILDES_TB]
2026-02-19 14:06:57 INFO [admin] KnowledgeBaseExporter - Exported [0] knowledge bases for project [BG_CHILDES_TB]
2026-02-19 14:06:57 INFO [admin] LayerExporter - Exported [10] layers for project [BG_CHILDES_TB]
2026-02-19 14:06:57 INFO [admin] TagSetExporter - Exported [23] tagsets for project [BG_CHILDES_TB]
2026-02-19 14:06:57 INFO [admin] DocumentImportExportServiceImpl - Exported annotations [BOG_cds.conllu](12) for user [CURATION_USER] from project [BG_CHILDES_TB](0) using format [conllu]
2026-02-19 14:06:57 INFO [admin] CurationWorkflowExporter - Exported curation workflow settings for project [BG_CHILDES_TB](0)
2026-02-19 14:06:57 INFO [admin] SourceDocumentExporter - Exported content for source document [10] in project [BG_CHILDES_TB] with id [0]
2026-02-19 14:06:57 INFO [admin] SourceDocumentExporter - Exported content for source document [11] in project [BG_CHILDES_TB] with id [0]
2026-02-19 14:06:57 INFO [admin] SourceDocumentExporter - Exported content for source document [12] in project [BG_CHILDES_TB] with id [0]
2026-02-19 14:06:57 INFO [admin] SourceDocumentExporter - Exported content for source document [13] in project [BG_CHILDES_TB] with id [0]
2026-02-19 14:06:57 INFO [admin] SourceDocumentExporter - Exported content for source document [14] in project [BG_CHILDES_TB] with id [0]
2026-02-19 14:06:57 INFO [admin] SourceDocumentExporter - Exported content for source document [15] in project [BG_CHILDES_TB] with id [0]
2026-02-19 14:06:57 INFO [admin] SourceDocumentExporter - Exported content for source document [16] in project [BG_CHILDES_TB] with id [0]
2026-02-19 14:06:57 INFO [admin] SourceDocumentExporter - Exported content for source document [17] in project [BG_CHILDES_TB] with id [0]
2026-02-19 14:06:57 INFO [admin] SourceDocumentExporter - Exported content for source document [18] in project [BG_CHILDES_TB] with id [0]
2026-02-19 14:06:57 INFO [admin] SourceDocumentExporter - Exported content for source document [19] in project [BG_CHILDES_TB] with id [0]
2026-02-19 14:06:57 INFO [admin] SourceDocumentExporter - Exported content for source document [20] in project [BG_CHILDES_TB] with id [0]
2026-02-19 14:06:57 INFO [admin] LoggedEventExporter - Exported [527] logged events for project [BG_CHILDES_TB]
2026-02-19 14:06:57 INFO [admin] LoggedEventExporter - Skipped [59] logged events for [10] documents no longer existing
2026-02-19 14:06:57 INFO [admin] DefaultProjectPreferencesExporter - Exported [0] default preferences for project [BG_CHILDES_TB]
2026-02-19 14:06:57 INFO [admin] UserProjectPreferencesExporter - Exported [5] user preferences for project [BG_CHILDES_TB]
2026-02-19 14:06:57 INFO [admin] GazeteerExporter - Exported [0] gazeteers for project [BG_CHILDES_TB]
2026-02-19 14:06:57 INFO [admin] WorkloadManagerExporter - Exported workload manager for project [BG_CHILDES_TB]
2026-02-19 14:06:57 INFO [admin] RecommenderExporter - Exported [0] recommenders for project [BG_CHILDES_TB]
2026-02-19 14:06:57 INFO [admin] DocumentImportExportServiceImpl - Exported annotations [ALE_cds.conllu](10) for user [INITIAL_CAS] from project [BG_CHILDES_TB](0) using format [conllu]
2026-02-19 14:06:57 INFO [admin] AnnotationDocumentExporter - Exported annotation document content for user [INITIAL_CAS] for source document [ALE_cds.conllu](10) in project [BG_CHILDES_TB](0)
2026-02-19 14:06:58 INFO [admin] DocumentImportExportServiceImpl - Exported annotations [ALE_cds.conllu](10) for user [yasena] from project [BG_CHILDES_TB](0) using format [conllu]
2026-02-19 14:06:58 INFO [admin] AnnotationDocumentExporter - Exported annotation document content for user [yasena] for source document [ALE_cds.conllu](10) in project [BG_CHILDES_TB](0)
2026-02-19 14:06:58 INFO [admin] DocumentImportExportServiceImpl - Exported annotations [ALE_cs.conllu](11) for user [INITIAL_CAS] from project [BG_CHILDES_TB](0) using format [conllu]
2026-02-19 14:06:58 INFO [admin] AnnotationDocumentExporter - Exported annotation document content for user [INITIAL_CAS] for source document [ALE_cs.conllu](11) in project [BG_CHILDES_TB](0)
2026-02-19 14:06:58 INFO [admin] DocumentImportExportServiceImpl - Exported annotations [ALE_cs.conllu](11) for user [admin] from project [BG_CHILDES_TB](0) using format [conllu]
2026-02-19 14:06:58 INFO [admin] AnnotationDocumentExporter - Exported annotation document content for user [admin] for source document [ALE_cs.conllu](11) in project [BG_CHILDES_TB](0)
2026-02-19 14:06:58 INFO [admin] DocumentImportExportServiceImpl - Exported annotations [ALE_cs.conllu](11) for user [mila] from project [BG_CHILDES_TB](0) using format [conllu]
2026-02-19 14:06:58 INFO [admin] AnnotationDocumentExporter - Exported annotation document content for user [mila] for source document [ALE_cs.conllu](11) in project [BG_CHILDES_TB](0)
2026-02-19 14:06:58 INFO [admin] DocumentImportExportServiceImpl - Exported annotations [ALE_cs.conllu](11) for user [yasena] from project [BG_CHILDES_TB](0) using format [conllu]
2026-02-19 14:06:58 INFO [admin] AnnotationDocumentExporter - Exported annotation document content for user [yasena] for source document [ALE_cs.conllu](11) in project [BG_CHILDES_TB](0)
2026-02-19 14:06:58 INFO [admin] DocumentImportExportServiceImpl - Exported annotations [BOG_cds.conllu](12) for user [INITIAL_CAS] from project [BG_CHILDES_TB](0) using format [conllu]
2026-02-19 14:06:58 INFO [admin] AnnotationDocumentExporter - Exported annotation document content for user [INITIAL_CAS] for source document [BOG_cds.conllu](12) in project [BG_CHILDES_TB](0)
2026-02-19 14:06:58 INFO [admin] DocumentImportExportServiceImpl - Exported annotations [BOG_cds.conllu](12) for user [admin] from project [BG_CHILDES_TB](0) using format [conllu]
2026-02-19 14:06:58 INFO [admin] AnnotationDocumentExporter - Exported annotation document content for user [admin] for source document [BOG_cds.conllu](12) in project [BG_CHILDES_TB](0)
2026-02-19 14:06:58 INFO [admin] DocumentImportExportServiceImpl - Exported annotations [BOG_cds.conllu](12) for user [yasena] from project [BG_CHILDES_TB](0) using format [conllu]
2026-02-19 14:06:58 INFO [admin] AnnotationDocumentExporter - Exported annotation document content for user [yasena] for source document [BOG_cds.conllu](12) in project [BG_CHILDES_TB](0)
2026-02-19 14:06:58 INFO [admin] DocumentImportExportServiceImpl - Exported annotations [BOG_cds.conllu](12) for user [mila] from project [BG_CHILDES_TB](0) using format [conllu]
2026-02-19 14:06:58 INFO [admin] AnnotationDocumentExporter - Exported annotation document content for user [mila] for source document [BOG_cds.conllu](12) in project [BG_CHILDES_TB](0)
2026-02-19 14:06:58 INFO [admin] DocumentImportExportServiceImpl - Exported annotations [BOG_cs.conllu](13) for user [INITIAL_CAS] from project [BG_CHILDES_TB](0) using format [conllu]
2026-02-19 14:06:58 INFO [admin] AnnotationDocumentExporter - Exported annotation document content for user [INITIAL_CAS] for source document [BOG_cs.conllu](13) in project [BG_CHILDES_TB](0)
2026-02-19 14:06:58 INFO [admin] DocumentImportExportServiceImpl - Exported annotations [BOG_cs.conllu](13) for user [mila] from project [BG_CHILDES_TB](0) using format [conllu]
2026-02-19 14:06:58 INFO [admin] AnnotationDocumentExporter - Exported annotation document content for user [mila] for source document [BOG_cs.conllu](13) in project [BG_CHILDES_TB](0)
2026-02-19 14:06:58 INFO [admin] DocumentImportExportServiceImpl - Exported annotations [ELI_cds.conllu](14) for user [INITIAL_CAS] from project [BG_CHILDES_TB](0) using format [conllu]
2026-02-19 14:06:58 INFO [admin] AnnotationDocumentExporter - Exported annotation document content for user [INITIAL_CAS] for source document [ELI_cds.conllu](14) in project [BG_CHILDES_TB](0)
2026-02-19 14:06:58 INFO [admin] DocumentImportExportServiceImpl - Exported annotations [ELI_cs.conllu](15) for user [INITIAL_CAS] from project [BG_CHILDES_TB](0) using format [conllu]
2026-02-19 14:06:58 INFO [admin] AnnotationDocumentExporter - Exported annotation document content for user [INITIAL_CAS] for source document [ELI_cs.conllu](15) in project [BG_CHILDES_TB](0)
2026-02-19 14:06:58 INFO [admin] DocumentImportExportServiceImpl - Exported annotations [ELI_cs.conllu](15) for user [tsvetelina] from project [BG_CHILDES_TB](0) using format [conllu]
2026-02-19 14:06:58 INFO [admin] AnnotationDocumentExporter - Exported annotation document content for user [tsvetelina] for source document [ELI_cs.conllu](15) in project [BG_CHILDES_TB](0)
2026-02-19 14:06:58 INFO [admin] DocumentImportExportServiceImpl - Exported annotations [SIM_cds.conllu](16) for user [INITIAL_CAS] from project [BG_CHILDES_TB](0) using format [conllu]
2026-02-19 14:06:58 INFO [admin] AnnotationDocumentExporter - Exported annotation document content for user [INITIAL_CAS] for source document [SIM_cds.conllu](16) in project [BG_CHILDES_TB](0)
2026-02-19 14:06:58 INFO [admin] DocumentImportExportServiceImpl - Exported annotations [SIM_cs.conllu](17) for user [INITIAL_CAS] from project [BG_CHILDES_TB](0) using format [conllu]
2026-02-19 14:06:58 INFO [admin] AnnotationDocumentExporter - Exported annotation document content for user [INITIAL_CAS] for source document [SIM_cs.conllu](17) in project [BG_CHILDES_TB](0)
2026-02-19 14:06:58 INFO [admin] DocumentImportExportServiceImpl - Exported annotations [TEF_cds.conllu](18) for user [INITIAL_CAS] from project [BG_CHILDES_TB](0) using format [conllu]
2026-02-19 14:06:58 INFO [admin] AnnotationDocumentExporter - Exported annotation document content for user [INITIAL_CAS] for source document [TEF_cds.conllu](18) in project [BG_CHILDES_TB](0)
2026-02-19 14:06:58 INFO [admin] DocumentImportExportServiceImpl - Exported annotations [TEF_cds.conllu](18) for user [ivelina] from project [BG_CHILDES_TB](0) using format [conllu]
2026-02-19 14:06:58 INFO [admin] AnnotationDocumentExporter - Exported annotation document content for user [ivelina] for source document [TEF_cds.conllu](18) in project [BG_CHILDES_TB](0)
2026-02-19 14:06:58 INFO [admin] DocumentImportExportServiceImpl - Exported annotations [TEF_cs.conllu](19) for user [INITIAL_CAS] from project [BG_CHILDES_TB](0) using format [conllu]
2026-02-19 14:06:58 INFO [admin] AnnotationDocumentExporter - Exported annotation document content for user [INITIAL_CAS] for source document [TEF_cs.conllu](19) in project [BG_CHILDES_TB](0)
2026-02-19 14:06:59 INFO [admin] DocumentImportExportServiceImpl - Exported annotations [TEF_cs.conllu](19) for user [ivelina] from project [BG_CHILDES_TB](0) using format [conllu]
2026-02-19 14:06:59 INFO [admin] AnnotationDocumentExporter - Exported annotation document content for user [ivelina] for source document [TEF_cs.conllu](19) in project [BG_CHILDES_TB](0)
2026-02-19 14:06:59 INFO [admin] DocumentImportExportServiceImpl - Exported annotations [UD_relations_example_for_each.conllu](20) for user [INITIAL_CAS] from project [BG_CHILDES_TB](0) using format [conllu]
2026-02-19 14:06:59 INFO [admin] AnnotationDocumentExporter - Exported annotation document content for user [INITIAL_CAS] for source document [UD_relations_example_for_each.conllu](20) in project [BG_CHILDES_TB](0)
2026-02-19 14:06:59 INFO [admin] DocumentImportExportServiceImpl - Exported annotations [UD_relations_example_for_each.conllu](20) for user [mila] from project [BG_CHILDES_TB](0) using format [conllu]
2026-02-19 14:06:59 INFO [admin] AnnotationDocumentExporter - Exported annotation document content for user [mila] for source document [UD_relations_example_for_each.conllu](20) in project [BG_CHILDES_TB](0)
2026-02-19 14:07:01 INFO [admin] ProjectPermissionsExporter - Exported [9] permissions for project [BG_CHILDES_TB]
2026-02-19 14:07:01 INFO [admin] DocumentRepositoryExporter - Exported [0] document repositories for project [BG_CHILDES_TB]
2026-02-19 14:07:01 INFO [admin] KnowledgeBaseExporter - Exported [0] knowledge bases for project [BG_CHILDES_TB]
2026-02-19 14:07:01 INFO [admin] LayerExporter - Exported [10] layers for project [BG_CHILDES_TB]
2026-02-19 14:07:01 INFO [admin] TagSetExporter - Exported [23] tagsets for project [BG_CHILDES_TB]
2026-02-19 14:07:01 INFO [admin] DocumentImportExportServiceImpl - Exported annotations [BOG_cds.conllu](12) for user [CURATION_USER] from project [BG_CHILDES_TB](0) using format [conllu]
2026-02-19 14:07:01 INFO [admin] CurationWorkflowExporter - Exported curation workflow settings for project [BG_CHILDES_TB](0)
2026-02-19 14:07:01 INFO [admin] SourceDocumentExporter - Exported content for source document [10] in project [BG_CHILDES_TB] with id [0]
2026-02-19 14:07:01 INFO [admin] SourceDocumentExporter - Exported content for source document [11] in project [BG_CHILDES_TB] with id [0]
2026-02-19 14:07:01 INFO [admin] SourceDocumentExporter - Exported content for source document [12] in project [BG_CHILDES_TB] with id [0]
2026-02-19 14:07:01 INFO [admin] SourceDocumentExporter - Exported content for source document [13] in project [BG_CHILDES_TB] with id [0]
2026-02-19 14:07:01 INFO [admin] SourceDocumentExporter - Exported content for source document [14] in project [BG_CHILDES_TB] with id [0]
2026-02-19 14:07:01 INFO [admin] SourceDocumentExporter - Exported content for source document [15] in project [BG_CHILDES_TB] with id [0]
2026-02-19 14:07:01 INFO [admin] SourceDocumentExporter - Exported content for source document [16] in project [BG_CHILDES_TB] with id [0]
2026-02-19 14:07:01 INFO [admin] SourceDocumentExporter - Exported content for source document [17] in project [BG_CHILDES_TB] with id [0]
2026-02-19 14:07:01 INFO [admin] SourceDocumentExporter - Exported content for source document [18] in project [BG_CHILDES_TB] with id [0]
2026-02-19 14:07:01 INFO [admin] SourceDocumentExporter - Exported content for source document [19] in project [BG_CHILDES_TB] with id [0]
2026-02-19 14:07:01 INFO [admin] SourceDocumentExporter - Exported content for source document [20] in project [BG_CHILDES_TB] with id [0]
2026-02-19 14:07:01 INFO [admin] LoggedEventExporter - Exported [527] logged events for project [BG_CHILDES_TB]
2026-02-19 14:07:01 INFO [admin] LoggedEventExporter - Skipped [59] logged events for [10] documents no longer existing
2026-02-19 14:07:01 INFO [admin] DefaultProjectPreferencesExporter - Exported [0] default preferences for project [BG_CHILDES_TB]
2026-02-19 14:07:01 INFO [admin] UserProjectPreferencesExporter - Exported [5] user preferences for project [BG_CHILDES_TB]
2026-02-19 14:07:01 INFO [admin] GazeteerExporter - Exported [0] gazeteers for project [BG_CHILDES_TB]
2026-02-19 14:07:01 INFO [admin] WorkloadManagerExporter - Exported workload manager for project [BG_CHILDES_TB]
2026-02-19 14:07:01 INFO [admin] RecommenderExporter - Exported [0] recommenders for project [BG_CHILDES_TB]
2026-02-19 14:07:01 INFO [admin] DocumentImportExportServiceImpl - Exported annotations [ALE_cds.conllu](10) for user [INITIAL_CAS] from project [BG_CHILDES_TB](0) using format [conllu]
2026-02-19 14:07:01 INFO [admin] AnnotationDocumentExporter - Exported annotation document content for user [INITIAL_CAS] for source document [ALE_cds.conllu](10) in project [BG_CHILDES_TB](0)
2026-02-19 14:07:01 INFO [admin] DocumentImportExportServiceImpl - Exported annotations [ALE_cds.conllu](10) for user [yasena] from project [BG_CHILDES_TB](0) using format [conllu]
2026-02-19 14:07:01 INFO [admin] AnnotationDocumentExporter - Exported annotation document content for user [yasena] for source document [ALE_cds.conllu](10) in project [BG_CHILDES_TB](0)
2026-02-19 14:07:01 INFO [admin] DocumentImportExportServiceImpl - Exported annotations [ALE_cs.conllu](11) for user [INITIAL_CAS] from project [BG_CHILDES_TB](0) using format [conllu]
2026-02-19 14:07:01 INFO [admin] AnnotationDocumentExporter - Exported annotation document content for user [INITIAL_CAS] for source document [ALE_cs.conllu](11) in project [BG_CHILDES_TB](0)
2026-02-19 14:07:01 INFO [admin] DocumentImportExportServiceImpl - Exported annotations [ALE_cs.conllu](11) for user [admin] from project [BG_CHILDES_TB](0) using format [conllu]
2026-02-19 14:07:01 INFO [admin] AnnotationDocumentExporter - Exported annotation document content for user [admin] for source document [ALE_cs.conllu](11) in project [BG_CHILDES_TB](0)
2026-02-19 14:07:01 INFO [admin] DocumentImportExportServiceImpl - Exported annotations [ALE_cs.conllu](11) for user [mila] from project [BG_CHILDES_TB](0) using format [conllu]
2026-02-19 14:07:01 INFO [admin] AnnotationDocumentExporter - Exported annotation document content for user [mila] for source document [ALE_cs.conllu](11) in project [BG_CHILDES_TB](0)
2026-02-19 14:07:01 INFO [admin] DocumentImportExportServiceImpl - Exported annotations [ALE_cs.conllu](11) for user [yasena] from project [BG_CHILDES_TB](0) using format [conllu]
2026-02-19 14:07:01 INFO [admin] AnnotationDocumentExporter - Exported annotation document content for user [yasena] for source document [ALE_cs.conllu](11) in project [BG_CHILDES_TB](0)
2026-02-19 14:07:01 INFO [admin] DocumentImportExportServiceImpl - Exported annotations [BOG_cds.conllu](12) for user [INITIAL_CAS] from project [BG_CHILDES_TB](0) using format [conllu]
2026-02-19 14:07:01 INFO [admin] AnnotationDocumentExporter - Exported annotation document content for user [INITIAL_CAS] for source document [BOG_cds.conllu](12) in project [BG_CHILDES_TB](0)
2026-02-19 14:07:01 INFO [admin] DocumentImportExportServiceImpl - Exported annotations [BOG_cds.conllu](12) for user [admin] from project [BG_CHILDES_TB](0) using format [conllu]
2026-02-19 14:07:01 INFO [admin] AnnotationDocumentExporter - Exported annotation document content for user [admin] for source document [BOG_cds.conllu](12) in project [BG_CHILDES_TB](0)
2026-02-19 14:07:01 INFO [admin] DocumentImportExportServiceImpl - Exported annotations [BOG_cds.conllu](12) for user [yasena] from project [BG_CHILDES_TB](0) using format [conllu]
2026-02-19 14:07:01 INFO [admin] AnnotationDocumentExporter - Exported annotation document content for user [yasena] for source document [BOG_cds.conllu](12) in project [BG_CHILDES_TB](0)
2026-02-19 14:07:01 INFO [admin] DocumentImportExportServiceImpl - Exported annotations [BOG_cds.conllu](12) for user [mila] from project [BG_CHILDES_TB](0) using format [conllu]
2026-02-19 14:07:01 INFO [admin] AnnotationDocumentExporter - Exported annotation document content for user [mila] for source document [BOG_cds.conllu](12) in project [BG_CHILDES_TB](0)
2026-02-19 14:07:01 INFO [admin] DocumentImportExportServiceImpl - Exported annotations [BOG_cs.conllu](13) for user [INITIAL_CAS] from project [BG_CHILDES_TB](0) using format [conllu]
2026-02-19 14:07:01 INFO [admin] AnnotationDocumentExporter - Exported annotation document content for user [INITIAL_CAS] for source document [BOG_cs.conllu](13) in project [BG_CHILDES_TB](0)
2026-02-19 14:07:01 INFO [admin] DocumentImportExportServiceImpl - Exported annotations [BOG_cs.conllu](13) for user [mila] from project [BG_CHILDES_TB](0) using format [conllu]
2026-02-19 14:07:01 INFO [admin] AnnotationDocumentExporter - Exported annotation document content for user [mila] for source document [BOG_cs.conllu](13) in project [BG_CHILDES_TB](0)
2026-02-19 14:07:01 INFO [admin] DocumentImportExportServiceImpl - Exported annotations [ELI_cds.conllu](14) for user [INITIAL_CAS] from project [BG_CHILDES_TB](0) using format [conllu]
2026-02-19 14:07:01 INFO [admin] AnnotationDocumentExporter - Exported annotation document content for user [INITIAL_CAS] for source document [ELI_cds.conllu](14) in project [BG_CHILDES_TB](0)
2026-02-19 14:07:01 INFO [admin] DocumentImportExportServiceImpl - Exported annotations [ELI_cs.conllu](15) for user [INITIAL_CAS] from project [BG_CHILDES_TB](0) using format [conllu]
2026-02-19 14:07:01 INFO [admin] AnnotationDocumentExporter - Exported annotation document content for user [INITIAL_CAS] for source document [ELI_cs.conllu](15) in project [BG_CHILDES_TB](0)
2026-02-19 14:07:01 INFO [admin] DocumentImportExportServiceImpl - Exported annotations [ELI_cs.conllu](15) for user [tsvetelina] from project [BG_CHILDES_TB](0) using format [conllu]
2026-02-19 14:07:01 INFO [admin] AnnotationDocumentExporter - Exported annotation document content for user [tsvetelina] for source document [ELI_cs.conllu](15) in project [BG_CHILDES_TB](0)
2026-02-19 14:07:02 INFO [admin] DocumentImportExportServiceImpl - Exported annotations [SIM_cds.conllu](16) for user [INITIAL_CAS] from project [BG_CHILDES_TB](0) using format [conllu]
2026-02-19 14:07:02 INFO [admin] AnnotationDocumentExporter - Exported annotation document content for user [INITIAL_CAS] for source document [SIM_cds.conllu](16) in project [BG_CHILDES_TB](0)
2026-02-19 14:07:02 INFO [admin] DocumentImportExportServiceImpl - Exported annotations [SIM_cs.conllu](17) for user [INITIAL_CAS] from project [BG_CHILDES_TB](0) using format [conllu]
2026-02-19 14:07:02 INFO [admin] AnnotationDocumentExporter - Exported annotation document content for user [INITIAL_CAS] for source document [SIM_cs.conllu](17) in project [BG_CHILDES_TB](0)
2026-02-19 14:07:02 INFO [admin] DocumentImportExportServiceImpl - Exported annotations [TEF_cds.conllu](18) for user [INITIAL_CAS] from project [BG_CHILDES_TB](0) using format [conllu]
2026-02-19 14:07:02 INFO [admin] AnnotationDocumentExporter - Exported annotation document content for user [INITIAL_CAS] for source document [TEF_cds.conllu](18) in project [BG_CHILDES_TB](0)
2026-02-19 14:07:02 INFO [admin] DocumentImportExportServiceImpl - Exported annotations [TEF_cds.conllu](18) for user [ivelina] from project [BG_CHILDES_TB](0) using format [conllu]
2026-02-19 14:07:02 INFO [admin] AnnotationDocumentExporter - Exported annotation document content for user [ivelina] for source document [TEF_cds.conllu](18) in project [BG_CHILDES_TB](0)
2026-02-19 14:07:02 INFO [admin] DocumentImportExportServiceImpl - Exported annotations [TEF_cs.conllu](19) for user [INITIAL_CAS] from project [BG_CHILDES_TB](0) using format [conllu]
2026-02-19 14:07:02 INFO [admin] AnnotationDocumentExporter - Exported annotation document content for user [INITIAL_CAS] for source document [TEF_cs.conllu](19) in project [BG_CHILDES_TB](0)
2026-02-19 14:07:02 INFO [admin] DocumentImportExportServiceImpl - Exported annotations [TEF_cs.conllu](19) for user [ivelina] from project [BG_CHILDES_TB](0) using format [conllu]
2026-02-19 14:07:02 INFO [admin] AnnotationDocumentExporter - Exported annotation document content for user [ivelina] for source document [TEF_cs.conllu](19) in project [BG_CHILDES_TB](0)
2026-02-19 14:07:02 INFO [admin] DocumentImportExportServiceImpl - Exported annotations [UD_relations_example_for_each.conllu](20) for user [INITIAL_CAS] from project [BG_CHILDES_TB](0) using format [conllu]
2026-02-19 14:07:02 INFO [admin] AnnotationDocumentExporter - Exported annotation document content for user [INITIAL_CAS] for source document [UD_relations_example_for_each.conllu](20) in project [BG_CHILDES_TB](0)
2026-02-19 14:07:02 INFO [admin] DocumentImportExportServiceImpl - Exported annotations [UD_relations_example_for_each.conllu](20) for user [mila] from project [BG_CHILDES_TB](0) using format [conllu]
2026-02-19 14:07:02 INFO [admin] AnnotationDocumentExporter - Exported annotation document content for user [mila] for source document [UD_relations_example_for_each.conllu](20) in project [BG_CHILDES_TB](0)
2026-02-19 14:07:19 INFO [admin] ProjectPermissionsExporter - Exported [9] permissions for project [BG_CHILDES_TB]
2026-02-19 14:07:19 INFO [admin] DocumentRepositoryExporter - Exported [0] document repositories for project [BG_CHILDES_TB]
2026-02-19 14:07:19 INFO [admin] KnowledgeBaseExporter - Exported [0] knowledge bases for project [BG_CHILDES_TB]
2026-02-19 14:07:19 INFO [admin] LayerExporter - Exported [10] layers for project [BG_CHILDES_TB]
2026-02-19 14:07:19 INFO [admin] TagSetExporter - Exported [23] tagsets for project [BG_CHILDES_TB]
2026-02-19 14:07:20 INFO [admin] DocumentImportExportServiceImpl - Exported annotations [BOG_cds.conllu](12) for user [CURATION_USER] from project [BG_CHILDES_TB](0) using format [conllu]
2026-02-19 14:07:20 INFO [admin] CurationWorkflowExporter - Exported curation workflow settings for project [BG_CHILDES_TB](0)
2026-02-19 14:07:20 INFO [admin] SourceDocumentExporter - Exported content for source document [10] in project [BG_CHILDES_TB] with id [0]
2026-02-19 14:07:20 INFO [admin] SourceDocumentExporter - Exported content for source document [11] in project [BG_CHILDES_TB] with id [0]
2026-02-19 14:07:20 INFO [admin] SourceDocumentExporter - Exported content for source document [12] in project [BG_CHILDES_TB] with id [0]
2026-02-19 14:07:20 INFO [admin] SourceDocumentExporter - Exported content for source document [13] in project [BG_CHILDES_TB] with id [0]
2026-02-19 14:07:20 INFO [admin] SourceDocumentExporter - Exported content for source document [14] in project [BG_CHILDES_TB] with id [0]
2026-02-19 14:07:20 INFO [admin] SourceDocumentExporter - Exported content for source document [15] in project [BG_CHILDES_TB] with id [0]
2026-02-19 14:07:20 INFO [admin] SourceDocumentExporter - Exported content for source document [16] in project [BG_CHILDES_TB] with id [0]
2026-02-19 14:07:20 INFO [admin] SourceDocumentExporter - Exported content for source document [17] in project [BG_CHILDES_TB] with id [0]
2026-02-19 14:07:20 INFO [admin] SourceDocumentExporter - Exported content for source document [18] in project [BG_CHILDES_TB] with id [0]
2026-02-19 14:07:20 INFO [admin] SourceDocumentExporter - Exported content for source document [19] in project [BG_CHILDES_TB] with id [0]
2026-02-19 14:07:20 INFO [admin] SourceDocumentExporter - Exported content for source document [20] in project [BG_CHILDES_TB] with id [0]
2026-02-19 14:07:20 INFO [admin] LoggedEventExporter - Exported [527] logged events for project [BG_CHILDES_TB]
2026-02-19 14:07:20 INFO [admin] LoggedEventExporter - Skipped [59] logged events for [10] documents no longer existing
2026-02-19 14:07:20 INFO [admin] DefaultProjectPreferencesExporter - Exported [0] default preferences for project [BG_CHILDES_TB]
2026-02-19 14:07:20 INFO [admin] UserProjectPreferencesExporter - Exported [5] user preferences for project [BG_CHILDES_TB]
2026-02-19 14:07:20 INFO [admin] GazeteerExporter - Exported [0] gazeteers for project [BG_CHILDES_TB]
2026-02-19 14:07:20 INFO [admin] WorkloadManagerExporter - Exported workload manager for project [BG_CHILDES_TB]
2026-02-19 14:07:20 INFO [admin] RecommenderExporter - Exported [0] recommenders for project [BG_CHILDES_TB]
2026-02-19 14:07:20 INFO [admin] DocumentImportExportServiceImpl - Exported annotations [ALE_cds.conllu](10) for user [INITIAL_CAS] from project [BG_CHILDES_TB](0) using format [conllu]
2026-02-19 14:07:20 INFO [admin] AnnotationDocumentExporter - Exported annotation document content for user [INITIAL_CAS] for source document [ALE_cds.conllu](10) in project [BG_CHILDES_TB](0)
2026-02-19 14:07:20 INFO [admin] DocumentImportExportServiceImpl - Exported annotations [ALE_cds.conllu](10) for user [yasena] from project [BG_CHILDES_TB](0) using format [conllu]
2026-02-19 14:07:20 INFO [admin] AnnotationDocumentExporter - Exported annotation document content for user [yasena] for source document [ALE_cds.conllu](10) in project [BG_CHILDES_TB](0)
2026-02-19 14:07:20 INFO [admin] DocumentImportExportServiceImpl - Exported annotations [ALE_cs.conllu](11) for user [INITIAL_CAS] from project [BG_CHILDES_TB](0) using format [conllu]
2026-02-19 14:07:20 INFO [admin] AnnotationDocumentExporter - Exported annotation document content for user [INITIAL_CAS] for source document [ALE_cs.conllu](11) in project [BG_CHILDES_TB](0)
2026-02-19 14:07:20 INFO [admin] DocumentImportExportServiceImpl - Exported annotations [ALE_cs.conllu](11) for user [admin] from project [BG_CHILDES_TB](0) using format [conllu]
2026-02-19 14:07:20 INFO [admin] AnnotationDocumentExporter - Exported annotation document content for user [admin] for source document [ALE_cs.conllu](11) in project [BG_CHILDES_TB](0)
2026-02-19 14:07:20 INFO [admin] DocumentImportExportServiceImpl - Exported annotations [ALE_cs.conllu](11) for user [mila] from project [BG_CHILDES_TB](0) using format [conllu]
2026-02-19 14:07:20 INFO [admin] AnnotationDocumentExporter - Exported annotation document content for user [mila] for source document [ALE_cs.conllu](11) in project [BG_CHILDES_TB](0)
2026-02-19 14:07:20 INFO [admin] DocumentImportExportServiceImpl - Exported annotations [ALE_cs.conllu](11) for user [yasena] from project [BG_CHILDES_TB](0) using format [conllu]
2026-02-19 14:07:20 INFO [admin] AnnotationDocumentExporter - Exported annotation document content for user [yasena] for source document [ALE_cs.conllu](11) in project [BG_CHILDES_TB](0)
2026-02-19 14:07:20 INFO [admin] DocumentImportExportServiceImpl - Exported annotations [BOG_cds.conllu](12) for user [INITIAL_CAS] from project [BG_CHILDES_TB](0) using format [conllu]
2026-02-19 14:07:20 INFO [admin] AnnotationDocumentExporter - Exported annotation document content for user [INITIAL_CAS] for source document [BOG_cds.conllu](12) in project [BG_CHILDES_TB](0)
2026-02-19 14:07:20 INFO [admin] DocumentImportExportServiceImpl - Exported annotations [BOG_cds.conllu](12) for user [admin] from project [BG_CHILDES_TB](0) using format [conllu]
2026-02-19 14:07:20 INFO [admin] AnnotationDocumentExporter - Exported annotation document content for user [admin] for source document [BOG_cds.conllu](12) in project [BG_CHILDES_TB](0)
2026-02-19 14:07:20 INFO [admin] DocumentImportExportServiceImpl - Exported annotations [BOG_cds.conllu](12) for user [yasena] from project [BG_CHILDES_TB](0) using format [conllu]
2026-02-19 14:07:20 INFO [admin] AnnotationDocumentExporter - Exported annotation document content for user [yasena] for source document [BOG_cds.conllu](12) in project [BG_CHILDES_TB](0)
2026-02-19 14:07:20 INFO [admin] DocumentImportExportServiceImpl - Exported annotations [BOG_cds.conllu](12) for user [mila] from project [BG_CHILDES_TB](0) using format [conllu]
2026-02-19 14:07:20 INFO [admin] AnnotationDocumentExporter - Exported annotation document content for user [mila] for source document [BOG_cds.conllu](12) in project [BG_CHILDES_TB](0)
2026-02-19 14:07:20 INFO [admin] DocumentImportExportServiceImpl - Exported annotations [BOG_cs.conllu](13) for user [INITIAL_CAS] from project [BG_CHILDES_TB](0) using format [conllu]
2026-02-19 14:07:20 INFO [admin] AnnotationDocumentExporter - Exported annotation document content for user [INITIAL_CAS] for source document [BOG_cs.conllu](13) in project [BG_CHILDES_TB](0)
2026-02-19 14:07:20 INFO [admin] DocumentImportExportServiceImpl - Exported annotations [BOG_cs.conllu](13) for user [mila] from project [BG_CHILDES_TB](0) using format [conllu]
2026-02-19 14:07:20 INFO [admin] AnnotationDocumentExporter - Exported annotation document content for user [mila] for source document [BOG_cs.conllu](13) in project [BG_CHILDES_TB](0)
2026-02-19 14:07:20 INFO [admin] DocumentImportExportServiceImpl - Exported annotations [ELI_cds.conllu](14) for user [INITIAL_CAS] from project [BG_CHILDES_TB](0) using format [conllu]
2026-02-19 14:07:20 INFO [admin] AnnotationDocumentExporter - Exported annotation document content for user [INITIAL_CAS] for source document [ELI_cds.conllu](14) in project [BG_CHILDES_TB](0)
2026-02-19 14:07:20 INFO [admin] DocumentImportExportServiceImpl - Exported annotations [ELI_cs.conllu](15) for user [INITIAL_CAS] from project [BG_CHILDES_TB](0) using format [conllu]
2026-02-19 14:07:20 INFO [admin] AnnotationDocumentExporter - Exported annotation document content for user [INITIAL_CAS] for source document [ELI_cs.conllu](15) in project [BG_CHILDES_TB](0)
2026-02-19 14:07:20 INFO [admin] DocumentImportExportServiceImpl - Exported annotations [ELI_cs.conllu](15) for user [tsvetelina] from project [BG_CHILDES_TB](0) using format [conllu]
2026-02-19 14:07:20 INFO [admin] AnnotationDocumentExporter - Exported annotation document content for user [tsvetelina] for source document [ELI_cs.conllu](15) in project [BG_CHILDES_TB](0)
2026-02-19 14:07:20 INFO [admin] DocumentImportExportServiceImpl - Exported annotations [SIM_cds.conllu](16) for user [INITIAL_CAS] from project [BG_CHILDES_TB](0) using format [conllu]
2026-02-19 14:07:20 INFO [admin] AnnotationDocumentExporter - Exported annotation document content for user [INITIAL_CAS] for source document [SIM_cds.conllu](16) in project [BG_CHILDES_TB](0)
2026-02-19 14:07:20 INFO [admin] DocumentImportExportServiceImpl - Exported annotations [SIM_cs.conllu](17) for user [INITIAL_CAS] from project [BG_CHILDES_TB](0) using format [conllu]
2026-02-19 14:07:20 INFO [admin] AnnotationDocumentExporter - Exported annotation document content for user [INITIAL_CAS] for source document [SIM_cs.conllu](17) in project [BG_CHILDES_TB](0)
2026-02-19 14:07:20 INFO [admin] DocumentImportExportServiceImpl - Exported annotations [TEF_cds.conllu](18) for user [INITIAL_CAS] from project [BG_CHILDES_TB](0) using format [conllu]
2026-02-19 14:07:20 INFO [admin] AnnotationDocumentExporter - Exported annotation document content for user [INITIAL_CAS] for source document [TEF_cds.conllu](18) in project [BG_CHILDES_TB](0)
2026-02-19 14:07:20 INFO [admin] DocumentImportExportServiceImpl - Exported annotations [TEF_cds.conllu](18) for user [ivelina] from project [BG_CHILDES_TB](0) using format [conllu]
2026-02-19 14:07:20 INFO [admin] AnnotationDocumentExporter - Exported annotation document content for user [ivelina] for source document [TEF_cds.conllu](18) in project [BG_CHILDES_TB](0)
2026-02-19 14:07:20 INFO [admin] DocumentImportExportServiceImpl - Exported annotations [TEF_cs.conllu](19) for user [INITIAL_CAS] from project [BG_CHILDES_TB](0) using format [conllu]
2026-02-19 14:07:20 INFO [admin] AnnotationDocumentExporter - Exported annotation document content for user [INITIAL_CAS] for source document [TEF_cs.conllu](19) in project [BG_CHILDES_TB](0)
2026-02-19 14:07:20 INFO [admin] DocumentImportExportServiceImpl - Exported annotations [TEF_cs.conllu](19) for user [ivelina] from project [BG_CHILDES_TB](0) using format [conllu]
2026-02-19 14:07:20 INFO [admin] AnnotationDocumentExporter - Exported annotation document content for user [ivelina] for source document [TEF_cs.conllu](19) in project [BG_CHILDES_TB](0)
2026-02-19 14:07:20 INFO [admin] DocumentImportExportServiceImpl - Exported annotations [UD_relations_example_for_each.conllu](20) for user [INITIAL_CAS] from project [BG_CHILDES_TB](0) using format [conllu]
2026-02-19 14:07:20 INFO [admin] AnnotationDocumentExporter - Exported annotation document content for user [INITIAL_CAS] for source document [UD_relations_example_for_each.conllu](20) in project [BG_CHILDES_TB](0)
2026-02-19 14:07:20 INFO [admin] DocumentImportExportServiceImpl - Exported annotations [UD_relations_example_for_each.conllu](20) for user [mila] from project [BG_CHILDES_TB](0) using format [conllu]
2026-02-19 14:07:20 INFO [admin] AnnotationDocumentExporter - Exported annotation document content for user [mila] for source document [UD_relations_example_for_each.conllu](20) in project [BG_CHILDES_TB](0)
2026-02-19 14:07:34 INFO [admin] ProjectPermissionsExporter - Exported [9] permissions for project [BG_CHILDES_TB]
2026-02-19 14:07:34 INFO [admin] DocumentRepositoryExporter - Exported [0] document repositories for project [BG_CHILDES_TB]
2026-02-19 14:07:34 INFO [admin] KnowledgeBaseExporter - Exported [0] knowledge bases for project [BG_CHILDES_TB]
2026-02-19 14:07:34 INFO [admin] LayerExporter - Exported [10] layers for project [BG_CHILDES_TB]
2026-02-19 14:07:34 INFO [admin] TagSetExporter - Exported [23] tagsets for project [BG_CHILDES_TB]
2026-02-19 14:07:34 INFO [admin] DocumentImportExportServiceImpl - Exported annotations [BOG_cds.conllu](12) for user [CURATION_USER] from project [BG_CHILDES_TB](0) using format [conllu]
2026-02-19 14:07:34 INFO [admin] CurationWorkflowExporter - Exported curation workflow settings for project [BG_CHILDES_TB](0)
2026-02-19 14:07:34 INFO [admin] SourceDocumentExporter - Exported content for source document [10] in project [BG_CHILDES_TB] with id [0]
2026-02-19 14:07:34 INFO [admin] SourceDocumentExporter - Exported content for source document [11] in project [BG_CHILDES_TB] with id [0]
2026-02-19 14:07:34 INFO [admin] SourceDocumentExporter - Exported content for source document [12] in project [BG_CHILDES_TB] with id [0]
2026-02-19 14:07:34 INFO [admin] SourceDocumentExporter - Exported content for source document [13] in project [BG_CHILDES_TB] with id [0]
2026-02-19 14:07:34 INFO [admin] SourceDocumentExporter - Exported content for source document [14] in project [BG_CHILDES_TB] with id [0]
2026-02-19 14:07:34 INFO [admin] SourceDocumentExporter - Exported content for source document [15] in project [BG_CHILDES_TB] with id [0]
2026-02-19 14:07:34 INFO [admin] SourceDocumentExporter - Exported content for source document [16] in project [BG_CHILDES_TB] with id [0]
2026-02-19 14:07:34 INFO [admin] SourceDocumentExporter - Exported content for source document [17] in project [BG_CHILDES_TB] with id [0]
2026-02-19 14:07:34 INFO [admin] SourceDocumentExporter - Exported content for source document [18] in project [BG_CHILDES_TB] with id [0]
2026-02-19 14:07:34 INFO [admin] SourceDocumentExporter - Exported content for source document [19] in project [BG_CHILDES_TB] with id [0]
2026-02-19 14:07:34 INFO [admin] SourceDocumentExporter - Exported content for source document [20] in project [BG_CHILDES_TB] with id [0]
2026-02-19 14:07:34 INFO [admin] LoggedEventExporter - Exported [527] logged events for project [BG_CHILDES_TB]
2026-02-19 14:07:34 INFO [admin] LoggedEventExporter - Skipped [59] logged events for [10] documents no longer existing
2026-02-19 14:07:34 INFO [admin] DefaultProjectPreferencesExporter - Exported [0] default preferences for project [BG_CHILDES_TB]
2026-02-19 14:07:34 INFO [admin] UserProjectPreferencesExporter - Exported [5] user preferences for project [BG_CHILDES_TB]
2026-02-19 14:07:34 INFO [admin] GazeteerExporter - Exported [0] gazeteers for project [BG_CHILDES_TB]
2026-02-19 14:07:34 INFO [admin] WorkloadManagerExporter - Exported workload manager for project [BG_CHILDES_TB]
2026-02-19 14:07:34 INFO [admin] RecommenderExporter - Exported [0] recommenders for project [BG_CHILDES_TB]
2026-02-19 14:07:34 INFO [admin] DocumentImportExportServiceImpl - Exported annotations [ALE_cds.conllu](10) for user [INITIAL_CAS] from project [BG_CHILDES_TB](0) using format [conllu]
2026-02-19 14:07:34 INFO [admin] AnnotationDocumentExporter - Exported annotation document content for user [INITIAL_CAS] for source document [ALE_cds.conllu](10) in project [BG_CHILDES_TB](0)
2026-02-19 14:07:34 INFO [admin] DocumentImportExportServiceImpl - Exported annotations [ALE_cds.conllu](10) for user [yasena] from project [BG_CHILDES_TB](0) using format [conllu]
2026-02-19 14:07:34 INFO [admin] AnnotationDocumentExporter - Exported annotation document content for user [yasena] for source document [ALE_cds.conllu](10) in project [BG_CHILDES_TB](0)
2026-02-19 14:07:34 INFO [admin] DocumentImportExportServiceImpl - Exported annotations [ALE_cs.conllu](11) for user [INITIAL_CAS] from project [BG_CHILDES_TB](0) using format [conllu]
2026-02-19 14:07:34 INFO [admin] AnnotationDocumentExporter - Exported annotation document content for user [INITIAL_CAS] for source document [ALE_cs.conllu](11) in project [BG_CHILDES_TB](0)
2026-02-19 14:07:34 INFO [admin] DocumentImportExportServiceImpl - Exported annotations [ALE_cs.conllu](11) for user [admin] from project [BG_CHILDES_TB](0) using format [conllu]
2026-02-19 14:07:34 INFO [admin] AnnotationDocumentExporter - Exported annotation document content for user [admin] for source document [ALE_cs.conllu](11) in project [BG_CHILDES_TB](0)
2026-02-19 14:07:34 INFO [admin] DocumentImportExportServiceImpl - Exported annotations [ALE_cs.conllu](11) for user [mila] from project [BG_CHILDES_TB](0) using format [conllu]
2026-02-19 14:07:34 INFO [admin] AnnotationDocumentExporter - Exported annotation document content for user [mila] for source document [ALE_cs.conllu](11) in project [BG_CHILDES_TB](0)
2026-02-19 14:07:34 INFO [admin] DocumentImportExportServiceImpl - Exported annotations [ALE_cs.conllu](11) for user [yasena] from project [BG_CHILDES_TB](0) using format [conllu]
2026-02-19 14:07:34 INFO [admin] AnnotationDocumentExporter - Exported annotation document content for user [yasena] for source document [ALE_cs.conllu](11) in project [BG_CHILDES_TB](0)
2026-02-19 14:07:34 INFO [admin] DocumentImportExportServiceImpl - Exported annotations [BOG_cds.conllu](12) for user [INITIAL_CAS] from project [BG_CHILDES_TB](0) using format [conllu]
2026-02-19 14:07:34 INFO [admin] AnnotationDocumentExporter - Exported annotation document content for user [INITIAL_CAS] for source document [BOG_cds.conllu](12) in project [BG_CHILDES_TB](0)
2026-02-19 14:07:34 INFO [admin] DocumentImportExportServiceImpl - Exported annotations [BOG_cds.conllu](12) for user [admin] from project [BG_CHILDES_TB](0) using format [conllu]
2026-02-19 14:07:34 INFO [admin] AnnotationDocumentExporter - Exported annotation document content for user [admin] for source document [BOG_cds.conllu](12) in project [BG_CHILDES_TB](0)
2026-02-19 14:07:34 INFO [admin] DocumentImportExportServiceImpl - Exported annotations [BOG_cds.conllu](12) for user [yasena] from project [BG_CHILDES_TB](0) using format [conllu]
2026-02-19 14:07:34 INFO [admin] AnnotationDocumentExporter - Exported annotation document content for user [yasena] for source document [BOG_cds.conllu](12) in project [BG_CHILDES_TB](0)
2026-02-19 14:07:34 INFO [admin] DocumentImportExportServiceImpl - Exported annotations [BOG_cds.conllu](12) for user [mila] from project [BG_CHILDES_TB](0) using format [conllu]
2026-02-19 14:07:34 INFO [admin] AnnotationDocumentExporter - Exported annotation document content for user [mila] for source document [BOG_cds.conllu](12) in project [BG_CHILDES_TB](0)
2026-02-19 14:07:34 INFO [admin] DocumentImportExportServiceImpl - Exported annotations [BOG_cs.conllu](13) for user [INITIAL_CAS] from project [BG_CHILDES_TB](0) using format [conllu]
2026-02-19 14:07:34 INFO [admin] AnnotationDocumentExporter - Exported annotation document content for user [INITIAL_CAS] for source document [BOG_cs.conllu](13) in project [BG_CHILDES_TB](0)
2026-02-19 14:07:34 INFO [admin] DocumentImportExportServiceImpl - Exported annotations [BOG_cs.conllu](13) for user [mila] from project [BG_CHILDES_TB](0) using format [conllu]
2026-02-19 14:07:34 INFO [admin] AnnotationDocumentExporter - Exported annotation document content for user [mila] for source document [BOG_cs.conllu](13) in project [BG_CHILDES_TB](0)
2026-02-19 14:07:34 INFO [admin] DocumentImportExportServiceImpl - Exported annotations [ELI_cds.conllu](14) for user [INITIAL_CAS] from project [BG_CHILDES_TB](0) using format [conllu]
2026-02-19 14:07:34 INFO [admin] AnnotationDocumentExporter - Exported annotation document content for user [INITIAL_CAS] for source document [ELI_cds.conllu](14) in project [BG_CHILDES_TB](0)
2026-02-19 14:07:34 INFO [admin] DocumentImportExportServiceImpl - Exported annotations [ELI_cs.conllu](15) for user [INITIAL_CAS] from project [BG_CHILDES_TB](0) using format [conllu]
2026-02-19 14:07:34 INFO [admin] AnnotationDocumentExporter - Exported annotation document content for user [INITIAL_CAS] for source document [ELI_cs.conllu](15) in project [BG_CHILDES_TB](0)
2026-02-19 14:07:34 INFO [admin] DocumentImportExportServiceImpl - Exported annotations [ELI_cs.conllu](15) for user [tsvetelina] from project [BG_CHILDES_TB](0) using format [conllu]
2026-02-19 14:07:34 INFO [admin] AnnotationDocumentExporter - Exported annotation document content for user [tsvetelina] for source document [ELI_cs.conllu](15) in project [BG_CHILDES_TB](0)
2026-02-19 14:07:34 INFO [admin] DocumentImportExportServiceImpl - Exported annotations [SIM_cds.conllu](16) for user [INITIAL_CAS] from project [BG_CHILDES_TB](0) using format [conllu]
2026-02-19 14:07:34 INFO [admin] AnnotationDocumentExporter - Exported annotation document content for user [INITIAL_CAS] for source document [SIM_cds.conllu](16) in project [BG_CHILDES_TB](0)
2026-02-19 14:07:34 INFO [admin] DocumentImportExportServiceImpl - Exported annotations [SIM_cs.conllu](17) for user [INITIAL_CAS] from project [BG_CHILDES_TB](0) using format [conllu]
2026-02-19 14:07:34 INFO [admin] AnnotationDocumentExporter - Exported annotation document content for user [INITIAL_CAS] for source document [SIM_cs.conllu](17) in project [BG_CHILDES_TB](0)
2026-02-19 14:07:35 INFO [admin] DocumentImportExportServiceImpl - Exported annotations [TEF_cds.conllu](18) for user [INITIAL_CAS] from project [BG_CHILDES_TB](0) using format [conllu]
2026-02-19 14:07:35 INFO [admin] AnnotationDocumentExporter - Exported annotation document content for user [INITIAL_CAS] for source document [TEF_cds.conllu](18) in project [BG_CHILDES_TB](0)
2026-02-19 14:07:35 INFO [admin] DocumentImportExportServiceImpl - Exported annotations [TEF_cds.conllu](18) for user [ivelina] from project [BG_CHILDES_TB](0) using format [conllu]
2026-02-19 14:07:35 INFO [admin] AnnotationDocumentExporter - Exported annotation document content for user [ivelina] for source document [TEF_cds.conllu](18) in project [BG_CHILDES_TB](0)
2026-02-19 14:07:35 INFO [admin] DocumentImportExportServiceImpl - Exported annotations [TEF_cs.conllu](19) for user [INITIAL_CAS] from project [BG_CHILDES_TB](0) using format [conllu]
2026-02-19 14:07:35 INFO [admin] AnnotationDocumentExporter - Exported annotation document content for user [INITIAL_CAS] for source document [TEF_cs.conllu](19) in project [BG_CHILDES_TB](0)
2026-02-19 14:07:35 INFO [admin] DocumentImportExportServiceImpl - Exported annotations [TEF_cs.conllu](19) for user [ivelina] from project [BG_CHILDES_TB](0) using format [conllu]
2026-02-19 14:07:35 INFO [admin] AnnotationDocumentExporter - Exported annotation document content for user [ivelina] for source document [TEF_cs.conllu](19) in project [BG_CHILDES_TB](0)
2026-02-19 14:07:35 INFO [admin] DocumentImportExportServiceImpl - Exported annotations [UD_relations_example_for_each.conllu](20) for user [INITIAL_CAS] from project [BG_CHILDES_TB](0) using format [conllu]
2026-02-19 14:07:35 INFO [admin] AnnotationDocumentExporter - Exported annotation document content for user [INITIAL_CAS] for source document [UD_relations_example_for_each.conllu](20) in project [BG_CHILDES_TB](0)
2026-02-19 14:07:35 INFO [admin] DocumentImportExportServiceImpl - Exported annotations [UD_relations_example_for_each.conllu](20) for user [mila] from project [BG_CHILDES_TB](0) using format [conllu]
2026-02-19 14:07:35 INFO [admin] AnnotationDocumentExporter - Exported annotation document content for user [mila] for source document [UD_relations_example_for_each.conllu](20) in project [BG_CHILDES_TB](0)
2026-02-19 14:07:54 INFO [admin] ProjectPermissionsExporter - Exported [9] permissions for project [BG_CHILDES_TB]
2026-02-19 14:07:54 INFO [admin] DocumentRepositoryExporter - Exported [0] document repositories for project [BG_CHILDES_TB]
2026-02-19 14:07:54 INFO [admin] KnowledgeBaseExporter - Exported [0] knowledge bases for project [BG_CHILDES_TB]
2026-02-19 14:07:54 INFO [admin] LayerExporter - Exported [10] layers for project [BG_CHILDES_TB]
2026-02-19 14:07:54 INFO [admin] TagSetExporter - Exported [23] tagsets for project [BG_CHILDES_TB]
2026-02-19 14:07:54 INFO [admin] DocumentImportExportServiceImpl - Exported annotations [BOG_cds.conllu](12) for user [CURATION_USER] from project [BG_CHILDES_TB](0) using format [conllu]
2026-02-19 14:07:54 INFO [admin] CurationWorkflowExporter - Exported curation workflow settings for project [BG_CHILDES_TB](0)
2026-02-19 14:07:54 INFO [admin] SourceDocumentExporter - Exported content for source document [10] in project [BG_CHILDES_TB] with id [0]
2026-02-19 14:07:54 INFO [admin] SourceDocumentExporter - Exported content for source document [11] in project [BG_CHILDES_TB] with id [0]
2026-02-19 14:07:54 INFO [admin] SourceDocumentExporter - Exported content for source document [12] in project [BG_CHILDES_TB] with id [0]
2026-02-19 14:07:54 INFO [admin] SourceDocumentExporter - Exported content for source document [13] in project [BG_CHILDES_TB] with id [0]
2026-02-19 14:07:54 INFO [admin] SourceDocumentExporter - Exported content for source document [14] in project [BG_CHILDES_TB] with id [0]
2026-02-19 14:07:54 INFO [admin] SourceDocumentExporter - Exported content for source document [15] in project [BG_CHILDES_TB] with id [0]
2026-02-19 14:07:54 INFO [admin] SourceDocumentExporter - Exported content for source document [16] in project [BG_CHILDES_TB] with id [0]
2026-02-19 14:07:54 INFO [admin] SourceDocumentExporter - Exported content for source document [17] in project [BG_CHILDES_TB] with id [0]
2026-02-19 14:07:54 INFO [admin] SourceDocumentExporter - Exported content for source document [18] in project [BG_CHILDES_TB] with id [0]
2026-02-19 14:07:54 INFO [admin] SourceDocumentExporter - Exported content for source document [19] in project [BG_CHILDES_TB] with id [0]
2026-02-19 14:07:54 INFO [admin] SourceDocumentExporter - Exported content for source document [20] in project [BG_CHILDES_TB] with id [0]
2026-02-19 14:07:54 INFO [admin] LoggedEventExporter - Exported [527] logged events for project [BG_CHILDES_TB]
2026-02-19 14:07:54 INFO [admin] LoggedEventExporter - Skipped [59] logged events for [10] documents no longer existing
2026-02-19 14:07:54 INFO [admin] DefaultProjectPreferencesExporter - Exported [0] default preferences for project [BG_CHILDES_TB]
2026-02-19 14:07:54 INFO [admin] UserProjectPreferencesExporter - Exported [5] user preferences for project [BG_CHILDES_TB]
2026-02-19 14:07:54 INFO [admin] GazeteerExporter - Exported [0] gazeteers for project [BG_CHILDES_TB]
2026-02-19 14:07:54 INFO [admin] WorkloadManagerExporter - Exported workload manager for project [BG_CHILDES_TB]
2026-02-19 14:07:54 INFO [admin] RecommenderExporter - Exported [0] recommenders for project [BG_CHILDES_TB]
2026-02-19 14:07:55 INFO [admin] DocumentImportExportServiceImpl - Exported annotations [ALE_cds.conllu](10) for user [INITIAL_CAS] from project [BG_CHILDES_TB](0) using format [conllu]
2026-02-19 14:07:55 INFO [admin] AnnotationDocumentExporter - Exported annotation document content for user [INITIAL_CAS] for source document [ALE_cds.conllu](10) in project [BG_CHILDES_TB](0)
2026-02-19 14:07:55 INFO [admin] DocumentImportExportServiceImpl - Exported annotations [ALE_cds.conllu](10) for user [yasena] from project [BG_CHILDES_TB](0) using format [conllu]
2026-02-19 14:07:55 INFO [admin] AnnotationDocumentExporter - Exported annotation document content for user [yasena] for source document [ALE_cds.conllu](10) in project [BG_CHILDES_TB](0)
2026-02-19 14:07:55 INFO [admin] DocumentImportExportServiceImpl - Exported annotations [ALE_cs.conllu](11) for user [INITIAL_CAS] from project [BG_CHILDES_TB](0) using format [conllu]
2026-02-19 14:07:55 INFO [admin] AnnotationDocumentExporter - Exported annotation document content for user [INITIAL_CAS] for source document [ALE_cs.conllu](11) in project [BG_CHILDES_TB](0)
2026-02-19 14:07:55 INFO [admin] DocumentImportExportServiceImpl - Exported annotations [ALE_cs.conllu](11) for user [admin] from project [BG_CHILDES_TB](0) using format [conllu]
2026-02-19 14:07:55 INFO [admin] AnnotationDocumentExporter - Exported annotation document content for user [admin] for source document [ALE_cs.conllu](11) in project [BG_CHILDES_TB](0)
2026-02-19 14:07:55 INFO [admin] DocumentImportExportServiceImpl - Exported annotations [ALE_cs.conllu](11) for user [mila] from project [BG_CHILDES_TB](0) using format [conllu]
2026-02-19 14:07:55 INFO [admin] AnnotationDocumentExporter - Exported annotation document content for user [mila] for source document [ALE_cs.conllu](11) in project [BG_CHILDES_TB](0)
2026-02-19 14:07:55 INFO [admin] DocumentImportExportServiceImpl - Exported annotations [ALE_cs.conllu](11) for user [yasena] from project [BG_CHILDES_TB](0) using format [conllu]
2026-02-19 14:07:55 INFO [admin] AnnotationDocumentExporter - Exported annotation document content for user [yasena] for source document [ALE_cs.conllu](11) in project [BG_CHILDES_TB](0)
2026-02-19 14:07:55 INFO [admin] DocumentImportExportServiceImpl - Exported annotations [BOG_cds.conllu](12) for user [INITIAL_CAS] from project [BG_CHILDES_TB](0) using format [conllu]
2026-02-19 14:07:55 INFO [admin] AnnotationDocumentExporter - Exported annotation document content for user [INITIAL_CAS] for source document [BOG_cds.conllu](12) in project [BG_CHILDES_TB](0)
2026-02-19 14:07:55 INFO [admin] DocumentImportExportServiceImpl - Exported annotations [BOG_cds.conllu](12) for user [admin] from project [BG_CHILDES_TB](0) using format [conllu]
2026-02-19 14:07:55 INFO [admin] AnnotationDocumentExporter - Exported annotation document content for user [admin] for source document [BOG_cds.conllu](12) in project [BG_CHILDES_TB](0)
2026-02-19 14:07:55 INFO [admin] DocumentImportExportServiceImpl - Exported annotations [BOG_cds.conllu](12) for user [yasena] from project [BG_CHILDES_TB](0) using format [conllu]
2026-02-19 14:07:55 INFO [admin] AnnotationDocumentExporter - Exported annotation document content for user [yasena] for source document [BOG_cds.conllu](12) in project [BG_CHILDES_TB](0)
2026-02-19 14:07:55 INFO [admin] DocumentImportExportServiceImpl - Exported annotations [BOG_cds.conllu](12) for user [mila] from project [BG_CHILDES_TB](0) using format [conllu]
2026-02-19 14:07:55 INFO [admin] AnnotationDocumentExporter - Exported annotation document content for user [mila] for source document [BOG_cds.conllu](12) in project [BG_CHILDES_TB](0)
2026-02-19 14:07:55 INFO [admin] DocumentImportExportServiceImpl - Exported annotations [BOG_cs.conllu](13) for user [INITIAL_CAS] from project [BG_CHILDES_TB](0) using format [conllu]
2026-02-19 14:07:55 INFO [admin] AnnotationDocumentExporter - Exported annotation document content for user [INITIAL_CAS] for source document [BOG_cs.conllu](13) in project [BG_CHILDES_TB](0)
2026-02-19 14:07:55 INFO [admin] DocumentImportExportServiceImpl - Exported annotations [BOG_cs.conllu](13) for user [mila] from project [BG_CHILDES_TB](0) using format [conllu]
2026-02-19 14:07:55 INFO [admin] AnnotationDocumentExporter - Exported annotation document content for user [mila] for source document [BOG_cs.conllu](13) in project [BG_CHILDES_TB](0)
2026-02-19 14:07:55 INFO [admin] DocumentImportExportServiceImpl - Exported annotations [ELI_cds.conllu](14) for user [INITIAL_CAS] from project [BG_CHILDES_TB](0) using format [conllu]
2026-02-19 14:07:55 INFO [admin] AnnotationDocumentExporter - Exported annotation document content for user [INITIAL_CAS] for source document [ELI_cds.conllu](14) in project [BG_CHILDES_TB](0)
2026-02-19 14:07:55 INFO [admin] DocumentImportExportServiceImpl - Exported annotations [ELI_cs.conllu](15) for user [INITIAL_CAS] from project [BG_CHILDES_TB](0) using format [conllu]
2026-02-19 14:07:55 INFO [admin] AnnotationDocumentExporter - Exported annotation document content for user [INITIAL_CAS] for source document [ELI_cs.conllu](15) in project [BG_CHILDES_TB](0)
2026-02-19 14:07:55 INFO [admin] DocumentImportExportServiceImpl - Exported annotations [ELI_cs.conllu](15) for user [tsvetelina] from project [BG_CHILDES_TB](0) using format [conllu]
2026-02-19 14:07:55 INFO [admin] AnnotationDocumentExporter - Exported annotation document content for user [tsvetelina] for source document [ELI_cs.conllu](15) in project [BG_CHILDES_TB](0)
2026-02-19 14:07:55 INFO [admin] DocumentImportExportServiceImpl - Exported annotations [SIM_cds.conllu](16) for user [INITIAL_CAS] from project [BG_CHILDES_TB](0) using format [conllu]
2026-02-19 14:07:55 INFO [admin] AnnotationDocumentExporter - Exported annotation document content for user [INITIAL_CAS] for source document [SIM_cds.conllu](16) in project [BG_CHILDES_TB](0)
2026-02-19 14:07:55 INFO [admin] DocumentImportExportServiceImpl - Exported annotations [SIM_cs.conllu](17) for user [INITIAL_CAS] from project [BG_CHILDES_TB](0) using format [conllu]
2026-02-19 14:07:55 INFO [admin] AnnotationDocumentExporter - Exported annotation document content for user [INITIAL_CAS] for source document [SIM_cs.conllu](17) in project [BG_CHILDES_TB](0)
2026-02-19 14:07:55 INFO [admin] DocumentImportExportServiceImpl - Exported annotations [TEF_cds.conllu](18) for user [INITIAL_CAS] from project [BG_CHILDES_TB](0) using format [conllu]
2026-02-19 14:07:55 INFO [admin] AnnotationDocumentExporter - Exported annotation document content for user [INITIAL_CAS] for source document [TEF_cds.conllu](18) in project [BG_CHILDES_TB](0)
2026-02-19 14:07:55 INFO [admin] DocumentImportExportServiceImpl - Exported annotations [TEF_cds.conllu](18) for user [ivelina] from project [BG_CHILDES_TB](0) using format [conllu]
2026-02-19 14:07:55 INFO [admin] AnnotationDocumentExporter - Exported annotation document content for user [ivelina] for source document [TEF_cds.conllu](18) in project [BG_CHILDES_TB](0)
2026-02-19 14:07:55 INFO [admin] DocumentImportExportServiceImpl - Exported annotations [TEF_cs.conllu](19) for user [INITIAL_CAS] from project [BG_CHILDES_TB](0) using format [conllu]
2026-02-19 14:07:55 INFO [admin] AnnotationDocumentExporter - Exported annotation document content for user [INITIAL_CAS] for source document [TEF_cs.conllu](19) in project [BG_CHILDES_TB](0)
2026-02-19 14:07:55 INFO [admin] DocumentImportExportServiceImpl - Exported annotations [TEF_cs.conllu](19) for user [ivelina] from project [BG_CHILDES_TB](0) using format [conllu]
2026-02-19 14:07:55 INFO [admin] AnnotationDocumentExporter - Exported annotation document content for user [ivelina] for source document [TEF_cs.conllu](19) in project [BG_CHILDES_TB](0)
2026-02-19 14:07:55 INFO [admin] DocumentImportExportServiceImpl - Exported annotations [UD_relations_example_for_each.conllu](20) for user [INITIAL_CAS] from project [BG_CHILDES_TB](0) using format [conllu]
2026-02-19 14:07:55 INFO [admin] AnnotationDocumentExporter - Exported annotation document content for user [INITIAL_CAS] for source document [UD_relations_example_for_each.conllu](20) in project [BG_CHILDES_TB](0)
2026-02-19 14:07:55 INFO [admin] DocumentImportExportServiceImpl - Exported annotations [UD_relations_example_for_each.conllu](20) for user [mila] from project [BG_CHILDES_TB](0) using format [conllu]
2026-02-19 14:07:55 INFO [admin] AnnotationDocumentExporter - Exported annotation document content for user [mila] for source document [UD_relations_example_for_each.conllu](20) in project [BG_CHILDES_TB](0)
2026-02-19 14:08:34 INFO [admin] AnnotationSchemaServiceImpl - Upgraded CAS of user [mila] for document [BOG_cds.conllu](12) in project [BG_CHILDES_TB](0)
2026-02-19 15:05:02 INFO [admin] AnnotationSchemaServiceImpl - Upgraded CAS of user [ivelina] for document [TEF_cs.conllu](19) in project [BG_CHILDES_TB](0)
2026-02-19 16:52:17 INFO [admin] ProjectPermissionsExporter - Exported [9] permissions for project [BG_CHILDES_TB]
2026-02-19 16:52:17 INFO [admin] DocumentRepositoryExporter - Exported [0] document repositories for project [BG_CHILDES_TB]
2026-02-19 16:52:17 INFO [admin] KnowledgeBaseExporter - Exported [0] knowledge bases for project [BG_CHILDES_TB]
2026-02-19 16:52:17 INFO [admin] LayerExporter - Exported [10] layers for project [BG_CHILDES_TB]
2026-02-19 16:52:17 INFO [admin] TagSetExporter - Exported [23] tagsets for project [BG_CHILDES_TB]
2026-02-19 16:52:17 INFO [admin] DocumentImportExportServiceImpl - Exported annotations [BOG_cds.conllu](12) for user [CURATION_USER] from project [BG_CHILDES_TB](0) using format [conllu]
2026-02-19 16:52:17 INFO [admin] CurationWorkflowExporter - Exported curation workflow settings for project [BG_CHILDES_TB](0)
2026-02-19 16:52:17 INFO [admin] SourceDocumentExporter - Exported content for source document [10] in project [BG_CHILDES_TB] with id [0]
2026-02-19 16:52:17 INFO [admin] SourceDocumentExporter - Exported content for source document [11] in project [BG_CHILDES_TB] with id [0]
2026-02-19 16:52:17 INFO [admin] SourceDocumentExporter - Exported content for source document [12] in project [BG_CHILDES_TB] with id [0]
2026-02-19 16:52:17 INFO [admin] SourceDocumentExporter - Exported content for source document [13] in project [BG_CHILDES_TB] with id [0]
2026-02-19 16:52:17 INFO [admin] SourceDocumentExporter - Exported content for source document [14] in project [BG_CHILDES_TB] with id [0]
2026-02-19 16:52:17 INFO [admin] SourceDocumentExporter - Exported content for source document [15] in project [BG_CHILDES_TB] with id [0]
2026-02-19 16:52:17 INFO [admin] SourceDocumentExporter - Exported content for source document [16] in project [BG_CHILDES_TB] with id [0]
2026-02-19 16:52:17 INFO [admin] SourceDocumentExporter - Exported content for source document [17] in project [BG_CHILDES_TB] with id [0]
2026-02-19 16:52:17 INFO [admin] SourceDocumentExporter - Exported content for source document [18] in project [BG_CHILDES_TB] with id [0]
2026-02-19 16:52:17 INFO [admin] SourceDocumentExporter - Exported content for source document [19] in project [BG_CHILDES_TB] with id [0]
2026-02-19 16:52:17 INFO [admin] SourceDocumentExporter - Exported content for source document [20] in project [BG_CHILDES_TB] with id [0]
2026-02-19 16:52:17 INFO [admin] LoggedEventExporter - Exported [695] logged events for project [BG_CHILDES_TB]
2026-02-19 16:52:17 INFO [admin] LoggedEventExporter - Skipped [59] logged events for [10] documents no longer existing
2026-02-19 16:52:17 INFO [admin] DefaultProjectPreferencesExporter - Exported [0] default preferences for project [BG_CHILDES_TB]
2026-02-19 16:52:17 INFO [admin] UserProjectPreferencesExporter - Exported [5] user preferences for project [BG_CHILDES_TB]
2026-02-19 16:52:17 INFO [admin] GazeteerExporter - Exported [0] gazeteers for project [BG_CHILDES_TB]
2026-02-19 16:52:17 INFO [admin] WorkloadManagerExporter - Exported workload manager for project [BG_CHILDES_TB]
2026-02-19 16:52:17 INFO [admin] RecommenderExporter - Exported [0] recommenders for project [BG_CHILDES_TB]
2026-02-19 16:52:17 INFO [admin] DocumentImportExportServiceImpl - Exported annotations [ALE_cds.conllu](10) for user [INITIAL_CAS] from project [BG_CHILDES_TB](0) using format [conllu]
2026-02-19 16:52:17 INFO [admin] AnnotationDocumentExporter - Exported annotation document content for user [INITIAL_CAS] for source document [ALE_cds.conllu](10) in project [BG_CHILDES_TB](0)
2026-02-19 16:52:17 INFO [admin] DocumentImportExportServiceImpl - Exported annotations [ALE_cds.conllu](10) for user [yasena] from project [BG_CHILDES_TB](0) using format [conllu]
2026-02-19 16:52:17 INFO [admin] AnnotationDocumentExporter - Exported annotation document content for user [yasena] for source document [ALE_cds.conllu](10) in project [BG_CHILDES_TB](0)
2026-02-19 16:52:17 INFO [admin] DocumentImportExportServiceImpl - Exported annotations [ALE_cs.conllu](11) for user [INITIAL_CAS] from project [BG_CHILDES_TB](0) using format [conllu]
2026-02-19 16:52:17 INFO [admin] AnnotationDocumentExporter - Exported annotation document content for user [INITIAL_CAS] for source document [ALE_cs.conllu](11) in project [BG_CHILDES_TB](0)
2026-02-19 16:52:17 INFO [admin] DocumentImportExportServiceImpl - Exported annotations [ALE_cs.conllu](11) for user [admin] from project [BG_CHILDES_TB](0) using format [conllu]
2026-02-19 16:52:17 INFO [admin] AnnotationDocumentExporter - Exported annotation document content for user [admin] for source document [ALE_cs.conllu](11) in project [BG_CHILDES_TB](0)
2026-02-19 16:52:17 INFO [admin] DocumentImportExportServiceImpl - Exported annotations [ALE_cs.conllu](11) for user [mila] from project [BG_CHILDES_TB](0) using format [conllu]
2026-02-19 16:52:17 INFO [admin] AnnotationDocumentExporter - Exported annotation document content for user [mila] for source document [ALE_cs.conllu](11) in project [BG_CHILDES_TB](0)
2026-02-19 16:52:17 INFO [admin] DocumentImportExportServiceImpl - Exported annotations [ALE_cs.conllu](11) for user [yasena] from project [BG_CHILDES_TB](0) using format [conllu]
2026-02-19 16:52:17 INFO [admin] AnnotationDocumentExporter - Exported annotation document content for user [yasena] for source document [ALE_cs.conllu](11) in project [BG_CHILDES_TB](0)
2026-02-19 16:52:17 INFO [admin] DocumentImportExportServiceImpl - Exported annotations [BOG_cds.conllu](12) for user [INITIAL_CAS] from project [BG_CHILDES_TB](0) using format [conllu]
2026-02-19 16:52:17 INFO [admin] AnnotationDocumentExporter - Exported annotation document content for user [INITIAL_CAS] for source document [BOG_cds.conllu](12) in project [BG_CHILDES_TB](0)
2026-02-19 16:52:17 INFO [admin] DocumentImportExportServiceImpl - Exported annotations [BOG_cds.conllu](12) for user [admin] from project [BG_CHILDES_TB](0) using format [conllu]
2026-02-19 16:52:17 INFO [admin] AnnotationDocumentExporter - Exported annotation document content for user [admin] for source document [BOG_cds.conllu](12) in project [BG_CHILDES_TB](0)
2026-02-19 16:52:17 INFO [admin] DocumentImportExportServiceImpl - Exported annotations [BOG_cds.conllu](12) for user [yasena] from project [BG_CHILDES_TB](0) using format [conllu]
2026-02-19 16:52:17 INFO [admin] AnnotationDocumentExporter - Exported annotation document content for user [yasena] for source document [BOG_cds.conllu](12) in project [BG_CHILDES_TB](0)
2026-02-19 16:52:18 INFO [admin] DocumentImportExportServiceImpl - Exported annotations [BOG_cds.conllu](12) for user [mila] from project [BG_CHILDES_TB](0) using format [conllu]
2026-02-19 16:52:18 INFO [admin] AnnotationDocumentExporter - Exported annotation document content for user [mila] for source document [BOG_cds.conllu](12) in project [BG_CHILDES_TB](0)
2026-02-19 16:52:18 INFO [admin] DocumentImportExportServiceImpl - Exported annotations [BOG_cs.conllu](13) for user [INITIAL_CAS] from project [BG_CHILDES_TB](0) using format [conllu]
2026-02-19 16:52:18 INFO [admin] AnnotationDocumentExporter - Exported annotation document content for user [INITIAL_CAS] for source document [BOG_cs.conllu](13) in project [BG_CHILDES_TB](0)
2026-02-19 16:52:18 INFO [admin] DocumentImportExportServiceImpl - Exported annotations [BOG_cs.conllu](13) for user [mila] from project [BG_CHILDES_TB](0) using format [conllu]
2026-02-19 16:52:18 INFO [admin] AnnotationDocumentExporter - Exported annotation document content for user [mila] for source document [BOG_cs.conllu](13) in project [BG_CHILDES_TB](0)
2026-02-19 16:52:18 INFO [admin] DocumentImportExportServiceImpl - Exported annotations [ELI_cds.conllu](14) for user [INITIAL_CAS] from project [BG_CHILDES_TB](0) using format [conllu]
2026-02-19 16:52:18 INFO [admin] AnnotationDocumentExporter - Exported annotation document content for user [INITIAL_CAS] for source document [ELI_cds.conllu](14) in project [BG_CHILDES_TB](0)
2026-02-19 16:52:18 INFO [admin] DocumentImportExportServiceImpl - Exported annotations [ELI_cs.conllu](15) for user [INITIAL_CAS] from project [BG_CHILDES_TB](0) using format [conllu]
2026-02-19 16:52:18 INFO [admin] AnnotationDocumentExporter - Exported annotation document content for user [INITIAL_CAS] for source document [ELI_cs.conllu](15) in project [BG_CHILDES_TB](0)
2026-02-19 16:52:18 INFO [admin] DocumentImportExportServiceImpl - Exported annotations [ELI_cs.conllu](15) for user [tsvetelina] from project [BG_CHILDES_TB](0) using format [conllu]
2026-02-19 16:52:18 INFO [admin] AnnotationDocumentExporter - Exported annotation document content for user [tsvetelina] for source document [ELI_cs.conllu](15) in project [BG_CHILDES_TB](0)
2026-02-19 16:52:18 INFO [admin] DocumentImportExportServiceImpl - Exported annotations [SIM_cds.conllu](16) for user [INITIAL_CAS] from project [BG_CHILDES_TB](0) using format [conllu]
2026-02-19 16:52:18 INFO [admin] AnnotationDocumentExporter - Exported annotation document content for user [INITIAL_CAS] for source document [SIM_cds.conllu](16) in project [BG_CHILDES_TB](0)
2026-02-19 16:52:18 INFO [admin] DocumentImportExportServiceImpl - Exported annotations [SIM_cs.conllu](17) for user [INITIAL_CAS] from project [BG_CHILDES_TB](0) using format [conllu]
2026-02-19 16:52:18 INFO [admin] AnnotationDocumentExporter - Exported annotation document content for user [INITIAL_CAS] for source document [SIM_cs.conllu](17) in project [BG_CHILDES_TB](0)
2026-02-19 16:52:18 INFO [admin] DocumentImportExportServiceImpl - Exported annotations [TEF_cds.conllu](18) for user [INITIAL_CAS] from project [BG_CHILDES_TB](0) using format [conllu]
2026-02-19 16:52:18 INFO [admin] AnnotationDocumentExporter - Exported annotation document content for user [INITIAL_CAS] for source document [TEF_cds.conllu](18) in project [BG_CHILDES_TB](0)
2026-02-19 16:52:18 INFO [admin] DocumentImportExportServiceImpl - Exported annotations [TEF_cds.conllu](18) for user [ivelina] from project [BG_CHILDES_TB](0) using format [conllu]
2026-02-19 16:52:18 INFO [admin] AnnotationDocumentExporter - Exported annotation document content for user [ivelina] for source document [TEF_cds.conllu](18) in project [BG_CHILDES_TB](0)
2026-02-19 16:52:18 INFO [admin] DocumentImportExportServiceImpl - Exported annotations [TEF_cs.conllu](19) for user [INITIAL_CAS] from project [BG_CHILDES_TB](0) using format [conllu]
2026-02-19 16:52:18 INFO [admin] AnnotationDocumentExporter - Exported annotation document content for user [INITIAL_CAS] for source document [TEF_cs.conllu](19) in project [BG_CHILDES_TB](0)
2026-02-19 16:52:18 INFO [admin] DocumentImportExportServiceImpl - Exported annotations [TEF_cs.conllu](19) for user [ivelina] from project [BG_CHILDES_TB](0) using format [conllu]
2026-02-19 16:52:18 INFO [admin] AnnotationDocumentExporter - Exported annotation document content for user [ivelina] for source document [TEF_cs.conllu](19) in project [BG_CHILDES_TB](0)
2026-02-19 16:52:18 INFO [admin] DocumentImportExportServiceImpl - Exported annotations [UD_relations_example_for_each.conllu](20) for user [INITIAL_CAS] from project [BG_CHILDES_TB](0) using format [conllu]
2026-02-19 16:52:18 INFO [admin] AnnotationDocumentExporter - Exported annotation document content for user [INITIAL_CAS] for source document [UD_relations_example_for_each.conllu](20) in project [BG_CHILDES_TB](0)
2026-02-19 16:52:18 INFO [admin] DocumentImportExportServiceImpl - Exported annotations [UD_relations_example_for_each.conllu](20) for user [mila] from project [BG_CHILDES_TB](0) using format [conllu]
2026-02-19 16:52:18 INFO [admin] AnnotationDocumentExporter - Exported annotation document content for user [mila] for source document [UD_relations_example_for_each.conllu](20) in project [BG_CHILDES_TB](0)
2026-02-19 16:52:54 INFO [admin] ProjectPermissionsExporter - Exported [9] permissions for project [BG_CHILDES_TB]
2026-02-19 16:52:54 INFO [admin] DocumentRepositoryExporter - Exported [0] document repositories for project [BG_CHILDES_TB]
2026-02-19 16:52:54 INFO [admin] KnowledgeBaseExporter - Exported [0] knowledge bases for project [BG_CHILDES_TB]
2026-02-19 16:52:54 INFO [admin] LayerExporter - Exported [10] layers for project [BG_CHILDES_TB]
2026-02-19 16:52:54 INFO [admin] TagSetExporter - Exported [23] tagsets for project [BG_CHILDES_TB]
2026-02-19 16:52:54 INFO [admin] DocumentImportExportServiceImpl - Exported annotations [BOG_cds.conllu](12) for user [CURATION_USER] from project [BG_CHILDES_TB](0) using format [conllu]
2026-02-19 16:52:54 INFO [admin] CurationWorkflowExporter - Exported curation workflow settings for project [BG_CHILDES_TB](0)
2026-02-19 16:52:54 INFO [admin] SourceDocumentExporter - Exported content for source document [10] in project [BG_CHILDES_TB] with id [0]
2026-02-19 16:52:54 INFO [admin] SourceDocumentExporter - Exported content for source document [11] in project [BG_CHILDES_TB] with id [0]
2026-02-19 16:52:54 INFO [admin] SourceDocumentExporter - Exported content for source document [12] in project [BG_CHILDES_TB] with id [0]
2026-02-19 16:52:54 INFO [admin] SourceDocumentExporter - Exported content for source document [13] in project [BG_CHILDES_TB] with id [0]
2026-02-19 16:52:54 INFO [admin] SourceDocumentExporter - Exported content for source document [14] in project [BG_CHILDES_TB] with id [0]
2026-02-19 16:52:54 INFO [admin] SourceDocumentExporter - Exported content for source document [15] in project [BG_CHILDES_TB] with id [0]
2026-02-19 16:52:54 INFO [admin] SourceDocumentExporter - Exported content for source document [16] in project [BG_CHILDES_TB] with id [0]
2026-02-19 16:52:54 INFO [admin] SourceDocumentExporter - Exported content for source document [17] in project [BG_CHILDES_TB] with id [0]
2026-02-19 16:52:54 INFO [admin] SourceDocumentExporter - Exported content for source document [18] in project [BG_CHILDES_TB] with id [0]
2026-02-19 16:52:54 INFO [admin] SourceDocumentExporter - Exported content for source document [19] in project [BG_CHILDES_TB] with id [0]
2026-02-19 16:52:54 INFO [admin] SourceDocumentExporter - Exported content for source document [20] in project [BG_CHILDES_TB] with id [0]
2026-02-19 16:52:54 INFO [admin] LoggedEventExporter - Exported [695] logged events for project [BG_CHILDES_TB]
2026-02-19 16:52:54 INFO [admin] LoggedEventExporter - Skipped [59] logged events for [10] documents no longer existing
2026-02-19 16:52:54 INFO [admin] DefaultProjectPreferencesExporter - Exported [0] default preferences for project [BG_CHILDES_TB]
2026-02-19 16:52:54 INFO [admin] UserProjectPreferencesExporter - Exported [5] user preferences for project [BG_CHILDES_TB]
2026-02-19 16:52:54 INFO [admin] GazeteerExporter - Exported [0] gazeteers for project [BG_CHILDES_TB]
2026-02-19 16:52:54 INFO [admin] WorkloadManagerExporter - Exported workload manager for project [BG_CHILDES_TB]
2026-02-19 16:52:54 INFO [admin] RecommenderExporter - Exported [0] recommenders for project [BG_CHILDES_TB]
2026-02-19 16:52:54 INFO [admin] DocumentImportExportServiceImpl - Exported annotations [ALE_cds.conllu](10) for user [INITIAL_CAS] from project [BG_CHILDES_TB](0) using format [conllu]
2026-02-19 16:52:54 INFO [admin] AnnotationDocumentExporter - Exported annotation document content for user [INITIAL_CAS] for source document [ALE_cds.conllu](10) in project [BG_CHILDES_TB](0)
2026-02-19 16:52:54 INFO [admin] DocumentImportExportServiceImpl - Exported annotations [ALE_cds.conllu](10) for user [yasena] from project [BG_CHILDES_TB](0) using format [conllu]
2026-02-19 16:52:54 INFO [admin] AnnotationDocumentExporter - Exported annotation document content for user [yasena] for source document [ALE_cds.conllu](10) in project [BG_CHILDES_TB](0)
2026-02-19 16:52:54 INFO [admin] DocumentImportExportServiceImpl - Exported annotations [ALE_cs.conllu](11) for user [INITIAL_CAS] from project [BG_CHILDES_TB](0) using format [conllu]
2026-02-19 16:52:54 INFO [admin] AnnotationDocumentExporter - Exported annotation document content for user [INITIAL_CAS] for source document [ALE_cs.conllu](11) in project [BG_CHILDES_TB](0)
2026-02-19 16:52:54 INFO [admin] DocumentImportExportServiceImpl - Exported annotations [ALE_cs.conllu](11) for user [admin] from project [BG_CHILDES_TB](0) using format [conllu]
2026-02-19 16:52:54 INFO [admin] AnnotationDocumentExporter - Exported annotation document content for user [admin] for source document [ALE_cs.conllu](11) in project [BG_CHILDES_TB](0)
2026-02-19 16:52:54 INFO [admin] DocumentImportExportServiceImpl - Exported annotations [ALE_cs.conllu](11) for user [mila] from project [BG_CHILDES_TB](0) using format [conllu]
2026-02-19 16:52:54 INFO [admin] AnnotationDocumentExporter - Exported annotation document content for user [mila] for source document [ALE_cs.conllu](11) in project [BG_CHILDES_TB](0)
2026-02-19 16:52:55 INFO [admin] DocumentImportExportServiceImpl - Exported annotations [ALE_cs.conllu](11) for user [yasena] from project [BG_CHILDES_TB](0) using format [conllu]
2026-02-19 16:52:55 INFO [admin] AnnotationDocumentExporter - Exported annotation document content for user [yasena] for source document [ALE_cs.conllu](11) in project [BG_CHILDES_TB](0)
2026-02-19 16:52:55 INFO [admin] DocumentImportExportServiceImpl - Exported annotations [BOG_cds.conllu](12) for user [INITIAL_CAS] from project [BG_CHILDES_TB](0) using format [conllu]
2026-02-19 16:52:55 INFO [admin] AnnotationDocumentExporter - Exported annotation document content for user [INITIAL_CAS] for source document [BOG_cds.conllu](12) in project [BG_CHILDES_TB](0)
2026-02-19 16:52:55 INFO [admin] DocumentImportExportServiceImpl - Exported annotations [BOG_cds.conllu](12) for user [admin] from project [BG_CHILDES_TB](0) using format [conllu]
2026-02-19 16:52:55 INFO [admin] AnnotationDocumentExporter - Exported annotation document content for user [admin] for source document [BOG_cds.conllu](12) in project [BG_CHILDES_TB](0)
2026-02-19 16:52:55 INFO [admin] DocumentImportExportServiceImpl - Exported annotations [BOG_cds.conllu](12) for user [yasena] from project [BG_CHILDES_TB](0) using format [conllu]
2026-02-19 16:52:55 INFO [admin] AnnotationDocumentExporter - Exported annotation document content for user [yasena] for source document [BOG_cds.conllu](12) in project [BG_CHILDES_TB](0)
2026-02-19 16:52:55 INFO [admin] DocumentImportExportServiceImpl - Exported annotations [BOG_cds.conllu](12) for user [mila] from project [BG_CHILDES_TB](0) using format [conllu]
2026-02-19 16:52:55 INFO [admin] AnnotationDocumentExporter - Exported annotation document content for user [mila] for source document [BOG_cds.conllu](12) in project [BG_CHILDES_TB](0)
2026-02-19 16:52:55 INFO [admin] DocumentImportExportServiceImpl - Exported annotations [BOG_cs.conllu](13) for user [INITIAL_CAS] from project [BG_CHILDES_TB](0) using format [conllu]
2026-02-19 16:52:55 INFO [admin] AnnotationDocumentExporter - Exported annotation document content for user [INITIAL_CAS] for source document [BOG_cs.conllu](13) in project [BG_CHILDES_TB](0)
2026-02-19 16:52:55 INFO [admin] DocumentImportExportServiceImpl - Exported annotations [BOG_cs.conllu](13) for user [mila] from project [BG_CHILDES_TB](0) using format [conllu]
2026-02-19 16:52:55 INFO [admin] AnnotationDocumentExporter - Exported annotation document content for user [mila] for source document [BOG_cs.conllu](13) in project [BG_CHILDES_TB](0)
2026-02-19 16:52:55 INFO [admin] DocumentImportExportServiceImpl - Exported annotations [ELI_cds.conllu](14) for user [INITIAL_CAS] from project [BG_CHILDES_TB](0) using format [conllu]
2026-02-19 16:52:55 INFO [admin] AnnotationDocumentExporter - Exported annotation document content for user [INITIAL_CAS] for source document [ELI_cds.conllu](14) in project [BG_CHILDES_TB](0)
2026-02-19 16:52:55 INFO [admin] DocumentImportExportServiceImpl - Exported annotations [ELI_cs.conllu](15) for user [INITIAL_CAS] from project [BG_CHILDES_TB](0) using format [conllu]
2026-02-19 16:52:55 INFO [admin] AnnotationDocumentExporter - Exported annotation document content for user [INITIAL_CAS] for source document [ELI_cs.conllu](15) in project [BG_CHILDES_TB](0)
2026-02-19 16:52:55 INFO [admin] DocumentImportExportServiceImpl - Exported annotations [ELI_cs.conllu](15) for user [tsvetelina] from project [BG_CHILDES_TB](0) using format [conllu]
2026-02-19 16:52:55 INFO [admin] AnnotationDocumentExporter - Exported annotation document content for user [tsvetelina] for source document [ELI_cs.conllu](15) in project [BG_CHILDES_TB](0)
2026-02-19 16:52:55 INFO [admin] DocumentImportExportServiceImpl - Exported annotations [SIM_cds.conllu](16) for user [INITIAL_CAS] from project [BG_CHILDES_TB](0) using format [conllu]
2026-02-19 16:52:55 INFO [admin] AnnotationDocumentExporter - Exported annotation document content for user [INITIAL_CAS] for source document [SIM_cds.conllu](16) in project [BG_CHILDES_TB](0)
2026-02-19 16:52:55 INFO [admin] DocumentImportExportServiceImpl - Exported annotations [SIM_cs.conllu](17) for user [INITIAL_CAS] from project [BG_CHILDES_TB](0) using format [conllu]
2026-02-19 16:52:55 INFO [admin] AnnotationDocumentExporter - Exported annotation document content for user [INITIAL_CAS] for source document [SIM_cs.conllu](17) in project [BG_CHILDES_TB](0)
2026-02-19 16:52:55 INFO [admin] DocumentImportExportServiceImpl - Exported annotations [TEF_cds.conllu](18) for user [INITIAL_CAS] from project [BG_CHILDES_TB](0) using format [conllu]
2026-02-19 16:52:55 INFO [admin] AnnotationDocumentExporter - Exported annotation document content for user [INITIAL_CAS] for source document [TEF_cds.conllu](18) in project [BG_CHILDES_TB](0)
2026-02-19 16:52:55 INFO [admin] DocumentImportExportServiceImpl - Exported annotations [TEF_cds.conllu](18) for user [ivelina] from project [BG_CHILDES_TB](0) using format [conllu]
2026-02-19 16:52:55 INFO [admin] AnnotationDocumentExporter - Exported annotation document content for user [ivelina] for source document [TEF_cds.conllu](18) in project [BG_CHILDES_TB](0)
2026-02-19 16:52:55 INFO [admin] DocumentImportExportServiceImpl - Exported annotations [TEF_cs.conllu](19) for user [INITIAL_CAS] from project [BG_CHILDES_TB](0) using format [conllu]
2026-02-19 16:52:55 INFO [admin] AnnotationDocumentExporter - Exported annotation document content for user [INITIAL_CAS] for source document [TEF_cs.conllu](19) in project [BG_CHILDES_TB](0)
2026-02-19 16:52:55 INFO [admin] DocumentImportExportServiceImpl - Exported annotations [TEF_cs.conllu](19) for user [ivelina] from project [BG_CHILDES_TB](0) using format [conllu]
2026-02-19 16:52:55 INFO [admin] AnnotationDocumentExporter - Exported annotation document content for user [ivelina] for source document [TEF_cs.conllu](19) in project [BG_CHILDES_TB](0)
2026-02-19 16:52:55 INFO [admin] DocumentImportExportServiceImpl - Exported annotations [UD_relations_example_for_each.conllu](20) for user [INITIAL_CAS] from project [BG_CHILDES_TB](0) using format [conllu]
2026-02-19 16:52:55 INFO [admin] AnnotationDocumentExporter - Exported annotation document content for user [INITIAL_CAS] for source document [UD_relations_example_for_each.conllu](20) in project [BG_CHILDES_TB](0)
2026-02-19 16:52:55 INFO [admin] DocumentImportExportServiceImpl - Exported annotations [UD_relations_example_for_each.conllu](20) for user [mila] from project [BG_CHILDES_TB](0) using format [conllu]
2026-02-19 16:52:55 INFO [admin] AnnotationDocumentExporter - Exported annotation document content for user [mila] for source document [UD_relations_example_for_each.conllu](20) in project [BG_CHILDES_TB](0)
2026-02-20 11:48:54 INFO [admin] AnnotationSchemaServiceImpl - Upgraded CAS of user [yasena] for document [ALE_cs.conllu](11) in project [BG_CHILDES_TB](0)
2026-02-20 14:20:31 INFO [admin] AnnotationSchemaServiceImpl - Upgraded CAS of user [mila] for document [BOG_cds.conllu](12) in project [BG_CHILDES_TB](0)
2026-02-20 14:20:41 INFO [admin] AnnotationSchemaServiceImpl - Upgraded CAS of user [yasena] for document [ALE_cs.conllu](11) in project [BG_CHILDES_TB](0)
2026-02-20 23:01:35 INFO [admin] DocumentServiceImpl - Created annotation document [tsvetina@SIM_cs.conllu](17) in project [BG_CHILDES_TB](0)
2026-02-20 23:01:35 INFO [admin] AnnotationSchemaServiceImpl - Upgraded CAS of user [tsvetina] for document [SIM_cs.conllu](17) in project [BG_CHILDES_TB](0)
2026-02-21 00:57:11 INFO [admin] AnnotationSchemaServiceImpl - Upgraded CAS of user [tsvetina] for document [SIM_cs.conllu](17) in project [BG_CHILDES_TB](0)
2026-02-22 06:29:51 INFO [admin] AnnotationSchemaServiceImpl - Upgraded CAS of user [yasena] for document [ALE_cs.conllu](11) in project [BG_CHILDES_TB](0)
2026-02-22 10:40:09 INFO [admin] AnnotationSchemaServiceImpl - Upgraded CAS of user [ivelina] for document [TEF_cs.conllu](19) in project [BG_CHILDES_TB](0)
2026-02-22 11:05:48 INFO [admin] DocumentServiceImpl - Created annotation document [ivelina@SIM_cds.conllu](18) in project [BG_CHILDES_TB](0)
2026-02-22 11:05:48 INFO [admin] DocumentServiceImpl - Created annotation document [ivelina@SIM_cs.conllu](19) in project [BG_CHILDES_TB](0)
2026-02-22 11:05:48 INFO [admin] DocumentServiceImpl - Created annotation document [ivelina@ALE_cds.conllu](20) in project [BG_CHILDES_TB](0)
2026-02-22 11:05:48 INFO [admin] DocumentServiceImpl - Created annotation document [ivelina@ALE_cs.conllu](21) in project [BG_CHILDES_TB](0)
2026-02-22 11:05:48 INFO [admin] DocumentServiceImpl - Created annotation document [ivelina@BOG_cds.conllu](22) in project [BG_CHILDES_TB](0)
2026-02-22 11:05:48 INFO [admin] DocumentServiceImpl - Created annotation document [ivelina@BOG_cs.conllu](23) in project [BG_CHILDES_TB](0)
2026-02-22 11:05:48 INFO [admin] DocumentServiceImpl - Created annotation document [ivelina@ELI_cds.conllu](24) in project [BG_CHILDES_TB](0)
2026-02-22 11:06:20 INFO [admin] AnnotationSchemaServiceImpl - Upgraded CAS of user [ivelina] for document [ALE_cds.conllu](10) in project [BG_CHILDES_TB](0)
2026-02-22 11:06:45 INFO [admin] AnnotationSchemaServiceImpl - Upgraded CAS of user [ivelina] for document [TEF_cs.conllu](19) in project [BG_CHILDES_TB](0)
2026-02-22 11:55:01 INFO [admin] AnnotationSchemaServiceImpl - Upgraded CAS of user [yasena] for document [ALE_cs.conllu](11) in project [BG_CHILDES_TB](0)
2026-02-22 11:56:36 INFO [admin] AnnotationSchemaServiceImpl - Upgraded CAS of user [ivelina] for document [TEF_cs.conllu](19) in project [BG_CHILDES_TB](0)
2026-02-22 12:22:25 INFO [admin] DocumentServiceImpl - Created annotation document [yoana@BOG_cds.conllu](25) in project [BG_CHILDES_TB](0)
2026-02-22 12:22:25 INFO [admin] AnnotationSchemaServiceImpl - Upgraded CAS of user [yoana] for document [BOG_cds.conllu](12) in project [BG_CHILDES_TB](0)
2026-02-22 13:51:43 INFO [admin] AnnotationSchemaServiceImpl - Upgraded CAS of user [yasena] for document [ALE_cs.conllu](11) in project [BG_CHILDES_TB](0)
2026-02-22 14:40:43 INFO [admin] AnnotationSchemaServiceImpl - Upgraded CAS of user [yasena] for document [BOG_cds.conllu](12) in project [BG_CHILDES_TB](0)
2026-02-22 14:40:56 INFO [admin] AnnotationSchemaServiceImpl - Upgraded CAS of user [yasena] for document [ALE_cds.conllu](10) in project [BG_CHILDES_TB](0)
2026-02-22 15:52:56 INFO [admin] AnnotationSchemaServiceImpl - Upgraded CAS of user [ivelina] for document [TEF_cds.conllu](18) in project [BG_CHILDES_TB](0)
2026-02-22 19:43:59 INFO [admin] AnnotationSchemaServiceImpl - Upgraded CAS of user [tsvetina] for document [SIM_cs.conllu](17) in project [BG_CHILDES_TB](0)
2026-02-22 19:44:39 INFO [admin] AnnotationSchemaServiceImpl - Upgraded CAS of user [tsvetina] for document [SIM_cs.conllu](17) in project [BG_CHILDES_TB](0)
2026-02-22 20:59:34 INFO [admin] AnnotationSchemaServiceImpl - Upgraded CAS of user [ivelina] for document [TEF_cds.conllu](18) in project [BG_CHILDES_TB](0)
2026-02-22 23:26:53 INFO [admin] AnnotationSchemaServiceImpl - Upgraded CAS of user [tsvetina] for document [SIM_cs.conllu](17) in project [BG_CHILDES_TB](0)
2026-02-23 04:57:15 INFO [admin] AnnotationSchemaServiceImpl - Upgraded CAS of user [yasena] for document [ALE_cds.conllu](10) in project [BG_CHILDES_TB](0)
2026-02-23 06:24:38 INFO [admin] AnnotationSchemaServiceImpl - Upgraded CAS of user [yasena] for document [ALE_cds.conllu](10) in project [BG_CHILDES_TB](0)
2026-02-23 08:58:54 INFO [admin] AnnotationSchemaServiceImpl - Upgraded CAS of user [ivelina] for document [TEF_cds.conllu](18) in project [BG_CHILDES_TB](0)
2026-02-23 09:19:57 INFO [admin] DocumentServiceImpl - Created annotation document [mila@ALE_cds.conllu](26) in project [BG_CHILDES_TB](0)
2026-02-23 09:19:57 INFO [admin] AnnotationSchemaServiceImpl - Upgraded CAS of user [mila] for document [ALE_cds.conllu](10) in project [BG_CHILDES_TB](0)
2026-02-23 09:20:09 INFO [admin] AnnotationSchemaServiceImpl - Upgraded CAS of user [mila] for document [ALE_cs.conllu](11) in project [BG_CHILDES_TB](0)
2026-02-23 09:23:25 INFO [admin] AnnotationSchemaServiceImpl - Upgraded CAS of user [yasena] for document [ALE_cs.conllu](11) in project [BG_CHILDES_TB](0)
2026-02-23 09:24:40 INFO [admin] AnnotationSchemaServiceImpl - Upgraded CAS of user [yasena] for document [ALE_cds.conllu](10) in project [BG_CHILDES_TB](0)
2026-02-23 09:25:40 INFO [admin] ProjectPermissionsExporter - Exported [9] permissions for project [BG_CHILDES_TB]
2026-02-23 09:25:40 INFO [admin] DocumentRepositoryExporter - Exported [0] document repositories for project [BG_CHILDES_TB]
2026-02-23 09:25:40 INFO [admin] KnowledgeBaseExporter - Exported [0] knowledge bases for project [BG_CHILDES_TB]
2026-02-23 09:25:41 INFO [admin] LayerExporter - Exported [10] layers for project [BG_CHILDES_TB]
2026-02-23 09:25:41 INFO [admin] TagSetExporter - Exported [23] tagsets for project [BG_CHILDES_TB]
2026-02-23 09:25:41 INFO [admin] DocumentImportExportServiceImpl - Exported annotations [BOG_cds.conllu](12) for user [CURATION_USER] from project [BG_CHILDES_TB](0) using format [conllu]
2026-02-23 09:25:41 INFO [admin] CurationWorkflowExporter - Exported curation workflow settings for project [BG_CHILDES_TB](0)
2026-02-23 09:25:41 INFO [admin] SourceDocumentExporter - Exported content for source document [10] in project [BG_CHILDES_TB] with id [0]
2026-02-23 09:25:41 INFO [admin] SourceDocumentExporter - Exported content for source document [11] in project [BG_CHILDES_TB] with id [0]
2026-02-23 09:25:41 INFO [admin] SourceDocumentExporter - Exported content for source document [12] in project [BG_CHILDES_TB] with id [0]
2026-02-23 09:25:41 INFO [admin] SourceDocumentExporter - Exported content for source document [13] in project [BG_CHILDES_TB] with id [0]
2026-02-23 09:25:41 INFO [admin] SourceDocumentExporter - Exported content for source document [14] in project [BG_CHILDES_TB] with id [0]
2026-02-23 09:25:41 INFO [admin] SourceDocumentExporter - Exported content for source document [15] in project [BG_CHILDES_TB] with id [0]
2026-02-23 09:25:41 INFO [admin] SourceDocumentExporter - Exported content for source document [16] in project [BG_CHILDES_TB] with id [0]
2026-02-23 09:25:41 INFO [admin] SourceDocumentExporter - Exported content for source document [17] in project [BG_CHILDES_TB] with id [0]
2026-02-23 09:25:41 INFO [admin] SourceDocumentExporter - Exported content for source document [18] in project [BG_CHILDES_TB] with id [0]
2026-02-23 09:25:41 INFO [admin] SourceDocumentExporter - Exported content for source document [19] in project [BG_CHILDES_TB] with id [0]
2026-02-23 09:25:41 INFO [admin] SourceDocumentExporter - Exported content for source document [20] in project [BG_CHILDES_TB] with id [0]
2026-02-23 09:25:41 INFO [admin] LoggedEventExporter - Exported [1921] logged events for project [BG_CHILDES_TB]
2026-02-23 09:25:41 INFO [admin] LoggedEventExporter - Skipped [59] logged events for [10] documents no longer existing
2026-02-23 09:25:41 INFO [admin] DefaultProjectPreferencesExporter - Exported [0] default preferences for project [BG_CHILDES_TB]
2026-02-23 09:25:41 INFO [admin] UserProjectPreferencesExporter - Exported [7] user preferences for project [BG_CHILDES_TB]
2026-02-23 09:25:41 INFO [admin] GazeteerExporter - Exported [0] gazeteers for project [BG_CHILDES_TB]
2026-02-23 09:25:41 INFO [admin] WorkloadManagerExporter - Exported workload manager for project [BG_CHILDES_TB]
2026-02-23 09:25:41 INFO [admin] RecommenderExporter - Exported [0] recommenders for project [BG_CHILDES_TB]
2026-02-23 09:25:41 INFO [admin] DocumentImportExportServiceImpl - Exported annotations [ALE_cds.conllu](10) for user [INITIAL_CAS] from project [BG_CHILDES_TB](0) using format [conllu]
2026-02-23 09:25:41 INFO [admin] AnnotationDocumentExporter - Exported annotation document content for user [INITIAL_CAS] for source document [ALE_cds.conllu](10) in project [BG_CHILDES_TB](0)
2026-02-23 09:25:41 INFO [admin] DocumentImportExportServiceImpl - Exported annotations [ALE_cds.conllu](10) for user [ivelina] from project [BG_CHILDES_TB](0) using format [conllu]
2026-02-23 09:25:41 INFO [admin] AnnotationDocumentExporter - Exported annotation document content for user [ivelina] for source document [ALE_cds.conllu](10) in project [BG_CHILDES_TB](0)
2026-02-23 09:25:41 INFO [admin] DocumentImportExportServiceImpl - Exported annotations [ALE_cds.conllu](10) for user [mila] from project [BG_CHILDES_TB](0) using format [conllu]
2026-02-23 09:25:41 INFO [admin] AnnotationDocumentExporter - Exported annotation document content for user [mila] for source document [ALE_cds.conllu](10) in project [BG_CHILDES_TB](0)
2026-02-23 09:25:41 INFO [admin] DocumentImportExportServiceImpl - Exported annotations [ALE_cds.conllu](10) for user [yasena] from project [BG_CHILDES_TB](0) using format [conllu]
2026-02-23 09:25:41 INFO [admin] AnnotationDocumentExporter - Exported annotation document content for user [yasena] for source document [ALE_cds.conllu](10) in project [BG_CHILDES_TB](0)
2026-02-23 09:25:41 INFO [admin] DocumentImportExportServiceImpl - Exported annotations [ALE_cs.conllu](11) for user [INITIAL_CAS] from project [BG_CHILDES_TB](0) using format [conllu]
2026-02-23 09:25:41 INFO [admin] AnnotationDocumentExporter - Exported annotation document content for user [INITIAL_CAS] for source document [ALE_cs.conllu](11) in project [BG_CHILDES_TB](0)
2026-02-23 09:25:41 INFO [admin] DocumentImportExportServiceImpl - Exported annotations [ALE_cs.conllu](11) for user [admin] from project [BG_CHILDES_TB](0) using format [conllu]
2026-02-23 09:25:41 INFO [admin] AnnotationDocumentExporter - Exported annotation document content for user [admin] for source document [ALE_cs.conllu](11) in project [BG_CHILDES_TB](0)
2026-02-23 09:25:41 INFO [admin] DocumentImportExportServiceImpl - Exported annotations [ALE_cs.conllu](11) for user [mila] from project [BG_CHILDES_TB](0) using format [conllu]
2026-02-23 09:25:41 INFO [admin] AnnotationDocumentExporter - Exported annotation document content for user [mila] for source document [ALE_cs.conllu](11) in project [BG_CHILDES_TB](0)
2026-02-23 09:25:41 INFO [admin] DocumentImportExportServiceImpl - Exported annotations [ALE_cs.conllu](11) for user [ivelina] from project [BG_CHILDES_TB](0) using format [conllu]
2026-02-23 09:25:41 INFO [admin] AnnotationDocumentExporter - Exported annotation document content for user [ivelina] for source document [ALE_cs.conllu](11) in project [BG_CHILDES_TB](0)
2026-02-23 09:25:41 INFO [admin] DocumentImportExportServiceImpl - Exported annotations [ALE_cs.conllu](11) for user [yasena] from project [BG_CHILDES_TB](0) using format [conllu]
2026-02-23 09:25:41 INFO [admin] AnnotationDocumentExporter - Exported annotation document content for user [yasena] for source document [ALE_cs.conllu](11) in project [BG_CHILDES_TB](0)
2026-02-23 09:25:41 INFO [admin] DocumentImportExportServiceImpl - Exported annotations [BOG_cds.conllu](12) for user [INITIAL_CAS] from project [BG_CHILDES_TB](0) using format [conllu]
2026-02-23 09:25:41 INFO [admin] AnnotationDocumentExporter - Exported annotation document content for user [INITIAL_CAS] for source document [BOG_cds.conllu](12) in project [BG_CHILDES_TB](0)
2026-02-23 09:25:41 INFO [admin] DocumentImportExportServiceImpl - Exported annotations [BOG_cds.conllu](12) for user [admin] from project [BG_CHILDES_TB](0) using format [conllu]
2026-02-23 09:25:41 INFO [admin] AnnotationDocumentExporter - Exported annotation document content for user [admin] for source document [BOG_cds.conllu](12) in project [BG_CHILDES_TB](0)
2026-02-23 09:25:41 INFO [admin] DocumentImportExportServiceImpl - Exported annotations [BOG_cds.conllu](12) for user [yasena] from project [BG_CHILDES_TB](0) using format [conllu]
2026-02-23 09:25:41 INFO [admin] AnnotationDocumentExporter - Exported annotation document content for user [yasena] for source document [BOG_cds.conllu](12) in project [BG_CHILDES_TB](0)
2026-02-23 09:25:41 INFO [admin] DocumentImportExportServiceImpl - Exported annotations [BOG_cds.conllu](12) for user [mila] from project [BG_CHILDES_TB](0) using format [conllu]
2026-02-23 09:25:41 INFO [admin] AnnotationDocumentExporter - Exported annotation document content for user [mila] for source document [BOG_cds.conllu](12) in project [BG_CHILDES_TB](0)
2026-02-23 09:25:41 INFO [admin] DocumentImportExportServiceImpl - Exported annotations [BOG_cds.conllu](12) for user [ivelina] from project [BG_CHILDES_TB](0) using format [conllu]
2026-02-23 09:25:41 INFO [admin] AnnotationDocumentExporter - Exported annotation document content for user [ivelina] for source document [BOG_cds.conllu](12) in project [BG_CHILDES_TB](0)
2026-02-23 09:25:41 INFO [admin] DocumentImportExportServiceImpl - Exported annotations [BOG_cds.conllu](12) for user [yoana] from project [BG_CHILDES_TB](0) using format [conllu]
2026-02-23 09:25:41 INFO [admin] AnnotationDocumentExporter - Exported annotation document content for user [yoana] for source document [BOG_cds.conllu](12) in project [BG_CHILDES_TB](0)
2026-02-23 09:25:41 INFO [admin] DocumentImportExportServiceImpl - Exported annotations [BOG_cs.conllu](13) for user [INITIAL_CAS] from project [BG_CHILDES_TB](0) using format [conllu]
2026-02-23 09:25:41 INFO [admin] AnnotationDocumentExporter - Exported annotation document content for user [INITIAL_CAS] for source document [BOG_cs.conllu](13) in project [BG_CHILDES_TB](0)
2026-02-23 09:25:41 INFO [admin] DocumentImportExportServiceImpl - Exported annotations [BOG_cs.conllu](13) for user [mila] from project [BG_CHILDES_TB](0) using format [conllu]
2026-02-23 09:25:41 INFO [admin] AnnotationDocumentExporter - Exported annotation document content for user [mila] for source document [BOG_cs.conllu](13) in project [BG_CHILDES_TB](0)
2026-02-23 09:25:41 INFO [admin] DocumentImportExportServiceImpl - Exported annotations [BOG_cs.conllu](13) for user [ivelina] from project [BG_CHILDES_TB](0) using format [conllu]
2026-02-23 09:25:41 INFO [admin] AnnotationDocumentExporter - Exported annotation document content for user [ivelina] for source document [BOG_cs.conllu](13) in project [BG_CHILDES_TB](0)
2026-02-23 09:25:41 INFO [admin] DocumentImportExportServiceImpl - Exported annotations [ELI_cds.conllu](14) for user [INITIAL_CAS] from project [BG_CHILDES_TB](0) using format [conllu]
2026-02-23 09:25:41 INFO [admin] AnnotationDocumentExporter - Exported annotation document content for user [INITIAL_CAS] for source document [ELI_cds.conllu](14) in project [BG_CHILDES_TB](0)
2026-02-23 09:25:41 INFO [admin] DocumentImportExportServiceImpl - Exported annotations [ELI_cds.conllu](14) for user [ivelina] from project [BG_CHILDES_TB](0) using format [conllu]
2026-02-23 09:25:41 INFO [admin] AnnotationDocumentExporter - Exported annotation document content for user [ivelina] for source document [ELI_cds.conllu](14) in project [BG_CHILDES_TB](0)
2026-02-23 09:25:41 INFO [admin] DocumentImportExportServiceImpl - Exported annotations [ELI_cs.conllu](15) for user [INITIAL_CAS] from project [BG_CHILDES_TB](0) using format [conllu]
2026-02-23 09:25:41 INFO [admin] AnnotationDocumentExporter - Exported annotation document content for user [INITIAL_CAS] for source document [ELI_cs.conllu](15) in project [BG_CHILDES_TB](0)
2026-02-23 09:25:42 INFO [admin] DocumentImportExportServiceImpl - Exported annotations [ELI_cs.conllu](15) for user [tsvetelina] from project [BG_CHILDES_TB](0) using format [conllu]
2026-02-23 09:25:42 INFO [admin] AnnotationDocumentExporter - Exported annotation document content for user [tsvetelina] for source document [ELI_cs.conllu](15) in project [BG_CHILDES_TB](0)
2026-02-23 09:25:42 INFO [admin] DocumentImportExportServiceImpl - Exported annotations [SIM_cds.conllu](16) for user [INITIAL_CAS] from project [BG_CHILDES_TB](0) using format [conllu]
2026-02-23 09:25:42 INFO [admin] AnnotationDocumentExporter - Exported annotation document content for user [INITIAL_CAS] for source document [SIM_cds.conllu](16) in project [BG_CHILDES_TB](0)
2026-02-23 09:25:42 INFO [admin] DocumentImportExportServiceImpl - Exported annotations [SIM_cds.conllu](16) for user [ivelina] from project [BG_CHILDES_TB](0) using format [conllu]
2026-02-23 09:25:42 INFO [admin] AnnotationDocumentExporter - Exported annotation document content for user [ivelina] for source document [SIM_cds.conllu](16) in project [BG_CHILDES_TB](0)
2026-02-23 09:25:42 INFO [admin] DocumentImportExportServiceImpl - Exported annotations [SIM_cs.conllu](17) for user [INITIAL_CAS] from project [BG_CHILDES_TB](0) using format [conllu]
2026-02-23 09:25:42 INFO [admin] AnnotationDocumentExporter - Exported annotation document content for user [INITIAL_CAS] for source document [SIM_cs.conllu](17) in project [BG_CHILDES_TB](0)
2026-02-23 09:25:42 INFO [admin] DocumentImportExportServiceImpl - Exported annotations [SIM_cs.conllu](17) for user [ivelina] from project [BG_CHILDES_TB](0) using format [conllu]
2026-02-23 09:25:42 INFO [admin] AnnotationDocumentExporter - Exported annotation document content for user [ivelina] for source document [SIM_cs.conllu](17) in project [BG_CHILDES_TB](0)
2026-02-23 09:25:42 INFO [admin] DocumentImportExportServiceImpl - Exported annotations [SIM_cs.conllu](17) for user [tsvetina] from project [BG_CHILDES_TB](0) using format [conllu]
2026-02-23 09:25:42 INFO [admin] AnnotationDocumentExporter - Exported annotation document content for user [tsvetina] for source document [SIM_cs.conllu](17) in project [BG_CHILDES_TB](0)
2026-02-23 09:25:42 INFO [admin] DocumentImportExportServiceImpl - Exported annotations [TEF_cds.conllu](18) for user [INITIAL_CAS] from project [BG_CHILDES_TB](0) using format [conllu]
2026-02-23 09:25:42 INFO [admin] AnnotationDocumentExporter - Exported annotation document content for user [INITIAL_CAS] for source document [TEF_cds.conllu](18) in project [BG_CHILDES_TB](0)
2026-02-23 09:25:42 INFO [admin] DocumentImportExportServiceImpl - Exported annotations [TEF_cds.conllu](18) for user [ivelina] from project [BG_CHILDES_TB](0) using format [conllu]
2026-02-23 09:25:42 INFO [admin] AnnotationDocumentExporter - Exported annotation document content for user [ivelina] for source document [TEF_cds.conllu](18) in project [BG_CHILDES_TB](0)
2026-02-23 09:25:42 INFO [admin] DocumentImportExportServiceImpl - Exported annotations [TEF_cs.conllu](19) for user [INITIAL_CAS] from project [BG_CHILDES_TB](0) using format [conllu]
2026-02-23 09:25:42 INFO [admin] AnnotationDocumentExporter - Exported annotation document content for user [INITIAL_CAS] for source document [TEF_cs.conllu](19) in project [BG_CHILDES_TB](0)
2026-02-23 09:25:42 INFO [admin] DocumentImportExportServiceImpl - Exported annotations [TEF_cs.conllu](19) for user [ivelina] from project [BG_CHILDES_TB](0) using format [conllu]
2026-02-23 09:25:42 INFO [admin] AnnotationDocumentExporter - Exported annotation document content for user [ivelina] for source document [TEF_cs.conllu](19) in project [BG_CHILDES_TB](0)
2026-02-23 09:25:42 INFO [admin] DocumentImportExportServiceImpl - Exported annotations [UD_relations_example_for_each.conllu](20) for user [INITIAL_CAS] from project [BG_CHILDES_TB](0) using format [conllu]
2026-02-23 09:25:42 INFO [admin] AnnotationDocumentExporter - Exported annotation document content for user [INITIAL_CAS] for source document [UD_relations_example_for_each.conllu](20) in project [BG_CHILDES_TB](0)
2026-02-23 09:25:42 INFO [admin] DocumentImportExportServiceImpl - Exported annotations [UD_relations_example_for_each.conllu](20) for user [mila] from project [BG_CHILDES_TB](0) using format [conllu]
2026-02-23 09:25:42 INFO [admin] AnnotationDocumentExporter - Exported annotation document content for user [mila] for source document [UD_relations_example_for_each.conllu](20) in project [BG_CHILDES_TB](0)
2026-02-23 09:28:07 INFO [admin] AnnotationSchemaServiceImpl - Upgraded CAS of user [mila] for document [BOG_cds.conllu](12) in project [BG_CHILDES_TB](0)
2026-02-23 10:02:01 INFO [admin] AnnotationSchemaServiceImpl - Upgraded CAS of user [mila] for document [BOG_cds.conllu](12) in project [BG_CHILDES_TB](0)
2026-02-23 11:13:24 INFO [admin] AnnotationSchemaServiceImpl - Upgraded CAS of user [yasena] for document [ALE_cds.conllu](10) in project [BG_CHILDES_TB](0)
2026-02-23 11:25:43 INFO [admin] AnnotationSchemaServiceImpl - Upgraded CAS of user [mila] for document [ALE_cds.conllu](10) in project [BG_CHILDES_TB](0)
2026-02-23 12:15:54 INFO [admin] AnnotationSchemaServiceImpl - Upgraded CAS of user [yoana] for document [BOG_cds.conllu](12) in project [BG_CHILDES_TB](0)
2026-02-23 12:33:33 INFO [admin] AnnotationSchemaServiceImpl - Upgraded CAS of user [yasena] for document [BOG_cds.conllu](12) in project [BG_CHILDES_TB](0)
2026-02-23 12:34:18 INFO [admin] AnnotationSchemaServiceImpl - Upgraded CAS of user [yasena] for document [ALE_cds.conllu](10) in project [BG_CHILDES_TB](0)
2026-02-23 12:34:36 INFO [admin] AnnotationSchemaServiceImpl - Upgraded CAS of user [yasena] for document [ALE_cds.conllu](10) in project [BG_CHILDES_TB](0)
2026-02-23 12:36:02 INFO [admin] AnnotationSchemaServiceImpl - Upgraded CAS of user [yasena] for document [BOG_cds.conllu](12) in project [BG_CHILDES_TB](0)
2026-02-23 12:36:18 INFO [admin] AnnotationSchemaServiceImpl - Upgraded CAS of user [yasena] for document [ALE_cs.conllu](11) in project [BG_CHILDES_TB](0)
2026-02-23 12:36:31 INFO [admin] AnnotationSchemaServiceImpl - Upgraded CAS of user [yasena] for document [ALE_cds.conllu](10) in project [BG_CHILDES_TB](0)
2026-02-23 13:53:39 INFO [admin] AnnotationSchemaServiceImpl - Upgraded CAS of user [mila] for document [ALE_cds.conllu](10) in project [BG_CHILDES_TB](0)
2026-02-23 14:10:01 INFO [admin] AnnotationSchemaServiceImpl - Upgraded CAS of user [mila] for document [ALE_cds.conllu](10) in project [BG_CHILDES_TB](0)
2026-02-23 18:44:26 INFO [admin] AnnotationSchemaServiceImpl - Upgraded CAS of user [ivelina] for document [TEF_cds.conllu](18) in project [BG_CHILDES_TB](0)
2026-02-23 20:43:22 INFO [admin] AnnotationSchemaServiceImpl - Upgraded CAS of user [ivelina] for document [TEF_cds.conllu](18) in project [BG_CHILDES_TB](0)
2026-02-24 00:09:42 INFO [admin] AnnotationSchemaServiceImpl - Upgraded CAS of user [yoana] for document [BOG_cds.conllu](12) in project [BG_CHILDES_TB](0)
2026-02-24 05:16:03 INFO [admin] AnnotationSchemaServiceImpl - Upgraded CAS of user [yasena] for document [ALE_cds.conllu](10) in project [BG_CHILDES_TB](0)
2026-02-24 06:00:59 INFO [admin] AnnotationSchemaServiceImpl - Upgraded CAS of user [ivelina] for document [TEF_cds.conllu](18) in project [BG_CHILDES_TB](0)
2026-02-24 06:27:22 INFO [admin] AnnotationSchemaServiceImpl - Upgraded CAS of user [yasena] for document [ALE_cs.conllu](11) in project [BG_CHILDES_TB](0)
2026-02-24 06:27:43 INFO [admin] AnnotationSchemaServiceImpl - Upgraded CAS of user [yasena] for document [ALE_cds.conllu](10) in project [BG_CHILDES_TB](0)
2026-02-24 06:39:46 INFO [admin] AnnotationSchemaServiceImpl - Upgraded CAS of user [yasena] for document [ALE_cs.conllu](11) in project [BG_CHILDES_TB](0)
2026-02-24 06:41:33 INFO [admin] AnnotationSchemaServiceImpl - Upgraded CAS of user [yasena] for document [ALE_cds.conllu](10) in project [BG_CHILDES_TB](0)
2026-02-24 07:27:52 INFO [admin] AnnotationSchemaServiceImpl - Upgraded CAS of user [yasena] for document [ALE_cs.conllu](11) in project [BG_CHILDES_TB](0)
2026-02-24 08:46:40 INFO [admin] AnnotationSchemaServiceImpl - Upgraded CAS of user [tsvetina] for document [SIM_cs.conllu](17) in project [BG_CHILDES_TB](0)
2026-02-24 09:58:27 INFO [admin] AnnotationSchemaServiceImpl - Upgraded CAS of user [ivelina] for document [TEF_cds.conllu](18) in project [BG_CHILDES_TB](0)
2026-02-24 10:53:23 INFO [admin] ProjectPermissionsExporter - Exported [9] permissions for project [BG_CHILDES_TB]
2026-02-24 10:53:23 INFO [admin] DocumentRepositoryExporter - Exported [0] document repositories for project [BG_CHILDES_TB]
2026-02-24 10:53:23 INFO [admin] KnowledgeBaseExporter - Exported [0] knowledge bases for project [BG_CHILDES_TB]
2026-02-24 10:53:23 INFO [admin] LayerExporter - Exported [10] layers for project [BG_CHILDES_TB]
2026-02-24 10:53:23 INFO [admin] TagSetExporter - Exported [23] tagsets for project [BG_CHILDES_TB]
2026-02-24 10:53:23 INFO [admin] DocumentImportExportServiceImpl - Exported annotations [BOG_cds.conllu](12) for user [CURATION_USER] from project [BG_CHILDES_TB](0) using format [conllu]
2026-02-24 10:53:23 INFO [admin] CurationWorkflowExporter - Exported curation workflow settings for project [BG_CHILDES_TB](0)
2026-02-24 10:53:23 INFO [admin] SourceDocumentExporter - Exported content for source document [10] in project [BG_CHILDES_TB] with id [0]
2026-02-24 10:53:23 INFO [admin] SourceDocumentExporter - Exported content for source document [11] in project [BG_CHILDES_TB] with id [0]
2026-02-24 10:53:23 INFO [admin] SourceDocumentExporter - Exported content for source document [12] in project [BG_CHILDES_TB] with id [0]
2026-02-24 10:53:23 INFO [admin] SourceDocumentExporter - Exported content for source document [13] in project [BG_CHILDES_TB] with id [0]
2026-02-24 10:53:23 INFO [admin] SourceDocumentExporter - Exported content for source document [14] in project [BG_CHILDES_TB] with id [0]
2026-02-24 10:53:23 INFO [admin] SourceDocumentExporter - Exported content for source document [15] in project [BG_CHILDES_TB] with id [0]
2026-02-24 10:53:23 INFO [admin] SourceDocumentExporter - Exported content for source document [16] in project [BG_CHILDES_TB] with id [0]
2026-02-24 10:53:23 INFO [admin] SourceDocumentExporter - Exported content for source document [17] in project [BG_CHILDES_TB] with id [0]
2026-02-24 10:53:23 INFO [admin] SourceDocumentExporter - Exported content for source document [18] in project [BG_CHILDES_TB] with id [0]
2026-02-24 10:53:23 INFO [admin] SourceDocumentExporter - Exported content for source document [19] in project [BG_CHILDES_TB] with id [0]
2026-02-24 10:53:23 INFO [admin] SourceDocumentExporter - Exported content for source document [20] in project [BG_CHILDES_TB] with id [0]
2026-02-24 10:53:23 INFO [admin] LoggedEventExporter - Exported [3385] logged events for project [BG_CHILDES_TB]
2026-02-24 10:53:23 INFO [admin] LoggedEventExporter - Skipped [59] logged events for [10] documents no longer existing
2026-02-24 10:53:23 INFO [admin] DefaultProjectPreferencesExporter - Exported [0] default preferences for project [BG_CHILDES_TB]
2026-02-24 10:53:23 INFO [admin] UserProjectPreferencesExporter - Exported [7] user preferences for project [BG_CHILDES_TB]
2026-02-24 10:53:23 INFO [admin] GazeteerExporter - Exported [0] gazeteers for project [BG_CHILDES_TB]
2026-02-24 10:53:23 INFO [admin] WorkloadManagerExporter - Exported workload manager for project [BG_CHILDES_TB]
2026-02-24 10:53:23 INFO [admin] RecommenderExporter - Exported [0] recommenders for project [BG_CHILDES_TB]
2026-02-24 10:53:23 INFO [admin] DocumentImportExportServiceImpl - Exported annotations [ALE_cds.conllu](10) for user [INITIAL_CAS] from project [BG_CHILDES_TB](0) using format [conllu]
2026-02-24 10:53:23 INFO [admin] AnnotationDocumentExporter - Exported annotation document content for user [INITIAL_CAS] for source document [ALE_cds.conllu](10) in project [BG_CHILDES_TB](0)
2026-02-24 10:53:23 INFO [admin] DocumentImportExportServiceImpl - Exported annotations [ALE_cds.conllu](10) for user [ivelina] from project [BG_CHILDES_TB](0) using format [conllu]
2026-02-24 10:53:23 INFO [admin] AnnotationDocumentExporter - Exported annotation document content for user [ivelina] for source document [ALE_cds.conllu](10) in project [BG_CHILDES_TB](0)
2026-02-24 10:53:23 INFO [admin] DocumentImportExportServiceImpl - Exported annotations [ALE_cds.conllu](10) for user [mila] from project [BG_CHILDES_TB](0) using format [conllu]
2026-02-24 10:53:23 INFO [admin] AnnotationDocumentExporter - Exported annotation document content for user [mila] for source document [ALE_cds.conllu](10) in project [BG_CHILDES_TB](0)
2026-02-24 10:53:23 INFO [admin] DocumentImportExportServiceImpl - Exported annotations [ALE_cds.conllu](10) for user [yasena] from project [BG_CHILDES_TB](0) using format [conllu]
2026-02-24 10:53:23 INFO [admin] AnnotationDocumentExporter - Exported annotation document content for user [yasena] for source document [ALE_cds.conllu](10) in project [BG_CHILDES_TB](0)
2026-02-24 10:53:23 INFO [admin] DocumentImportExportServiceImpl - Exported annotations [ALE_cs.conllu](11) for user [INITIAL_CAS] from project [BG_CHILDES_TB](0) using format [conllu]
2026-02-24 10:53:23 INFO [admin] AnnotationDocumentExporter - Exported annotation document content for user [INITIAL_CAS] for source document [ALE_cs.conllu](11) in project [BG_CHILDES_TB](0)
2026-02-24 10:53:23 INFO [admin] DocumentImportExportServiceImpl - Exported annotations [ALE_cs.conllu](11) for user [admin] from project [BG_CHILDES_TB](0) using format [conllu]
2026-02-24 10:53:23 INFO [admin] AnnotationDocumentExporter - Exported annotation document content for user [admin] for source document [ALE_cs.conllu](11) in project [BG_CHILDES_TB](0)
2026-02-24 10:53:23 INFO [admin] DocumentImportExportServiceImpl - Exported annotations [ALE_cs.conllu](11) for user [mila] from project [BG_CHILDES_TB](0) using format [conllu]
2026-02-24 10:53:23 INFO [admin] AnnotationDocumentExporter - Exported annotation document content for user [mila] for source document [ALE_cs.conllu](11) in project [BG_CHILDES_TB](0)
2026-02-24 10:53:23 INFO [admin] DocumentImportExportServiceImpl - Exported annotations [ALE_cs.conllu](11) for user [ivelina] from project [BG_CHILDES_TB](0) using format [conllu]
2026-02-24 10:53:23 INFO [admin] AnnotationDocumentExporter - Exported annotation document content for user [ivelina] for source document [ALE_cs.conllu](11) in project [BG_CHILDES_TB](0)
2026-02-24 10:53:23 INFO [admin] DocumentImportExportServiceImpl - Exported annotations [ALE_cs.conllu](11) for user [yasena] from project [BG_CHILDES_TB](0) using format [conllu]
2026-02-24 10:53:23 INFO [admin] AnnotationDocumentExporter - Exported annotation document content for user [yasena] for source document [ALE_cs.conllu](11) in project [BG_CHILDES_TB](0)
2026-02-24 10:53:23 INFO [admin] DocumentImportExportServiceImpl - Exported annotations [BOG_cds.conllu](12) for user [INITIAL_CAS] from project [BG_CHILDES_TB](0) using format [conllu]
2026-02-24 10:53:23 INFO [admin] AnnotationDocumentExporter - Exported annotation document content for user [INITIAL_CAS] for source document [BOG_cds.conllu](12) in project [BG_CHILDES_TB](0)
2026-02-24 10:53:23 INFO [admin] DocumentImportExportServiceImpl - Exported annotations [BOG_cds.conllu](12) for user [admin] from project [BG_CHILDES_TB](0) using format [conllu]
2026-02-24 10:53:23 INFO [admin] AnnotationDocumentExporter - Exported annotation document content for user [admin] for source document [BOG_cds.conllu](12) in project [BG_CHILDES_TB](0)
2026-02-24 10:53:23 INFO [admin] DocumentImportExportServiceImpl - Exported annotations [BOG_cds.conllu](12) for user [yasena] from project [BG_CHILDES_TB](0) using format [conllu]
2026-02-24 10:53:23 INFO [admin] AnnotationDocumentExporter - Exported annotation document content for user [yasena] for source document [BOG_cds.conllu](12) in project [BG_CHILDES_TB](0)
2026-02-24 10:53:23 INFO [admin] DocumentImportExportServiceImpl - Exported annotations [BOG_cds.conllu](12) for user [ivelina] from project [BG_CHILDES_TB](0) using format [conllu]
2026-02-24 10:53:23 INFO [admin] AnnotationDocumentExporter - Exported annotation document content for user [ivelina] for source document [BOG_cds.conllu](12) in project [BG_CHILDES_TB](0)
2026-02-24 10:53:23 INFO [admin] DocumentImportExportServiceImpl - Exported annotations [BOG_cds.conllu](12) for user [mila] from project [BG_CHILDES_TB](0) using format [conllu]
2026-02-24 10:53:23 INFO [admin] AnnotationDocumentExporter - Exported annotation document content for user [mila] for source document [BOG_cds.conllu](12) in project [BG_CHILDES_TB](0)
2026-02-24 10:53:23 INFO [admin] DocumentImportExportServiceImpl - Exported annotations [BOG_cds.conllu](12) for user [yoana] from project [BG_CHILDES_TB](0) using format [conllu]
2026-02-24 10:53:23 INFO [admin] AnnotationDocumentExporter - Exported annotation document content for user [yoana] for source document [BOG_cds.conllu](12) in project [BG_CHILDES_TB](0)
2026-02-24 10:53:23 INFO [admin] DocumentImportExportServiceImpl - Exported annotations [BOG_cs.conllu](13) for user [INITIAL_CAS] from project [BG_CHILDES_TB](0) using format [conllu]
2026-02-24 10:53:23 INFO [admin] AnnotationDocumentExporter - Exported annotation document content for user [INITIAL_CAS] for source document [BOG_cs.conllu](13) in project [BG_CHILDES_TB](0)
2026-02-24 10:53:23 INFO [admin] DocumentImportExportServiceImpl - Exported annotations [BOG_cs.conllu](13) for user [mila] from project [BG_CHILDES_TB](0) using format [conllu]
2026-02-24 10:53:23 INFO [admin] AnnotationDocumentExporter - Exported annotation document content for user [mila] for source document [BOG_cs.conllu](13) in project [BG_CHILDES_TB](0)
2026-02-24 10:53:23 INFO [admin] DocumentImportExportServiceImpl - Exported annotations [BOG_cs.conllu](13) for user [ivelina] from project [BG_CHILDES_TB](0) using format [conllu]
2026-02-24 10:53:23 INFO [admin] AnnotationDocumentExporter - Exported annotation document content for user [ivelina] for source document [BOG_cs.conllu](13) in project [BG_CHILDES_TB](0)
2026-02-24 10:53:24 INFO [admin] DocumentImportExportServiceImpl - Exported annotations [ELI_cds.conllu](14) for user [INITIAL_CAS] from project [BG_CHILDES_TB](0) using format [conllu]
2026-02-24 10:53:24 INFO [admin] AnnotationDocumentExporter - Exported annotation document content for user [INITIAL_CAS] for source document [ELI_cds.conllu](14) in project [BG_CHILDES_TB](0)
2026-02-24 10:53:24 INFO [admin] DocumentImportExportServiceImpl - Exported annotations [ELI_cds.conllu](14) for user [ivelina] from project [BG_CHILDES_TB](0) using format [conllu]
2026-02-24 10:53:24 INFO [admin] AnnotationDocumentExporter - Exported annotation document content for user [ivelina] for source document [ELI_cds.conllu](14) in project [BG_CHILDES_TB](0)
2026-02-24 10:53:24 INFO [admin] DocumentImportExportServiceImpl - Exported annotations [ELI_cs.conllu](15) for user [INITIAL_CAS] from project [BG_CHILDES_TB](0) using format [conllu]
2026-02-24 10:53:24 INFO [admin] AnnotationDocumentExporter - Exported annotation document content for user [INITIAL_CAS] for source document [ELI_cs.conllu](15) in project [BG_CHILDES_TB](0)
2026-02-24 10:53:24 INFO [admin] DocumentImportExportServiceImpl - Exported annotations [ELI_cs.conllu](15) for user [tsvetelina] from project [BG_CHILDES_TB](0) using format [conllu]
2026-02-24 10:53:24 INFO [admin] AnnotationDocumentExporter - Exported annotation document content for user [tsvetelina] for source document [ELI_cs.conllu](15) in project [BG_CHILDES_TB](0)
2026-02-24 10:53:24 INFO [admin] DocumentImportExportServiceImpl - Exported annotations [SIM_cds.conllu](16) for user [INITIAL_CAS] from project [BG_CHILDES_TB](0) using format [conllu]
2026-02-24 10:53:24 INFO [admin] AnnotationDocumentExporter - Exported annotation document content for user [INITIAL_CAS] for source document [SIM_cds.conllu](16) in project [BG_CHILDES_TB](0)
2026-02-24 10:53:24 INFO [admin] DocumentImportExportServiceImpl - Exported annotations [SIM_cds.conllu](16) for user [ivelina] from project [BG_CHILDES_TB](0) using format [conllu]
2026-02-24 10:53:24 INFO [admin] AnnotationDocumentExporter - Exported annotation document content for user [ivelina] for source document [SIM_cds.conllu](16) in project [BG_CHILDES_TB](0)
2026-02-24 10:53:24 INFO [admin] DocumentImportExportServiceImpl - Exported annotations [SIM_cs.conllu](17) for user [INITIAL_CAS] from project [BG_CHILDES_TB](0) using format [conllu]
2026-02-24 10:53:24 INFO [admin] AnnotationDocumentExporter - Exported annotation document content for user [INITIAL_CAS] for source document [SIM_cs.conllu](17) in project [BG_CHILDES_TB](0)
2026-02-24 10:53:24 INFO [admin] DocumentImportExportServiceImpl - Exported annotations [SIM_cs.conllu](17) for user [ivelina] from project [BG_CHILDES_TB](0) using format [conllu]
2026-02-24 10:53:24 INFO [admin] AnnotationDocumentExporter - Exported annotation document content for user [ivelina] for source document [SIM_cs.conllu](17) in project [BG_CHILDES_TB](0)
2026-02-24 10:53:24 INFO [admin] DocumentImportExportServiceImpl - Exported annotations [SIM_cs.conllu](17) for user [tsvetina] from project [BG_CHILDES_TB](0) using format [conllu]
2026-02-24 10:53:24 INFO [admin] AnnotationDocumentExporter - Exported annotation document content for user [tsvetina] for source document [SIM_cs.conllu](17) in project [BG_CHILDES_TB](0)
2026-02-24 10:53:24 INFO [admin] DocumentImportExportServiceImpl - Exported annotations [TEF_cds.conllu](18) for user [INITIAL_CAS] from project [BG_CHILDES_TB](0) using format [conllu]
2026-02-24 10:53:24 INFO [admin] AnnotationDocumentExporter - Exported annotation document content for user [INITIAL_CAS] for source document [TEF_cds.conllu](18) in project [BG_CHILDES_TB](0)
2026-02-24 10:53:25 INFO [admin] DocumentImportExportServiceImpl - Exported annotations [TEF_cds.conllu](18) for user [ivelina] from project [BG_CHILDES_TB](0) using format [conllu]
2026-02-24 10:53:25 INFO [admin] AnnotationDocumentExporter - Exported annotation document content for user [ivelina] for source document [TEF_cds.conllu](18) in project [BG_CHILDES_TB](0)
2026-02-24 10:53:25 INFO [admin] DocumentImportExportServiceImpl - Exported annotations [TEF_cs.conllu](19) for user [INITIAL_CAS] from project [BG_CHILDES_TB](0) using format [conllu]
2026-02-24 10:53:25 INFO [admin] AnnotationDocumentExporter - Exported annotation document content for user [INITIAL_CAS] for source document [TEF_cs.conllu](19) in project [BG_CHILDES_TB](0)
2026-02-24 10:53:25 INFO [admin] DocumentImportExportServiceImpl - Exported annotations [TEF_cs.conllu](19) for user [ivelina] from project [BG_CHILDES_TB](0) using format [conllu]
2026-02-24 10:53:25 INFO [admin] AnnotationDocumentExporter - Exported annotation document content for user [ivelina] for source document [TEF_cs.conllu](19) in project [BG_CHILDES_TB](0)
2026-02-24 10:53:25 INFO [admin] DocumentImportExportServiceImpl - Exported annotations [UD_relations_example_for_each.conllu](20) for user [INITIAL_CAS] from project [BG_CHILDES_TB](0) using format [conllu]
2026-02-24 10:53:25 INFO [admin] AnnotationDocumentExporter - Exported annotation document content for user [INITIAL_CAS] for source document [UD_relations_example_for_each.conllu](20) in project [BG_CHILDES_TB](0)
2026-02-24 10:53:25 INFO [admin] DocumentImportExportServiceImpl - Exported annotations [UD_relations_example_for_each.conllu](20) for user [mila] from project [BG_CHILDES_TB](0) using format [conllu]
2026-02-24 10:53:25 INFO [admin] AnnotationDocumentExporter - Exported annotation document content for user [mila] for source document [UD_relations_example_for_each.conllu](20) in project [BG_CHILDES_TB](0)
2026-02-24 10:54:41 INFO [admin] AnnotationSchemaServiceImpl - Upgraded CAS of user [mila] for document [ALE_cds.conllu](10) in project [BG_CHILDES_TB](0)
2026-02-24 10:55:01 INFO [admin] DocumentServiceImpl - Created annotation document [mila@SIM_cds.conllu](27) in project [BG_CHILDES_TB](0)
2026-02-24 10:55:01 INFO [admin] AnnotationSchemaServiceImpl - Upgraded CAS of user [mila] for document [SIM_cds.conllu](16) in project [BG_CHILDES_TB](0)
2026-02-24 12:35:52 INFO [admin] AnnotationSchemaServiceImpl - Upgraded CAS of user [tsvetina] for document [SIM_cs.conllu](17) in project [BG_CHILDES_TB](0)
2026-02-24 13:58:05 INFO [admin] AnnotationSchemaServiceImpl - Upgraded CAS of user [mila] for document [SIM_cds.conllu](16) in project [BG_CHILDES_TB](0)
2026-02-24 14:11:30 INFO [admin] AnnotationSchemaServiceImpl - Upgraded CAS of user [yoana] for document [BOG_cds.conllu](12) in project [BG_CHILDES_TB](0)
2026-02-24 15:04:50 INFO [admin] DocumentServiceImpl - Created annotation document [yoana@ALE_cs.conllu](28) in project [BG_CHILDES_TB](0)
2026-02-24 15:04:50 INFO [admin] AnnotationSchemaServiceImpl - Upgraded CAS of user [yoana] for document [ALE_cs.conllu](11) in project [BG_CHILDES_TB](0)
2026-02-24 15:05:24 INFO [admin] AnnotationSchemaServiceImpl - Upgraded CAS of user [yoana] for document [BOG_cds.conllu](12) in project [BG_CHILDES_TB](0)
2026-02-24 16:20:32 INFO [admin] DocumentServiceImpl - Created annotation document [mila@SIM_cs.conllu](29) in project [BG_CHILDES_TB](0)
2026-02-24 16:20:32 INFO [admin] AnnotationSchemaServiceImpl - Upgraded CAS of user [mila] for document [SIM_cs.conllu](17) in project [BG_CHILDES_TB](0)
2026-02-24 16:23:40 INFO [admin] AnnotationSchemaServiceImpl - Upgraded CAS of user [mila] for document [SIM_cds.conllu](16) in project [BG_CHILDES_TB](0)
2026-02-24 16:33:01 INFO [admin] DocumentImportExportServiceImpl - Exported annotations [BOG_cds.conllu](12) for user [yoana] from project [BG_CHILDES_TB](0) using format [conll2000]
2026-02-24 16:48:27 INFO [admin] AnnotationSchemaServiceImpl - Upgraded CAS of user [tsvetelina] for document [ELI_cs.conllu](15) in project [BG_CHILDES_TB](0)
2026-02-24 17:14:25 INFO [admin] DocumentServiceImpl - Created annotation document [mila@ELI_cds.conllu](30) in project [BG_CHILDES_TB](0)
2026-02-24 17:14:25 INFO [admin] AnnotationSchemaServiceImpl - Upgraded CAS of user [mila] for document [ELI_cds.conllu](14) in project [BG_CHILDES_TB](0)
2026-02-24 19:23:19 INFO [admin] AnnotationSchemaServiceImpl - Upgraded CAS of user [tsvetelina] for document [ELI_cs.conllu](15) in project [BG_CHILDES_TB](0)
2026-02-24 20:14:41 INFO [admin] AnnotationSchemaServiceImpl - Upgraded CAS of user [ivelina] for document [TEF_cds.conllu](18) in project [BG_CHILDES_TB](0)
2026-02-24 20:14:47 INFO [admin] AnnotationSchemaServiceImpl - Upgraded CAS of user [mila] for document [ELI_cds.conllu](14) in project [BG_CHILDES_TB](0)
2026-02-24 21:37:37 INFO [admin] AnnotationSchemaServiceImpl - Upgraded CAS of user [ivelina] for document [TEF_cds.conllu](18) in project [BG_CHILDES_TB](0)
2026-02-24 21:44:02 INFO [admin] ProjectPermissionsExporter - Exported [9] permissions for project [BG_CHILDES_TB]
2026-02-24 21:44:02 INFO [admin] DocumentRepositoryExporter - Exported [0] document repositories for project [BG_CHILDES_TB]
2026-02-24 21:44:02 INFO [admin] KnowledgeBaseExporter - Exported [0] knowledge bases for project [BG_CHILDES_TB]
2026-02-24 21:44:02 INFO [admin] LayerExporter - Exported [10] layers for project [BG_CHILDES_TB]
2026-02-24 21:44:02 INFO [admin] TagSetExporter - Exported [23] tagsets for project [BG_CHILDES_TB]
2026-02-24 21:44:02 INFO [admin] DocumentImportExportServiceImpl - Exported annotations [BOG_cds.conllu](12) for user [CURATION_USER] from project [BG_CHILDES_TB](0) using format [conllu]
2026-02-24 21:44:02 INFO [admin] CurationWorkflowExporter - Exported curation workflow settings for project [BG_CHILDES_TB](0)
2026-02-24 21:44:02 INFO [admin] SourceDocumentExporter - Exported content for source document [10] in project [BG_CHILDES_TB] with id [0]
2026-02-24 21:44:02 INFO [admin] SourceDocumentExporter - Exported content for source document [11] in project [BG_CHILDES_TB] with id [0]
2026-02-24 21:44:02 INFO [admin] SourceDocumentExporter - Exported content for source document [12] in project [BG_CHILDES_TB] with id [0]
2026-02-24 21:44:02 INFO [admin] SourceDocumentExporter - Exported content for source document [13] in project [BG_CHILDES_TB] with id [0]
2026-02-24 21:44:02 INFO [admin] SourceDocumentExporter - Exported content for source document [14] in project [BG_CHILDES_TB] with id [0]
2026-02-24 21:44:02 INFO [admin] SourceDocumentExporter - Exported content for source document [15] in project [BG_CHILDES_TB] with id [0]
2026-02-24 21:44:02 INFO [admin] SourceDocumentExporter - Exported content for source document [16] in project [BG_CHILDES_TB] with id [0]
2026-02-24 21:44:02 INFO [admin] SourceDocumentExporter - Exported content for source document [17] in project [BG_CHILDES_TB] with id [0]
2026-02-24 21:44:02 INFO [admin] SourceDocumentExporter - Exported content for source document [18] in project [BG_CHILDES_TB] with id [0]
2026-02-24 21:44:02 INFO [admin] SourceDocumentExporter - Exported content for source document [19] in project [BG_CHILDES_TB] with id [0]
2026-02-24 21:44:02 INFO [admin] SourceDocumentExporter - Exported content for source document [20] in project [BG_CHILDES_TB] with id [0]
2026-02-24 21:44:02 INFO [admin] LoggedEventExporter - Exported [5361] logged events for project [BG_CHILDES_TB]
2026-02-24 21:44:02 INFO [admin] LoggedEventExporter - Skipped [59] logged events for [10] documents no longer existing
2026-02-24 21:44:02 INFO [admin] DefaultProjectPreferencesExporter - Exported [0] default preferences for project [BG_CHILDES_TB]
2026-02-24 21:44:02 INFO [admin] UserProjectPreferencesExporter - Exported [7] user preferences for project [BG_CHILDES_TB]
2026-02-24 21:44:02 INFO [admin] GazeteerExporter - Exported [0] gazeteers for project [BG_CHILDES_TB]
2026-02-24 21:44:02 INFO [admin] WorkloadManagerExporter - Exported workload manager for project [BG_CHILDES_TB]
2026-02-24 21:44:02 INFO [admin] RecommenderExporter - Exported [0] recommenders for project [BG_CHILDES_TB]
2026-02-24 21:44:02 INFO [admin] DocumentImportExportServiceImpl - Exported annotations [ALE_cds.conllu](10) for user [INITIAL_CAS] from project [BG_CHILDES_TB](0) using format [conllu]
2026-02-24 21:44:02 INFO [admin] AnnotationDocumentExporter - Exported annotation document content for user [INITIAL_CAS] for source document [ALE_cds.conllu](10) in project [BG_CHILDES_TB](0)
2026-02-24 21:44:02 INFO [admin] DocumentImportExportServiceImpl - Exported annotations [ALE_cds.conllu](10) for user [ivelina] from project [BG_CHILDES_TB](0) using format [conllu]
2026-02-24 21:44:02 INFO [admin] AnnotationDocumentExporter - Exported annotation document content for user [ivelina] for source document [ALE_cds.conllu](10) in project [BG_CHILDES_TB](0)
2026-02-24 21:44:02 INFO [admin] DocumentImportExportServiceImpl - Exported annotations [ALE_cds.conllu](10) for user [mila] from project [BG_CHILDES_TB](0) using format [conllu]
2026-02-24 21:44:02 INFO [admin] AnnotationDocumentExporter - Exported annotation document content for user [mila] for source document [ALE_cds.conllu](10) in project [BG_CHILDES_TB](0)
2026-02-24 21:44:02 INFO [admin] DocumentImportExportServiceImpl - Exported annotations [ALE_cds.conllu](10) for user [yasena] from project [BG_CHILDES_TB](0) using format [conllu]
2026-02-24 21:44:02 INFO [admin] AnnotationDocumentExporter - Exported annotation document content for user [yasena] for source document [ALE_cds.conllu](10) in project [BG_CHILDES_TB](0)
2026-02-24 21:44:03 INFO [admin] DocumentImportExportServiceImpl - Exported annotations [ALE_cs.conllu](11) for user [INITIAL_CAS] from project [BG_CHILDES_TB](0) using format [conllu]
2026-02-24 21:44:03 INFO [admin] AnnotationDocumentExporter - Exported annotation document content for user [INITIAL_CAS] for source document [ALE_cs.conllu](11) in project [BG_CHILDES_TB](0)
2026-02-24 21:44:03 INFO [admin] DocumentImportExportServiceImpl - Exported annotations [ALE_cs.conllu](11) for user [admin] from project [BG_CHILDES_TB](0) using format [conllu]
2026-02-24 21:44:03 INFO [admin] AnnotationDocumentExporter - Exported annotation document content for user [admin] for source document [ALE_cs.conllu](11) in project [BG_CHILDES_TB](0)
2026-02-24 21:44:03 INFO [admin] DocumentImportExportServiceImpl - Exported annotations [ALE_cs.conllu](11) for user [mila] from project [BG_CHILDES_TB](0) using format [conllu]
2026-02-24 21:44:03 INFO [admin] AnnotationDocumentExporter - Exported annotation document content for user [mila] for source document [ALE_cs.conllu](11) in project [BG_CHILDES_TB](0)
2026-02-24 21:44:03 INFO [admin] DocumentImportExportServiceImpl - Exported annotations [ALE_cs.conllu](11) for user [ivelina] from project [BG_CHILDES_TB](0) using format [conllu]
2026-02-24 21:44:03 INFO [admin] AnnotationDocumentExporter - Exported annotation document content for user [ivelina] for source document [ALE_cs.conllu](11) in project [BG_CHILDES_TB](0)
2026-02-24 21:44:03 INFO [admin] DocumentImportExportServiceImpl - Exported annotations [ALE_cs.conllu](11) for user [yasena] from project [BG_CHILDES_TB](0) using format [conllu]
2026-02-24 21:44:03 INFO [admin] AnnotationDocumentExporter - Exported annotation document content for user [yasena] for source document [ALE_cs.conllu](11) in project [BG_CHILDES_TB](0)
2026-02-24 21:44:03 INFO [admin] DocumentImportExportServiceImpl - Exported annotations [ALE_cs.conllu](11) for user [yoana] from project [BG_CHILDES_TB](0) using format [conllu]
2026-02-24 21:44:03 INFO [admin] AnnotationDocumentExporter - Exported annotation document content for user [yoana] for source document [ALE_cs.conllu](11) in project [BG_CHILDES_TB](0)
2026-02-24 21:44:03 INFO [admin] DocumentImportExportServiceImpl - Exported annotations [BOG_cds.conllu](12) for user [INITIAL_CAS] from project [BG_CHILDES_TB](0) using format [conllu]
2026-02-24 21:44:03 INFO [admin] AnnotationDocumentExporter - Exported annotation document content for user [INITIAL_CAS] for source document [BOG_cds.conllu](12) in project [BG_CHILDES_TB](0)
2026-02-24 21:44:03 INFO [admin] DocumentImportExportServiceImpl - Exported annotations [BOG_cds.conllu](12) for user [admin] from project [BG_CHILDES_TB](0) using format [conllu]
2026-02-24 21:44:03 INFO [admin] AnnotationDocumentExporter - Exported annotation document content for user [admin] for source document [BOG_cds.conllu](12) in project [BG_CHILDES_TB](0)
2026-02-24 21:44:03 INFO [admin] DocumentImportExportServiceImpl - Exported annotations [BOG_cds.conllu](12) for user [yasena] from project [BG_CHILDES_TB](0) using format [conllu]
2026-02-24 21:44:03 INFO [admin] AnnotationDocumentExporter - Exported annotation document content for user [yasena] for source document [BOG_cds.conllu](12) in project [BG_CHILDES_TB](0)
2026-02-24 21:44:03 INFO [admin] DocumentImportExportServiceImpl - Exported annotations [BOG_cds.conllu](12) for user [ivelina] from project [BG_CHILDES_TB](0) using format [conllu]
2026-02-24 21:44:03 INFO [admin] AnnotationDocumentExporter - Exported annotation document content for user [ivelina] for source document [BOG_cds.conllu](12) in project [BG_CHILDES_TB](0)
2026-02-24 21:44:03 INFO [admin] DocumentImportExportServiceImpl - Exported annotations [BOG_cds.conllu](12) for user [mila] from project [BG_CHILDES_TB](0) using format [conllu]
2026-02-24 21:44:03 INFO [admin] AnnotationDocumentExporter - Exported annotation document content for user [mila] for source document [BOG_cds.conllu](12) in project [BG_CHILDES_TB](0)
2026-02-24 21:44:03 INFO [admin] DocumentImportExportServiceImpl - Exported annotations [BOG_cds.conllu](12) for user [yoana] from project [BG_CHILDES_TB](0) using format [conllu]
2026-02-24 21:44:03 INFO [admin] AnnotationDocumentExporter - Exported annotation document content for user [yoana] for source document [BOG_cds.conllu](12) in project [BG_CHILDES_TB](0)
2026-02-24 21:44:03 INFO [admin] DocumentImportExportServiceImpl - Exported annotations [BOG_cs.conllu](13) for user [INITIAL_CAS] from project [BG_CHILDES_TB](0) using format [conllu]
2026-02-24 21:44:03 INFO [admin] AnnotationDocumentExporter - Exported annotation document content for user [INITIAL_CAS] for source document [BOG_cs.conllu](13) in project [BG_CHILDES_TB](0)
2026-02-24 21:44:03 INFO [admin] DocumentImportExportServiceImpl - Exported annotations [BOG_cs.conllu](13) for user [mila] from project [BG_CHILDES_TB](0) using format [conllu]
2026-02-24 21:44:03 INFO [admin] AnnotationDocumentExporter - Exported annotation document content for user [mila] for source document [BOG_cs.conllu](13) in project [BG_CHILDES_TB](0)
2026-02-24 21:44:03 INFO [admin] DocumentImportExportServiceImpl - Exported annotations [BOG_cs.conllu](13) for user [ivelina] from project [BG_CHILDES_TB](0) using format [conllu]
2026-02-24 21:44:03 INFO [admin] AnnotationDocumentExporter - Exported annotation document content for user [ivelina] for source document [BOG_cs.conllu](13) in project [BG_CHILDES_TB](0)
2026-02-24 21:44:03 INFO [admin] DocumentImportExportServiceImpl - Exported annotations [ELI_cds.conllu](14) for user [INITIAL_CAS] from project [BG_CHILDES_TB](0) using format [conllu]
2026-02-24 21:44:03 INFO [admin] AnnotationDocumentExporter - Exported annotation document content for user [INITIAL_CAS] for source document [ELI_cds.conllu](14) in project [BG_CHILDES_TB](0)
2026-02-24 21:44:03 INFO [admin] DocumentImportExportServiceImpl - Exported annotations [ELI_cds.conllu](14) for user [ivelina] from project [BG_CHILDES_TB](0) using format [conllu]
2026-02-24 21:44:03 INFO [admin] AnnotationDocumentExporter - Exported annotation document content for user [ivelina] for source document [ELI_cds.conllu](14) in project [BG_CHILDES_TB](0)
2026-02-24 21:44:03 INFO [admin] DocumentImportExportServiceImpl - Exported annotations [ELI_cds.conllu](14) for user [mila] from project [BG_CHILDES_TB](0) using format [conllu]
2026-02-24 21:44:03 INFO [admin] AnnotationDocumentExporter - Exported annotation document content for user [mila] for source document [ELI_cds.conllu](14) in project [BG_CHILDES_TB](0)
2026-02-24 21:44:03 INFO [admin] DocumentImportExportServiceImpl - Exported annotations [ELI_cs.conllu](15) for user [INITIAL_CAS] from project [BG_CHILDES_TB](0) using format [conllu]
2026-02-24 21:44:03 INFO [admin] AnnotationDocumentExporter - Exported annotation document content for user [INITIAL_CAS] for source document [ELI_cs.conllu](15) in project [BG_CHILDES_TB](0)
2026-02-24 21:44:03 INFO [admin] DocumentImportExportServiceImpl - Exported annotations [ELI_cs.conllu](15) for user [tsvetelina] from project [BG_CHILDES_TB](0) using format [conllu]
2026-02-24 21:44:03 INFO [admin] AnnotationDocumentExporter - Exported annotation document content for user [tsvetelina] for source document [ELI_cs.conllu](15) in project [BG_CHILDES_TB](0)
2026-02-24 21:44:03 INFO [admin] DocumentImportExportServiceImpl - Exported annotations [SIM_cds.conllu](16) for user [INITIAL_CAS] from project [BG_CHILDES_TB](0) using format [conllu]
2026-02-24 21:44:03 INFO [admin] AnnotationDocumentExporter - Exported annotation document content for user [INITIAL_CAS] for source document [SIM_cds.conllu](16) in project [BG_CHILDES_TB](0)
2026-02-24 21:44:03 INFO [admin] DocumentImportExportServiceImpl - Exported annotations [SIM_cds.conllu](16) for user [ivelina] from project [BG_CHILDES_TB](0) using format [conllu]
2026-02-24 21:44:03 INFO [admin] AnnotationDocumentExporter - Exported annotation document content for user [ivelina] for source document [SIM_cds.conllu](16) in project [BG_CHILDES_TB](0)
2026-02-24 21:44:04 INFO [admin] DocumentImportExportServiceImpl - Exported annotations [SIM_cds.conllu](16) for user [mila] from project [BG_CHILDES_TB](0) using format [conllu]
2026-02-24 21:44:04 INFO [admin] AnnotationDocumentExporter - Exported annotation document content for user [mila] for source document [SIM_cds.conllu](16) in project [BG_CHILDES_TB](0)
2026-02-24 21:44:04 INFO [admin] DocumentImportExportServiceImpl - Exported annotations [SIM_cs.conllu](17) for user [INITIAL_CAS] from project [BG_CHILDES_TB](0) using format [conllu]
2026-02-24 21:44:04 INFO [admin] AnnotationDocumentExporter - Exported annotation document content for user [INITIAL_CAS] for source document [SIM_cs.conllu](17) in project [BG_CHILDES_TB](0)
2026-02-24 21:44:04 INFO [admin] DocumentImportExportServiceImpl - Exported annotations [SIM_cs.conllu](17) for user [ivelina] from project [BG_CHILDES_TB](0) using format [conllu]
2026-02-24 21:44:04 INFO [admin] AnnotationDocumentExporter - Exported annotation document content for user [ivelina] for source document [SIM_cs.conllu](17) in project [BG_CHILDES_TB](0)
2026-02-24 21:44:04 INFO [admin] DocumentImportExportServiceImpl - Exported annotations [SIM_cs.conllu](17) for user [tsvetina] from project [BG_CHILDES_TB](0) using format [conllu]
2026-02-24 21:44:04 INFO [admin] AnnotationDocumentExporter - Exported annotation document content for user [tsvetina] for source document [SIM_cs.conllu](17) in project [BG_CHILDES_TB](0)
2026-02-24 21:44:04 INFO [admin] DocumentImportExportServiceImpl - Exported annotations [SIM_cs.conllu](17) for user [mila] from project [BG_CHILDES_TB](0) using format [conllu]
2026-02-24 21:44:04 INFO [admin] AnnotationDocumentExporter - Exported annotation document content for user [mila] for source document [SIM_cs.conllu](17) in project [BG_CHILDES_TB](0)
2026-02-24 21:44:04 INFO [admin] DocumentImportExportServiceImpl - Exported annotations [TEF_cds.conllu](18) for user [INITIAL_CAS] from project [BG_CHILDES_TB](0) using format [conllu]
2026-02-24 21:44:04 INFO [admin] AnnotationDocumentExporter - Exported annotation document content for user [INITIAL_CAS] for source document [TEF_cds.conllu](18) in project [BG_CHILDES_TB](0)
2026-02-24 21:44:04 INFO [admin] DocumentImportExportServiceImpl - Exported annotations [TEF_cds.conllu](18) for user [ivelina] from project [BG_CHILDES_TB](0) using format [conllu]
2026-02-24 21:44:04 INFO [admin] AnnotationDocumentExporter - Exported annotation document content for user [ivelina] for source document [TEF_cds.conllu](18) in project [BG_CHILDES_TB](0)
2026-02-24 21:44:04 INFO [admin] DocumentImportExportServiceImpl - Exported annotations [TEF_cs.conllu](19) for user [INITIAL_CAS] from project [BG_CHILDES_TB](0) using format [conllu]
2026-02-24 21:44:04 INFO [admin] AnnotationDocumentExporter - Exported annotation document content for user [INITIAL_CAS] for source document [TEF_cs.conllu](19) in project [BG_CHILDES_TB](0)
2026-02-24 21:44:04 INFO [admin] DocumentImportExportServiceImpl - Exported annotations [TEF_cs.conllu](19) for user [ivelina] from project [BG_CHILDES_TB](0) using format [conllu]
2026-02-24 21:44:04 INFO [admin] AnnotationDocumentExporter - Exported annotation document content for user [ivelina] for source document [TEF_cs.conllu](19) in project [BG_CHILDES_TB](0)
2026-02-24 21:44:04 INFO [admin] DocumentImportExportServiceImpl - Exported annotations [UD_relations_example_for_each.conllu](20) for user [INITIAL_CAS] from project [BG_CHILDES_TB](0) using format [conllu]
2026-02-24 21:44:04 INFO [admin] AnnotationDocumentExporter - Exported annotation document content for user [INITIAL_CAS] for source document [UD_relations_example_for_each.conllu](20) in project [BG_CHILDES_TB](0)
2026-02-24 21:44:04 INFO [admin] DocumentImportExportServiceImpl - Exported annotations [UD_relations_example_for_each.conllu](20) for user [mila] from project [BG_CHILDES_TB](0) using format [conllu]
2026-02-24 21:44:04 INFO [admin] AnnotationDocumentExporter - Exported annotation document content for user [mila] for source document [UD_relations_example_for_each.conllu](20) in project [BG_CHILDES_TB](0)
2026-02-25 06:59:38 INFO [admin] AnnotationSchemaServiceImpl - Upgraded CAS of user [tsvetina] for document [SIM_cs.conllu](17) in project [BG_CHILDES_TB](0)
2026-02-25 08:32:55 INFO [admin] AnnotationSchemaServiceImpl - Upgraded CAS of user [ivelina] for document [TEF_cds.conllu](18) in project [BG_CHILDES_TB](0)
2026-02-25 09:19:29 INFO [admin] DocumentServiceImpl - Created annotation document [tsvetina@SIM_cds.conllu](31) in project [BG_CHILDES_TB](0)
2026-02-25 09:19:29 INFO [admin] AnnotationSchemaServiceImpl - Upgraded CAS of user [tsvetina] for document [SIM_cds.conllu](16) in project [BG_CHILDES_TB](0)
2026-02-25 09:23:09 INFO [admin] AnnotationSchemaServiceImpl - Upgraded CAS of user [mila] for document [BOG_cs.conllu](13) in project [BG_CHILDES_TB](0)
2026-02-25 10:10:14 INFO [admin] AnnotationSchemaServiceImpl - Upgraded CAS of user [mila] for document [ALE_cs.conllu](11) in project [BG_CHILDES_TB](0)
2026-02-25 12:52:33 INFO [admin] AnnotationSchemaServiceImpl - Upgraded CAS of user [ivelina] for document [TEF_cds.conllu](18) in project [BG_CHILDES_TB](0)
2026-02-25 13:31:52 INFO [admin] AnnotationSchemaServiceImpl - Upgraded CAS of user [mila] for document [ALE_cs.conllu](11) in project [BG_CHILDES_TB](0)
2026-02-25 14:10:01 INFO [admin] ProjectPermissionsExporter - Exported [9] permissions for project [BG_CHILDES_TB]
2026-02-25 14:10:01 INFO [admin] DocumentRepositoryExporter - Exported [0] document repositories for project [BG_CHILDES_TB]
2026-02-25 14:10:01 INFO [admin] KnowledgeBaseExporter - Exported [0] knowledge bases for project [BG_CHILDES_TB]
2026-02-25 14:10:01 INFO [admin] LayerExporter - Exported [10] layers for project [BG_CHILDES_TB]
2026-02-25 14:10:01 INFO [admin] TagSetExporter - Exported [23] tagsets for project [BG_CHILDES_TB]
2026-02-25 14:10:01 INFO [admin] DocumentImportExportServiceImpl - Exported annotations [BOG_cds.conllu](12) for user [CURATION_USER] from project [BG_CHILDES_TB](0) using format [conllu]
2026-02-25 14:10:01 INFO [admin] CurationWorkflowExporter - Exported curation workflow settings for project [BG_CHILDES_TB](0)
2026-02-25 14:10:01 INFO [admin] SourceDocumentExporter - Exported content for source document [10] in project [BG_CHILDES_TB] with id [0]
2026-02-25 14:10:01 INFO [admin] SourceDocumentExporter - Exported content for source document [11] in project [BG_CHILDES_TB] with id [0]
2026-02-25 14:10:01 INFO [admin] SourceDocumentExporter - Exported content for source document [12] in project [BG_CHILDES_TB] with id [0]
2026-02-25 14:10:01 INFO [admin] SourceDocumentExporter - Exported content for source document [13] in project [BG_CHILDES_TB] with id [0]
2026-02-25 14:10:01 INFO [admin] SourceDocumentExporter - Exported content for source document [14] in project [BG_CHILDES_TB] with id [0]
2026-02-25 14:10:01 INFO [admin] SourceDocumentExporter - Exported content for source document [15] in project [BG_CHILDES_TB] with id [0]
2026-02-25 14:10:01 INFO [admin] SourceDocumentExporter - Exported content for source document [16] in project [BG_CHILDES_TB] with id [0]
2026-02-25 14:10:01 INFO [admin] SourceDocumentExporter - Exported content for source document [17] in project [BG_CHILDES_TB] with id [0]
2026-02-25 14:10:01 INFO [admin] SourceDocumentExporter - Exported content for source document [18] in project [BG_CHILDES_TB] with id [0]
2026-02-25 14:10:01 INFO [admin] SourceDocumentExporter - Exported content for source document [19] in project [BG_CHILDES_TB] with id [0]
2026-02-25 14:10:01 INFO [admin] SourceDocumentExporter - Exported content for source document [20] in project [BG_CHILDES_TB] with id [0]
2026-02-25 14:10:01 INFO [admin] LoggedEventExporter - Exported [6684] logged events for project [BG_CHILDES_TB]
2026-02-25 14:10:01 INFO [admin] LoggedEventExporter - Skipped [59] logged events for [10] documents no longer existing
2026-02-25 14:10:01 INFO [admin] DefaultProjectPreferencesExporter - Exported [0] default preferences for project [BG_CHILDES_TB]
2026-02-25 14:10:01 INFO [admin] UserProjectPreferencesExporter - Exported [7] user preferences for project [BG_CHILDES_TB]
2026-02-25 14:10:01 INFO [admin] GazeteerExporter - Exported [0] gazeteers for project [BG_CHILDES_TB]
2026-02-25 14:10:01 INFO [admin] WorkloadManagerExporter - Exported workload manager for project [BG_CHILDES_TB]
2026-02-25 14:10:01 INFO [admin] RecommenderExporter - Exported [0] recommenders for project [BG_CHILDES_TB]
2026-02-25 14:10:01 INFO [admin] DocumentImportExportServiceImpl - Exported annotations [ALE_cds.conllu](10) for user [INITIAL_CAS] from project [BG_CHILDES_TB](0) using format [conllu]
2026-02-25 14:10:01 INFO [admin] AnnotationDocumentExporter - Exported annotation document content for user [INITIAL_CAS] for source document [ALE_cds.conllu](10) in project [BG_CHILDES_TB](0)
2026-02-25 14:10:01 INFO [admin] DocumentImportExportServiceImpl - Exported annotations [ALE_cds.conllu](10) for user [ivelina] from project [BG_CHILDES_TB](0) using format [conllu]
2026-02-25 14:10:01 INFO [admin] AnnotationDocumentExporter - Exported annotation document content for user [ivelina] for source document [ALE_cds.conllu](10) in project [BG_CHILDES_TB](0)
2026-02-25 14:10:01 INFO [admin] DocumentImportExportServiceImpl - Exported annotations [ALE_cds.conllu](10) for user [mila] from project [BG_CHILDES_TB](0) using format [conllu]
2026-02-25 14:10:01 INFO [admin] AnnotationDocumentExporter - Exported annotation document content for user [mila] for source document [ALE_cds.conllu](10) in project [BG_CHILDES_TB](0)
2026-02-25 14:10:01 INFO [admin] DocumentImportExportServiceImpl - Exported annotations [ALE_cds.conllu](10) for user [yasena] from project [BG_CHILDES_TB](0) using format [conllu]
2026-02-25 14:10:01 INFO [admin] AnnotationDocumentExporter - Exported annotation document content for user [yasena] for source document [ALE_cds.conllu](10) in project [BG_CHILDES_TB](0)
2026-02-25 14:10:01 INFO [admin] DocumentImportExportServiceImpl - Exported annotations [ALE_cs.conllu](11) for user [INITIAL_CAS] from project [BG_CHILDES_TB](0) using format [conllu]
2026-02-25 14:10:01 INFO [admin] AnnotationDocumentExporter - Exported annotation document content for user [INITIAL_CAS] for source document [ALE_cs.conllu](11) in project [BG_CHILDES_TB](0)
2026-02-25 14:10:01 INFO [admin] DocumentImportExportServiceImpl - Exported annotations [ALE_cs.conllu](11) for user [admin] from project [BG_CHILDES_TB](0) using format [conllu]
2026-02-25 14:10:01 INFO [admin] AnnotationDocumentExporter - Exported annotation document content for user [admin] for source document [ALE_cs.conllu](11) in project [BG_CHILDES_TB](0)
2026-02-25 14:10:01 INFO [admin] DocumentImportExportServiceImpl - Exported annotations [ALE_cs.conllu](11) for user [ivelina] from project [BG_CHILDES_TB](0) using format [conllu]
2026-02-25 14:10:01 INFO [admin] AnnotationDocumentExporter - Exported annotation document content for user [ivelina] for source document [ALE_cs.conllu](11) in project [BG_CHILDES_TB](0)
2026-02-25 14:10:01 INFO [admin] DocumentImportExportServiceImpl - Exported annotations [ALE_cs.conllu](11) for user [yasena] from project [BG_CHILDES_TB](0) using format [conllu]
2026-02-25 14:10:01 INFO [admin] AnnotationDocumentExporter - Exported annotation document content for user [yasena] for source document [ALE_cs.conllu](11) in project [BG_CHILDES_TB](0)
2026-02-25 14:10:02 INFO [admin] DocumentImportExportServiceImpl - Exported annotations [ALE_cs.conllu](11) for user [yoana] from project [BG_CHILDES_TB](0) using format [conllu]
2026-02-25 14:10:02 INFO [admin] AnnotationDocumentExporter - Exported annotation document content for user [yoana] for source document [ALE_cs.conllu](11) in project [BG_CHILDES_TB](0)
2026-02-25 14:10:02 INFO [admin] DocumentImportExportServiceImpl - Exported annotations [ALE_cs.conllu](11) for user [mila] from project [BG_CHILDES_TB](0) using format [conllu]
2026-02-25 14:10:02 INFO [admin] AnnotationDocumentExporter - Exported annotation document content for user [mila] for source document [ALE_cs.conllu](11) in project [BG_CHILDES_TB](0)
2026-02-25 14:10:02 INFO [admin] DocumentImportExportServiceImpl - Exported annotations [BOG_cds.conllu](12) for user [INITIAL_CAS] from project [BG_CHILDES_TB](0) using format [conllu]
2026-02-25 14:10:02 INFO [admin] AnnotationDocumentExporter - Exported annotation document content for user [INITIAL_CAS] for source document [BOG_cds.conllu](12) in project [BG_CHILDES_TB](0)
2026-02-25 14:10:02 INFO [admin] DocumentImportExportServiceImpl - Exported annotations [BOG_cds.conllu](12) for user [admin] from project [BG_CHILDES_TB](0) using format [conllu]
2026-02-25 14:10:02 INFO [admin] AnnotationDocumentExporter - Exported annotation document content for user [admin] for source document [BOG_cds.conllu](12) in project [BG_CHILDES_TB](0)
2026-02-25 14:10:02 INFO [admin] DocumentImportExportServiceImpl - Exported annotations [BOG_cds.conllu](12) for user [yasena] from project [BG_CHILDES_TB](0) using format [conllu]
2026-02-25 14:10:02 INFO [admin] AnnotationDocumentExporter - Exported annotation document content for user [yasena] for source document [BOG_cds.conllu](12) in project [BG_CHILDES_TB](0)
2026-02-25 14:10:02 INFO [admin] DocumentImportExportServiceImpl - Exported annotations [BOG_cds.conllu](12) for user [ivelina] from project [BG_CHILDES_TB](0) using format [conllu]
2026-02-25 14:10:02 INFO [admin] AnnotationDocumentExporter - Exported annotation document content for user [ivelina] for source document [BOG_cds.conllu](12) in project [BG_CHILDES_TB](0)
2026-02-25 14:10:02 INFO [admin] DocumentImportExportServiceImpl - Exported annotations [BOG_cds.conllu](12) for user [mila] from project [BG_CHILDES_TB](0) using format [conllu]
2026-02-25 14:10:02 INFO [admin] AnnotationDocumentExporter - Exported annotation document content for user [mila] for source document [BOG_cds.conllu](12) in project [BG_CHILDES_TB](0)
2026-02-25 14:10:02 INFO [admin] DocumentImportExportServiceImpl - Exported annotations [BOG_cds.conllu](12) for user [yoana] from project [BG_CHILDES_TB](0) using format [conllu]
2026-02-25 14:10:02 INFO [admin] AnnotationDocumentExporter - Exported annotation document content for user [yoana] for source document [BOG_cds.conllu](12) in project [BG_CHILDES_TB](0)
2026-02-25 14:10:02 INFO [admin] DocumentImportExportServiceImpl - Exported annotations [BOG_cs.conllu](13) for user [INITIAL_CAS] from project [BG_CHILDES_TB](0) using format [conllu]
2026-02-25 14:10:02 INFO [admin] AnnotationDocumentExporter - Exported annotation document content for user [INITIAL_CAS] for source document [BOG_cs.conllu](13) in project [BG_CHILDES_TB](0)
2026-02-25 14:10:02 INFO [admin] DocumentImportExportServiceImpl - Exported annotations [BOG_cs.conllu](13) for user [ivelina] from project [BG_CHILDES_TB](0) using format [conllu]
2026-02-25 14:10:02 INFO [admin] AnnotationDocumentExporter - Exported annotation document content for user [ivelina] for source document [BOG_cs.conllu](13) in project [BG_CHILDES_TB](0)
2026-02-25 14:10:02 INFO [admin] DocumentImportExportServiceImpl - Exported annotations [BOG_cs.conllu](13) for user [mila] from project [BG_CHILDES_TB](0) using format [conllu]
2026-02-25 14:10:02 INFO [admin] AnnotationDocumentExporter - Exported annotation document content for user [mila] for source document [BOG_cs.conllu](13) in project [BG_CHILDES_TB](0)
2026-02-25 14:10:02 INFO [admin] DocumentImportExportServiceImpl - Exported annotations [ELI_cds.conllu](14) for user [INITIAL_CAS] from project [BG_CHILDES_TB](0) using format [conllu]
2026-02-25 14:10:02 INFO [admin] AnnotationDocumentExporter - Exported annotation document content for user [INITIAL_CAS] for source document [ELI_cds.conllu](14) in project [BG_CHILDES_TB](0)
2026-02-25 14:10:02 INFO [admin] DocumentImportExportServiceImpl - Exported annotations [ELI_cds.conllu](14) for user [ivelina] from project [BG_CHILDES_TB](0) using format [conllu]
2026-02-25 14:10:02 INFO [admin] AnnotationDocumentExporter - Exported annotation document content for user [ivelina] for source document [ELI_cds.conllu](14) in project [BG_CHILDES_TB](0)
2026-02-25 14:10:02 INFO [admin] DocumentImportExportServiceImpl - Exported annotations [ELI_cds.conllu](14) for user [mila] from project [BG_CHILDES_TB](0) using format [conllu]
2026-02-25 14:10:02 INFO [admin] AnnotationDocumentExporter - Exported annotation document content for user [mila] for source document [ELI_cds.conllu](14) in project [BG_CHILDES_TB](0)
2026-02-25 14:10:02 INFO [admin] DocumentImportExportServiceImpl - Exported annotations [ELI_cs.conllu](15) for user [INITIAL_CAS] from project [BG_CHILDES_TB](0) using format [conllu]
2026-02-25 14:10:02 INFO [admin] AnnotationDocumentExporter - Exported annotation document content for user [INITIAL_CAS] for source document [ELI_cs.conllu](15) in project [BG_CHILDES_TB](0)
2026-02-25 14:10:02 INFO [admin] DocumentImportExportServiceImpl - Exported annotations [ELI_cs.conllu](15) for user [tsvetelina] from project [BG_CHILDES_TB](0) using format [conllu]
2026-02-25 14:10:02 INFO [admin] AnnotationDocumentExporter - Exported annotation document content for user [tsvetelina] for source document [ELI_cs.conllu](15) in project [BG_CHILDES_TB](0)
2026-02-25 14:10:02 INFO [admin] DocumentImportExportServiceImpl - Exported annotations [SIM_cds.conllu](16) for user [INITIAL_CAS] from project [BG_CHILDES_TB](0) using format [conllu]
2026-02-25 14:10:02 INFO [admin] AnnotationDocumentExporter - Exported annotation document content for user [INITIAL_CAS] for source document [SIM_cds.conllu](16) in project [BG_CHILDES_TB](0)
2026-02-25 14:10:02 INFO [admin] DocumentImportExportServiceImpl - Exported annotations [SIM_cds.conllu](16) for user [ivelina] from project [BG_CHILDES_TB](0) using format [conllu]
2026-02-25 14:10:02 INFO [admin] AnnotationDocumentExporter - Exported annotation document content for user [ivelina] for source document [SIM_cds.conllu](16) in project [BG_CHILDES_TB](0)
2026-02-25 14:10:02 INFO [admin] DocumentImportExportServiceImpl - Exported annotations [SIM_cds.conllu](16) for user [mila] from project [BG_CHILDES_TB](0) using format [conllu]
2026-02-25 14:10:02 INFO [admin] AnnotationDocumentExporter - Exported annotation document content for user [mila] for source document [SIM_cds.conllu](16) in project [BG_CHILDES_TB](0)
2026-02-25 14:10:02 INFO [admin] DocumentImportExportServiceImpl - Exported annotations [SIM_cds.conllu](16) for user [tsvetina] from project [BG_CHILDES_TB](0) using format [conllu]
2026-02-25 14:10:02 INFO [admin] AnnotationDocumentExporter - Exported annotation document content for user [tsvetina] for source document [SIM_cds.conllu](16) in project [BG_CHILDES_TB](0)
2026-02-25 14:10:03 INFO [admin] DocumentImportExportServiceImpl - Exported annotations [SIM_cs.conllu](17) for user [INITIAL_CAS] from project [BG_CHILDES_TB](0) using format [conllu]
2026-02-25 14:10:03 INFO [admin] AnnotationDocumentExporter - Exported annotation document content for user [INITIAL_CAS] for source document [SIM_cs.conllu](17) in project [BG_CHILDES_TB](0)
2026-02-25 14:10:03 INFO [admin] DocumentImportExportServiceImpl - Exported annotations [SIM_cs.conllu](17) for user [ivelina] from project [BG_CHILDES_TB](0) using format [conllu]
2026-02-25 14:10:03 INFO [admin] AnnotationDocumentExporter - Exported annotation document content for user [ivelina] for source document [SIM_cs.conllu](17) in project [BG_CHILDES_TB](0)
2026-02-25 14:10:03 INFO [admin] DocumentImportExportServiceImpl - Exported annotations [SIM_cs.conllu](17) for user [mila] from project [BG_CHILDES_TB](0) using format [conllu]
2026-02-25 14:10:03 INFO [admin] AnnotationDocumentExporter - Exported annotation document content for user [mila] for source document [SIM_cs.conllu](17) in project [BG_CHILDES_TB](0)
2026-02-25 14:10:03 INFO [admin] DocumentImportExportServiceImpl - Exported annotations [SIM_cs.conllu](17) for user [tsvetina] from project [BG_CHILDES_TB](0) using format [conllu]
2026-02-25 14:10:03 INFO [admin] AnnotationDocumentExporter - Exported annotation document content for user [tsvetina] for source document [SIM_cs.conllu](17) in project [BG_CHILDES_TB](0)
2026-02-25 14:10:03 INFO [admin] DocumentImportExportServiceImpl - Exported annotations [TEF_cds.conllu](18) for user [INITIAL_CAS] from project [BG_CHILDES_TB](0) using format [conllu]
2026-02-25 14:10:03 INFO [admin] AnnotationDocumentExporter - Exported annotation document content for user [INITIAL_CAS] for source document [TEF_cds.conllu](18) in project [BG_CHILDES_TB](0)
2026-02-25 14:10:03 INFO [admin] DocumentImportExportServiceImpl - Exported annotations [TEF_cds.conllu](18) for user [ivelina] from project [BG_CHILDES_TB](0) using format [conllu]
2026-02-25 14:10:03 INFO [admin] AnnotationDocumentExporter - Exported annotation document content for user [ivelina] for source document [TEF_cds.conllu](18) in project [BG_CHILDES_TB](0)
2026-02-25 14:10:03 INFO [admin] DocumentImportExportServiceImpl - Exported annotations [TEF_cs.conllu](19) for user [INITIAL_CAS] from project [BG_CHILDES_TB](0) using format [conllu]
2026-02-25 14:10:03 INFO [admin] AnnotationDocumentExporter - Exported annotation document content for user [INITIAL_CAS] for source document [TEF_cs.conllu](19) in project [BG_CHILDES_TB](0)
2026-02-25 14:10:03 INFO [admin] DocumentImportExportServiceImpl - Exported annotations [TEF_cs.conllu](19) for user [ivelina] from project [BG_CHILDES_TB](0) using format [conllu]
2026-02-25 14:10:03 INFO [admin] AnnotationDocumentExporter - Exported annotation document content for user [ivelina] for source document [TEF_cs.conllu](19) in project [BG_CHILDES_TB](0)
2026-02-25 14:10:03 INFO [admin] DocumentImportExportServiceImpl - Exported annotations [UD_relations_example_for_each.conllu](20) for user [INITIAL_CAS] from project [BG_CHILDES_TB](0) using format [conllu]
2026-02-25 14:10:03 INFO [admin] AnnotationDocumentExporter - Exported annotation document content for user [INITIAL_CAS] for source document [UD_relations_example_for_each.conllu](20) in project [BG_CHILDES_TB](0)
2026-02-25 14:10:03 INFO [admin] DocumentImportExportServiceImpl - Exported annotations [UD_relations_example_for_each.conllu](20) for user [mila] from project [BG_CHILDES_TB](0) using format [conllu]
2026-02-25 14:10:03 INFO [admin] AnnotationDocumentExporter - Exported annotation document content for user [mila] for source document [UD_relations_example_for_each.conllu](20) in project [BG_CHILDES_TB](0)
2026-02-25 14:12:58 INFO [admin] AnnotationSchemaServiceImpl - Upgraded CAS of user [mila] for document [SIM_cs.conllu](17) in project [BG_CHILDES_TB](0)
2026-02-25 14:16:28 INFO [admin] AnnotationSchemaServiceImpl - Upgraded CAS of user [yoana] for document [BOG_cds.conllu](12) in project [BG_CHILDES_TB](0)
2026-02-25 16:01:04 INFO [admin] DocumentServiceImpl - Created annotation document [yoana@BOG_cs.conllu](32) in project [BG_CHILDES_TB](0)
2026-02-25 16:01:04 INFO [admin] AnnotationSchemaServiceImpl - Upgraded CAS of user [yoana] for document [BOG_cs.conllu](13) in project [BG_CHILDES_TB](0)
2026-02-25 17:11:23 INFO [admin] AnnotationSchemaServiceImpl - Upgraded CAS of user [tsvetina] for document [SIM_cds.conllu](16) in project [BG_CHILDES_TB](0)
2026-02-25 17:56:54 INFO [admin] DocumentImportExportServiceImpl - Exported annotations [BOG_cds.conllu](12) for user [yoana] from project [BG_CHILDES_TB](0) using format [dkpro-core-uima-inline-xml]
2026-02-25 18:00:10 INFO [admin] AnnotationSchemaServiceImpl - Upgraded CAS of user [ivelina] for document [TEF_cds.conllu](18) in project [BG_CHILDES_TB](0)
2026-02-25 18:11:21 INFO [admin] DocumentImportExportServiceImpl - Exported annotations [BOG_cs.conllu](13) for user [yoana] from project [BG_CHILDES_TB](0) using format [dkpro-core-uima-inline-xml]
2026-02-25 20:26:19 INFO [admin] AnnotationSchemaServiceImpl - Upgraded CAS of user [tsvetina] for document [SIM_cds.conllu](16) in project [BG_CHILDES_TB](0)
2026-02-25 21:49:02 INFO [admin] AnnotationSchemaServiceImpl - Upgraded CAS of user [ivelina] for document [TEF_cs.conllu](19) in project [BG_CHILDES_TB](0)
2026-02-26 06:40:40 INFO [admin] AnnotationSchemaServiceImpl - Upgraded CAS of user [tsvetina] for document [SIM_cds.conllu](16) in project [BG_CHILDES_TB](0)
2026-02-26 08:29:42 INFO [admin] AnnotationSchemaServiceImpl - Upgraded CAS of user [ivelina] for document [TEF_cs.conllu](19) in project [BG_CHILDES_TB](0)
2026-02-26 09:13:26 INFO [admin] AnnotationSchemaServiceImpl - Upgraded CAS of user [ivelina] for document [TEF_cs.conllu](19) in project [BG_CHILDES_TB](0)
2026-02-26 10:28:58 INFO [admin] ProjectPermissionsExporter - Exported [9] permissions for project [BG_CHILDES_TB]
2026-02-26 10:28:58 INFO [admin] DocumentRepositoryExporter - Exported [0] document repositories for project [BG_CHILDES_TB]
2026-02-26 10:28:58 INFO [admin] KnowledgeBaseExporter - Exported [0] knowledge bases for project [BG_CHILDES_TB]
2026-02-26 10:28:58 INFO [admin] LayerExporter - Exported [10] layers for project [BG_CHILDES_TB]
2026-02-26 10:28:58 INFO [admin] TagSetExporter - Exported [23] tagsets for project [BG_CHILDES_TB]
2026-02-26 10:28:58 INFO [admin] DocumentImportExportServiceImpl - Exported annotations [BOG_cds.conllu](12) for user [CURATION_USER] from project [BG_CHILDES_TB](0) using format [conllu]
2026-02-26 10:28:58 INFO [admin] CurationWorkflowExporter - Exported curation workflow settings for project [BG_CHILDES_TB](0)
2026-02-26 10:28:58 INFO [admin] SourceDocumentExporter - Exported content for source document [10] in project [BG_CHILDES_TB] with id [0]
2026-02-26 10:28:58 INFO [admin] SourceDocumentExporter - Exported content for source document [11] in project [BG_CHILDES_TB] with id [0]
2026-02-26 10:28:58 INFO [admin] SourceDocumentExporter - Exported content for source document [12] in project [BG_CHILDES_TB] with id [0]
2026-02-26 10:28:58 INFO [admin] SourceDocumentExporter - Exported content for source document [13] in project [BG_CHILDES_TB] with id [0]
2026-02-26 10:28:58 INFO [admin] SourceDocumentExporter - Exported content for source document [14] in project [BG_CHILDES_TB] with id [0]
2026-02-26 10:28:58 INFO [admin] SourceDocumentExporter - Exported content for source document [15] in project [BG_CHILDES_TB] with id [0]
2026-02-26 10:28:58 INFO [admin] SourceDocumentExporter - Exported content for source document [16] in project [BG_CHILDES_TB] with id [0]
2026-02-26 10:28:58 INFO [admin] SourceDocumentExporter - Exported content for source document [17] in project [BG_CHILDES_TB] with id [0]
2026-02-26 10:28:58 INFO [admin] SourceDocumentExporter - Exported content for source document [18] in project [BG_CHILDES_TB] with id [0]
2026-02-26 10:28:58 INFO [admin] SourceDocumentExporter - Exported content for source document [19] in project [BG_CHILDES_TB] with id [0]
2026-02-26 10:28:58 INFO [admin] SourceDocumentExporter - Exported content for source document [20] in project [BG_CHILDES_TB] with id [0]
2026-02-26 10:28:58 INFO [admin] LoggedEventExporter - Exported [8628] logged events for project [BG_CHILDES_TB]
2026-02-26 10:28:58 INFO [admin] LoggedEventExporter - Skipped [59] logged events for [10] documents no longer existing
2026-02-26 10:28:58 INFO [admin] DefaultProjectPreferencesExporter - Exported [0] default preferences for project [BG_CHILDES_TB]
2026-02-26 10:28:58 INFO [admin] UserProjectPreferencesExporter - Exported [7] user preferences for project [BG_CHILDES_TB]
2026-02-26 10:28:58 INFO [admin] GazeteerExporter - Exported [0] gazeteers for project [BG_CHILDES_TB]
2026-02-26 10:28:58 INFO [admin] WorkloadManagerExporter - Exported workload manager for project [BG_CHILDES_TB]
2026-02-26 10:28:58 INFO [admin] RecommenderExporter - Exported [0] recommenders for project [BG_CHILDES_TB]
2026-02-26 10:28:58 INFO [admin] DocumentImportExportServiceImpl - Exported annotations [ALE_cds.conllu](10) for user [INITIAL_CAS] from project [BG_CHILDES_TB](0) using format [conllu]
2026-02-26 10:28:58 INFO [admin] AnnotationDocumentExporter - Exported annotation document content for user [INITIAL_CAS] for source document [ALE_cds.conllu](10) in project [BG_CHILDES_TB](0)
2026-02-26 10:28:58 INFO [admin] DocumentImportExportServiceImpl - Exported annotations [ALE_cds.conllu](10) for user [ivelina] from project [BG_CHILDES_TB](0) using format [conllu]
2026-02-26 10:28:58 INFO [admin] AnnotationDocumentExporter - Exported annotation document content for user [ivelina] for source document [ALE_cds.conllu](10) in project [BG_CHILDES_TB](0)
2026-02-26 10:28:59 INFO [admin] DocumentImportExportServiceImpl - Exported annotations [ALE_cds.conllu](10) for user [mila] from project [BG_CHILDES_TB](0) using format [conllu]
2026-02-26 10:28:59 INFO [admin] AnnotationDocumentExporter - Exported annotation document content for user [mila] for source document [ALE_cds.conllu](10) in project [BG_CHILDES_TB](0)
2026-02-26 10:28:59 INFO [admin] DocumentImportExportServiceImpl - Exported annotations [ALE_cds.conllu](10) for user [yasena] from project [BG_CHILDES_TB](0) using format [conllu]
2026-02-26 10:28:59 INFO [admin] AnnotationDocumentExporter - Exported annotation document content for user [yasena] for source document [ALE_cds.conllu](10) in project [BG_CHILDES_TB](0)
2026-02-26 10:28:59 INFO [admin] DocumentImportExportServiceImpl - Exported annotations [ALE_cs.conllu](11) for user [INITIAL_CAS] from project [BG_CHILDES_TB](0) using format [conllu]
2026-02-26 10:28:59 INFO [admin] AnnotationDocumentExporter - Exported annotation document content for user [INITIAL_CAS] for source document [ALE_cs.conllu](11) in project [BG_CHILDES_TB](0)
2026-02-26 10:28:59 INFO [admin] DocumentImportExportServiceImpl - Exported annotations [ALE_cs.conllu](11) for user [admin] from project [BG_CHILDES_TB](0) using format [conllu]
2026-02-26 10:28:59 INFO [admin] AnnotationDocumentExporter - Exported annotation document content for user [admin] for source document [ALE_cs.conllu](11) in project [BG_CHILDES_TB](0)
2026-02-26 10:28:59 INFO [admin] DocumentImportExportServiceImpl - Exported annotations [ALE_cs.conllu](11) for user [ivelina] from project [BG_CHILDES_TB](0) using format [conllu]
2026-02-26 10:28:59 INFO [admin] AnnotationDocumentExporter - Exported annotation document content for user [ivelina] for source document [ALE_cs.conllu](11) in project [BG_CHILDES_TB](0)
2026-02-26 10:28:59 INFO [admin] DocumentImportExportServiceImpl - Exported annotations [ALE_cs.conllu](11) for user [yasena] from project [BG_CHILDES_TB](0) using format [conllu]
2026-02-26 10:28:59 INFO [admin] AnnotationDocumentExporter - Exported annotation document content for user [yasena] for source document [ALE_cs.conllu](11) in project [BG_CHILDES_TB](0)
2026-02-26 10:28:59 INFO [admin] DocumentImportExportServiceImpl - Exported annotations [ALE_cs.conllu](11) for user [yoana] from project [BG_CHILDES_TB](0) using format [conllu]
2026-02-26 10:28:59 INFO [admin] AnnotationDocumentExporter - Exported annotation document content for user [yoana] for source document [ALE_cs.conllu](11) in project [BG_CHILDES_TB](0)
2026-02-26 10:28:59 INFO [admin] DocumentImportExportServiceImpl - Exported annotations [ALE_cs.conllu](11) for user [mila] from project [BG_CHILDES_TB](0) using format [conllu]
2026-02-26 10:28:59 INFO [admin] AnnotationDocumentExporter - Exported annotation document content for user [mila] for source document [ALE_cs.conllu](11) in project [BG_CHILDES_TB](0)
2026-02-26 10:28:59 INFO [admin] DocumentImportExportServiceImpl - Exported annotations [BOG_cds.conllu](12) for user [INITIAL_CAS] from project [BG_CHILDES_TB](0) using format [conllu]
2026-02-26 10:28:59 INFO [admin] AnnotationDocumentExporter - Exported annotation document content for user [INITIAL_CAS] for source document [BOG_cds.conllu](12) in project [BG_CHILDES_TB](0)
2026-02-26 10:28:59 INFO [admin] DocumentImportExportServiceImpl - Exported annotations [BOG_cds.conllu](12) for user [admin] from project [BG_CHILDES_TB](0) using format [conllu]
2026-02-26 10:28:59 INFO [admin] AnnotationDocumentExporter - Exported annotation document content for user [admin] for source document [BOG_cds.conllu](12) in project [BG_CHILDES_TB](0)
2026-02-26 10:28:59 INFO [admin] DocumentImportExportServiceImpl - Exported annotations [BOG_cds.conllu](12) for user [yasena] from project [BG_CHILDES_TB](0) using format [conllu]
2026-02-26 10:28:59 INFO [admin] AnnotationDocumentExporter - Exported annotation document content for user [yasena] for source document [BOG_cds.conllu](12) in project [BG_CHILDES_TB](0)
2026-02-26 10:28:59 INFO [admin] DocumentImportExportServiceImpl - Exported annotations [BOG_cds.conllu](12) for user [ivelina] from project [BG_CHILDES_TB](0) using format [conllu]
2026-02-26 10:28:59 INFO [admin] AnnotationDocumentExporter - Exported annotation document content for user [ivelina] for source document [BOG_cds.conllu](12) in project [BG_CHILDES_TB](0)
2026-02-26 10:28:59 INFO [admin] DocumentImportExportServiceImpl - Exported annotations [BOG_cds.conllu](12) for user [mila] from project [BG_CHILDES_TB](0) using format [conllu]
2026-02-26 10:28:59 INFO [admin] AnnotationDocumentExporter - Exported annotation document content for user [mila] for source document [BOG_cds.conllu](12) in project [BG_CHILDES_TB](0)
2026-02-26 10:28:59 INFO [admin] DocumentImportExportServiceImpl - Exported annotations [BOG_cds.conllu](12) for user [yoana] from project [BG_CHILDES_TB](0) using format [conllu]
2026-02-26 10:28:59 INFO [admin] AnnotationDocumentExporter - Exported annotation document content for user [yoana] for source document [BOG_cds.conllu](12) in project [BG_CHILDES_TB](0)
2026-02-26 10:28:59 INFO [admin] DocumentImportExportServiceImpl - Exported annotations [BOG_cs.conllu](13) for user [INITIAL_CAS] from project [BG_CHILDES_TB](0) using format [conllu]
2026-02-26 10:28:59 INFO [admin] AnnotationDocumentExporter - Exported annotation document content for user [INITIAL_CAS] for source document [BOG_cs.conllu](13) in project [BG_CHILDES_TB](0)
2026-02-26 10:28:59 INFO [admin] DocumentImportExportServiceImpl - Exported annotations [BOG_cs.conllu](13) for user [ivelina] from project [BG_CHILDES_TB](0) using format [conllu]
2026-02-26 10:28:59 INFO [admin] AnnotationDocumentExporter - Exported annotation document content for user [ivelina] for source document [BOG_cs.conllu](13) in project [BG_CHILDES_TB](0)
2026-02-26 10:28:59 INFO [admin] DocumentImportExportServiceImpl - Exported annotations [BOG_cs.conllu](13) for user [mila] from project [BG_CHILDES_TB](0) using format [conllu]
2026-02-26 10:28:59 INFO [admin] AnnotationDocumentExporter - Exported annotation document content for user [mila] for source document [BOG_cs.conllu](13) in project [BG_CHILDES_TB](0)
2026-02-26 10:28:59 INFO [admin] DocumentImportExportServiceImpl - Exported annotations [BOG_cs.conllu](13) for user [yoana] from project [BG_CHILDES_TB](0) using format [conllu]
2026-02-26 10:28:59 INFO [admin] AnnotationDocumentExporter - Exported annotation document content for user [yoana] for source document [BOG_cs.conllu](13) in project [BG_CHILDES_TB](0)
2026-02-26 10:28:59 INFO [admin] DocumentImportExportServiceImpl - Exported annotations [ELI_cds.conllu](14) for user [INITIAL_CAS] from project [BG_CHILDES_TB](0) using format [conllu]
2026-02-26 10:28:59 INFO [admin] AnnotationDocumentExporter - Exported annotation document content for user [INITIAL_CAS] for source document [ELI_cds.conllu](14) in project [BG_CHILDES_TB](0)
2026-02-26 10:28:59 INFO [admin] DocumentImportExportServiceImpl - Exported annotations [ELI_cds.conllu](14) for user [ivelina] from project [BG_CHILDES_TB](0) using format [conllu]
2026-02-26 10:28:59 INFO [admin] AnnotationDocumentExporter - Exported annotation document content for user [ivelina] for source document [ELI_cds.conllu](14) in project [BG_CHILDES_TB](0)
2026-02-26 10:28:59 INFO [admin] DocumentImportExportServiceImpl - Exported annotations [ELI_cds.conllu](14) for user [mila] from project [BG_CHILDES_TB](0) using format [conllu]
2026-02-26 10:28:59 INFO [admin] AnnotationDocumentExporter - Exported annotation document content for user [mila] for source document [ELI_cds.conllu](14) in project [BG_CHILDES_TB](0)
2026-02-26 10:28:59 INFO [admin] DocumentImportExportServiceImpl - Exported annotations [ELI_cs.conllu](15) for user [INITIAL_CAS] from project [BG_CHILDES_TB](0) using format [conllu]
2026-02-26 10:28:59 INFO [admin] AnnotationDocumentExporter - Exported annotation document content for user [INITIAL_CAS] for source document [ELI_cs.conllu](15) in project [BG_CHILDES_TB](0)
2026-02-26 10:28:59 INFO [admin] DocumentImportExportServiceImpl - Exported annotations [ELI_cs.conllu](15) for user [tsvetelina] from project [BG_CHILDES_TB](0) using format [conllu]
2026-02-26 10:28:59 INFO [admin] AnnotationDocumentExporter - Exported annotation document content for user [tsvetelina] for source document [ELI_cs.conllu](15) in project [BG_CHILDES_TB](0)
2026-02-26 10:29:00 INFO [admin] DocumentImportExportServiceImpl - Exported annotations [SIM_cds.conllu](16) for user [INITIAL_CAS] from project [BG_CHILDES_TB](0) using format [conllu]
2026-02-26 10:29:00 INFO [admin] AnnotationDocumentExporter - Exported annotation document content for user [INITIAL_CAS] for source document [SIM_cds.conllu](16) in project [BG_CHILDES_TB](0)
2026-02-26 10:29:00 INFO [admin] DocumentImportExportServiceImpl - Exported annotations [SIM_cds.conllu](16) for user [ivelina] from project [BG_CHILDES_TB](0) using format [conllu]
2026-02-26 10:29:00 INFO [admin] AnnotationDocumentExporter - Exported annotation document content for user [ivelina] for source document [SIM_cds.conllu](16) in project [BG_CHILDES_TB](0)
2026-02-26 10:29:00 INFO [admin] DocumentImportExportServiceImpl - Exported annotations [SIM_cds.conllu](16) for user [mila] from project [BG_CHILDES_TB](0) using format [conllu]
2026-02-26 10:29:00 INFO [admin] AnnotationDocumentExporter - Exported annotation document content for user [mila] for source document [SIM_cds.conllu](16) in project [BG_CHILDES_TB](0)
2026-02-26 10:29:00 INFO [admin] DocumentImportExportServiceImpl - Exported annotations [SIM_cds.conllu](16) for user [tsvetina] from project [BG_CHILDES_TB](0) using format [conllu]
2026-02-26 10:29:00 INFO [admin] AnnotationDocumentExporter - Exported annotation document content for user [tsvetina] for source document [SIM_cds.conllu](16) in project [BG_CHILDES_TB](0)
2026-02-26 10:29:00 INFO [admin] DocumentImportExportServiceImpl - Exported annotations [SIM_cs.conllu](17) for user [INITIAL_CAS] from project [BG_CHILDES_TB](0) using format [conllu]
2026-02-26 10:29:00 INFO [admin] AnnotationDocumentExporter - Exported annotation document content for user [INITIAL_CAS] for source document [SIM_cs.conllu](17) in project [BG_CHILDES_TB](0)
2026-02-26 10:29:00 INFO [admin] DocumentImportExportServiceImpl - Exported annotations [SIM_cs.conllu](17) for user [ivelina] from project [BG_CHILDES_TB](0) using format [conllu]
2026-02-26 10:29:00 INFO [admin] AnnotationDocumentExporter - Exported annotation document content for user [ivelina] for source document [SIM_cs.conllu](17) in project [BG_CHILDES_TB](0)
2026-02-26 10:29:00 INFO [admin] DocumentImportExportServiceImpl - Exported annotations [SIM_cs.conllu](17) for user [tsvetina] from project [BG_CHILDES_TB](0) using format [conllu]
2026-02-26 10:29:00 INFO [admin] AnnotationDocumentExporter - Exported annotation document content for user [tsvetina] for source document [SIM_cs.conllu](17) in project [BG_CHILDES_TB](0)
2026-02-26 10:29:00 INFO [admin] DocumentImportExportServiceImpl - Exported annotations [SIM_cs.conllu](17) for user [mila] from project [BG_CHILDES_TB](0) using format [conllu]
2026-02-26 10:29:00 INFO [admin] AnnotationDocumentExporter - Exported annotation document content for user [mila] for source document [SIM_cs.conllu](17) in project [BG_CHILDES_TB](0)
2026-02-26 10:29:00 INFO [admin] DocumentImportExportServiceImpl - Exported annotations [TEF_cds.conllu](18) for user [INITIAL_CAS] from project [BG_CHILDES_TB](0) using format [conllu]
2026-02-26 10:29:00 INFO [admin] AnnotationDocumentExporter - Exported annotation document content for user [INITIAL_CAS] for source document [TEF_cds.conllu](18) in project [BG_CHILDES_TB](0)
2026-02-26 10:29:01 INFO [admin] DocumentImportExportServiceImpl - Exported annotations [TEF_cds.conllu](18) for user [ivelina] from project [BG_CHILDES_TB](0) using format [conllu]
2026-02-26 10:29:01 INFO [admin] AnnotationDocumentExporter - Exported annotation document content for user [ivelina] for source document [TEF_cds.conllu](18) in project [BG_CHILDES_TB](0)
2026-02-26 10:29:01 INFO [admin] DocumentImportExportServiceImpl - Exported annotations [TEF_cs.conllu](19) for user [INITIAL_CAS] from project [BG_CHILDES_TB](0) using format [conllu]
2026-02-26 10:29:01 INFO [admin] AnnotationDocumentExporter - Exported annotation document content for user [INITIAL_CAS] for source document [TEF_cs.conllu](19) in project [BG_CHILDES_TB](0)
2026-02-26 10:29:01 INFO [admin] DocumentImportExportServiceImpl - Exported annotations [TEF_cs.conllu](19) for user [ivelina] from project [BG_CHILDES_TB](0) using format [conllu]
2026-02-26 10:29:01 INFO [admin] AnnotationDocumentExporter - Exported annotation document content for user [ivelina] for source document [TEF_cs.conllu](19) in project [BG_CHILDES_TB](0)
2026-02-26 10:29:01 INFO [admin] DocumentImportExportServiceImpl - Exported annotations [UD_relations_example_for_each.conllu](20) for user [INITIAL_CAS] from project [BG_CHILDES_TB](0) using format [conllu]
2026-02-26 10:29:01 INFO [admin] AnnotationDocumentExporter - Exported annotation document content for user [INITIAL_CAS] for source document [UD_relations_example_for_each.conllu](20) in project [BG_CHILDES_TB](0)
2026-02-26 10:29:01 INFO [admin] DocumentImportExportServiceImpl - Exported annotations [UD_relations_example_for_each.conllu](20) for user [mila] from project [BG_CHILDES_TB](0) using format [conllu]
2026-02-26 10:29:01 INFO [admin] AnnotationDocumentExporter - Exported annotation document content for user [mila] for source document [UD_relations_example_for_each.conllu](20) in project [BG_CHILDES_TB](0)
2026-02-26 10:38:46 INFO [admin] AnnotationSchemaServiceImpl - Upgraded CAS of user [ivelina] for document [TEF_cs.conllu](19) in project [BG_CHILDES_TB](0)
2026-02-26 11:09:17 INFO [admin] AnnotationSchemaServiceImpl - Upgraded CAS of user [mila] for document [SIM_cs.conllu](17) in project [BG_CHILDES_TB](0)
2026-02-26 11:19:06 INFO [admin] AnnotationSchemaServiceImpl - Upgraded CAS of user [ivelina] for document [TEF_cs.conllu](19) in project [BG_CHILDES_TB](0)
2026-02-26 12:53:10 INFO [admin] AnnotationSchemaServiceImpl - Upgraded CAS of user [tsvetina] for document [SIM_cds.conllu](16) in project [BG_CHILDES_TB](0)
2026-02-26 13:05:15 INFO [admin] AnnotationSchemaServiceImpl - Upgraded CAS of user [mila] for document [SIM_cs.conllu](17) in project [BG_CHILDES_TB](0)
2026-02-26 13:07:10 INFO [admin] DocumentServiceImpl - Created annotation document [mila@ELI_cs.conllu](33) in project [BG_CHILDES_TB](0)
2026-02-26 13:07:10 INFO [admin] AnnotationSchemaServiceImpl - Upgraded CAS of user [mila] for document [ELI_cs.conllu](15) in project [BG_CHILDES_TB](0)
2026-02-26 14:35:58 INFO [admin] AnnotationSchemaServiceImpl - Upgraded CAS of user [ivelina] for document [TEF_cs.conllu](19) in project [BG_CHILDES_TB](0)
2026-02-26 15:19:07 INFO [admin] AnnotationSchemaServiceImpl - Upgraded CAS of user [ivelina] for document [TEF_cds.conllu](18) in project [BG_CHILDES_TB](0)
2026-02-26 15:32:14 INFO [admin] AnnotationSchemaServiceImpl - Upgraded CAS of user [ivelina] for document [TEF_cs.conllu](19) in project [BG_CHILDES_TB](0)
2026-02-26 16:30:49 INFO [admin] ProjectPermissionsExporter - Exported [9] permissions for project [BG_CHILDES_TB]
2026-02-26 16:30:49 INFO [admin] DocumentRepositoryExporter - Exported [0] document repositories for project [BG_CHILDES_TB]
2026-02-26 16:30:49 INFO [admin] KnowledgeBaseExporter - Exported [0] knowledge bases for project [BG_CHILDES_TB]
2026-02-26 16:30:49 INFO [admin] LayerExporter - Exported [10] layers for project [BG_CHILDES_TB]
2026-02-26 16:30:49 INFO [admin] TagSetExporter - Exported [23] tagsets for project [BG_CHILDES_TB]
2026-02-26 16:30:49 INFO [admin] DocumentImportExportServiceImpl - Exported annotations [BOG_cds.conllu](12) for user [CURATION_USER] from project [BG_CHILDES_TB](0) using format [conllu]
2026-02-26 16:30:49 INFO [admin] CurationWorkflowExporter - Exported curation workflow settings for project [BG_CHILDES_TB](0)
2026-02-26 16:30:49 INFO [admin] SourceDocumentExporter - Exported content for source document [10] in project [BG_CHILDES_TB] with id [0]
2026-02-26 16:30:49 INFO [admin] SourceDocumentExporter - Exported content for source document [11] in project [BG_CHILDES_TB] with id [0]
2026-02-26 16:30:49 INFO [admin] SourceDocumentExporter - Exported content for source document [12] in project [BG_CHILDES_TB] with id [0]
2026-02-26 16:30:49 INFO [admin] SourceDocumentExporter - Exported content for source document [13] in project [BG_CHILDES_TB] with id [0]
2026-02-26 16:30:49 INFO [admin] SourceDocumentExporter - Exported content for source document [14] in project [BG_CHILDES_TB] with id [0]
2026-02-26 16:30:49 INFO [admin] SourceDocumentExporter - Exported content for source document [15] in project [BG_CHILDES_TB] with id [0]
2026-02-26 16:30:49 INFO [admin] SourceDocumentExporter - Exported content for source document [16] in project [BG_CHILDES_TB] with id [0]
2026-02-26 16:30:49 INFO [admin] SourceDocumentExporter - Exported content for source document [17] in project [BG_CHILDES_TB] with id [0]
2026-02-26 16:30:49 INFO [admin] SourceDocumentExporter - Exported content for source document [18] in project [BG_CHILDES_TB] with id [0]
2026-02-26 16:30:49 INFO [admin] SourceDocumentExporter - Exported content for source document [19] in project [BG_CHILDES_TB] with id [0]
2026-02-26 16:30:49 INFO [admin] SourceDocumentExporter - Exported content for source document [20] in project [BG_CHILDES_TB] with id [0]
2026-02-26 16:30:49 INFO [admin] LoggedEventExporter - Exported [9460] logged events for project [BG_CHILDES_TB]
2026-02-26 16:30:49 INFO [admin] LoggedEventExporter - Skipped [59] logged events for [10] documents no longer existing
2026-02-26 16:30:49 INFO [admin] DefaultProjectPreferencesExporter - Exported [0] default preferences for project [BG_CHILDES_TB]
2026-02-26 16:30:49 INFO [admin] UserProjectPreferencesExporter - Exported [7] user preferences for project [BG_CHILDES_TB]
2026-02-26 16:30:49 INFO [admin] GazeteerExporter - Exported [0] gazeteers for project [BG_CHILDES_TB]
2026-02-26 16:30:49 INFO [admin] WorkloadManagerExporter - Exported workload manager for project [BG_CHILDES_TB]
2026-02-26 16:30:49 INFO [admin] RecommenderExporter - Exported [0] recommenders for project [BG_CHILDES_TB]
2026-02-26 16:30:49 INFO [admin] DocumentImportExportServiceImpl - Exported annotations [ALE_cds.conllu](10) for user [INITIAL_CAS] from project [BG_CHILDES_TB](0) using format [conllu]
2026-02-26 16:30:49 INFO [admin] AnnotationDocumentExporter - Exported annotation document content for user [INITIAL_CAS] for source document [ALE_cds.conllu](10) in project [BG_CHILDES_TB](0)
2026-02-26 16:30:49 INFO [admin] DocumentImportExportServiceImpl - Exported annotations [ALE_cds.conllu](10) for user [ivelina] from project [BG_CHILDES_TB](0) using format [conllu]
2026-02-26 16:30:49 INFO [admin] AnnotationDocumentExporter - Exported annotation document content for user [ivelina] for source document [ALE_cds.conllu](10) in project [BG_CHILDES_TB](0)
2026-02-26 16:30:50 INFO [admin] DocumentImportExportServiceImpl - Exported annotations [ALE_cds.conllu](10) for user [mila] from project [BG_CHILDES_TB](0) using format [conllu]
2026-02-26 16:30:50 INFO [admin] AnnotationDocumentExporter - Exported annotation document content for user [mila] for source document [ALE_cds.conllu](10) in project [BG_CHILDES_TB](0)
2026-02-26 16:30:50 INFO [admin] DocumentImportExportServiceImpl - Exported annotations [ALE_cds.conllu](10) for user [yasena] from project [BG_CHILDES_TB](0) using format [conllu]
2026-02-26 16:30:50 INFO [admin] AnnotationDocumentExporter - Exported annotation document content for user [yasena] for source document [ALE_cds.conllu](10) in project [BG_CHILDES_TB](0)
2026-02-26 16:30:50 INFO [admin] DocumentImportExportServiceImpl - Exported annotations [ALE_cs.conllu](11) for user [INITIAL_CAS] from project [BG_CHILDES_TB](0) using format [conllu]
2026-02-26 16:30:50 INFO [admin] AnnotationDocumentExporter - Exported annotation document content for user [INITIAL_CAS] for source document [ALE_cs.conllu](11) in project [BG_CHILDES_TB](0)
2026-02-26 16:30:50 INFO [admin] DocumentImportExportServiceImpl - Exported annotations [ALE_cs.conllu](11) for user [admin] from project [BG_CHILDES_TB](0) using format [conllu]
2026-02-26 16:30:50 INFO [admin] AnnotationDocumentExporter - Exported annotation document content for user [admin] for source document [ALE_cs.conllu](11) in project [BG_CHILDES_TB](0)
2026-02-26 16:30:50 INFO [admin] DocumentImportExportServiceImpl - Exported annotations [ALE_cs.conllu](11) for user [ivelina] from project [BG_CHILDES_TB](0) using format [conllu]
2026-02-26 16:30:50 INFO [admin] AnnotationDocumentExporter - Exported annotation document content for user [ivelina] for source document [ALE_cs.conllu](11) in project [BG_CHILDES_TB](0)
2026-02-26 16:30:50 INFO [admin] DocumentImportExportServiceImpl - Exported annotations [ALE_cs.conllu](11) for user [yasena] from project [BG_CHILDES_TB](0) using format [conllu]
2026-02-26 16:30:50 INFO [admin] AnnotationDocumentExporter - Exported annotation document content for user [yasena] for source document [ALE_cs.conllu](11) in project [BG_CHILDES_TB](0)
2026-02-26 16:30:50 INFO [admin] DocumentImportExportServiceImpl - Exported annotations [ALE_cs.conllu](11) for user [yoana] from project [BG_CHILDES_TB](0) using format [conllu]
2026-02-26 16:30:50 INFO [admin] AnnotationDocumentExporter - Exported annotation document content for user [yoana] for source document [ALE_cs.conllu](11) in project [BG_CHILDES_TB](0)
2026-02-26 16:30:50 INFO [admin] DocumentImportExportServiceImpl - Exported annotations [ALE_cs.conllu](11) for user [mila] from project [BG_CHILDES_TB](0) using format [conllu]
2026-02-26 16:30:50 INFO [admin] AnnotationDocumentExporter - Exported annotation document content for user [mila] for source document [ALE_cs.conllu](11) in project [BG_CHILDES_TB](0)
2026-02-26 16:30:50 INFO [admin] DocumentImportExportServiceImpl - Exported annotations [BOG_cds.conllu](12) for user [INITIAL_CAS] from project [BG_CHILDES_TB](0) using format [conllu]
2026-02-26 16:30:50 INFO [admin] AnnotationDocumentExporter - Exported annotation document content for user [INITIAL_CAS] for source document [BOG_cds.conllu](12) in project [BG_CHILDES_TB](0)
2026-02-26 16:30:50 INFO [admin] DocumentImportExportServiceImpl - Exported annotations [BOG_cds.conllu](12) for user [admin] from project [BG_CHILDES_TB](0) using format [conllu]
2026-02-26 16:30:50 INFO [admin] AnnotationDocumentExporter - Exported annotation document content for user [admin] for source document [BOG_cds.conllu](12) in project [BG_CHILDES_TB](0)
2026-02-26 16:30:50 INFO [admin] DocumentImportExportServiceImpl - Exported annotations [BOG_cds.conllu](12) for user [yasena] from project [BG_CHILDES_TB](0) using format [conllu]
2026-02-26 16:30:50 INFO [admin] AnnotationDocumentExporter - Exported annotation document content for user [yasena] for source document [BOG_cds.conllu](12) in project [BG_CHILDES_TB](0)
2026-02-26 16:30:50 INFO [admin] DocumentImportExportServiceImpl - Exported annotations [BOG_cds.conllu](12) for user [ivelina] from project [BG_CHILDES_TB](0) using format [conllu]
2026-02-26 16:30:50 INFO [admin] AnnotationDocumentExporter - Exported annotation document content for user [ivelina] for source document [BOG_cds.conllu](12) in project [BG_CHILDES_TB](0)
2026-02-26 16:30:50 INFO [admin] DocumentImportExportServiceImpl - Exported annotations [BOG_cds.conllu](12) for user [mila] from project [BG_CHILDES_TB](0) using format [conllu]
2026-02-26 16:30:50 INFO [admin] AnnotationDocumentExporter - Exported annotation document content for user [mila] for source document [BOG_cds.conllu](12) in project [BG_CHILDES_TB](0)
2026-02-26 16:30:50 INFO [admin] DocumentImportExportServiceImpl - Exported annotations [BOG_cds.conllu](12) for user [yoana] from project [BG_CHILDES_TB](0) using format [conllu]
2026-02-26 16:30:50 INFO [admin] AnnotationDocumentExporter - Exported annotation document content for user [yoana] for source document [BOG_cds.conllu](12) in project [BG_CHILDES_TB](0)
2026-02-26 16:30:50 INFO [admin] DocumentImportExportServiceImpl - Exported annotations [BOG_cs.conllu](13) for user [INITIAL_CAS] from project [BG_CHILDES_TB](0) using format [conllu]
2026-02-26 16:30:50 INFO [admin] AnnotationDocumentExporter - Exported annotation document content for user [INITIAL_CAS] for source document [BOG_cs.conllu](13) in project [BG_CHILDES_TB](0)
2026-02-26 16:30:50 INFO [admin] DocumentImportExportServiceImpl - Exported annotations [BOG_cs.conllu](13) for user [ivelina] from project [BG_CHILDES_TB](0) using format [conllu]
2026-02-26 16:30:50 INFO [admin] AnnotationDocumentExporter - Exported annotation document content for user [ivelina] for source document [BOG_cs.conllu](13) in project [BG_CHILDES_TB](0)
2026-02-26 16:30:50 INFO [admin] DocumentImportExportServiceImpl - Exported annotations [BOG_cs.conllu](13) for user [mila] from project [BG_CHILDES_TB](0) using format [conllu]
2026-02-26 16:30:50 INFO [admin] AnnotationDocumentExporter - Exported annotation document content for user [mila] for source document [BOG_cs.conllu](13) in project [BG_CHILDES_TB](0)
2026-02-26 16:30:50 INFO [admin] DocumentImportExportServiceImpl - Exported annotations [BOG_cs.conllu](13) for user [yoana] from project [BG_CHILDES_TB](0) using format [conllu]
2026-02-26 16:30:50 INFO [admin] AnnotationDocumentExporter - Exported annotation document content for user [yoana] for source document [BOG_cs.conllu](13) in project [BG_CHILDES_TB](0)
2026-02-26 16:30:50 INFO [admin] DocumentImportExportServiceImpl - Exported annotations [ELI_cds.conllu](14) for user [INITIAL_CAS] from project [BG_CHILDES_TB](0) using format [conllu]
2026-02-26 16:30:50 INFO [admin] AnnotationDocumentExporter - Exported annotation document content for user [INITIAL_CAS] for source document [ELI_cds.conllu](14) in project [BG_CHILDES_TB](0)
2026-02-26 16:30:50 INFO [admin] DocumentImportExportServiceImpl - Exported annotations [ELI_cds.conllu](14) for user [ivelina] from project [BG_CHILDES_TB](0) using format [conllu]
2026-02-26 16:30:50 INFO [admin] AnnotationDocumentExporter - Exported annotation document content for user [ivelina] for source document [ELI_cds.conllu](14) in project [BG_CHILDES_TB](0)
2026-02-26 16:30:50 INFO [admin] DocumentImportExportServiceImpl - Exported annotations [ELI_cds.conllu](14) for user [mila] from project [BG_CHILDES_TB](0) using format [conllu]
2026-02-26 16:30:50 INFO [admin] AnnotationDocumentExporter - Exported annotation document content for user [mila] for source document [ELI_cds.conllu](14) in project [BG_CHILDES_TB](0)
2026-02-26 16:30:50 INFO [admin] DocumentImportExportServiceImpl - Exported annotations [ELI_cs.conllu](15) for user [INITIAL_CAS] from project [BG_CHILDES_TB](0) using format [conllu]
2026-02-26 16:30:50 INFO [admin] AnnotationDocumentExporter - Exported annotation document content for user [INITIAL_CAS] for source document [ELI_cs.conllu](15) in project [BG_CHILDES_TB](0)
2026-02-26 16:30:50 INFO [admin] DocumentImportExportServiceImpl - Exported annotations [ELI_cs.conllu](15) for user [tsvetelina] from project [BG_CHILDES_TB](0) using format [conllu]
2026-02-26 16:30:50 INFO [admin] AnnotationDocumentExporter - Exported annotation document content for user [tsvetelina] for source document [ELI_cs.conllu](15) in project [BG_CHILDES_TB](0)
2026-02-26 16:30:50 INFO [admin] DocumentImportExportServiceImpl - Exported annotations [ELI_cs.conllu](15) for user [mila] from project [BG_CHILDES_TB](0) using format [conllu]
2026-02-26 16:30:50 INFO [admin] AnnotationDocumentExporter - Exported annotation document content for user [mila] for source document [ELI_cs.conllu](15) in project [BG_CHILDES_TB](0)
2026-02-26 16:30:50 INFO [admin] DocumentImportExportServiceImpl - Exported annotations [SIM_cds.conllu](16) for user [INITIAL_CAS] from project [BG_CHILDES_TB](0) using format [conllu]
2026-02-26 16:30:50 INFO [admin] AnnotationDocumentExporter - Exported annotation document content for user [INITIAL_CAS] for source document [SIM_cds.conllu](16) in project [BG_CHILDES_TB](0)
2026-02-26 16:30:51 INFO [admin] DocumentImportExportServiceImpl - Exported annotations [SIM_cds.conllu](16) for user [ivelina] from project [BG_CHILDES_TB](0) using format [conllu]
2026-02-26 16:30:51 INFO [admin] AnnotationDocumentExporter - Exported annotation document content for user [ivelina] for source document [SIM_cds.conllu](16) in project [BG_CHILDES_TB](0)
2026-02-26 16:30:51 INFO [admin] DocumentImportExportServiceImpl - Exported annotations [SIM_cds.conllu](16) for user [mila] from project [BG_CHILDES_TB](0) using format [conllu]
2026-02-26 16:30:51 INFO [admin] AnnotationDocumentExporter - Exported annotation document content for user [mila] for source document [SIM_cds.conllu](16) in project [BG_CHILDES_TB](0)
2026-02-26 16:30:51 INFO [admin] DocumentImportExportServiceImpl - Exported annotations [SIM_cds.conllu](16) for user [tsvetina] from project [BG_CHILDES_TB](0) using format [conllu]
2026-02-26 16:30:51 INFO [admin] AnnotationDocumentExporter - Exported annotation document content for user [tsvetina] for source document [SIM_cds.conllu](16) in project [BG_CHILDES_TB](0)
2026-02-26 16:30:51 INFO [admin] DocumentImportExportServiceImpl - Exported annotations [SIM_cs.conllu](17) for user [INITIAL_CAS] from project [BG_CHILDES_TB](0) using format [conllu]
2026-02-26 16:30:51 INFO [admin] AnnotationDocumentExporter - Exported annotation document content for user [INITIAL_CAS] for source document [SIM_cs.conllu](17) in project [BG_CHILDES_TB](0)
2026-02-26 16:30:51 INFO [admin] DocumentImportExportServiceImpl - Exported annotations [SIM_cs.conllu](17) for user [ivelina] from project [BG_CHILDES_TB](0) using format [conllu]
2026-02-26 16:30:51 INFO [admin] AnnotationDocumentExporter - Exported annotation document content for user [ivelina] for source document [SIM_cs.conllu](17) in project [BG_CHILDES_TB](0)
2026-02-26 16:30:51 INFO [admin] DocumentImportExportServiceImpl - Exported annotations [SIM_cs.conllu](17) for user [tsvetina] from project [BG_CHILDES_TB](0) using format [conllu]
2026-02-26 16:30:51 INFO [admin] AnnotationDocumentExporter - Exported annotation document content for user [tsvetina] for source document [SIM_cs.conllu](17) in project [BG_CHILDES_TB](0)
2026-02-26 16:30:51 INFO [admin] DocumentImportExportServiceImpl - Exported annotations [SIM_cs.conllu](17) for user [mila] from project [BG_CHILDES_TB](0) using format [conllu]
2026-02-26 16:30:51 INFO [admin] AnnotationDocumentExporter - Exported annotation document content for user [mila] for source document [SIM_cs.conllu](17) in project [BG_CHILDES_TB](0)
2026-02-26 16:30:51 INFO [admin] DocumentImportExportServiceImpl - Exported annotations [TEF_cds.conllu](18) for user [INITIAL_CAS] from project [BG_CHILDES_TB](0) using format [conllu]
2026-02-26 16:30:51 INFO [admin] AnnotationDocumentExporter - Exported annotation document content for user [INITIAL_CAS] for source document [TEF_cds.conllu](18) in project [BG_CHILDES_TB](0)
2026-02-26 16:30:51 INFO [admin] DocumentImportExportServiceImpl - Exported annotations [TEF_cds.conllu](18) for user [ivelina] from project [BG_CHILDES_TB](0) using format [conllu]
2026-02-26 16:30:51 INFO [admin] AnnotationDocumentExporter - Exported annotation document content for user [ivelina] for source document [TEF_cds.conllu](18) in project [BG_CHILDES_TB](0)
2026-02-26 16:30:52 INFO [admin] DocumentImportExportServiceImpl - Exported annotations [TEF_cs.conllu](19) for user [INITIAL_CAS] from project [BG_CHILDES_TB](0) using format [conllu]
2026-02-26 16:30:52 INFO [admin] AnnotationDocumentExporter - Exported annotation document content for user [INITIAL_CAS] for source document [TEF_cs.conllu](19) in project [BG_CHILDES_TB](0)
2026-02-26 16:30:52 INFO [admin] DocumentImportExportServiceImpl - Exported annotations [TEF_cs.conllu](19) for user [ivelina] from project [BG_CHILDES_TB](0) using format [conllu]
2026-02-26 16:30:52 INFO [admin] AnnotationDocumentExporter - Exported annotation document content for user [ivelina] for source document [TEF_cs.conllu](19) in project [BG_CHILDES_TB](0)
2026-02-26 16:30:52 INFO [admin] DocumentImportExportServiceImpl - Exported annotations [UD_relations_example_for_each.conllu](20) for user [INITIAL_CAS] from project [BG_CHILDES_TB](0) using format [conllu]
2026-02-26 16:30:52 INFO [admin] AnnotationDocumentExporter - Exported annotation document content for user [INITIAL_CAS] for source document [UD_relations_example_for_each.conllu](20) in project [BG_CHILDES_TB](0)
2026-02-26 16:30:52 INFO [admin] DocumentImportExportServiceImpl - Exported annotations [UD_relations_example_for_each.conllu](20) for user [mila] from project [BG_CHILDES_TB](0) using format [conllu]
2026-02-26 16:30:52 INFO [admin] AnnotationDocumentExporter - Exported annotation document content for user [mila] for source document [UD_relations_example_for_each.conllu](20) in project [BG_CHILDES_TB](0)
2026-02-26 16:31:13 INFO [admin] ProjectPermissionsExporter - Exported [9] permissions for project [BG_CHILDES_TB]
2026-02-26 16:31:13 INFO [admin] DocumentRepositoryExporter - Exported [0] document repositories for project [BG_CHILDES_TB]
2026-02-26 16:31:13 INFO [admin] KnowledgeBaseExporter - Exported [0] knowledge bases for project [BG_CHILDES_TB]
2026-02-26 16:31:13 INFO [admin] LayerExporter - Exported [10] layers for project [BG_CHILDES_TB]
2026-02-26 16:31:13 INFO [admin] TagSetExporter - Exported [23] tagsets for project [BG_CHILDES_TB]
2026-02-26 16:31:13 INFO [admin] DocumentImportExportServiceImpl - Exported annotations [BOG_cds.conllu](12) for user [CURATION_USER] from project [BG_CHILDES_TB](0) using format [conllu]
2026-02-26 16:31:13 INFO [admin] CurationWorkflowExporter - Exported curation workflow settings for project [BG_CHILDES_TB](0)
2026-02-26 16:31:13 INFO [admin] SourceDocumentExporter - Exported content for source document [10] in project [BG_CHILDES_TB] with id [0]
2026-02-26 16:31:13 INFO [admin] SourceDocumentExporter - Exported content for source document [11] in project [BG_CHILDES_TB] with id [0]
2026-02-26 16:31:13 INFO [admin] SourceDocumentExporter - Exported content for source document [12] in project [BG_CHILDES_TB] with id [0]
2026-02-26 16:31:13 INFO [admin] SourceDocumentExporter - Exported content for source document [13] in project [BG_CHILDES_TB] with id [0]
2026-02-26 16:31:13 INFO [admin] SourceDocumentExporter - Exported content for source document [14] in project [BG_CHILDES_TB] with id [0]
2026-02-26 16:31:13 INFO [admin] SourceDocumentExporter - Exported content for source document [15] in project [BG_CHILDES_TB] with id [0]
2026-02-26 16:31:13 INFO [admin] SourceDocumentExporter - Exported content for source document [16] in project [BG_CHILDES_TB] with id [0]
2026-02-26 16:31:13 INFO [admin] SourceDocumentExporter - Exported content for source document [17] in project [BG_CHILDES_TB] with id [0]
2026-02-26 16:31:13 INFO [admin] SourceDocumentExporter - Exported content for source document [18] in project [BG_CHILDES_TB] with id [0]
2026-02-26 16:31:13 INFO [admin] SourceDocumentExporter - Exported content for source document [19] in project [BG_CHILDES_TB] with id [0]
2026-02-26 16:31:13 INFO [admin] SourceDocumentExporter - Exported content for source document [20] in project [BG_CHILDES_TB] with id [0]
2026-02-26 16:31:14 INFO [admin] LoggedEventExporter - Exported [9460] logged events for project [BG_CHILDES_TB]
2026-02-26 16:31:14 INFO [admin] LoggedEventExporter - Skipped [59] logged events for [10] documents no longer existing
2026-02-26 16:31:14 INFO [admin] DefaultProjectPreferencesExporter - Exported [0] default preferences for project [BG_CHILDES_TB]
2026-02-26 16:31:14 INFO [admin] UserProjectPreferencesExporter - Exported [7] user preferences for project [BG_CHILDES_TB]
2026-02-26 16:31:14 INFO [admin] GazeteerExporter - Exported [0] gazeteers for project [BG_CHILDES_TB]
2026-02-26 16:31:14 INFO [admin] WorkloadManagerExporter - Exported workload manager for project [BG_CHILDES_TB]
2026-02-26 16:31:14 INFO [admin] RecommenderExporter - Exported [0] recommenders for project [BG_CHILDES_TB]
2026-02-26 16:31:14 INFO [admin] DocumentImportExportServiceImpl - Exported annotations [ALE_cds.conllu](10) for user [INITIAL_CAS] from project [BG_CHILDES_TB](0) using format [conllu]
2026-02-26 16:31:14 INFO [admin] AnnotationDocumentExporter - Exported annotation document content for user [INITIAL_CAS] for source document [ALE_cds.conllu](10) in project [BG_CHILDES_TB](0)
2026-02-26 16:31:14 INFO [admin] DocumentImportExportServiceImpl - Exported annotations [ALE_cds.conllu](10) for user [ivelina] from project [BG_CHILDES_TB](0) using format [conllu]
2026-02-26 16:31:14 INFO [admin] AnnotationDocumentExporter - Exported annotation document content for user [ivelina] for source document [ALE_cds.conllu](10) in project [BG_CHILDES_TB](0)
2026-02-26 16:31:14 INFO [admin] DocumentImportExportServiceImpl - Exported annotations [ALE_cds.conllu](10) for user [mila] from project [BG_CHILDES_TB](0) using format [conllu]
2026-02-26 16:31:14 INFO [admin] AnnotationDocumentExporter - Exported annotation document content for user [mila] for source document [ALE_cds.conllu](10) in project [BG_CHILDES_TB](0)
2026-02-26 16:31:14 INFO [admin] DocumentImportExportServiceImpl - Exported annotations [ALE_cds.conllu](10) for user [yasena] from project [BG_CHILDES_TB](0) using format [conllu]
2026-02-26 16:31:14 INFO [admin] AnnotationDocumentExporter - Exported annotation document content for user [yasena] for source document [ALE_cds.conllu](10) in project [BG_CHILDES_TB](0)
2026-02-26 16:31:14 INFO [admin] DocumentImportExportServiceImpl - Exported annotations [ALE_cs.conllu](11) for user [INITIAL_CAS] from project [BG_CHILDES_TB](0) using format [conllu]
2026-02-26 16:31:14 INFO [admin] AnnotationDocumentExporter - Exported annotation document content for user [INITIAL_CAS] for source document [ALE_cs.conllu](11) in project [BG_CHILDES_TB](0)
2026-02-26 16:31:14 INFO [admin] DocumentImportExportServiceImpl - Exported annotations [ALE_cs.conllu](11) for user [admin] from project [BG_CHILDES_TB](0) using format [conllu]
2026-02-26 16:31:14 INFO [admin] AnnotationDocumentExporter - Exported annotation document content for user [admin] for source document [ALE_cs.conllu](11) in project [BG_CHILDES_TB](0)
2026-02-26 16:31:14 INFO [admin] DocumentImportExportServiceImpl - Exported annotations [ALE_cs.conllu](11) for user [ivelina] from project [BG_CHILDES_TB](0) using format [conllu]
2026-02-26 16:31:14 INFO [admin] AnnotationDocumentExporter - Exported annotation document content for user [ivelina] for source document [ALE_cs.conllu](11) in project [BG_CHILDES_TB](0)
2026-02-26 16:31:14 INFO [admin] DocumentImportExportServiceImpl - Exported annotations [ALE_cs.conllu](11) for user [yasena] from project [BG_CHILDES_TB](0) using format [conllu]
2026-02-26 16:31:14 INFO [admin] AnnotationDocumentExporter - Exported annotation document content for user [yasena] for source document [ALE_cs.conllu](11) in project [BG_CHILDES_TB](0)
2026-02-26 16:31:14 INFO [admin] DocumentImportExportServiceImpl - Exported annotations [ALE_cs.conllu](11) for user [yoana] from project [BG_CHILDES_TB](0) using format [conllu]
2026-02-26 16:31:14 INFO [admin] AnnotationDocumentExporter - Exported annotation document content for user [yoana] for source document [ALE_cs.conllu](11) in project [BG_CHILDES_TB](0)
2026-02-26 16:31:14 INFO [admin] DocumentImportExportServiceImpl - Exported annotations [ALE_cs.conllu](11) for user [mila] from project [BG_CHILDES_TB](0) using format [conllu]
2026-02-26 16:31:14 INFO [admin] AnnotationDocumentExporter - Exported annotation document content for user [mila] for source document [ALE_cs.conllu](11) in project [BG_CHILDES_TB](0)
2026-02-26 16:31:14 INFO [admin] DocumentImportExportServiceImpl - Exported annotations [BOG_cds.conllu](12) for user [INITIAL_CAS] from project [BG_CHILDES_TB](0) using format [conllu]
2026-02-26 16:31:14 INFO [admin] AnnotationDocumentExporter - Exported annotation document content for user [INITIAL_CAS] for source document [BOG_cds.conllu](12) in project [BG_CHILDES_TB](0)
2026-02-26 16:31:14 INFO [admin] DocumentImportExportServiceImpl - Exported annotations [BOG_cds.conllu](12) for user [admin] from project [BG_CHILDES_TB](0) using format [conllu]
2026-02-26 16:31:14 INFO [admin] AnnotationDocumentExporter - Exported annotation document content for user [admin] for source document [BOG_cds.conllu](12) in project [BG_CHILDES_TB](0)
2026-02-26 16:31:14 INFO [admin] DocumentImportExportServiceImpl - Exported annotations [BOG_cds.conllu](12) for user [yasena] from project [BG_CHILDES_TB](0) using format [conllu]
2026-02-26 16:31:14 INFO [admin] AnnotationDocumentExporter - Exported annotation document content for user [yasena] for source document [BOG_cds.conllu](12) in project [BG_CHILDES_TB](0)
2026-02-26 16:31:14 INFO [admin] DocumentImportExportServiceImpl - Exported annotations [BOG_cds.conllu](12) for user [ivelina] from project [BG_CHILDES_TB](0) using format [conllu]
2026-02-26 16:31:14 INFO [admin] AnnotationDocumentExporter - Exported annotation document content for user [ivelina] for source document [BOG_cds.conllu](12) in project [BG_CHILDES_TB](0)
2026-02-26 16:31:14 INFO [admin] DocumentImportExportServiceImpl - Exported annotations [BOG_cds.conllu](12) for user [mila] from project [BG_CHILDES_TB](0) using format [conllu]
2026-02-26 16:31:14 INFO [admin] AnnotationDocumentExporter - Exported annotation document content for user [mila] for source document [BOG_cds.conllu](12) in project [BG_CHILDES_TB](0)
2026-02-26 16:31:14 INFO [admin] DocumentImportExportServiceImpl - Exported annotations [BOG_cds.conllu](12) for user [yoana] from project [BG_CHILDES_TB](0) using format [conllu]
2026-02-26 16:31:14 INFO [admin] AnnotationDocumentExporter - Exported annotation document content for user [yoana] for source document [BOG_cds.conllu](12) in project [BG_CHILDES_TB](0)
2026-02-26 16:31:14 INFO [admin] DocumentImportExportServiceImpl - Exported annotations [BOG_cs.conllu](13) for user [INITIAL_CAS] from project [BG_CHILDES_TB](0) using format [conllu]
2026-02-26 16:31:14 INFO [admin] AnnotationDocumentExporter - Exported annotation document content for user [INITIAL_CAS] for source document [BOG_cs.conllu](13) in project [BG_CHILDES_TB](0)
2026-02-26 16:31:14 INFO [admin] DocumentImportExportServiceImpl - Exported annotations [BOG_cs.conllu](13) for user [ivelina] from project [BG_CHILDES_TB](0) using format [conllu]
2026-02-26 16:31:14 INFO [admin] AnnotationDocumentExporter - Exported annotation document content for user [ivelina] for source document [BOG_cs.conllu](13) in project [BG_CHILDES_TB](0)
2026-02-26 16:31:14 INFO [admin] DocumentImportExportServiceImpl - Exported annotations [BOG_cs.conllu](13) for user [mila] from project [BG_CHILDES_TB](0) using format [conllu]
2026-02-26 16:31:14 INFO [admin] AnnotationDocumentExporter - Exported annotation document content for user [mila] for source document [BOG_cs.conllu](13) in project [BG_CHILDES_TB](0)
2026-02-26 16:31:14 INFO [admin] DocumentImportExportServiceImpl - Exported annotations [BOG_cs.conllu](13) for user [yoana] from project [BG_CHILDES_TB](0) using format [conllu]
2026-02-26 16:31:14 INFO [admin] AnnotationDocumentExporter - Exported annotation document content for user [yoana] for source document [BOG_cs.conllu](13) in project [BG_CHILDES_TB](0)
2026-02-26 16:31:14 INFO [admin] DocumentImportExportServiceImpl - Exported annotations [ELI_cds.conllu](14) for user [INITIAL_CAS] from project [BG_CHILDES_TB](0) using format [conllu]
2026-02-26 16:31:14 INFO [admin] AnnotationDocumentExporter - Exported annotation document content for user [INITIAL_CAS] for source document [ELI_cds.conllu](14) in project [BG_CHILDES_TB](0)
2026-02-26 16:31:14 INFO [admin] DocumentImportExportServiceImpl - Exported annotations [ELI_cds.conllu](14) for user [ivelina] from project [BG_CHILDES_TB](0) using format [conllu]
2026-02-26 16:31:14 INFO [admin] AnnotationDocumentExporter - Exported annotation document content for user [ivelina] for source document [ELI_cds.conllu](14) in project [BG_CHILDES_TB](0)
2026-02-26 16:31:14 INFO [admin] DocumentImportExportServiceImpl - Exported annotations [ELI_cds.conllu](14) for user [mila] from project [BG_CHILDES_TB](0) using format [conllu]
2026-02-26 16:31:14 INFO [admin] AnnotationDocumentExporter - Exported annotation document content for user [mila] for source document [ELI_cds.conllu](14) in project [BG_CHILDES_TB](0)
2026-02-26 16:31:14 INFO [admin] DocumentImportExportServiceImpl - Exported annotations [ELI_cs.conllu](15) for user [INITIAL_CAS] from project [BG_CHILDES_TB](0) using format [conllu]
2026-02-26 16:31:15 INFO [admin] AnnotationDocumentExporter - Exported annotation document content for user [INITIAL_CAS] for source document [ELI_cs.conllu](15) in project [BG_CHILDES_TB](0)
2026-02-26 16:31:15 INFO [admin] DocumentImportExportServiceImpl - Exported annotations [ELI_cs.conllu](15) for user [tsvetelina] from project [BG_CHILDES_TB](0) using format [conllu]
2026-02-26 16:31:15 INFO [admin] AnnotationDocumentExporter - Exported annotation document content for user [tsvetelina] for source document [ELI_cs.conllu](15) in project [BG_CHILDES_TB](0)
2026-02-26 16:31:15 INFO [admin] DocumentImportExportServiceImpl - Exported annotations [ELI_cs.conllu](15) for user [mila] from project [BG_CHILDES_TB](0) using format [conllu]
2026-02-26 16:31:15 INFO [admin] AnnotationDocumentExporter - Exported annotation document content for user [mila] for source document [ELI_cs.conllu](15) in project [BG_CHILDES_TB](0)
2026-02-26 16:31:15 INFO [admin] DocumentImportExportServiceImpl - Exported annotations [SIM_cds.conllu](16) for user [INITIAL_CAS] from project [BG_CHILDES_TB](0) using format [conllu]
2026-02-26 16:31:15 INFO [admin] AnnotationDocumentExporter - Exported annotation document content for user [INITIAL_CAS] for source document [SIM_cds.conllu](16) in project [BG_CHILDES_TB](0)
2026-02-26 16:31:15 INFO [admin] DocumentImportExportServiceImpl - Exported annotations [SIM_cds.conllu](16) for user [ivelina] from project [BG_CHILDES_TB](0) using format [conllu]
2026-02-26 16:31:15 INFO [admin] AnnotationDocumentExporter - Exported annotation document content for user [ivelina] for source document [SIM_cds.conllu](16) in project [BG_CHILDES_TB](0)
2026-02-26 16:31:15 INFO [admin] DocumentImportExportServiceImpl - Exported annotations [SIM_cds.conllu](16) for user [mila] from project [BG_CHILDES_TB](0) using format [conllu]
2026-02-26 16:31:15 INFO [admin] AnnotationDocumentExporter - Exported annotation document content for user [mila] for source document [SIM_cds.conllu](16) in project [BG_CHILDES_TB](0)
2026-02-26 16:31:15 INFO [admin] DocumentImportExportServiceImpl - Exported annotations [SIM_cds.conllu](16) for user [tsvetina] from project [BG_CHILDES_TB](0) using format [conllu]
2026-02-26 16:31:15 INFO [admin] AnnotationDocumentExporter - Exported annotation document content for user [tsvetina] for source document [SIM_cds.conllu](16) in project [BG_CHILDES_TB](0)
2026-02-26 16:31:15 INFO [admin] DocumentImportExportServiceImpl - Exported annotations [SIM_cs.conllu](17) for user [INITIAL_CAS] from project [BG_CHILDES_TB](0) using format [conllu]
2026-02-26 16:31:15 INFO [admin] AnnotationDocumentExporter - Exported annotation document content for user [INITIAL_CAS] for source document [SIM_cs.conllu](17) in project [BG_CHILDES_TB](0)
2026-02-26 16:31:15 INFO [admin] DocumentImportExportServiceImpl - Exported annotations [SIM_cs.conllu](17) for user [ivelina] from project [BG_CHILDES_TB](0) using format [conllu]
2026-02-26 16:31:15 INFO [admin] AnnotationDocumentExporter - Exported annotation document content for user [ivelina] for source document [SIM_cs.conllu](17) in project [BG_CHILDES_TB](0)
2026-02-26 16:31:15 INFO [admin] DocumentImportExportServiceImpl - Exported annotations [SIM_cs.conllu](17) for user [tsvetina] from project [BG_CHILDES_TB](0) using format [conllu]
2026-02-26 16:31:15 INFO [admin] AnnotationDocumentExporter - Exported annotation document content for user [tsvetina] for source document [SIM_cs.conllu](17) in project [BG_CHILDES_TB](0)
2026-02-26 16:31:15 INFO [admin] DocumentImportExportServiceImpl - Exported annotations [SIM_cs.conllu](17) for user [mila] from project [BG_CHILDES_TB](0) using format [conllu]
2026-02-26 16:31:15 INFO [admin] AnnotationDocumentExporter - Exported annotation document content for user [mila] for source document [SIM_cs.conllu](17) in project [BG_CHILDES_TB](0)
2026-02-26 16:31:15 INFO [admin] DocumentImportExportServiceImpl - Exported annotations [TEF_cds.conllu](18) for user [INITIAL_CAS] from project [BG_CHILDES_TB](0) using format [conllu]
2026-02-26 16:31:15 INFO [admin] AnnotationDocumentExporter - Exported annotation document content for user [INITIAL_CAS] for source document [TEF_cds.conllu](18) in project [BG_CHILDES_TB](0)
2026-02-26 16:31:16 INFO [admin] DocumentImportExportServiceImpl - Exported annotations [TEF_cds.conllu](18) for user [ivelina] from project [BG_CHILDES_TB](0) using format [conllu]
2026-02-26 16:31:16 INFO [admin] AnnotationDocumentExporter - Exported annotation document content for user [ivelina] for source document [TEF_cds.conllu](18) in project [BG_CHILDES_TB](0)
2026-02-26 16:31:16 INFO [admin] DocumentImportExportServiceImpl - Exported annotations [TEF_cs.conllu](19) for user [INITIAL_CAS] from project [BG_CHILDES_TB](0) using format [conllu]
2026-02-26 16:31:16 INFO [admin] AnnotationDocumentExporter - Exported annotation document content for user [INITIAL_CAS] for source document [TEF_cs.conllu](19) in project [BG_CHILDES_TB](0)
2026-02-26 16:31:16 INFO [admin] DocumentImportExportServiceImpl - Exported annotations [TEF_cs.conllu](19) for user [ivelina] from project [BG_CHILDES_TB](0) using format [conllu]
2026-02-26 16:31:16 INFO [admin] AnnotationDocumentExporter - Exported annotation document content for user [ivelina] for source document [TEF_cs.conllu](19) in project [BG_CHILDES_TB](0)
2026-02-26 16:31:16 INFO [admin] DocumentImportExportServiceImpl - Exported annotations [UD_relations_example_for_each.conllu](20) for user [INITIAL_CAS] from project [BG_CHILDES_TB](0) using format [conllu]
2026-02-26 16:31:16 INFO [admin] AnnotationDocumentExporter - Exported annotation document content for user [INITIAL_CAS] for source document [UD_relations_example_for_each.conllu](20) in project [BG_CHILDES_TB](0)
2026-02-26 16:31:16 INFO [admin] DocumentImportExportServiceImpl - Exported annotations [UD_relations_example_for_each.conllu](20) for user [mila] from project [BG_CHILDES_TB](0) using format [conllu]
2026-02-26 16:31:16 INFO [admin] AnnotationDocumentExporter - Exported annotation document content for user [mila] for source document [UD_relations_example_for_each.conllu](20) in project [BG_CHILDES_TB](0)
2026-02-26 21:20:28 INFO [admin] AnnotationSchemaServiceImpl - Upgraded CAS of user [ivelina] for document [TEF_cs.conllu](19) in project [BG_CHILDES_TB](0)
2026-02-27 09:54:13 INFO [admin] AnnotationSchemaServiceImpl - Upgraded CAS of user [yasena] for document [ALE_cds.conllu](10) in project [BG_CHILDES_TB](0)
2026-02-27 10:21:43 INFO [admin] ProjectPermissionsExporter - Exported [9] permissions for project [BG_CHILDES_TB]
2026-02-27 10:21:43 INFO [admin] DocumentRepositoryExporter - Exported [0] document repositories for project [BG_CHILDES_TB]
2026-02-27 10:21:43 INFO [admin] KnowledgeBaseExporter - Exported [0] knowledge bases for project [BG_CHILDES_TB]
2026-02-27 10:21:43 INFO [admin] LayerExporter - Exported [10] layers for project [BG_CHILDES_TB]
2026-02-27 10:21:43 INFO [admin] TagSetExporter - Exported [23] tagsets for project [BG_CHILDES_TB]
2026-02-27 10:21:43 INFO [admin] DocumentImportExportServiceImpl - Exported annotations [ALE_cds.conllu](10) for user [CURATION_USER] from project [BG_CHILDES_TB](0) using format [conllu]
2026-02-27 10:21:43 INFO [admin] DocumentImportExportServiceImpl - Exported annotations [BOG_cds.conllu](12) for user [CURATION_USER] from project [BG_CHILDES_TB](0) using format [conllu]
2026-02-27 10:21:43 INFO [admin] CurationWorkflowExporter - Exported curation workflow settings for project [BG_CHILDES_TB](0)
2026-02-27 10:21:43 INFO [admin] SourceDocumentExporter - Exported content for source document [10] in project [BG_CHILDES_TB] with id [0]
2026-02-27 10:21:43 INFO [admin] SourceDocumentExporter - Exported content for source document [11] in project [BG_CHILDES_TB] with id [0]
2026-02-27 10:21:43 INFO [admin] SourceDocumentExporter - Exported content for source document [12] in project [BG_CHILDES_TB] with id [0]
2026-02-27 10:21:43 INFO [admin] SourceDocumentExporter - Exported content for source document [13] in project [BG_CHILDES_TB] with id [0]
2026-02-27 10:21:43 INFO [admin] SourceDocumentExporter - Exported content for source document [14] in project [BG_CHILDES_TB] with id [0]
2026-02-27 10:21:43 INFO [admin] SourceDocumentExporter - Exported content for source document [15] in project [BG_CHILDES_TB] with id [0]
2026-02-27 10:21:43 INFO [admin] SourceDocumentExporter - Exported content for source document [16] in project [BG_CHILDES_TB] with id [0]
2026-02-27 10:21:43 INFO [admin] SourceDocumentExporter - Exported content for source document [17] in project [BG_CHILDES_TB] with id [0]
2026-02-27 10:21:43 INFO [admin] SourceDocumentExporter - Exported content for source document [18] in project [BG_CHILDES_TB] with id [0]
2026-02-27 10:21:43 INFO [admin] SourceDocumentExporter - Exported content for source document [19] in project [BG_CHILDES_TB] with id [0]
2026-02-27 10:21:43 INFO [admin] SourceDocumentExporter - Exported content for source document [20] in project [BG_CHILDES_TB] with id [0]
