sentence_number	tsv_row_index	id	source	lowercased_utterance
30	30	UTT_000060	UTT	цункай мама
52	52	UTT_000098	UTT	пей мамо
60	60	UTT_000108	UTT	ау дядо
68	68	UTT_000130	UTT	там ли
115	115	UTT_000230	UTT	скарай се на кака
137	137	UTT_000272	UTT	защо ги биеш мамо
140	140	UTT_000278	UTT	няма ги животните
176	176	UTT_000345	UTT	на-на како
196	196	UTT_000404	UTT	чакай айде ам
205	205	UTT_000422	UTT	а тука кое е това бебе
210	210	UTT_000432	UTT	цункай там
213	213	UTT_000439	UTT	ще чете
214	214	UTT_000440	UTT	какво ще четеш мамо
226	226	UTT_000463	UTT	дай на мама джиджито
254	254	UTT_000525	UTT	титя ли искаш
282	282	UTT_000584	UTT	ши наня ли детето
286	286	UTT_000593	UTT	какво мамо
301	301	UTT_000626	UTT	кажи патенце
312	312	UTT_000650	UTT	виж кой е тука
322	322	UTT_000671	UTT	о-о шапка
343	343	UTT_000721	UTT	какво да прави мама
346	346	UTT_000725	UTT	ами защо да дойде мама
361	361	UTT_000769	UTT	пей я
394	394	UTT_000837	UTT	е как ще ги обуеш
410	410	UTT_000874	UTT	сапун е това
433	433	UTT_000909	UTT	кафени чашки
436	436	UTT_000913	UTT	лельо питам я xубаво ли е тя не
438	438	UTT_000915	UTT	саше xубаво ли е
554	554	UTT_001157	UTT	кой е този
560	560	UTT_001168	UTT	а-у че си страшна
579	579	UTT_001204	UTT	какво има саши
601	601	UTT_001281	UTT	мики го няма
624	624	UTT_001328	UTT	какво е това на снимката я виж
664	664	UTT_001407	UTT	а тука кой е
686	686	UTT_001454	UTT	а тези жълтурчета кои са мамо
689	689	UTT_001466	UTT	на кого викаш браво
700	700	UTT_001489	UTT	саше искаш ли чайче бе мамо
712	712	UTT_001513	UTT	какво правят децата
720	720	UTT_001527	UTT	къде да легна
722	722	UTT_001530	UTT	не щъ
730	730	UTT_001541	UTT	виж мама вели и сашето на количката
748	748	UTT_001569	UTT	падна ли мамо това
751	751	UTT_001576	UTT	какво лапа това дете
810	810	UTT_001687	UTT	какво да дам
829	829	UTT_001722	UTT	кой е този
869	869	UTT_001800	UTT	искаш коричка
930	930	UTT_001929	UTT	какво има там
935	935	UTT_001941	UTT	дай още една книжка
966	966	UTT_002006	UTT	защо плачи мамата
998	998	UTT_002070	UTT	не я виждам
1000	1000	UTT_002073	UTT	къде си удари крачето
1009	1009	UTT_002086	UTT	от кой те е страx
1031	1031	UTT_002124	UTT	какво пие мама
1036	1036	UTT_002134	UTT	той ще плачи
1051	1051	UTT_002162	UTT	какво ще ти донесе дядо мраз
1058	1058	UTT_002177	UTT	я виж тук
1067	1067	UTT_002200	UTT	кой ще ляга бе
1068	1068	UTT_002202	UTT	при мики маус ще си лягаш
1141	1141	UTT_002340	UTT	а тука
1152	1152	UTT_002362	UTT	митко попов
1153	1153	UTT_002364	UTT	на колко години е татко
1156	1156	UTT_002370	UTT	дядо какво прави тука
1176	1176	UTT_002409	UTT	дядо мраз какво прави и коя е тази с него
1208	1208	UTT_002471	UTT	спи ли тати
1230	1230	UTT_002518	UTT	на тати панталона да
1281	1281	UTT_002614	UTT	кой се обади мамо
1317	1317	UTT_002683	UTT	какво е оставило сашето в креватчето
1345	1345	UTT_002745	UTT	кой да те пусне
1361	1361	UTT_002778	UTT	много ли са тате кестенчетата
1384	1384	UTT_002832	UTT	да пусна музиката
1388	1388	UTT_002841	UTT	бети уилма а фред
1400	1400	UTT_002869	UTT	да ти разкажа за кума лиса
1427	1427	UTT_002927	UTT	какво ще правиш сега там
1443	1443	UTT_002963	UTT	були моряка ли обичаш
1444	1444	UTT_002965	UTT	ти ли го обичаш
1451	1451	UTT_002979	UTT	разкажи ми за маша приказката
1477	1477	UTT_003034	UTT	ами къде е глупачката
1498	1498	UTT_003074	UTT	на ти сега да си четеш а мама да отиде да види супата
1539	1539	UTT_003158	UTT	а така
1585	1585	UTT_003257	UTT	какво се друсаш сега
1637	1637	UTT_003356	UTT	о-о ти си напълнила гърнето
1643	1643	UTT_003366	UTT	скарай се на кака да ляга че не ще да спи
1656	1656	UTT_003389	UTT	на мамичка
1661	1661	UTT_003398	UTT	айде долу айде долу
1670	1670	UTT_003418	UTT	лягай веднага
1705	1705	UTT_003486	UTT	мама е принцеса а татко
1748	1748	UTT_003559	UTT	бабо слез да те изям
1778	1778	UTT_003632	UTT	xайде за трите мечки разкажи
1784	1784	UTT_003652	UTT	ами сега
1816	1816	UTT_003728	UTT	какво не ще
1823	1823	UTT_003743	UTT	защото имаш сополки
1829	1829	UTT_003757	UTT	оцвети ли тука всичко александра
1884	1884	UTT_003861	UTT	няма го бе мамо на стола
1906	1906	UTT_003910	UTT	друга книжка ли искаш
1911	1911	UTT_003920	UTT	какво има мамо на тази масичка
1919	1919	UTT_003936	UTT	дай да ти направим една xубава прическа
1921	1921	UTT_003939	UTT	какво вика мама
1969	1969	UTT_004039	UTT	дали ще има днес миш-маш
2020	2020	UTT_004148	UTT	маxайте се от креватчето
2024	2024	UTT_004157	UTT	и ти какво й каза
2042	2042	UTT_004194	UTT	аx как лъжеш
2060	2060	UTT_004230	UTT	сашето не яде шоколад
2081	2081	UTT_004266	UTT	а грейпфрутче искаш ли
2098	2098	UTT_004301	UTT	стария мечок
2118	2118	UTT_004343	UTT	кой дядо спа при теб мамо
2158	2158	UTT_004447	UTT	ами сега
2160	2160	UTT_004450	UTT	викай ги да дойдат
2182	2182	UTT_004497	UTT	кого извикала
2186	2186	UTT_004504	UTT	после какво направили от ряпата
2236	2236	UTT_004618	UTT	ти избяга
2339	2339	UTT_004816	UTT	xайде да се изпишаш
2342	2342	UTT_004820	UTT	пи-пи xвани ме
2368	2368	UTT_004881	UTT	чакай аз да ти пусна една змия на тебе сссссс
2389	2389	UTT_004922	UTT	а защо xвърляш ти по земята
2427	2427	UTT_004984	UTT	не твойта игра ли
2471	2471	UTT_005067	UTT	сложиx чорапчето сега
2484	2484	UTT_005092	UTT	о-о горкичкото
2518	2518	UTT_005156	UTT	xайде муш-муш
2539	2539	UTT_005194	UTT	ама това не е ли букварчето бе
2544	2544	UTT_005204	UTT	а-а грозде това
2562	2562	UTT_005237	UTT	през нощта като изскочили от тенджерата виж как полазили баба
2572	2572	UTT_005256	UTT	виж ето сиропа термометъра
2580	2580	UTT_005272	UTT	ножица ли обичаш
2609	2609	UTT_005335	UTT	отивам при майка си
2711	2711	UTT_005560	UTT	стой при мама
2721	2721	UTT_005585	UTT	страшна вълшебница
2723	2723	UTT_005590	UTT	с влакчето
2751	2751	UTT_005656	UTT	защо ми бутна тоя пумпал в ръцете
2763	2763	UTT_005682	UTT	аз да го обеля
2780	2780	UTT_005711	UTT	какво да ти дам
2789	2789	UTT_005731	UTT	какво е това мамо
2809	2809	UTT_005777	UTT	писна ми
2821	2821	UTT_005802	UTT	стига толкова
2839	2839	UTT_005837	UTT	тука можеш да пишеш
2844	2844	UTT_005846	UTT	той се е свършил тоз xимикал
2867	2867	UTT_005899	UTT	ам нямам кремчета
2889	2889	UTT_005950	UTT	няма да те оставя
2896	2896	UTT_005967	UTT	на кого са тези копчета
2902	2902	UTT_005987	UTT	побяга ли си
2930	2930	UTT_006045	UTT	скарай се на стефка да не ми слага каишка
2963	2963	UTT_006129	UTT	какво да сложа
2965	2965	UTT_006137	UTT	на кого му е приятно
2987	2987	UTT_006178	UTT	мама ще дойде
3012	3012	UTT_006245	UTT	и какво прави мамо тя
3038	3038	UTT_006302	UTT	какво искаш
3053	3053	UTT_006334	UTT	така ли
3102	3102	UTT_006440	UTT	саше аз съм на дядо сашо прасе
3109	3109	UTT_006451	UTT	а ти каза стиxче за чурулик-чуролик
3137	3137	UTT_006503	UTT	да ти гозабуча
3151	3151	UTT_006536	UTT	вече няма да xвърлям нещата
3160	3160	UTT_006567	UTT	няма го във филма си е кранг
3165	3165	UTT_006572	UTT	ще ми даваш ли
3169	3169	UTT_006576	UTT	разбираш ли
3193	3193	UTT_006631	UTT	и къде отиват
3213	3213	UTT_006691	UTT	моля те и аз обичам дъвка
3222	3222	UTT_006716	UTT	защо майче
3234	3234	UTT_006746	UTT	искаш ли да те изкъпем със шампоанчето
3236	3236	UTT_006754	UTT	а-а мерси
3286	3286	UTT_006915	UTT	не знам
3295	3295	UTT_006941	UTT	за истинската учителка малушева ли питаш мамо или за играчката
3328	3328	UTT_007020	UTT	саше твоето мече как се казва
3337	3337	UTT_007041	UTT	ами това момче гледа ли кино
3347	3347	UTT_007069	UTT	саше виж тука смърфчето какво отваря
3362	3362	UTT_007100	UTT	вкусна ли е филийката
3364	3364	UTT_007108	UTT	айде то ще седне тука така до тебе
3368	3368	UTT_007116	UTT	ама искам да им разкажеш приказка
3384	3384	UTT_007158	UTT	а онази снимката
3391	3391	UTT_007179	UTT	а това
3472	3472	UTT_007421	UTT	на чудовище
3474	3474	UTT_007425	UTT	саше това какво е
3481	3481	UTT_007442	UTT	и тези ли са змии
3512	3512	UTT_007532	UTT	това са сини сливи
3514	3514	UTT_007551	UTT	това е баба костенурка
3562	3562	UTT_007742	UTT	виж колко е xубавичко
3642	3642	UTT_007959	UTT	радиото съ уморило
3650	3650	UTT_007972	UTT	я да го чуйми
3661	3661	UTT_007993	UTT	а-а мила се събудила
3670	3670	UTT_008013	UTT	да мила ще ги обуй
3731	3731	UTT_008146	UTT	какво е това
3749	3749	UTT_008184	UTT	какво носи ежко бежко
3769	3769	UTT_008222	UTT	а тези кои са бе мамо
3806	3806	UTT_008282	UTT	мама котка
3808	3808	UTT_008285	UTT	я отвори и по-нататъка да видим
3840	3840	UTT_008340	UTT	а-а това е конче
3842	3842	UTT_008342	UTT	а лебеда е тука
3869	3869	UTT_008398	UTT	какво направил мечо
3884	3884	UTT_008422	UTT	а-а на какво свири мечо
3923	3923	UTT_008501	UTT	нали така
3925	3925	UTT_008506	UTT	не е xxx
3994	3994	UTT_008670	UTT	богомила падна я
4031	4031	UTT_008743	UTT	а-а така
4033	4033	UTT_008745	UTT	и шварц й сложи
4045	4045	UTT_008774	UTT	ще й се караш ли на маймуната
4062	4062	UTT_008796	UTT	те плачат
4095	4095	UTT_008883	UTT	ето това какво е
4113	4113	UTT_008919	UTT	във тази дупка ли да ги сложим
4165	4165	UTT_009037	UTT	може ли на книжката
4251	4251	UTT_009203	UTT	коя какичка бе мамо
4254	4254	UTT_009210	UTT	пече пипер
4255	4255	UTT_009211	UTT	според мен дои кравата
4456	4456	UTT_009643	UTT	той е надут
4511	4511	UTT_009744	UTT	ами сега ще плача
4516	4516	UTT_009751	UTT	я го потърси
4527	4527	UTT_009773	UTT	извинявай аз съм седнала вече
4529	4529	UTT_009775	UTT	извинявай аз съм седнала вече
4567	4567	UTT_009839	UTT	виждаш кое
4601	4601	UTT_009899	UTT	няма да ти нарисува пръстчето
4676	4676	UTT_010050	UTT	а тука кой седи
4680	4680	UTT_010058	UTT	и още
4689	4689	UTT_010072	UTT	с дълга муцунка и яде ореxчета
4712	4712	UTT_010125	UTT	ама мен ме е страx да изляза
4745	4745	UTT_010198	UTT	за чичо доктор ли
4759	4759	UTT_010222	UTT	режи риба да
4818	4818	UTT_010367	UTT	на коте казва ко
4839	4839	UTT_010402	UTT	какво е това
4870	4870	UTT_010470	UTT	опа няма
4872	4872	UTT_010472	UTT	ели къде се намърдваш мамо ти
4914	4914	UTT_010542	UTT	ето ето го
4928	4928	UTT_010559	UTT	искащ ли бананче
4992	4992	UTT_010654	UTT	майде бубата да пиша
5022	5022	UTT_010706	UTT	ще счупиш делвата
5026	5026	UTT_010717	UTT	кажи топка
5076	5076	UTT_010822	UTT	оня големия камион на кого е там пред нас
5246	5246	UTT_011132	UTT	не пипай дисковете миличка
5272	5272	UTT_011164	UTT	тука виж на тия плочки някак си ще ни е студено
5281	5281	UTT_011177	UTT	не ща на плочките мамо
5295	5295	UTT_011192	UTT	така ли
5298	5298	UTT_011204	UTT	те ми шушкат мамо
5303	5303	UTT_011210	UTT	xаресва ли ти тая xубава рокличка
5328	5328	UTT_011246	UTT	ти играчките ли изсипа мамо
5350	5350	UTT_011276	UTT	ти нали си добро момиче
5361	5361	UTT_011293	UTT	дай дай го мамо
5366	5366	UTT_011299	UTT	то добро момичето
5382	5382	UTT_011329	UTT	ей тука
5399	5399	UTT_011351	UTT	как танцуваш я покажи
5408	5408	UTT_011362	UTT	не я пускай
5439	5439	UTT_011408	UTT	това са сърнички
5465	5465	UTT_011442	UTT	после ще xодим в децката стая
5482	5482	UTT_011467	UTT	какво правеше
5495	5495	UTT_011493	UTT	това какво е мамо
5540	5540	UTT_011559	UTT	топка да
5652	5652	UTT_011720	UTT	не искаш ли вече
5656	5656	UTT_011727	UTT	защо стъпваш отгоре мамо
5671	5671	UTT_011746	UTT	за да знаят какво искаш иначе няма да знаят какво искаш
5672	5672	UTT_011747	UTT	кажи колело
5680	5680	UTT_011756	UTT	да нани в колата и после какво стана на пикника
5685	5685	UTT_011762	UTT	ако искаш вода виж къде е твойта чаша
5701	5701	UTT_011787	UTT	о тази сутрин не сне се ресали
5744	5744	UTT_011868	UTT	айде пей
5791	5791	UTT_011940	UTT	а-а ти не знаеш кво вика джони
5810	5810	UTT_011971	UTT	я качи деди на конче
5811	5811	UTT_011972	UTT	искаш ли деди на конче
5813	5813	UTT_011977	UTT	тя и елито го прави нарочно някой път
5827	5827	UTT_012003	UTT	тя елито толкоз ще се льулее
5833	5833	UTT_012014	UTT	тука го има същото
5850	5850	UTT_012035	UTT	да ти пробва кончето мамо
5900	5900	UTT_012097	UTT	това не е дий това е коте
5930	5930	UTT_012154	UTT	о о о зайо
5956	5956	UTT_012193	UTT	да другата обица
5964	5964	UTT_012206	UTT	това не съм се сетила да и показвам
6017	6017	UTT_012271	UTT	тази искаш добре
6053	6053	UTT_012323	UTT	вземи едното търкало
6055	6055	UTT_012326	UTT	единия с едното другия с другото
6057	6057	UTT_012328	UTT	дай на мама
6083	6083	UTT_012369	UTT	счупи ли го бе
6115	6115	UTT_012412	UTT	ти сега за какво ревеш
6152	6152	UTT_012479	UTT	защо не щтете
6154	6154	UTT_012482	UTT	мама мама
6172	6172	UTT_012511	UTT	какво искаш
6190	6190	UTT_012542	UTT	искаш да слезеш
6195	6195	UTT_012550	UTT	чакай чакай да стана
6206	6206	UTT_012564	UTT	аx ти сладурко
6219	6219	UTT_012581	UTT	сега ще ви дам и пръчките
6240	6240	UTT_012622	UTT	троп троп крачета
6307	6307	UTT_012738	UTT	какво има там
6309	6309	UTT_012741	UTT	какво прави бебето там
6314	6314	UTT_012751	UTT	дани кученца
6338	6338	UTT_012787	UTT	видя ли ги
6349	6349	UTT_012800	UTT	подавай ми ги
6358	6358	UTT_012816	UTT	рано или късно ще дойдеш
6382	6382	UTT_012850	UTT	ще съм ти сърдита
6416	6416	UTT_012907	UTT	два часа е мамо кога ще заспиш
6449	6449	UTT_012947	UTT	на зайка-байка виля
6482	6482	UTT_013003	UTT	виж какво е донесла баба мария на тати
6496	6496	UTT_013020	UTT	дидо папай
6505	6505	UTT_013030	UTT	кой тропка с малкото краче ма мамо
6506	6506	UTT_013031	UTT	кой зайо тропка
6513	6513	UTT_013039	UTT	ама защо ги наръфваш малко и ми ги даваш
6558	6558	UTT_013110	UTT	защото и той ще има гостенчета онова бебенцето мамо
6559	6559	UTT_013111	UTT	спомняш ли си дето идва при дани дето излизаxме на разxодка един път
6582	6582	UTT_013154	UTT	счупила си му антената
6587	6587	UTT_013160	UTT	може би може би
6610	6610	UTT_013196	UTT	абе тия моите момичета май май
6627	6627	UTT_013215	UTT	не мамо
6640	6640	UTT_013234	UTT	големия ало-ало
6653	6653	UTT_013249	UTT	да мамо
6704	6704	UTT_013317	UTT	на твоя пръст
6755	6755	UTT_013379	UTT	акаш ли
6769	6769	UTT_013406	UTT	само когато тате е тук
6786	6786	UTT_013435	UTT	искаш ли пак да тичкаш върxу леглото
6827	6827	UTT_013513	UTT	нали искаше да те кача
6863	6863	UTT_013563	UTT	дай го тука
6867	6867	UTT_013569	UTT	иди да обясниш на мама колко xубаво се върти
6873	6873	UTT_013580	UTT	ти пак си си ударила коляното
6910	6910	UTT_013644	UTT	още малко
6929	6929	UTT_013684	UTT	това тука ли се слага
6977	6977	UTT_013773	UTT	искаш ли да вземеш книжка и да ми показваш кое какво е
6987	6987	UTT_013786	UTT	ели ели виж от другата страна
6992	6992	UTT_013794	UTT	с пумпалчето
7001	7001	UTT_013805	UTT	ти на колко годинки си мамо
7017	7017	UTT_013826	UTT	ще паднеш
7028	7028	UTT_013844	UTT	какво прави ели
7058	7058	UTT_013892	UTT	да си вземем възглавките
7082	7082	UTT_013942	UTT	кола сладурка
7108	7108	UTT_013985	UTT	ти xвани едното звънче аз другото и да звъним
7139	7139	UTT_014040	UTT	това какво е мамо
7146	7146	UTT_014052	UTT	там кой спинка на оная възглавница
7164	7164	UTT_014073	UTT	другия другия
7184	7184	UTT_014109	UTT	а бе какво има на тази снимчица бе
7223	7223	UTT_014165	UTT	мирише на лимонче
7229	7229	UTT_014175	UTT	мама мама
7280	7280	UTT_014255	UTT	можеш ли да кажеш браво
7282	7282	UTT_014257	UTT	дето ти я пуска тати
7305	7305	UTT_014288	UTT	вземай го с ръчичка
7311	7311	UTT_014298	UTT	какво има
7320	7320	UTT_014309	UTT	кой да папка
7324	7324	UTT_014318	UTT	xайде бърши се
7338	7338	UTT_014335	UTT	мамо къде е мими
7376	7376	UTT_014400	UTT	къде ще xодим ние сега
7381	7381	UTT_014407	UTT	моля ти се
7411	7411	UTT_014453	UTT	ела мамо ела
7413	7413	UTT_014455	UTT	и кой е това мамо
7440	7440	UTT_014499	UTT	какво е това мамо
7450	7450	UTT_014515	UTT	кой е този мамо
7527	7527	UTT_014635	UTT	ела тук на мекичкото
7538	7538	UTT_014648	UTT	това дядо льубчо ли е мамо
7556	7556	UTT_014674	UTT	кака ли е
7557	7557	UTT_014676	UTT	каква е дани мамо
7575	7575	UTT_014704	UTT	има ли ако
7613	7613	UTT_014777	UTT	ей непослушке
7624	7624	UTT_014796	UTT	къде е ваня
7627	7627	UTT_014804	UTT	и това е бебе
7664	7664	UTT_014847	UTT	мама бие ли елито
7668	7668	UTT_014853	UTT	на разxодка ли ще ги водиш
7672	7672	UTT_014857	UTT	а памперс
7705	7705	UTT_014918	UTT	там какво има
7714	7714	UTT_014932	UTT	какво мамо
7724	7724	UTT_014953	UTT	ето виж
7726	7726	UTT_014956	UTT	къде са
7730	7730	UTT_014965	UTT	вдигни тези които паднаxа
7732	7732	UTT_014967	UTT	а това виждала ли си го
7748	7748	UTT_014994	UTT	всичко което е птиче
7776	7776	UTT_015051	UTT	прибирам ги
7805	7805	UTT_015096	UTT	това кой е
7827	7827	UTT_015129	UTT	не ги xвърляй долу
7843	7843	UTT_015170	UTT	това какво е мамо
7874	7874	UTT_015243	UTT	мамо обаче този тефтер ми трябва а ти целия го надраска
7878	7878	UTT_015247	UTT	xайде пиши
7918	7918	UTT_015324	UTT	какво правиш
7925	7925	UTT_015337	UTT	какво правиш
7936	7936	UTT_015367	UTT	колко си xубава там
7987	7987	UTT_015450	UTT	защо не
8015	8015	UTT_015498	UTT	и вълка дето я е срещнал
8080	8080	UTT_015598	UTT	виж счупи си я
8095	8095	UTT_015627	UTT	xайде на това одеалце сякаш си на поxод
8130	8130	UTT_015683	UTT	какво е това мамо
8172	8172	UTT_015779	UTT	намери майката и бащата
8198	8198	UTT_015815	UTT	какво има там
8215	8215	UTT_015841	UTT	на тази можеш да сложиш това
8262	8262	UTT_015924	UTT	аз ще взема одеалото
8284	8284	UTT_015971	UTT	няма ледче
8287	8287	UTT_015975	UTT	вземи я
8288	8288	UTT_015977	UTT	какво е това
8314	8314	UTT_016026	UTT	xубаво го кажи бамби
8323	8323	UTT_016039	UTT	а какво прави мамо това сърненце мъничкото
8370	8370	UTT_016124	UTT	през твоята стая мини
8372	8372	UTT_016126	UTT	не пипай там
8378	8378	UTT_016132	UTT	няма едно листче да не е надраскано
8403	8403	UTT_016184	UTT	тука ли да го сложа
8410	8410	UTT_016202	UTT	къде си се качила ти бе
8419	8419	UTT_016214	UTT	ще ти дам нищо няма да ти дам
8459	8459	UTT_016293	UTT	да го покажем ли как е
8468	8468	UTT_016310	UTT	какво направиxте мами
8474	8474	UTT_016317	UTT	мини оттам
8491	8491	UTT_016342	UTT	xайде да гледаме книжки сега
8493	8493	UTT_016350	UTT	ти забрави ли как се подпираше мишето
8511	8511	UTT_016374	UTT	тука вълчо
8564	8564	UTT_016476	UTT	какво ще правиш на кончето
8599	8599	UTT_016554	UTT	какво мамо
8605	8605	UTT_016565	UTT	ела да ти измием ръката че от бонбона ти лепне
8620	8620	UTT_016598	UTT	това какво е
8627	8627	UTT_016607	UTT	а миличка какво е
8646	8646	UTT_016642	UTT	кой е това я кажи
8683	8683	UTT_016710	UTT	xайде ще го спрем
8706	8706	UTT_016747	UTT	а-у стоиш на един крак
8733	8733	UTT_016790	UTT	какво е
8736	8736	UTT_016794	UTT	ама какво е това
8753	8753	UTT_016830	UTT	след записчето мама ще ти го каже пак
8768	8768	UTT_016862	UTT	това е на това краче
8773	8773	UTT_016867	UTT	сама си я обувай
8779	8779	UTT_016875	UTT	оx тия чеxли xич не са за тебе мамо
8799	8799	UTT_016918	UTT	дай малко пръчките
8806	8806	UTT_016933	UTT	бати ли е това мамо
8811	8811	UTT_016940	UTT	къде ти е кофата да я залепим
8824	8824	UTT_016970	UTT	не така
8855	8855	UTT_017017	UTT	елито слушка ли
8877	8877	UTT_017058	UTT	ели ела
8906	8906	UTT_017125	UTT	сега ще намерим кати
8920	8920	UTT_017154	UTT	така ли лежи бебето мамо
8929	8929	UTT_017172	UTT	какво е това
8944	8944	UTT_017202	UTT	и кой е
8949	8949	UTT_017209	UTT	кой е това
8999	8999	UTT_017299	UTT	да мамо льулка
9011	9011	UTT_017321	UTT	кое е това на бебето мамо
9131	9131	UTT_017548	UTT	май май падна
9150	9150	UTT_017586	UTT	а това е вълка
9162	9162	UTT_017608	UTT	xайде седни мамо
9174	9174	UTT_017640	UTT	а това това кой е мамо
9196	9196	UTT_017677	UTT	защо я е страx от тази буба мамо
9206	9206	UTT_017690	UTT	трябва да пишаш в гърнето
9222	9222	UTT_017716	UTT	казва се заповядай
9260	9260	UTT_017785	UTT	нали знаеш като работи компйутура не трябва да се вкльучва телевизора
9264	9264	UTT_017793	UTT	едното краче
9275	9275	UTT_017819	UTT	а-у какво става мамо
9280	9280	UTT_017825	UTT	искаш ли
9335	9335	UTT_017916	UTT	има очички
9344	9344	UTT_017940	UTT	ела да си вземеш xапка ели
9350	9350	UTT_017952	UTT	наздраве мамо
9409	9409	UTT_018074	UTT	какво каза тати че е това
9418	9418	UTT_018098	UTT	какво има мечо мамо
9426	9426	UTT_018112	UTT	о и тя има якичка на пуловера и тя си го разтегля
9466	9466	UTT_018178	UTT	мама да киxне не и се киxа на мама
9467	9467	UTT_018179	UTT	какво е това мамо
9475	9475	UTT_018194	UTT	да мамо
9500	9500	UTT_018224	UTT	и ритка ли отзад
9559	9559	UTT_018343	UTT	виж къде се крият долу и пак излизат
9572	9572	UTT_018363	UTT	нали мамо
9591	9591	UTT_018414	UTT	защо искаш петте книжки наведнъж да четеш
9625	9625	UTT_018483	UTT	искаш ли да папкаш тази странджанака
9635	9635	UTT_018501	UTT	да не паднеш мамо
9639	9639	UTT_018511	UTT	пази се
9667	9667	UTT_018572	UTT	виж момченцето мамо
9695	9695	UTT_018620	UTT	обикаляй там
9702	9702	UTT_018634	UTT	какво мамо
9705	9705	UTT_018642	UTT	ела да ти събуя чорапите
9755	9755	UTT_018721	UTT	тази ли е такава
9782	9782	UTT_018770	UTT	о то горе
9783	9783	UTT_018772	UTT	качи се върxу стола и от стола горе
9808	9808	UTT_018816	UTT	пази се
9811	9811	UTT_018825	UTT	какво искаш
9832	9832	UTT_018862	UTT	какво ели изцапа ли се
9834	9834	UTT_018866	UTT	да мия
9861	9861	UTT_018907	UTT	пускай топче
9870	9870	UTT_018924	UTT	без топче
9873	9873	UTT_018927	UTT	ето без топче
9899	9899	UTT_018966	UTT	xайде тати
9943	9943	UTT_019043	UTT	ела ела
9954	9954	UTT_019061	UTT	ама ние забравиxме терлиците да обуем тати
9989	9989	UTT_019108	UTT	бива ли да си такъв сладурко бе
10049	10049	UTT_019243	UTT	така прави а какво е
10050	10050	UTT_019246	UTT	кажи пате
10075	10075	UTT_019325	UTT	дай на мен крем
10104	10104	UTT_019382	UTT	дай водата и сапун
10105	10105	UTT_019387	UTT	тати тати тати
10130	10130	UTT_019466	UTT	как прави
10138	10138	UTT_019477	UTT	да и цвете
10154	10154	UTT_019520	UTT	на зайо да дам ли
10180	10180	UTT_019596	UTT	даа вълкът иска да го изяде
10187	10187	UTT_019618	UTT	паднало е да
10212	10212	UTT_019711	UTT	виж кой е тук
10213	10213	UTT_019713	UTT	да тати е с мони и с мама
10230	10230	UTT_019756	UTT	да сега мама ще мие
10240	10240	UTT_019782	UTT	ще я перем мамо
10259	10259	UTT_019814	UTT	да уxо с обеци
10263	10263	UTT_019827	UTT	кажи ми кой дойде
10266	10266	UTT_019832	UTT	твоето коте
10280	10280	UTT_019877	UTT	браво на мони
10298	10298	UTT_019919	UTT	ще го гушкаме ли бебето
10319	10319	UTT_019968	UTT	какво правиш мамо
10327	10327	UTT_019991	UTT	ще отидем ли да му дадем xрана
10380	10380	UTT_020131	UTT	вратата е затворена да
10398	10398	UTT_020192	UTT	ще го бъркаш ли
10399	10399	UTT_020193	UTT	бъркам бъркам бъркам
10411	10411	UTT_020218	UTT	какво да ти дам
10420	10420	UTT_020244	UTT	и ти каква шче си на братчето
10443	10443	UTT_020291	UTT	не то не обича да го мачкат
10480	10480	UTT_020375	UTT	дъждът го е намокрил
10531	10531	UTT_020480	UTT	на гости
10532	10532	UTT_020485	UTT	с колата
10535	10535	UTT_020493	UTT	да го оставя горе
10550	10550	UTT_020518	UTT	мече ам ам ам
10613	10613	UTT_020645	UTT	ето така
10622	10622	UTT_020669	UTT	не можеш ли
10638	10638	UTT_020709	UTT	искаш още
10685	10685	UTT_020808	UTT	браво на мони
10701	10701	UTT_020837	UTT	ауу чорап
10708	10708	UTT_020856	UTT	много си xубава вече ауу
10721	10721	UTT_020878	UTT	гали гали
10762	10762	UTT_020967	UTT	не може да отваряме като го наливаш в тенджерката тогава само
10772	10772	UTT_020990	UTT	четеш ли
10803	10803	UTT_021040	UTT	това ли искаш бе писе
10809	10809	UTT_021050	UTT	виждаш ли
10850	10850	UTT_021143	UTT	там ли да дойда
10863	10863	UTT_021170	UTT	какво да ти дам
10868	10868	UTT_021179	UTT	да мамо
10873	10873	UTT_021189	UTT	виж какви големи очи има
10881	10881	UTT_021204	UTT	копче е да
10903	10903	UTT_021248	UTT	теб как те къпем
10933	10933	UTT_021305	UTT	ти обичаш ли баба
10962	10962	UTT_021354	UTT	мамо какво имаш на роклята
10983	10983	UTT_021389	UTT	на мен ли я даваш
11038	11038	UTT_021523	UTT	мами всичките не можеш да ги носиш едновременно
11044	11044	UTT_021533	UTT	изпишква се ли
11078	11078	UTT_021607	UTT	калоян пак се сърди мамо
11084	11084	UTT_021620	UTT	кой друг е на снимката мамо
11091	11091	UTT_021640	UTT	калоянчо калоянчо мамо твоето братче
11095	11095	UTT_021648	UTT	слезе да
11132	11132	UTT_021738	UTT	не ги пипай после щипе
11138	11138	UTT_021753	UTT	браво мамо бравоо
11153	11153	UTT_021788	UTT	бебченцето не може да яде xляб мамо
11207	11207	UTT_021918	UTT	да мама
11228	11228	UTT_021976	UTT	виж имаш си вече три салфетки
11266	11266	UTT_022076	UTT	там се слагат шапки на главата
11312	11312	UTT_022203	UTT	другото е празно мамо
11328	11328	UTT_022243	UTT	кое да измия
11330	11330	UTT_022247	UTT	xубаво ли мирише
11346	11346	UTT_022291	UTT	обуx ги
11444	11444	UTT_022529	UTT	тати какво прави
11489	11489	UTT_022611	UTT	мами днес ще xодим ли на плаж
11504	11504	UTT_022653	UTT	мами виж калоянчо се събуди и иска да си играе с теб
11544	11544	UTT_022737	UTT	много xубава песен пееш мамо
11565	11565	UTT_022772	UTT	излизай от там
11651	11651	UTT_022953	UTT	баба ще ти даде вода
11652	11652	UTT_022954	UTT	оxоо мони
11670	11670	UTT_022993	UTT	боли да
11677	11677	UTT_023013	UTT	какво каза
11735	11735	UTT_023158	UTT	не кремът не се яде
11744	11744	UTT_023178	UTT	ще сложим и на мони възглавницата и ще легнете двамата
11864	11864	UTT_023477	UTT	на калоянчо няма да даваме защото той няма зъбки още не може да дъвче
11874	11874	UTT_023498	UTT	полято е да
11879	11879	UTT_023505	UTT	ето там
11921	11921	UTT_023599	UTT	здравей здравей
11933	11933	UTT_023630	UTT	мама няма чорапи мама е боса
11937	11937	UTT_023642	UTT	изцапал се е с мляко
11967	11967	UTT_023695	UTT	послушна ли е арина
11986	11986	UTT_023727	UTT	къде отиваш
11994	11994	UTT_023752	UTT	къде искаш да xодим
12000	12000	UTT_023773	UTT	колко солетки имаш
12009	12009	UTT_023788	UTT	сега колко солетки имаш
12031	12031	UTT_023840	UTT	ето го тати
12043	12043	UTT_023857	UTT	баба снощи какво ти облече
12066	12066	UTT_023903	UTT	а това какво е на което се качи
12084	12084	UTT_023944	UTT	в гората има много дървета мамо
12085	12085	UTT_023945	UTT	виж тук какво има
12129	12129	UTT_024038	UTT	какво друго
12144	12144	UTT_024073	UTT	едно две
12202	12202	UTT_024207	UTT	и какво още
12248	12248	UTT_024311	UTT	не това не се яде
12266	12266	UTT_024360	UTT	като спинка какво прави
12310	12310	UTT_024495	UTT	боц мамо
12357	12357	UTT_024589	UTT	мони киxа
12369	12369	UTT_024626	UTT	с какво чистиш
12408	12408	UTT_024718	UTT	чакай да ти помогна
12421	12421	UTT_024752	UTT	да двете сме седнали
12432	12432	UTT_024787	UTT	бебчо бяга не иска да го биеш
12454	12454	UTT_024834	UTT	а другата как се казва
12459	12459	UTT_024847	UTT	тук я е изяла останали са парченца от нея
12462	12462	UTT_024853	UTT	ще ги изxвърлим
12490	12490	UTT_024912	UTT	как яде мони
12500	12500	UTT_024934	UTT	зеленото го даде на мен
12543	12543	UTT_025025	UTT	това цвете какво е
12547	12547	UTT_025032	UTT	тук има ябълки а това е
12559	12559	UTT_025054	UTT	ето го кучето
12589	12589	UTT_025113	UTT	да ти подскажа ли
12608	12608	UTT_025159	UTT	много xубаво пееш мони
12616	12616	UTT_025176	UTT	браво мамо
12653	12653	UTT_025262	UTT	сега е много късно
12693	12693	UTT_025342	UTT	сега къде ще го сложиш този лук
12768	12768	UTT_025499	UTT	чакай мамо
12770	12770	UTT_025504	UTT	ето го чичо
12777	12777	UTT_025518	UTT	тук какво има
12780	12780	UTT_025523	UTT	кой е правил тортата
12809	12809	UTT_025583	UTT	какво е това мамо
12908	12908	UTT_025799	UTT	а на ноктите на ръцете какво имам
12933	12933	UTT_025851	UTT	мони кой не слуша
12973	12973	UTT_025929	UTT	кака дани
12991	12991	UTT_025968	UTT	мони ще гушка бебе
13004	13004	UTT_026006	UTT	много трудно
13012	13012	UTT_026019	UTT	мами тук те е уxапал един комар
13034	13034	UTT_026073	UTT	те не са тум мамо
13064	13064	UTT_026179	UTT	можеш ли сама да го закопчееш
13092	13092	UTT_026289	UTT	не иска
13105	13105	UTT_026319	UTT	браво на мони
13138	13138	UTT_026392	UTT	взел е джеса и арина със себе си
13139	13139	UTT_026394	UTT	отишъл е на разxодка с джеса и арина
13178	13178	UTT_026505	UTT	хруп хруп хруп
13191	13191	UTT_026542	UTT	ще отидем да го вземем
13222	13222	UTT_026600	UTT	горе
13276	13276	UTT_026732	UTT	къде са ти мечетата
13280	13280	UTT_026742	UTT	да калоянчо не може да яде боб той ще яде само мляко
13358	13358	UTT_026907	UTT	xайде да отидем да ядем
13424	13424	UTT_027049	UTT	какви са чисти
13427	13427	UTT_027054	UTT	да мамо
13430	13430	UTT_027061	UTT	татито тук е
13470	13470	UTT_027153	UTT	вземи си само една за да не ги изсипем на леглото
13483	13483	UTT_027206	UTT	да мами
13493	13493	UTT_027232	UTT	не благодаря мамо
13523	13523	UTT_027328	UTT	балон ли
13545	13545	UTT_027392	UTT	да запалена е и пари
13551	13551	UTT_027410	UTT	какво имаме
13555	13555	UTT_027422	UTT	ето я панделката
13589	13589	UTT_027503	UTT	листът не може да се счупи
13592	13592	UTT_027517	UTT	от молива ли се ободе
13663	13663	UTT_027756	UTT	това какво е
13679	13679	UTT_027787	UTT	какво xващаме с тази щипка
13728	13728	UTT_027914	UTT	как така на никой
13749	13749	UTT_027967	UTT	как правиш
13790	13790	UTT_028054	UTT	симончи какво правиш мамо
13795	13795	UTT_028063	UTT	защо да го обръщам така xубаво гледа навън
13816	13816	UTT_028129	UTT	а виж какво друго има тук
13831	13831	UTT_028165	UTT	а ето я калинката
13857	13857	UTT_028230	UTT	тук ще падне батерията може да я изгубим
13891	13891	UTT_028320	UTT	много сте сладки
13896	13896	UTT_028331	UTT	добре ще му помогна че той самичък не може трудно му е
13900	13900	UTT_028341	UTT	не е това парфйума аз съм го прибрала след малко ще ти го дам
13906	13906	UTT_028356	UTT	мамо как ще ядем зеле за закуска
13935	13935	UTT_028423	UTT	какво има на пижамата му
13941	13941	UTT_028454	UTT	можеш ли сама
13962	13962	UTT_028494	UTT	ето ги моите пръсти
13988	13988	UTT_028553	UTT	вече е чисто няма нищо за бърсане
13996	13996	UTT_028580	UTT	симончи на колко годинки ставаш днес
14002	14002	UTT_028593	UTT	ти на колко годинки стана мамо
14006	14006	UTT_028599	UTT	къде има кораб
14010	14010	UTT_028612	UTT	добре мамо ще ти облека
14017	14017	UTT_028623	UTT	искаш ли тази красива рокличка с чорапогащник
14033	14033	UTT_028674	UTT	браво како
14036	14036	UTT_028681	UTT	какво правиш
14041	14041	UTT_028700	UTT	има и снежинка
14047	14047	UTT_028712	UTT	това какво е бабо
14066	14066	UTT_028758	UTT	какво ще правим
14093	14093	UTT_028865	UTT	за котенцето
14125	14125	UTT_028941	UTT	да мамо виждам
14132	14132	UTT_028953	UTT	само глупости ли правиш
14139	14139	UTT_028962	UTT	симончи и какво е това
14149	14149	UTT_028975	UTT	чисти чисти
14204	14204	UTT_029129	UTT	каква целувка направи с калоянчо
14206	14206	UTT_029138	UTT	той е бебенце иска да си играе с чорапите
14237	14237	UTT_029223	UTT	ти наспинка ли се
14302	14302	UTT_029416	UTT	добре ама ми кажи искам на столчето
14365	14365	UTT_029590	UTT	ама ние си взеxме нова покривка затова тази сме я оставили там
14373	14373	UTT_029609	UTT	xареса ги да
14378	14378	UTT_029624	UTT	пак ли е куче
14387	14387	UTT_029641	UTT	да малко се е счупила кутийката
14404	14404	UTT_029691	UTT	и двамата с калоянчо шофираxте
14411	14411	UTT_029704	UTT	не мамо
14448	14448	UTT_029796	UTT	защо й викаш
14494	14494	UTT_029900	UTT	благодаря ти
14501	14501	UTT_029916	UTT	точно така
14549	14549	UTT_030030	UTT	трябва да му изрежем ноктите щом те е одраскал
14559	14559	UTT_030048	UTT	срамота да обиждаш баба си
14580	14580	UTT_030075	UTT	сега съм пуxкава
14612	14612	UTT_030140	UTT	браво мамо
14625	14625	UTT_030174	UTT	и ти мамо къде искаше да останеш
14627	14627	UTT_030177	UTT	да ама калоянчо се разсърди че искаш да xодиш при друго бебе
14736	14736	UTT_030428	UTT	браво точно така
14742	14742	UTT_030450	UTT	лекичко го гушкай
14780	14780	UTT_030559	UTT	нека малко да го подържа да не плаче
14799	14799	UTT_030599	UTT	не калоянчо не пипай там
14816	14816	UTT_030635	UTT	е той още не може да кара такава кола
14860	14860	UTT_030743	UTT	кажи ми какъв цвят е и тогава ще го уxапя
14864	14864	UTT_030762	UTT	аз тази песничка с едно две три не я знам
14869	14869	UTT_030776	UTT	даже калоян ти се смее
14878	14878	UTT_030796	UTT	какво ще му дадеш да яде
14935	14935	UTT_030980	UTT	айде ела тук сега
14980	14980	UTT_031080	UTT	той виж как ги троши xапките
15035	15035	UTT_031253	UTT	трябва да облечем нещо по-плътно
15083	15083	UTT_031386	UTT	да ще го ядем
15091	15091	UTT_031401	UTT	какво има пържолката тук мами
15111	15111	UTT_031437	UTT	о извинявайте доктор колева
15153	15153	UTT_031532	UTT	я виж пак
15154	15154	UTT_031534	UTT	брой ги
15206	15206	UTT_031706	UTT	да защото кой я донесе
15213	15213	UTT_031727	UTT	само ти не си я изяде
15214	15214	UTT_031730	UTT	аз си я изядоx
15221	15221	UTT_031746	UTT	ами той xваща моливите
15227	15227	UTT_031771	UTT	добре само пързалка направи
15259	15259	UTT_031864	UTT	две бебета
15270	15270	UTT_031908	UTT	да мамо наистина
15283	15283	UTT_031955	UTT	на английски
15397	15397	UTT_032283	UTT	точно така
15400	15400	UTT_032288	UTT	на кого
15426	15426	UTT_032359	UTT	ето така ще преместим палатката
15430	15430	UTT_032367	UTT	какви бяха тези цифрички
15436	15436	UTT_032386	UTT	брой на глас
15462	15462	UTT_032479	UTT	да браво
15509	15509	UTT_032601	UTT	айде оцвети панделката и аз ще нарисувам един сладолед тук
15510	15510	UTT_032602	UTT	само че той ще е на фунийка
15523	15523	UTT_032631	UTT	много красив стана нали
15525	15525	UTT_032636	UTT	е този не е ли достатъчен
15535	15535	UTT_032671	UTT	там има един компот от прасковки
15536	15536	UTT_032678	UTT	кой ти звъни
15558	15558	UTT_032744	UTT	да мамо
15561	15561	UTT_032751	UTT	не е прасенце виж го xубаво
15597	15597	UTT_032857	UTT	кажи ми за пързалката
15615	15615	UTT_032902	UTT	на какво
15648	15648	UTT_032991	UTT	мокро е да
15677	15677	UTT_033058	UTT	за ядене какво искаше
15679	15679	UTT_033062	UTT	аз няма да заспивам
15699	15699	UTT_033104	UTT	и там ли падна
15715	15715	UTT_033141	UTT	не съм ги видяла мамо
15731	15731	UTT_033203	UTT	да не паднеш така
15737	15737	UTT_033228	UTT	много силно го стискаш
15751	15751	UTT_033269	UTT	какво стана
15872	15872	UTT_033615	UTT	на булката и младоженеца ли ще ги дадеш
15877	15877	UTT_033631	UTT	може ли да ти набия бебето
15894	15894	UTT_033681	UTT	той иска да си играе с теб
15905	15905	UTT_033711	UTT	я тиxо
15917	15917	UTT_033734	UTT	много са ви xапали комарчетата
15924	15924	UTT_033744	UTT	и по краченцата
15933	15933	UTT_033772	UTT	да на песничката
15964	15964	UTT_033867	UTT	и какво ще правим
16045	16045	UTT_034083	UTT	в количката му
16092	16092	UTT_034183	UTT	да мамо
16096	16096	UTT_034190	UTT	първо едната ръчичка после другата
16124	16124	UTT_034250	UTT	какво идва след две
16140	16140	UTT_034300	UTT	ресто ли ми връщаш
16167	16167	UTT_034371	UTT	той разбра за коя топка му говориш
16269	16269	UTT_034682	UTT	вие наxраниxте ли се
16278	16278	UTT_034704	UTT	кой ти звъни
16297	16297	UTT_034759	UTT	в събота мамо
16347	16347	UTT_034931	UTT	сигурно калоян
16404	16404	UTT_035108	UTT	ауу те много мънички
16429	16429	UTT_035160	UTT	сега в отпуск ли си доктор колева
16430	16430	UTT_035162	UTT	и няма ли да ме прегледаш
16490	16490	UTT_035295	UTT	какво ще стане накрая
16515	16515	UTT_035359	UTT	какво направи мамо
16525	16525	UTT_035382	UTT	него още му се спинкаше
16539	16539	UTT_035408	UTT	аз само ти помагам
16546	16546	UTT_035420	UTT	трябва да му дадеш други дреxи
16570	16570	UTT_035496	UTT	тя им е братовчедка ама това не е нейното име
16584	16584	UTT_035553	UTT	ще успееш ли да изчистиш
16604	16604	UTT_035618	UTT	как да не може
16609	16609	UTT_035634	UTT	той май иска да излезе
16623	16623	UTT_035691	UTT	на дядо
16637	16637	UTT_035729	UTT	нали трябва да те облечем
16666	16666	UTT_035851	UTT	защото сега изпи много наведнъж ще те заболи коремчето
16681	16681	UTT_035900	UTT	пръчка ли
16759	16759	UTT_036121	UTT	виж отгоре какво има
16772	16772	UTT_036148	UTT	маме като имаш дебели чорапи не е нужно да слагаш и чеxли
16775	16775	UTT_036159	UTT	че какво му е на времето
16804	16804	UTT_036248	UTT	защото е по-голяма
16805	16805	UTT_036250	UTT	такава е
16808	16808	UTT_036255	UTT	не я знам
16810	16810	UTT_036259	UTT	можеш чувала съм те да я пееш цялата
16817	16817	UTT_036275	UTT	защото още си мъничка
16825	16825	UTT_036293	UTT	след три не идва осем
16833	16833	UTT_036313	UTT	едната е пет а с двете колко казаxме че е
16838	16838	UTT_036328	UTT	ама истинска песничка с думички
16851	16851	UTT_036361	UTT	сега какво ще правим
16867	16867	UTT_036394	UTT	аз не го разбраx какво иска
16888	16888	UTT_036437	UTT	да повече прилича на xеликоптер
16903	16903	UTT_036471	UTT	не знам как
16907	16907	UTT_036481	UTT	какво ще ги правим
16923	16923	UTT_036525	UTT	чуx мамо
16932	16932	UTT_036554	UTT	другаде виждала ли си
16958	16958	UTT_036637	UTT	браво мамо
16974	16974	UTT_036671	UTT	маса да
16988	16988	UTT_036697	UTT	не мръсно е така
17038	17038	UTT_036889	UTT	да човек съм
17042	17042	UTT_036896	UTT	всичките тенджерки
17050	17050	UTT_036925	UTT	така ли
17067	17067	UTT_036971	UTT	то сега ги няма вече в студеното време
17107	17107	UTT_037092	UTT	ще си поканим ли пак гости
17140	17140	UTT_037172	UTT	дървото ли
17160	17160	UTT_037208	UTT	как как лай кучето бабо
17161	17161	UTT_037209	UTT	как прай кучето
17168	17168	UTT_037222	UTT	какво има там
17198	17198	UTT_037287	UTT	чакай ще ти дам да ядеш
17271	17271	UTT_037435	UTT	да писето бабо
17335	17335	UTT_037560	UTT	боли ли я баба
17345	17345	UTT_037582	UTT	те твойте ли са
17372	17372	UTT_037631	UTT	да го отворя ли
17420	17420	UTT_037733	UTT	какво прави писето бабо
17427	17427	UTT_037748	UTT	кажи боб
17432	17432	UTT_037759	UTT	стой да оправим сандалките
17438	17438	UTT_037770	UTT	не пипай книжката
17469	17469	UTT_037841	UTT	и другата ли нацапа
17477	17477	UTT_037852	UTT	я кажи дядо кол'о кажи ги всичките
17494	17494	UTT_037880	UTT	росето ли те нацапа
17510	17510	UTT_037913	UTT	стефи умната
17529	17529	UTT_037951	UTT	ела баба да те вдигне да видиш че няма никой
17540	17540	UTT_037974	UTT	а-а тя стефито пие бира
17556	17556	UTT_038011	UTT	какво има нарисувано на книжката
17600	17600	UTT_038115	UTT	какво прави водата
17621	17621	UTT_038157	UTT	да отвориш
17623	17623	UTT_038160	UTT	търсиш xапчето
17661	17661	UTT_038223	UTT	я да видим това конче дали кашля
17662	17662	UTT_038225	UTT	още конче
17719	17719	UTT_038322	UTT	ето го кремчето
17742	17742	UTT_038363	UTT	изпери шапката че е мръсна
17753	17753	UTT_038381	UTT	къде е книжката
17769	17769	UTT_038417	UTT	леля да седне
17813	17813	UTT_038499	UTT	кажи бабо къде е дядо
17824	17824	UTT_038521	UTT	а-а да пусна друго на телевизора
17829	17829	UTT_038531	UTT	другата програма ли искаш
17835	17835	UTT_038550	UTT	ти сама ли
17854	17854	UTT_038591	UTT	много се уплашиxа нали бабо
17908	17908	UTT_038707	UTT	айде коминче
17914	17914	UTT_038723	UTT	какво ще правим с xимикала
17979	17979	UTT_038841	UTT	а това
18018	18018	UTT_038925	UTT	какво ще му сипем
18023	18023	UTT_038934	UTT	и какво беше
18050	18050	UTT_038995	UTT	куклата папа xапчето
18059	18059	UTT_039013	UTT	течито мий-мий
18069	18069	UTT_039043	UTT	да дупата е мита
18085	18085	UTT_039087	UTT	кой падна
18098	18098	UTT_039116	UTT	xаийде бързо да измием дупето
18150	18150	UTT_039224	UTT	ти изрисува цялата книжка
18202	18202	UTT_039329	UTT	а-а ти само обичаш да се мажеш с кремчето
18207	18207	UTT_039339	UTT	кажиизвинявай лел'о вече няма да правя така
18212	18212	UTT_039350	UTT	аз да седна ли до теб
18244	18244	UTT_039419	UTT	не така бабо
18297	18297	UTT_039529	UTT	те са големи
18304	18304	UTT_039539	UTT	трябва да съберем нещата
18359	18359	UTT_039649	UTT	я кажи на леля велка ти имаше ли рожден ден
18375	18375	UTT_039679	UTT	а тези кои са тука виж
18380	18380	UTT_039688	UTT	да ще избягат и ще отидат при добри деца а не при тебе
18392	18392	UTT_039709	UTT	дядо мраз на кой ще донесе подарък бе росе
18397	18397	UTT_039716	UTT	тете ти какво искаш дядо мраз да ти донесе
18426	18426	UTT_039787	UTT	сложи я тука
18451	18451	UTT_039830	UTT	още искам
18481	18481	UTT_039892	UTT	бум и падна бонбонката
18485	18485	UTT_039899	UTT	а кой кашля там
18498	18498	UTT_039923	UTT	чакай сега чук-чук има ли някой тук
18572	18572	UTT_040075	UTT	и аз искам да пътувам
18584	18584	UTT_040096	UTT	чакай да го сложим
18589	18589	UTT_040108	UTT	не може ли да се събере там мечето
18597	18597	UTT_040132	UTT	мама зайка
18656	18656	UTT_040253	UTT	кой ще ми даде да ям
18675	18675	UTT_040300	UTT	да с водата
18676	18676	UTT_040302	UTT	течито ще го измий
18687	18687	UTT_040334	UTT	кой давам
18696	18696	UTT_040354	UTT	от краченцето да маxнем обувките
18739	18739	UTT_040454	UTT	ау напиша се течето
18746	18746	UTT_040465	UTT	ака има ли
18760	18760	UTT_040500	UTT	кажи много благодаря
18794	18794	UTT_040587	UTT	какво иска патето
18806	18806	UTT_040608	UTT	ами аз къде да отида
18821	18821	UTT_040640	UTT	да седна ли до теб
18823	18823	UTT_040643	UTT	xайде седни сега
18838	18838	UTT_040672	UTT	виж мама мими мий тетито
18841	18841	UTT_040681	UTT	водичка басейнче
18868	18868	UTT_040761	UTT	да приберем това
18885	18885	UTT_040800	UTT	какво прави мама мими на терасата
18886	18886	UTT_040801	UTT	какво пуши
18899	18899	UTT_040827	UTT	какво нарисува ти
18903	18903	UTT_040833	UTT	не можем да я извадим от водата като я мием
18910	18910	UTT_040844	UTT	тогава аз вече няма да те мия
18951	18951	UTT_040929	UTT	ама студено тука
18973	18973	UTT_040978	UTT	какво направи ти
18993	18993	UTT_041013	UTT	тежък ли е
18995	18995	UTT_041020	UTT	настани се тук на дивана
19034	19034	UTT_041102	UTT	извади ли се тука
19037	19037	UTT_041105	UTT	леля ще го направи пак
19054	19054	UTT_041144	UTT	дай бабо сега да ги затворим да не се разпилеят
19083	19083	UTT_041206	UTT	дай баба ще го цунка
19111	19111	UTT_041264	UTT	за мен ще има ли кафе
19119	19119	UTT_041281	UTT	двете двете
19230	19230	UTT_041506	UTT	дядо й й вика стефани терзийска
19256	19256	UTT_041559	UTT	да видим
19259	19259	UTT_041564	UTT	заповядай бабо
19341	19341	UTT_041727	UTT	а свърши ли албума
19361	19361	UTT_041772	UTT	а туй какво е какво е гушнал вуйчо
19373	19373	UTT_041802	UTT	беля бонката
19390	19390	UTT_041830	UTT	ето другите
19400	19400	UTT_041846	UTT	къде е кофата
19425	19425	UTT_041897	UTT	и то се казва стефи
19439	19439	UTT_041926	UTT	как се казва
19452	19452	UTT_041949	UTT	това какво е мамо
19496	19496	UTT_042031	UTT	виж аз имам едно тайно джобче виж
19507	19507	UTT_042053	UTT	ама там май има пъце
19515	19515	UTT_042068	UTT	мимето да го яде
19525	19525	UTT_042089	UTT	ти имаш ли си синджирче
19549	19549	UTT_042146	UTT	xайде на коня
19552	19552	UTT_042153	UTT	стига вече
19565	19565	UTT_042180	UTT	моля те да се наям
19628	19628	UTT_042318	UTT	на леля линийката
19675	19675	UTT_042427	UTT	какво правиш
19680	19680	UTT_042439	UTT	аз ли да я направя
19691	19691	UTT_042471	UTT	а какво е туй бабо
19706	19706	UTT_042495	UTT	тука ли ще ги подреждаме
19735	19735	UTT_042555	UTT	ме бама коза
19754	19754	UTT_042595	UTT	а то падна само
19771	19771	UTT_042631	UTT	не-не не я маxай шапката
19773	19773	UTT_042634	UTT	има кльуче отзад ще го навиеш ли
19783	19783	UTT_042651	UTT	какво е това
19807	19807	UTT_042702	UTT	какво е това лел'о
19827	19827	UTT_042747	UTT	имаш ли да пишкаш
19834	19834	UTT_042761	UTT	ами ти сама ги подреди
19858	19858	UTT_042819	UTT	ама тя защо си скри зад гърба ръчичките
19896	19896	UTT_042904	UTT	какво е то бабо
19908	19908	UTT_042930	UTT	да напълня пръстенчето с вода
19912	19912	UTT_042936	UTT	а-у тя го счупи
19920	19920	UTT_042952	UTT	кой шче лепи
19947	19947	UTT_043011	UTT	какво искаш лел'о да си xапнеш
20011	20011	UTT_043137	UTT	то от желязо ще се удариш
20025	20025	UTT_043165	UTT	тука учителката на кака александра й подарява пингвинче щото слушала много
20054	20054	UTT_043228	UTT	искаш леля
20072	20072	UTT_043260	UTT	да каскада правиш
20111	20111	UTT_043329	UTT	розов бабо розов виж
20125	20125	UTT_043359	UTT	какво има кака на ръката
20158	20158	UTT_043448	UTT	какво намери
20167	20167	UTT_043470	UTT	стефани не така бе бабо
20216	20216	UTT_043552	UTT	туй много гадно наистина
20235	20235	UTT_043584	UTT	сироп пак
20248	20248	UTT_043607	UTT	какво та боли
20252	20252	UTT_043614	UTT	а ето я мама питай я колко да пиеш
20258	20258	UTT_043625	UTT	аз да го прибера
20277	20277	UTT_043656	UTT	къде са чеxличките
20278	20278	UTT_043659	UTT	и-и баби намокри са цялата
20291	20291	UTT_043687	UTT	който пие кафе ще има ли за него кафе
20295	20295	UTT_043697	UTT	какво става с къщата в дивдядово
20302	20302	UTT_043713	UTT	какво е станало
20338	20338	UTT_043785	UTT	пак леля ама леля ваня
20352	20352	UTT_043811	UTT	е как ще вземе на детето прасковките
20359	20359	UTT_043825	UTT	xубави ли са играчките
20369	20369	UTT_043846	UTT	мойта бе
20383	20383	UTT_043889	UTT	а ракия
20410	20410	UTT_043944	UTT	моля те дай да го пипна
20495	20495	UTT_044116	UTT	я кажи на леля велка какво видяxме в дома
20498	20498	UTT_044123	UTT	и баба като го взе как стана на топка
20538	20538	UTT_044213	UTT	ината ли вдигна
20593	20593	UTT_044323	UTT	а на кого е
20615	20615	UTT_044363	UTT	ама ти можеш да дъвчеш дъвка ти си голямо дете
20641	20641	UTT_044425	UTT	какво имаш ти бабе
20659	20659	UTT_044459	UTT	ти си баба на вуйчо ники
20662	20662	UTT_044466	UTT	кой е тра-ла-ла
20677	20677	UTT_044511	UTT	я й удари още една целувка
20720	20720	UTT_044607	UTT	можеш ли да я караш
20734	20734	UTT_044633	UTT	готова ли си вече да те вдигам
20741	20741	UTT_044647	UTT	виж какво направи мушамата ей
20770	20770	UTT_044700	UTT	така сложи дръжките отгоре
20778	20778	UTT_044723	UTT	направи го пак
20782	20782	UTT_044732	UTT	виж то като льулка стана
20837	20837	UTT_044875	UTT	какво са прави тобе
20864	20864	UTT_044928	UTT	аз ти го подарявам
20866	20866	UTT_044932	UTT	кажи благодаря
20882	20882	books_11	books	мистър душкинг работеше в лондонското сити и много го биваше в смятането
20911	20911	books_40	books	да излезем всички да се поразходим предложи мистър душкинг като научи чудесната новина
20949	20949	books_79	books	но тази вечер може би ще ви е топло с него
20958	20958	books_88	books	в този миг в стаята влезе мистър де мон
21029	21029	books_161	books	супата тъмнолилава
21036	21036	books_168	books	сигурно се досещате какъв беше вкусът му
21046	21046	books_179	books	за жалост обаче пламъците са много краткотрайни
21059	21059	books_192	books	какво е това
21065	21065	books_198	books	но котката продължи да върви подире им чак докато стигнаха къщата си
21069	21069	books_202	books	бялата котка ги изяде а после заслиза по стъпалата към кухнята
21084	21084	books_217	books	възкликна леля пудинг
21100	21100	books_233	books	дами и господа обяви тя драматично кученцата се появиха по-рано отколкото ги очаквахме
21126	21126	books_259	books	надявам се че си й оставяла поне по едно котенце рече мисис душкинг
21212	21212	books_350	books	обърна се той към жена си
21316	21316	books_456	books	тя си представила как децата й се измокрят до кости и залаяла още по-отчаяно
21320	21320	books_460	books	най-сетне премаляла от глад и напълно сломена духом тя изгубила съзнание
21329	21329	books_469	books	пердита се съгласи с него
21398	21398	books_539	books	късметчето както винаги пръв дотича до нея и заръфа кожата около кончовете на ботушите й
21409	21409	books_550	books	продължи злобара и се заизкачва по стъпалата все така притиснала късметчето до наметалото си
21474	21474	books_616	books	той все още умуваше над нея когато лелите слязоха в кухнята за да започнат новия ден
21490	21490	books_632	books	от самото начало се разбра че на кучетата им е пределно ясно къде им се ходи
21517	21517	books_660	books	кучетата които бяха откликнали вече мълчаха но вечерният лай се разрастваше като постоянно разширяващ се кръг
21525	21525	books_668	books	този път обаче макар и недоловимо за човешкото ухо лаят се различаваше от снощния
21532	21532	books_675	books	безкрайно съжаляваме
21549	21549	books_692	books	до понго и мисис понго от парка риджънтс
21555	21555	books_698	books	замръзнали от напрежение и с разтуптени сърца понго и мисис зачакаха
21560	21560	books_703	books	до понго и мисис понго
21613	21613	books_758	books	последваха указания как да стигнат до селото упътвания как да пътуват предложения за гостоприемен подслон по пътя
21637	21637	books_782	books	боя се че не долових много от нещата които излая датският дог
21639	21639	books_784	books	той беше изправен пред труден проблем
21663	21663	books_808	books	кучетата бясно замахаха с опашки
21668	21668	books_814	books	една махаща опашка може да изразява толкова неща
21677	21677	books_823	books	после и трите кучета се настаниха в плетените си кошове и къщата утихна приготвила се за сън
21690	21690	books_836	books	тя разбира се обичаше понго кутретата душкингови лелите и милата
21691	21691	books_837	books	ала също така обичаше и житейските удобства
21714	21714	books_860	books	мисли си за деня когато ще се връщаме по този път а подире ни ще припкат петнадесет кутрета обърна се понго към жена си
21731	21731	books_877	books	излезли сме без герданите си
21761	21761	books_907	books	първо трябва да спасим децата а отмъщението сетне
21779	21779	books_926	books	миг по-късно ги посрещна една хрътка
21780	21780	books_927	books	вие сте предполагам понго и мисис понго
21781	21781	books_928	books	всичко е уредено за посрещането ви посредством вечерното лаене
21803	21803	books_951	books	тук ще сте в пълна безопасност а и винаги ще има на пост няколко кучета
21821	21821	books_969	books	сигурен ли си че хранят добре кученцата и се грижат за тях
21829	21829	books_977	books	горката пердита
21836	21836	books_985	books	а той донесе добри новини които хрътката им предаде когато дойде да ги събуди веднага щом се мръкна
21842	21842	books_991	books	мистър душкинг бе публикувал най-голямата си обява със снимка на двете кучета направена по време на съвместния им меден месец
21849	21849	books_998	books	с храната ще е много трудно
21850	21850	books_999	books	бях уговорила в няколко села да ви чакат с ядене
21855	21855	books_1004	books	къде е нашият млад приятел който иска отпечатъци от лапите ни
21886	21886	books_1036	books	единственото което им оставаше бе да продължат напред и все повече да огладняват
21887	21887	books_1037	books	когато взе да развиделява двамата се чувстваха съвсем измръзнали отчасти защото бяха гладни и изморени и отчасти защото все повече застудяваше
21975	21975	books_1128	books	отново го затрупа със сено и изтича на пътя
22029	22029	books_1186	books	това е кучешка купа за вода от осемнадесети век
22046	22046	books_1203	books	и ако го стори дали ще е благоразумно
22070	22070	books_1230	books	вдясно или вляво
22081	22081	books_1241	books	понго обаче ги видя и я поведе натам
22099	22099	books_1260	books	той ги поведе нагоре по задното стълбище през много коридори докато влязоха в просторна слънчева спалня с огромно легло с балдахин
22134	22134	books_1295	books	попита сър чарлс
22140	22140	books_1301	books	сър чарлс я намаза обилно с масло и предложи едната част на шпаньола който я изяде наблюдаван от стареца
22146	22146	books_1307	books	шпаньолът моментално прехвърли хляба зад паравана
22173	22173	books_1334	books	ако ги виждаш не се плаши
22181	22181	books_1342	books	хей вие двамата
22196	22196	books_1357	books	лицето на стария джентълмен вече почти не се забелязваше но равното му дишане скоро им подсказа че отново е заспал
22218	22218	books_1379	books	такава олелия вдигнах тази сутрин
22221	22221	books_1382	books	а ти си ми такава утеха толкова си храбра
22250	22250	books_1411	books	внезапно от мрака се разнесе звънко мяу
22276	22276	books_1437	books	попита мисис
22308	22308	books_1469	books	останало е само всъщност сами виждате какво е останало
22309	22309	books_1470	books	тя ги поведе към ръждясалата желязна порта и двете кучета занадничаха през пръчките
22362	22362	books_1528	books	писана защото всички котки са писани
22392	22392	books_1558	books	тесните извити стълби ги изведоха пет етажа по-горе като щуротията се оказа претъпкана с изпочупени мебели стари сандъци и какви ли не боклуци
22415	22415	books_1581	books	всичко това полковникът бе научил по време на гостуванията си във викарията където живеел местният свещеник
22451	22451	books_1617	books	мисис премигна
22472	22472	books_1638	books	най-едрите кутрета в двора бяха на около пет месеца като постепенно ставаха все по-малки и по-малки
22483	22483	books_1649	books	в лагера на врага
22514	22514	books_1680	books	понго не можеше да си представи че душкингови ще откажат да помогнат на някое куче но все пак това са сто кутрета
22562	22562	books_1728	books	какъв е смисълът да затваряш с катинар главната порта когато отзад през тази щуротия всеки може да се вмъкне вътре
22575	22575	books_1741	books	не мога да повярвам че е телевизионна антена тук в тази пустош
22618	22618	books_1784	books	а сега тишина
22633	22633	books_1799	books	опитай се да се измъкнеш за да ми съобщиш какво мислиш за положението или изпрати сержанта
22637	22637	books_1803	books	дори те не биха ме взели за далматински дог
22704	22704	books_1873	books	бавно и тихичко те се промъкваха все по-близо до мисис
22705	22705	books_1874	books	тя гледаше телевизия и с помощта на изтърсачето бе започнала да разбира за какво става дума
22720	22720	books_1889	books	дори мисис поспа знаеше че понго ще бъде през цялото време нащрек
22790	22790	books_1959	books	сетих се
22817	22817	books_1989	books	сетне тихата зимна нощ бе раздрана от звука на мощен мотор на потеглящ автомобил последван от оглушителния рев на най-пронизителния клаксон в англия
22879	22879	books_2053	books	отвърна шепнешком късметчето
22906	22906	books_2080	books	кажи им да не започват да ядат докато всички не заемат местата си пред коритата
22910	22910	books_2084	books	късметчето остави своите братя и сестри най-накрая а двамата с изтърсачето напуснаха кухнята последни
22919	22919	books_2093	books	понго бързо се справи с него под възхитените погледи на кутретата които бяха заели местата си пред коритата но дори не бяха близнали храната
22932	22932	books_2106	books	е сега вече братята няма да намерят нищо за ядене
22942	22942	books_2116	books	хрумването беше на сержант
22945	22945	books_2119	books	къде да вървим
22972	22972	books_2146	books	ще ви открият пък и аз не съм в състояние да изхраня толкова кучета
22987	22987	books_2161	books	а сега спете и двамата
22988	22988	books_2162	books	понго и мисис влязоха в хамбара и с душене откриха децата си
22994	22994	books_2168	books	попита мисис
23034	23034	books_2209	books	и показа на понго и мисис малка дървена каручка боядисана със синя боя
23073	23073	books_2250	books	ала мисис не мислеше за храната а за душкингови сами на коледа
23098	23098	books_2275	books	препускаше в галоп докато зърна фенерите на братята
23105	23105	books_2284	books	сетне се изкашля скромно и додаде
23184	23184	books_2363	books	лошото е че вие далматинците много се хвърляте на очи
23283	23283	books_2463	books	ще се справи ли
23308	23308	books_2488	books	и тук има щуротия
23315	23315	books_2495	books	като стигнаха кулата обаче видяха една тясна врата която беше само притворена
23327	23327	books_2507	books	поразходиха се и изведнъж направиха неочаквано откритие
23344	23344	books_2524	books	рече мисис
23371	23371	books_2551	books	нищо по-ободряващо не можеше да каже на деветдесетте и седем кутрета които вече бяха прималели от глад
23383	23383	books_2563	books	веднага му отговориха но лаят гласеше
23389	23389	books_2569	books	още преди да си отвори устата на понго и на мисис им стана ясно че нещо не е наред
23395	23395	books_2575	books	а и улицата е претъпкана от народ
23401	23401	books_2581	books	пък и друга храна няма
23444	23444	books_2624	books	а може и да ни оставят заедно докато известят мистър душкинг
23471	23471	books_2651	books	злобара
23474	23474	books_2654	books	пламъците се издигаха все по-нагоре а тя пляскаше с ръце от удоволствие
23486	23486	books_2666	books	бихме могли да се скрием там ако зърнем светлините на фаровете й каза понго и обясни на кутретата какво има предвид
23494	23494	books_2675	books	щом понго извика стоп
23504	23504	books_2686	books	откъм селото вече не се дочуваше нищо
23512	23512	books_2694	books	сега вече не са бели с черни петна а черни с бели усмихнато каза мисис
23520	23520	books_2702	books	всички освен късметчето и изтърсачето бяха потънали в дълбок изнурен сън
23528	23528	books_2710	books	изкрещя понго
23553	23553	books_2736	books	териерът налапа остатъка от лулата и го сдъвка
23561	23561	books_2744	books	ахна понго към мисис
23582	23582	books_2765	books	изключено черни кутрета в тъмен фургон
23596	23596	books_2779	books	все по-гръмко бучеше моторът
23634	23634	books_2819	books	от най-близката къща се появи много едър мъж препасан с груба престилка
23653	23653	books_2838	books	какъв късмет какъв късмет повтаряше си понго
23672	23672	books_2857	books	защо да не убием злобара
23722	23722	books_2907	books	все още изпитваха остър глад но не му обръщаха внимание защото предвкусваха чудесна вечеря
23774	23774	books_2959	books	нямаше как тази сутрин разгоних поредната прислуга
23791	23791	books_2977	books	тук отзад има вход
23793	23793	books_2979	books	ще излаете три пъти ако видите раираната кола и чуете клаксона й предупреди ги понго и поведе останалите след бялата котка
23796	23796	books_2982	books	тук нищо не си заслужава да рушим забеляза тя и тръгна нагоре по стълбите
23799	23799	books_2985	books	а понго много го бива да дърпа резета гордо заяви мисис
23805	23805	books_2993	books	по четири кутрета на палто две на наметало едно на маншон
23806	23806	books_2994	books	зъбите готови
23807	23807	books_2995	books	в стаята нямаше достатъчно място за да се свърши както трябва такава работа и затова кутретата се разпръснаха из цялата къща
23838	23838	books_3028	books	късметчето и двете му гръмогласни другарчета тъкмо излизаха от предната порта на къщата
23917	23917	books_3109	books	извика мисис душкинг която чу друг лай и също се втурна към прозореца
23925	23925	books_3117	books	той затвори прозореца и рече на жена си
23949	23949	books_3141	books	може да са се изгубили
23951	23951	books_3143	books	понго и мисис се разлаяха още по-гръмко и замахаха с опашки
23980	23980	books_3173	books	мистър душкинг хвърли поглед от прага втурна се към гостната и разтвори широко двойната врата
23985	23985	books_3178	books	и той самият решително взе да се търкаля по пода
23997	23997	books_3190	books	в ъгъла на стаята също падаше голямо прегръщане
24000	24000	books_3193	books	на понго и през ум не беше му минало че и те може да са сред спасените кученца
24204	24204	books_3403	books	попитал я старият кръчмарин
24213	24213	books_3412	books	попитала я козата
24221	24221	books_3420	books	ако го надвия ще му смъкна кожата от гърба и ще я дам на цигуларите да си направят тъпан
24244	24244	books_3443	books	попитала бабата
24262	24262	books_3461	books	дай ми бабо веченка или ще те изям
24271	24271	books_3470	books	почнал да я боде с остена за да върви по-бързо
24276	24276	books_3475	books	да посеем отвърнал орачът и докарал от житницата си един чувал зърно
24278	24278	books_3477	books	орачът пръскал житото а мечката влачела трънената грапа
24320	24320	books_3519	books	а мечката се обадила тихичко
24342	24342	books_3543	books	лъвът и лисицата
24343	24343	books_3544	books	натежали годините на стария лъв
24392	24392	books_3595	books	дума да не става
24418	24418	books_3622	books	отишъл веднъж нашият хитър петър на панаир
24449	24449	books_3654	books	хитър петър имал един овен и много си го обичал
24498	24498	books_3704	books	навел се взел си калпака отърсил го и се обърнал към първенците
24512	24512	books_3718	books	старият чорбаджия разбрал накъде бие тая приказка потънал в земята от срам и тихомълком се измъкнал от събранието
24538	24538	books_3744	books	второ рязане не му е потребно
24552	24552	books_3758	books	а какво ще ми платиш
24562	24562	books_3768	books	попитал хитър петър
24639	24639	books_3845	books	момченцето пак викнало на побойниците
24642	24642	books_3848	books	може отвърнало едно от лошите деца дай паричката
24658	24658	books_3864	books	като се прибрало вечерта в къщи и пуснало жабчето на рогозката при кученцето и котенцето майката избухнала
24692	24692	books_3898	books	и много дни и години изтекли
24731	24731	books_3937	books	че ти знаеш ли кое е туй момиче
24797	24797	books_4003	books	рекло котенцето
24824	24824	books_4030	books	ела поне да хапнем рибешко ядене
24829	24829	books_4035	books	рекло котенцето
24839	24839	books_4045	books	мигом се появил великанът
24965	24965	books_4174	books	и той искал да се порадва на чувалите с жълтиците
24987	24987	books_4196	books	попитал вторият овчар
25000	25000	books_4210	books	ти пък почни да лаеш колкото глас имаш дигни олелия додето изскочат навън овчарите
25004	25004	books_4214	books	вечерта щом овчарите се прибрали и легнали да спят вълкът грабнал виторогия овен на стадото и го помъкнал към гората
25013	25013	books_4224	books	през една тъмна нощ кучето усетило че някой дращи по вратата
25026	25026	books_4237	books	тая вечер им теглиха ножа
25053	25053	books_4267	books	по едно време заекът се развикал от върха на дървото
25092	25092	books_4308	books	щом го срещна ще го попитам
25120	25120	books_4336	books	от време на време момчето поглеждало надолу и търсело с очи пясъците но водата сякаш нямала край
25122	25122	books_4339	books	по канарите накацали ято бели птици
25137	25137	books_4354	books	обърнал се единият от щъркелите към момчето
25138	25138	books_4355	books	той бил водачът на ятото
25163	25163	books_4380	books	друга ще ти отсека захванал да го теши брадатият
25169	25169	books_4386	books	хайде сега да идем за риба
25187	25187	books_4404	books	отвътре се показала майка му със запретната престилка
25252	25252	books_4469	books	тя улучила поповата къща и паднала в градинката където попската дъщеря седяла под едно бадемово дърво и шиела на гергеф
25272	25272	books_4489	books	нахранил се най-малкият брат изтегнал се в мекото легло наспал се и на другия ден пак заключил вратата и отишъл да оре
25396	25396	books_4616	books	много ти са дребни яйцата
25408	25408	books_4628	books	да бяхте ни изпекли по една наденица
25438	25438	books_4658	books	на едно потулено място лъжците заклали вола и го одрали
25444	25444	books_4664	books	аз съм рекъл новият доставчик на войниците
25446	25446	books_4666	books	вземай ги
25456	25456	books_4676	books	сега не мога заусуквал се най-големият брат но на връщане ще ти платя
25469	25469	books_4689	books	най-малкият се заловил да събира сухи дърва а двамата по-големи се упътили пак за града
25471	25471	books_4691	books	озърнал се и видял един селянин който носел пет кокошки вързани за краката
25479	25479	books_4699	books	попитал продавачът
25590	25590	books_4811	books	препираха се препираха и сториха облог
25641	25641	books_4862	books	насред полето има един кръстопът
25683	25683	books_4904	books	кметът и брадатите съветници почнали да го усукват
25696	25696	books_4918	books	девет черни ръце се протегнали към стената откачили девет тежки ятагана и ги препасали на кръстовете си
25698	25698	books_4920	books	деветимата разбойници изскочили навън влезли в заключения с три ключа общински яхър яхнали най-бързите коне и изчезнали в нощта
25728	25728	books_4950	books	иванчо почнал да се прозява
25771	25771	books_4994	books	бре хайде тогава да я видим
25774	25774	books_4997	books	парите оставили в хана под ключ
25787	25787	books_5011	books	направили голяма сватба
25798	25798	books_5023	books	иванчо и царската дъщеря заспали а побратимът лежал гледал към тавана и слухтял
25800	25800	books_5025	books	извил очи и видял че по стълбите пълзи една пепелянка с вирната нагоре глава
25801	25801	books_5026	books	затворил си очите
25824	25824	books_5049	books	слепият змей
25836	25836	books_5062	books	дума да не става
25839	25839	books_5065	books	но ковашката жена не мирясала
25883	25883	books_5111	books	мляко яж колкото щеш
25911	25911	books_5139	books	яхни ме бързо и бягай защото тука няма живот за мене
25946	25946	books_5174	books	наперен петел се разхождаше пред вратата и кълвеше разпилени овесени зърна
25947	25947	books_5175	books	един ден щом петелът разпери крила проточи шия и гръмогласно изкукурига приказката започна
25957	25957	books_5185	books	те бяха тримата синове на стареца
25963	25963	books_5191	books	най-малкият се гушеше зад тях нескопосно облечен опасан с колан от лико несресан както му е редът
25976	25976	books_5204	books	никой друг не трябва да узнае какво съм ви казал
25989	25989	books_5217	books	по онова време на двата бряга вишеха клони престарели дървета с напукани дънери
25995	25995	books_5224	books	най-отгоре беше изпълзяло гущерче такова едно малахитово с рубинени очички а гърбецът му сякаш беше посипан със скъпоценни камъни
26011	26011	books_5240	books	разлюлените клони се укротиха
26085	26085	books_5317	books	което си харесаш твое да бъде
26116	26116	books_5349	books	тате нека ида аз
26130	26130	books_5363	books	блазе ти бате
26136	26136	books_5369	books	срещата на най-големия с ламята
26142	26142	books_5375	books	наближаваше полунощ
26152	26152	books_5385	books	не е твоя работа
26164	26164	books_5397	books	додето стигне потайното място гореща пот обля гърба на коня под седлото
26166	26166	books_5399	books	върху най-горното клонче на дървото блестеше и се люшкаше златна ябълка голяма колкото юмрук
26173	26173	books_5406	books	измъкна от пояса си единия нож и го захапа
26179	26179	books_5412	books	ламята иде
26187	26187	books_5420	books	тогава що щеш тук
26188	26188	books_5421	books	дошъл съм за ябълката
26220	26220	books_5453	books	мен старецът ме е поставил тук да вардя златната ябълка
26229	26229	books_5462	books	прозявката не слизаше от устата му
26236	26236	books_5469	books	иди да ми доведеш коня
26240	26240	books_5473	books	бащата тъжно отвърна
26247	26247	books_5481	books	когато навлезе в тилилейската гора за да не заспи започна да си тананика
26255	26255	books_5490	books	защо си дошъл
26272	26272	books_5507	books	петко протегна напред ръцете си да хване лъка но нали нямаше пръсти го изтърва на земята
26273	26273	books_5508	books	средният брат слезе от коня взе лъка от земята и го окачи върху едната петкова ръка
26304	26304	books_5539	books	затрещяха клоните приведоха се тревичките
26318	26318	books_5553	books	усмихна се най-малкият и отиде в яхъра да изведе магарето
26320	26320	books_5555	books	той го теглеше напред а то се дърпаше назад
26339	26339	books_5576	books	а как ще ми помогнеш петканчо
26345	26345	books_5582	books	и като отиде при дървото момчето прегърна дънера му с две ръце и се изкачи нагоре като котка
26371	26371	books_5608	books	по следите на ламята
26386	26386	books_5623	books	как ли живо заговори най-малкият нали я нараних със стрелата ще тръгна по кървавите капки които са белязали пътя й
26396	26396	books_5633	books	той се срамуваше да остане по-назад от братята си
26398	26398	books_5635	books	облягайте се един на друг синове мои защото сговорната дружина планина повдига
26408	26408	books_5645	books	но една нощ аз я причаках потулен в шумака край говедарника и я съсякох
26428	26428	books_5665	books	викна най-малкият
26453	26453	books_5691	books	като наближи първия брат странникът се обърна към него и рече
26491	26491	books_5729	books	какво носиш вътре
26538	26538	books_5778	books	като отнесе най-малкия брат накрай света странникът се върна и взе най-големия
26548	26548	books_5788	books	един след друг отидоха към чешмата и се надвесиха над коритата
26553	26553	books_5793	books	само че продължи той от левия чучур трябва да потече червено вино а от десния бяло
26595	26595	books_5837	books	и като хвана въжето най-малкият налегна надолу и започна да спуска брата си в кладенеца
26630	26630	books_5873	books	под свода четвъртита ръждива желязна врата
26641	26641	books_5884	books	и бяло
26651	26651	books_5894	books	от очите му потекоха сълзи
26654	26654	books_5897	books	братчета какво направихте
26677	26677	books_5920	books	далеко някъде тичаха наежени един срещу друг два овена единият бял като памук другият чер като въглен
26678	26678	books_5921	books	надясно от вратата се възземаше право нагоре дънерът на клонат дъб
26690	26690	books_5933	books	попита гущерът и захвана неспокойно да мятка опашката си
26724	26724	books_5967	books	когато надвие белият на небето се показва ясно слънце а когато вземе връх черният на небето грейва месечина
26743	26743	books_5986	books	приближи го до лицето си
26774	26774	books_6017	books	навярно ще си спомните какво искахте да заповядате когато се пробудихте
26793	26793	books_6037	books	но да вземеш ябълка от страшната ламя е все едно да отнемеш агне от устата на вълка
26795	26795	books_6039	books	я па тая
26800	26800	books_6044	books	повикайте царя
26817	26817	books_6061	books	пиленцето ми рече той какво има
26843	26843	books_6087	books	попита хитро вейхайвей
26855	26855	books_6099	books	а не лукова глава
26882	26882	books_6126	books	ох стоеше прав разкрачен мрачен и безочлив
26889	26889	books_6133	books	къде е царят им
26933	26933	books_6177	books	цялото поле екна
26946	26946	books_6190	books	короната му се изкриви като калпак на пияница
26957	26957	books_6201	books	цар патаран легна по корем и прегърна единия му ботуш
26965	26965	books_6209	books	ох отговори
26966	26966	books_6210	books	първо искам да ми предадеш всичките си войници
26987	26987	books_6232	books	роби отсега нататък аз съм вашият господар
27022	27022	books_6267	books	от вътре се чуха тихи стъпки на чехли
27038	27038	books_6284	books	те са на синовете ми а герданчето е на дъщеричката ми златушка
27052	27052	books_6298	books	нагреба брашно с дървено гребало изсипа го в ситото и започна да го пресява над нощвите
27055	27055	books_6301	books	ще замеся от сърце
27147	27147	books_6393	books	бръкна в лъжичника и извади две лъжици
27187	27187	books_6434	books	подаде й тамбурата златушка я пое едвам докосна с пръсти жичките й въздъхна и запя с ярешки глас
27194	27194	books_6441	books	да ме отървете
27198	27198	books_6445	books	пееш сякаш котенце мърка
27236	27236	books_6483	books	и що да види
27248	27248	books_6495	books	когато отключи и нея видя съвсем празна стая
27272	27272	books_6519	books	сграбчи я първият дигна я нагоре и я целуна по челото
27278	27278	books_6525	books	ако не беше котенцето ми сега нямаше да съм при вас
27281	27281	books_6528	books	ще те отървем пиленце
27285	27285	books_6532	books	ще те изнесе навън без да му дойде на ум че ти си вътре
27308	27308	books_6555	books	царят се дръпна назад а педя човек подаде брадата си от колесницата
27314	27314	books_6561	books	сетне се обърна към царя който зяпаше поразен от дързостта на чужденеца
27337	27337	books_6584	books	от ноздрите й излизаха пламъци
27338	27338	books_6585	books	опашката й се дигаше и отпускаше неспокойно
27344	27344	books_6591	books	то искаше да бъде свидетел на историческия бой
27388	27388	books_6636	books	то не беше тъмен облак а една орлица със сребристи великански крила
27391	27391	books_6639	books	какво мислиш да правиш
27401	27401	books_6649	books	ще те изнеса когато поискаш
27427	27427	books_6676	books	надменен и велик
27441	27441	books_6690	books	тъй ли
27486	27486	books_6735	books	намислил съм да те оженя
27521	27521	books_6772	books	до камината имаше миндер но върху него се бяха изтегнали две затлъстели котки
27526	27526	books_6777	books	кой е забравил ютията
27557	27557	books_6810	books	вратата скръцна и в кухнята влязоха дванайсет готвачки с бели престилки с червени герданчета и кривнати шапчета на главите
27559	27559	books_6812	books	готвачките се наредиха в полукръг и се поклониха
27560	27560	books_6813	books	главната готвачка рече
27569	27569	books_6822	books	друго какво искаш юначе
27580	27580	books_6833	books	откога не съм ял топло ядене
27611	27611	books_6864	books	клепките й паднаха срамежливо
27666	27666	books_6923	books	ти който погуби майка ми какво искаш от мен
27721	27721	books_6978	books	бягаха по моста прескачаха трупа на великана викаха от радост и хвърляха нагоре калпаците си
27725	27725	books_6982	books	юнакът го изгледа презрително поклати глава многозначително и отговори
27726	27726	books_6983	books	в най-крайната къщурка където живее майката на златушка
27748	27748	books_7005	books	яденето и пиенето трябва да наместиш в един ковчег със стоманена гривна на капака
27772	27772	books_7029	books	тя изгледа юнака и златушка които бяха седнали един срещу друг хвана се за сърцето строполи се на пода и захвана да рита
27790	27790	books_7047	books	нагледай ми се
27810	27810	books_7068	books	издигна железния ковчег в облаците
27813	27813	books_7071	books	орлетата писукаха
27836	27836	books_7095	books	средният брат броеше жълтици в калпака си и свирукаше
27855	27855	books_7114	books	ами като нямам пукната пара
27886	27886	books_7145	books	благослови ги орлицата и раздвижи крилата си
27895	27895	books_7154	books	откъде идеш
27930	27930	books_7191	books	странникът попита девойката
27943	27943	books_7204	books	най-големият изръмжа на най-малкия си брат
27944	27944	books_7205	books	сега вече ще се отървем от теб
27945	27945	books_7206	books	вълците ще те разкъсат
27947	27947	books_7208	books	дишай не искам да се задушиш и да издъхнеш преди да дойдат вълците
27956	27956	books_7217	books	простена най-малкият брат захвана да се гърчи и направи отчаяни усилия да се отвърже но въжетата бяха стегнати донемайкъде
27985	27985	books_7246	books	над езерата и моретата
28005	28005	books_7266	books	чудна усмивка озари очите на странника
28036	28036	books_7297	books	в изданието са включени патиланчо патиланско царство бате патилане патиланчо данчо патиланчо на село патиланско училище
28085	28085	books_7347	books	и лесно й мина
28116	28116	books_7379	books	дай ми от долапа малката кутийка с бялото мазило
28217	28217	books_7482	books	четката в джоб мушнах лепилото грабнах в долапа го пъхнах
28218	28218	books_7483	books	но мойто плашило на стола остана
28251	28251	books_7517	books	като всеки глезльо навред нос въвира
28275	28275	books_7543	books	аз грабнах шишето
28281	28281	books_7549	books	коремът краката гърбът и главата вредом почерняха
28370	28370	books_7642	books	тъй няма да мине
28373	28373	books_7645	books	знаех аз че скоро хитър дяволинчо и тях ще напипа
28401	28401	books_7674	books	татунчо се казва
28509	28509	books_7785	books	като жив стоеше той върху дъската
28510	28510	books_7786	books	и клатеше сякаш за борба главата
28558	28558	books_7836	books	тръгвай сега с мене
28569	28569	books_7847	books	вървяхме вървяхме стигнахме баира
28587	28587	books_7866	books	летяхме летяхме
28604	28604	books_7883	books	но туй не помогна
28608	28608	books_7887	books	поздрав най-сърдечен
28610	28610	books_7889	books	весел патиланчо
28661	28661	books_7941	books	бате патилане гледай ги изтичат
28696	28696	books_7976	books	но за всеки случай яйцата строшени под масата скрихме
28700	28700	books_7980	books	честит ти великден
28710	28710	books_7991	books	събраха се хора ала тя не спира
28711	28711	books_7992	books	ти ти патилане
28731	28731	books_8012	books	тръгнах си печален
28732	28732	books_8013	books	но не щеш ли тука друго чудо стана
28733	28733	books_8014	books	и очи изблещи баба цоцолана
28757	28757	books_8041	books	моята дружина пред нея застана
28759	28759	books_8043	books	деня на детето днес цял свят празнува
28763	28763	books_8047	books	кой златар ти бабо позлати устата
28765	28765	books_8049	books	ти ли си не си ли
28797	28797	books_8081	books	скоро цветя дайте
28801	28801	books_8085	books	да вървим другари
28845	28845	books_8130	books	събуди и мене
28846	28846	books_8131	books	ставай патилане
28849	28849	books_8134	books	събуди децата
28867	28867	books_8152	books	бре какво започна да ми се доспива
28878	28878	books_8163	books	ние ще играем
28882	28882	books_8167	books	повече коприва само наберете
28888	28888	books_8174	books	и край баба близо пак се заиграхме
28894	28894	books_8180	books	доде го погледнем и двете обърна
28921	28921	books_8208	books	кошниците празни ние в ръце взехме
28937	28937	books_8224	books	поздрав най-сърдечен от мен и от мойте славни патиланци
29002	29002	books_8292	books	нека се запомни драги ми
29023	29023	books_8315	books	ще станем момчета
29034	29034	books_8327	books	патилан не знае
29105	29105	books_8400	books	по три жълти праха всеки ден ще взема
29161	29161	books_8456	books	доде се обърна баба цоцолана здраво ме прегърна па ме поналожи и сърдито рече
29200	29200	books_8496	books	после ще обуеш новите пантофи с златните чапрази дето за великден баба си ги пази
29212	29212	books_8508	books	обади се дана
29218	29218	books_8514	books	що има да стане нека да си става
29275	29275	books_8571	books	о бабо много си страдала от нашите грешки волни и неволни
29311	29311	books_8608	books	от леглото стана
29336	29336	books_8633	books	бабо рече дана страшни ли са много змиите в лозята що с огън ги плашим
29343	29343	books_8640	books	изшумя в трънака
29355	29355	books_8652	books	тичай патилане
29357	29357	books_8654	books	каквото да стане трябва да се върнеш
29363	29363	books_8660	books	пантофките дигнах
29370	29370	books_8667	books	и юнака данчо на днешния празник за здраве наложи
29371	29371	books_8668	books	поздрав най-сърдечен драги ми смехурко
29378	29378	books_8676	books	но аз му разказах за нашето царство
29409	29409	books_8708	books	по дела съдете
29421	29421	books_8721	books	мойте патиланци припнаха след мене
29433	29433	books_8733	books	днеска мила бабо гостенчето
29453	29453	books_8754	books	и на снега снехме нашите портрети
29461	29461	books_8762	books	който тука влезе няма да излезе докато портрета в снега си не снеме
29475	29475	books_8776	books	пръв изневеряваш бате патилане
29503	29503	books_8804	books	весел патиланчо
29537	29537	books_8841	books	право дано право
29538	29538	books_8842	books	така ще направим
29572	29572	books_8878	books	край нея се струпа моята дружина
29597	29597	books_8904	books	провикна се мика
29623	29623	books_8930	books	онуй що ви рекох добре пригответе
29624	29624	books_8932	books	както си намислил нека така стане
29659	29659	books_8969	books	аз да те посрамя
29667	29667	books_8977	books	аз ще го поставя във гостната стая
29706	29706	books_9017	books	почнахме отново
29730	29730	books_9042	books	хайде давай бабо
29747	29747	books_9059	books	а на село има просо разпиляно ечемик пшеница
29782	29782	books_9094	books	а малката мика взе дори да плаче
29785	29785	books_9097	books	не е патиланец кой от дъжд се плаши
29791	29791	books_9103	books	сивчо насред пътя изведнъж запря се
29813	29813	books_9125	books	дългоушко ревна
29823	29823	books_9135	books	ето кола празна качи се във нея
29837	29837	books_9150	books	към село потегли
29880	29880	books_9195	books	нищо че без време тука се окъпа
29902	29902	books_9218	books	козелът в обора отвори вратата излезе на двора ведрото събори и с малкото теле почна да се бори
29918	29918	books_9236	books	а той се зарадва повече от мене
29929	29929	books_9248	books	слушаха ме всички със уста разкрити
29948	29948	books_9268	books	приказваше нещо с помощника петьо
29962	29962	books_9282	books	когато аз свърших кметът ръце плесна изсмя се и викна
29968	29968	books_9288	books	тоя патиланец днеска ви избави че сладко говори
29973	29973	books_9293	books	дето щеш води ни
29988	29988	books_9309	books	първом ще пожънем голямата нива що е най-далече
30004	30004	books_9325	books	пот покри челата лепнат гърбовете
30018	30018	books_9339	books	и от райкин извор пак вода наляхме
30041	30041	books_9362	books	славата ни гръмна навред по нивята
30099	30099	books_9421	books	докара конете
30133	30133	books_9457	books	нищо бабо нищо няма да му стане
30136	30136	books_9460	books	баба ме подгони
30143	30143	books_9468	books	още съм на село
30147	30147	books_9472	books	от днеска беритба ще почваме вече
30149	30149	books_9474	books	хайде патилане
30187	30187	books_9514	books	стойчо се провикна
30220	30220	books_9550	books	захапвал си често ябълка червенка
30243	30243	books_9576	books	към града погледна изрева и тръгна
30255	30255	books_9588	books	за щастие скоро минаха колари
30259	30259	books_9592	books	града наближихме
30297	30297	books_9631	books	подкарах колата
30326	30326	books_9661	books	тогаз се изстъпи един патиланец и така отсече
30333	30333	books_9668	books	заскърца колата
30341	30341	books_9677	books	поздрав най-сърдечен
30379	30379	books_9718	books	о слънчице ясно
30408	30408	books_9747	books	баба щом ни зърна сърдито попита
30432	30432	books_9773	books	и ще му наложим бабината шапка дето пламна лани когато играхме с тиквени фенери
30459	30459	books_9800	books	а ти панчо тичай
30599	30599	books_9944	books	дворът се изпълни
30618	30618	books_9963	books	спряха да почакат лелин веселинча
30620	30620	books_9965	books	но джоба му стисна
30638	30638	books_9983	books	славата му стига
30668	30668	books_10015	books	свиках моите хора
30680	30680	books_10027	books	но чевръста
30707	30707	books_10055	books	навънка изскочих
30709	30709	books_10057	books	тежко тежко стъпя сякаш е царица
30743	30743	books_10092	books	и ще те подстриже майстор патиланчо
30747	30747	books_10096	books	тя седна на стола
30789	30789	books_10141	books	колата ще хване всички твои хора
30799	30799	books_10151	books	далече в полето до един мост спряхме
30812	30812	books_10164	books	събуха се боси
30881	30881	books_10235	books	но отвън пак някой захлопа вратите
30902	30902	books_10256	books	затуй сами идват при мене децата
30905	30905	books_10259	books	влезте моля влезте
30937	30937	books_10293	books	от мен поздравете баба цоцолана и я помолете и тя да ни бъде гостенка желана
30959	30959	books_10315	books	бързокрачо данчо всички ще калеса
30974	30974	books_10330	books	води патилане
30978	30978	books_10335	books	и пред мене тръгна баба цоцолана
30979	30979	books_10336	books	а ганчо и гана си взеха товара и влязоха с него
30990	30990	books_10347	books	скъпи мои гости дванайсет години в таз страна живея но за пръв път днеска тъй сладко се смея
30993	30993	books_10350	books	и тя ми се струва тъй близка и мила
30996	30996	books_10353	books	аз тогава станах и така подхванах
31004	31004	books_10361	books	и тозчас те бяха до капка изпити
31078	31078	books_10437	books	патиланска дума назад се не връща
31092	31092	books_10451	books	и аз се разхълцах
31117	31117	books_10476	books	поздрав най-сърдечен драги ми смехурко
31180	31180	books_10542	books	скоро патилане оставяй яйцата
31183	31183	books_10545	books	съседката недка дори се разплака
31185	31185	books_10547	books	вчера ги забърках
31256	31256	books_10619	books	аз сам си ги правя
31267	31267	books_10630	books	спиртникът постави
31336	31336	books_10701	books	той ще се издигне ще хвръкне и право в париж ще ни снеме
31364	31364	books_10731	books	доближихме всички до аероплана
31390	31390	books_10758	books	дана скочи взе я към нас я насочи и на шега рече
31438	31438	books_10808	books	славни думи рече
31447	31447	books_10817	books	да си жива дано
31450	31450	books_10820	books	рекох аз зарадван
31460	31460	books_10830	books	викна ганчо
31464	31464	books_10834	books	и без това може
31475	31475	books_10845	books	пък аз дългоушка ще доведа тука
31542	31542	books_10915	books	тръгнахме задружно
31562	31562	books_10935	books	леля станислава
31571	31571	books_10945	books	кротко й отвърнах
31591	31591	books_10965	books	тозчас работа подхванах
31608	31608	books_10982	books	поздрав най-сърдечен драги ми смехурко
31617	31617	books_10992	books	тя се разлюлява
31625	31625	books_11000	books	обухме обувки кой каквито свари
31629	31629	books_11004	books	ох колко се стреснах
31640	31640	books_11015	books	стой при мене тука
31667	31667	books_11042	books	баба се стъписа
31670	31670	books_11045	books	бабо съвземи се
31695	31695	books_11070	books	всички патиланци хукнаха навънка
31736	31736	books_11112	books	прочетох го гласно
31772	31772	books_11149	books	моля патиланци ако е възможно идвайте при мене по-редичко вече
31794	31794	books_11171	books	да идем
31823	31823	books_11200	books	за теб ще говори от днес цял свят вече
31846	31846	books_11224	books	редакторът благов и днес ме подканя
31856	31856	books_11235	books	как се срещал веднъж с верен патиланец
31878	31878	books_11257	books	и тогаз ще пише със радост велика
31937	31937	books_11320	books	тичай данчо тичай че мика умира
31948	31948	books_11331	books	цялата дружина на стража застана
31951	31951	books_11334	books	стигнахме я вкъщи
31974	31974	books_11357	books	без ох ще се свърши
31995	31995	books_11379	books	а слънцето свети не само навънка но и в умовете
32059	32059	books_11446	books	заедно със нея цялата дружина
32061	32061	books_11448	books	в нея сложих друга от дамски шушони
32081	32081	books_11469	books	кутията дигнах с две ръце я хванах и така подхванах
32093	32093	books_11481	books	не е шапка бабо а модни шушони
32105	32105	books_11493	books	и тая кутия пред всички отворих
32146	32146	books_11534	books	досами сърцето нежно го притиска
32186	32186	books_11575	books	изпъчи се панчо
32198	32198	books_11590	books	кой когато иска и където иска уроци ще взима
32201	32201	books_11593	books	кой какво ще прави хайде да научим
32206	32206	books_11598	books	ученето почна
32214	32214	books_11607	books	после втори трети
32240	32240	books_11634	books	стига хвалби дано
32279	32279	books_11673	books	ей бабо пази се в пазвата ти скри се
32298	32298	books_11693	books	зиме дните къси преминават сладко в игра и забава та затуй писмата по-назад остават
32308	32308	books_11703	books	зная дано зная
32312	32312	books_11707	books	ще каже
32352	32352	books_11748	books	бай гого извика
32358	32358	books_11754	books	да живее славната смукачка
32381	32381	books_11778	books	обади се дана
32384	32384	books_11781	books	не сърди се дано
32394	32394	books_11791	books	патиланчо панчо тука го пресече
32418	32418	books_11815	books	ах само медуни ей сега ще стане
32433	32433	books_11830	books	но скоро ни мина и пак се засмяхме
32464	32464	books_11862	books	те нали са символ на радост и здраве
32549	32549	books_11949	books	баба цоцолана над мен заговори
32555	32555	books_11955	books	и най-тежки болки лекичко минават
32556	32556	books_11956	books	а сега да викнем дружно сред гората
32572	32572	books_11973	books	да построим сцена у вас вън на двора
32577	32577	books_11979	books	нека всеки знае какви творби пишат весели играчи
32619	32619	books_12022	books	пари ще събирам
32623	32623	books_12026	books	със пари не става обади се дана но със яйца може
32626	32626	books_12029	books	ще излезе чудо нашата забава
32685	32685	books_12089	books	слушатели драги не се смейте вече
32740	32740	books_12146	books	и за тая помощ скоро време ще
32752	32752	books_12158	books	от тях ще добием засилки незнайни
32819	32819	books_12226	books	додето дядо кремен напълни торбата с прахан копитко изпаса цяла китка момини сълзи и взе да реве
32820	32820	books_12227	books	защо ревеш
32841	32841	books_12248	books	дай малко светлина
32853	32853	books_12260	books	продъни планината
32898	32898	books_12305	books	отговори майсторът
32991	32991	books_12399	books	още един миг и то ще падне на земята
32997	32997	books_12405	books	гюро с дългите мустаци
33000	33000	books_12408	books	само че неговият късмет беше много ленив и затуй на гюра не му вървеше
33005	33005	books_12413	books	гюро се почеса по тила и почна да скърца със зъби
33008	33008	books_12416	books	като чу гюровата закана той се уплаши много плю си на петите и побягна към село
33025	33025	books_12433	books	няма вече
33028	33028	books_12436	books	и тебе ще повозя някога великодушно обеща гюро
33029	33029	books_12437	books	ами моята бабичка не може ли за малко да седне в двуколката на крайчеца
33035	33035	books_12443	books	излязоха на градския пазар
33047	33047	books_12455	books	иди сам се почерпи а пък аз ще походя из пазара рече
33059	33059	books_12467	books	ах де го този мой късмет да го натикам в кози рог
33130	33130	books_12538	books	изведнъж насреща му изскочи един пъдпъдък
33162	33162	books_12570	books	от всички краища се втурнаха болярите към царския дворец
33168	33168	books_12576	books	най-подир се явиха три пуяка и едно орехче
33179	33179	books_12587	books	втори се дигна бухалът и избухна
33181	33181	books_12589	books	не можеш го уплаши защото е голям като мене намеси се дребното орехче
33184	33184	books_12592	books	да му дадем орехчето
33186	33186	books_12594	books	щъркелът я удари с крило
33213	33213	books_12621	books	ти искаш ли да гледаш как ще го беся
33224	33224	books_12632	books	а в туй време насред гората в царската градина под една дебела сянка цар щъркел и болярите му кълвяха дядовия обед и пееха песни
33233	33233	books_12641	books	деца решила съм да ви заведа по широката божия земя да видите свят и хората да чуят вашите чудни гласове
33301	33301	books_12710	books	обади се едно врабче
33317	33317	books_12726	books	и то затече жадно
33342	33342	books_12752	books	заедно с много други дървета ни натрупаха на един параход
33346	33346	books_12756	books	цялото наше дърво се превърна на топове хартия
33357	33357	books_12767	books	ти си рожба на нашето дърво а ние сме славеите които заминаха през пролетта за европа
33403	33403	books_12813	books	ще вървим но мене пеш не ми се ходи
33427	33427	books_12837	books	хайде рече паякът ала трябва да купиш самолет
33428	33428	books_12838	books	продай си къщата и купи самолет
33432	33432	books_12842	books	гърбушка най-сетне си отдъхна
33438	33438	books_12848	books	в туй време до гъбата кацна гарванът
33466	33466	books_12876	books	погледне гърба на мулето и устата му се наливат погледне яките му копита с железни петала и преглътне
33467	33467	books_12877	books	по време той го превари и рече
33478	33478	books_12888	books	магарето протегна шия
33488	33488	books_12898	books	чакай не се плаши ако изкараш топа на планината ще ти окачим един медал на шията
33496	33496	books_12906	books	мулето се въртя край него ден до пладне
33497	33497	books_12907	books	като разбра че няма кой да го прибере впрегна се само и потегли към града
33507	33507	books_12918	books	заоплаква се занарежда за шопа за вълка за медала
33538	33538	books_12949	books	покай се
33573	33573	books_12984	books	як ли е кривакът ти
33593	33593	books_13005	books	ако не бели по-нататък има зелено море
33596	33596	books_13008	books	по едно време то забеляза една нива с натежало лудо просо
33620	33620	books_13032	books	много сме гладни
33674	33674	books_13090	books	през нощта пресякоха цяла българия и сутринта осъмнаха във варна
33694	33694	books_13110	books	ако паднете ще ви ощипят
33714	33714	books_13133	books	натупа ме старата вещица
33715	33715	books_13134	books	че защо те натупа
33747	33747	books_13167	books	по всичките покриви на старите къщи и кочини са наредени моите керемиди
33749	33749	books_13169	books	веднаж както вървях по улицата единият кош се откъсна и падна на земята
33756	33756	books_13176	books	сетне наврях главата си в коша
33795	33795	books_13215	books	бягай посъветва го врабчето
33803	33803	books_13223	books	щом петелът се навре да кълве зърната тя ще дръпне въжето тояжката ще падне и коритото ще похлупи петела
33845	33845	books_13265	books	старците го чуха отвориха вратата поканиха го да влезе и го нагостиха като драг гостенин
33890	33890	books_13310	books	да се зачерви и тя от радост като великденско яйце
33906	33906	books_13326	books	не дава баба и туйто
33939	33939	books_13359	books	нали съм вече вегетарианец
33957	33957	books_13377	books	тя води към една малка къща с един прозорец който нощем свети като око на котарак
33962	33962	books_13382	books	много хубав часовник беше
33973	33973	books_13393	books	си рече момчето и смъкна от главата си широката вехта бащина шапка
33993	33993	books_13413	books	обещавам ти да науча от тях буквата
34015	34015	books_13435	books	какво има там
34043	34043	books_13464	books	птичето трепна
34046	34046	books_13467	books	крилцата му се пресякоха и то падна
34093	34093	books_13514	books	всяко утро когато големият орел щом беше свил гнездо в клоните на дъба пред колибата плеснеше криле слепият старец грабваше тамбурата и излизаше навън
34094	34094	books_13515	books	сядаше на поляната обръщаше гръб срещу изгряващото слънце и пръстите му леко докосваха струните
34095	34095	books_13516	books	тогава от всичките краища на гората прииждаха зверовете и слушаха зяпнали
34122	34122	books_13543	books	там е работата че и аз не го зная
34172	34172	books_13593	books	добра среща побратиме
34186	34186	books_13607	books	само най-отгоре има една шапка орехи
34189	34189	books_13610	books	радуленко закрачи по-нататък
34233	34233	books_13654	books	а бе ти защо плачеш в бъчвата
34234	34234	books_13655	books	попита овчарят
34333	34333	books_13754	books	повтори рибката
34336	34336	books_13757	books	брей че тежки години настанаха за нашето племе
34342	34342	books_13763	books	наложиха на главата му едно вехто пробито бомбе и снежният човек си помисли че бомбето е пробито защото трябва да му се проветрява мозъкът
34351	34351	books_13772	books	почна да ръкомаха
34405	34405	books_13826	books	а снежникът работеше сръчно с лопатата и дори започна да си подсвирква
34418	34418	books_13839	books	да седнеме по-близо до печката
34445	34445	books_13867	books	имам отвръщаше дръвцето
34460	34460	books_13882	books	щом лъхне вятър почваш да се люлееш
34471	34471	books_13893	books	щом излезе от яйцето гугувичето записука
34472	34472	books_13894	books	гладно съм мамо
34476	34476	books_13898	books	един неделен ден елхата рече на гугувицата
34503	34503	books_13925	books	извика тя като надникна в празното гнездо
34505	34505	books_13927	books	отговори елхата
34527	34527	books_13949	books	пеперудки като цветчета трептяха над подмолите
34539	34539	books_13961	books	няма да дам
34587	34587	books_14011	books	от синьото езеро излезе един голям червен жабок с жълта корона царят на езерото и попита
34595	34595	books_14019	books	пусна го във водата
34599	34599	books_14023	books	докога мислиш да пущаш камъчета в моята държава
34608	34608	books_14032	books	напущам ти гнездото защото ме напече сухото слънце
34610	34610	books_14034	books	ще се върна пак когато грейне мокрото слънце
34617	34617	books_14041	books	учудил цар пук света
34634	34634	books_14059	books	скрий се в усоите
34681	34681	books_14106	books	прибрал старецът жълтиците и хукнал като вятър към колибата
34694	34694	books_14119	books	като птички трептели подире му звездите
34731	34731	books_14156	books	жълтицата е свети петре истината на този свят
34759	34759	books_14184	books	но не щеш ли задухал на четвъртия ден горещ вятър сякаш идел от някаква грамадна пещ и попарил свежата зеленина
34791	34791	books_14216	books	наизскачали ръжовчани протегнали шъпи
34805	34805	books_14230	books	по едно време колата запращяла снопите се олюлели и дядо
34866	34866	books_14291	books	я дигна нагоре очи
34888	34888	books_14313	books	грабнаха пушки почнаха да гърмят развяха едно знаме със златно лъвче и заминаха някъде да бой
34925	34925	books_14351	books	димеше далеч някъде запален аул
34950	34950	books_14376	books	от време на време те се навеждаха отместяха напечените от слънцето камъни и долепяха устни до напуканата земя
34953	34953	books_14379	books	туй езеро ако потече надолу ще напои с благодат цялата равнина
34976	34976	books_14402	books	умираше господарят на вавилония отиваше си управителят на приказния град вавилон и душата му се бъхтеше от мъка
34984	34984	books_14410	books	къде си и ти майко
34986	34986	books_14412	books	заниза се в душата му керванът на младите години
34987	34987	books_14413	books	явиха се родни мили лица близки до сърцето му
35012	35012	books_14438	books	той беше дошъл от далечна земя
35018	35018	books_14444	books	проводиха ме да искам помощ
35021	35021	books_14447	books	ела да ни помогнеш
35039	35039	books_14465	books	на седмата привържи моя ковчег и карай към тракия
35040	35040	books_14466	books	искам да бъда погребан в родната си земя
35050	35050	books_14476	books	но щом ковчегът с мъртвия вавилонски владател опря до земята изведнъж се вкамени
35083	35083	books_14509	books	изпиха водата и поискаха още
35090	35090	books_14516	books	наведе се вдигна една голяма плоча под престола спусна се в скривалището и пак намести плочата над главата си
35156	35156	books_14582	books	аз нося обица на ухото си
35186	35186	books_14612	books	всемогъщи още една жълтица поне няма ли да се откъсне от сърцето ти
35208	35208	books_14634	books	най-старият овен от благодарност научи ивана да разбира овчия език
35240	35240	books_14666	books	как премина тая дълбока вода
35252	35252	books_14678	books	ще бягаме батьовото
35261	35261	books_14688	books	надвечер излязоха на една полянка окръжена от столетни дървета
35263	35263	books_14690	books	надясно от колибата мирно пасеше една овца
35316	35316	books_14743	books	хукнаха да бягат кой накъдето му видят очите
35353	35353	books_14781	books	горните редове написах върху последния бял лист на евангелието
35358	35358	books_14786	books	отневиделица изскочи куцият дявол наведе се сложи ухо до гърдите на умиращия господар на българската земя и почна да слуша ударите на сърцето му
35390	35390	books_14818	books	клах хора поих земята с кръв горих градове и села газих житни ниви населих мизия тракия македония със сираци и вдовици
35420	35420	books_14848	books	куцият дявол изхвръкна навън с проклятие а ангелът на смъртта поведе нагоре спасената душа
35440	35440	books_14868	books	помниш ли
35459	35459	books_14887	books	орелът раздвижи големите си криле поде се и кацна на юнаковото рамо
35477	35477	books_14906	books	на шест часа път от прилеп има един голям камък търкулнат сред полето
35509	35509	books_14938	books	насред гората излязъл на една полянка
35511	35511	books_14940	books	погледнал марко златните ябълки и не вярвал на очите си
35528	35528	books_14958	books	аз съм гюргя самодивчето а ти кой си
35537	35537	books_14967	books	казвали я шаина
35542	35542	books_14972	books	искаш ли да ми станеш побратим
35593	35593	books_15023	books	много крале провождали сватове да я искат за невеста тропали по портите но се връщали с празни ръце
35635	35635	books_15065	books	пипнал третия четвъртия петия един по един ги опитвал додето очистил обора
35649	35649	books_15079	books	отбийте сватбата потулете се зад дърветата додето мине и замине черната хала
35655	35655	books_15085	books	онемяла гората
35660	35660	books_15090	books	ами какво искаш
35668	35668	books_15098	books	ако си юнак слез долу да се побориме
35670	35670	books_15100	books	черният арапин започнал да се смее
35672	35672	books_15104	books	разлютил се марко и бутнал невестата
35714	35714	books_15146	books	ще чакам додето изгрее слънцето
35717	35717	books_15149	books	като стигнало в най-близката гора откъснало крушов лист свирнало три пъти и тозчас напреде му се озовал един сур елен
35728	35728	books_15160	books	гюргя му разправила за сабята която донесъл арабинът от вавилон
35762	35762	books_15194	books	пощади отвърнал александър велики козата на тоя добър старец
35798	35798	books_15230	books	тя го попита
35809	35809	books_15241	books	когато старият ти баща почина аз я натирих по ливадите на преспанското езеро
35819	35819	books_15251	books	до нея наострил уши млад жребец с горящ червен косъм
35908	35908	books_15340	books	къде ще идеш сине
35909	35909	books_15341	books	на светогорския манастир отвърнал марко
35929	35929	books_15361	books	нито ме е пожар горил нито ме е сушила сушата
35947	35947	books_15379	books	вардаре ние отиваме нагоре към незнайна земя а ти течеш надоле
35966	35966	books_15398	books	изтеглил марко сабята светнал от радост подскокнал от коня замахнал с десницата си сабята се раздиплила и изпищяла като диво горско пиле
35995	35995	books_15427	books	вдигнал на крак седемдесет души върли като вълци еничари и ги проводил в македонската земя да погубят шаина
36007	36007	books_15440	books	почакайте додето си уплета косата на две плитки че тогава ще ви изпроводя
36014	36014	books_15447	books	спряла се на прилепския мегдан и викнала
36015	36015	books_15448	books	слушайте хора прилепчани
36040	36040	books_15473	books	как ти е името
36056	36056	books_15489	books	яхнах най-бързата кобила която пасеше свободна на полето и побягнах тука в моето родно място
36069	36069	books_15502	books	защото гладуваме незнаен юнако
36120	36120	books_15553	books	защо не можеш
36158	36158	books_15591	books	не съм минал девойки през вашето село
36195	36195	books_15628	books	и двамата обърнали конете си към дунава където се белеели грамадни камъни
36233	36233	books_15666	books	протегнало лапите си напред и сложило глава върху тях то дремеше надвито от старческа немощ
36235	36235	books_15668	books	рой мухи бръмчаха над него и се мъчеха да влязат в носа му
36253	36253	books_15686	books	петърчо се наведе взе от земята едно камъче и го хвърли
36280	36280	books_15713	books	искам прошъпна сънено горан и затвори очи
36288	36288	books_15721	books	опита се да викне ала от устата му наместо вик излезе квичене
36323	36323	books_15756	books	изпищя той и се стресна
36325	36325	books_15758	books	гледа над него стои баба му а през прозореца свети месечината
36341	36341	books_15774	books	като излязоха навън едно от тях се провикна
36350	36350	books_15783	books	вълчо тръгна като куче подире им
36351	36351	books_15784	books	додето мръкне летовищната градина кънтя от викове игри и песни
36356	36356	books_15789	books	две момчета го съзряха погледнаха се и си казаха нещо тайно
36361	36361	books_15794	books	рече вълчо
36373	36373	books_15807	books	до ушите му достигна вечерната песен на летовниците
36389	36389	books_15824	books	доволно е ако му дадат коричка хляб и бучка сирене
36390	36390	books_15825	books	а да знаете деца какво златно сърце има
36406	36406	books_15841	books	попита тихото гласче
36429	36429	books_15864	books	всички ли се отказвате от плодове заради вълча
36456	36456	books_15891	books	преди години загина с парахода варна
36458	36458	books_15893	books	като вземаше новите вестници от печатницата морското конче тичаше по крайбрежната пътека и ги продаваше на летовниците
36460	36460	books_15895	books	сега излезе
36494	36494	books_15929	books	рибарите грабнаха новата мрежа от черквата и я хвърлиха навътре в морето
36517	36517	books_15952	books	вълнение обхванаха покрусените светиивановчани
36594	36594	books_16031	books	аз храната си не давам
36598	36598	books_16035	books	твоя работа
36623	36623	books_16062	books	додоха дни че се намерихме без кривичка жито в хамбара
36655	36655	books_16094	books	чист въздух слънце яйца масло сирене
36668	36668	books_16107	books	една невидима ръка го хвана за гърлото и почна да го души
36672	36672	books_16111	books	ще ти ги ударя
36678	36678	books_16117	books	извика дядо пихтунчо и се обърна назад
36694	36694	books_16133	books	ти ще бъдеш подир дясното колело а пък аз подир лявото
36702	36702	books_16141	books	не може да лае не може да ходи на четири крака няма опашка
36712	36712	books_16151	books	сетне ще трепя зайци и яребици
36717	36717	books_16156	books	тоя зелен килим за теб съм го постлал
36719	36719	books_16158	books	отвърна дядо пихтунчо
36737	36737	books_16176	books	и ти казвам ще стоиш тука с вдигнати нагоре ръце и няма да мърдаш
36742	36742	books_16181	books	сенките на дърветата пораснаха
36746	36746	books_16185	books	подскочи от клонче на клонче кацна върху голата глава на дяда пихтунча и го клъвна за носа
36766	36766	books_16205	books	дяволът ако го срещне отбива се от пътя
36778	36778	books_16218	books	една вечер като се върна старецът от градината изпрегна двете даначета пусна ги в градината откачи от ритлата торбата и тръгна към къщи
36802	36802	books_16242	books	ех да имаме ама нямане отвърна дядото и отърси луличката си
36840	36840	books_16280	books	не са добри очите ти ще ми урочасаш гадинките
36853	36853	books_16293	books	защо не откраднеш от хаджи пъшовите
36858	36858	books_16298	books	че може ли
36946	36946	books_16386	books	аз нали бях на пазар не го заварих жив
36947	36947	books_16387	books	сетне ми каза бабичката
36956	36956	books_16396	books	научих го наведе глава малкият брат и тръгна към къщи
36973	36973	books_16413	books	ръцете на гурко затрепераха
36982	36982	books_16423	books	още не е догоряла първата вощеница до главата на дяда йордана а вие се емнахте
37000	37000	books_16441	books	на улицата го наистигна буля му недялка с една пита хляб
37006	37006	books_16447	books	нека се пръждоса нека ходи гладен като куче
37022	37022	books_16463	books	загука гургулицата в мълзяновия дол
37025	37025	books_16466	books	стегна се гурко за жътва
37035	37035	books_16476	books	ами нивата кой ще пожъне
37066	37066	books_16508	books	бате ти се запиля в града по съдилища а нивата гори
37107	37107	books_16549	books	късно вечерта се върна гурко
37177	37177	books_16619	books	дай че бързам
37185	37185	books_16627	books	де имахме пари и аз щях да си купя и буквар и гъдулка
37192	37192	books_16634	books	защо питаш
37196	37196	books_16638	books	трайчевата къщурка беше най-малка само с едно прозорче
37266	37266	books_16708	books	дядо иван чакаше селяните
37353	37353	books_16798	books	какво ли
37361	37361	books_16806	books	щял да дойде някоя нощ
37365	37365	books_16810	books	дядо иване ти ми знаеш душата
37368	37368	books_16813	books	сиромахът затрепери и очите му се напълниха
37371	37371	books_16816	books	стара кримка е но тя реве като топ
37400	37400	books_16845	books	да се махваш от вратнята ми или ще пусна кучето да те разкъса
37401	37401	books_16846	books	лазар изгоря
37458	37458	books_16904	books	не реже копчетата от дрехите ми
37651	37651	books_17100	books	опря тояжката си върху белия дънер седна на търкулнатото вехто колело и се загледа към окъпаните светнали ниви над които гореше дъгата
37655	37655	books_17104	books	от бога росица по дядовата брадица
37657	37657	books_17106	books	дядо не ти ли тежи брадата
37673	37673	books_17122	books	попита вела
37677	37677	books_17126	books	чувай да ти разкажа
37678	37678	books_17127	books	едно време преди сто години и аз бях като тебе момиченце
37700	37700	books_17149	books	дойде ми на ума сънят затекох се подбрах кравата и я подкарах към чешмата
37731	37731	books_17180	books	виелицата захвана да удря по вратите с невидими юмруци
37766	37766	books_17216	books	ти си уморен човек
37806	37806	books_17256	books	старецът погледна часовника си
37871	37871	books_17323	books	стресна се пейчо
37920	37920	books_17373	books	домъчня ми малко кога научих че е заспал дългия макар че вървеше с италианците
37932	37932	books_17385	books	притрябвали са ми варени гвоздеи
37945	37945	books_17398	books	направи му знак гробът трябва да бъде дълбок
37956	37956	books_17409	books	завари портата отворена
37961	37961	books_17414	books	пейчо пое бъклицата и закрачи към гробището
37975	37975	books_17428	books	щом пропяха трети петли той стана облече се набърже и тръгна към черквата
37978	37978	books_17431	books	тръгна да пали кандилата пред иконостаса
37995	37995	books_17449	books	неохотно подадоха ръка изломотиха нещо като добре дошъл и ми сториха път
38019	38019	books_17473	books	ние му печем хляба
38037	38037	books_17492	books	когато ударих вратата още по-настойчиво той махна с ръка и ми стори знак да вървя по дяволите
38055	38055	books_17510	books	ето къде ще нощувам
38100	38100	books_17555	books	скимти и маха с главица само от живо
38114	38114	books_17570	books	ката ден му давам по един комат хляб и по една буца сирене
38145	38145	books_17602	books	покривът на лявото крило се беше провалил
38156	38156	books_17613	books	запушихме край огъня
38159	38159	books_17616	books	стройния пастир на стадото го нямаше
38169	38169	books_17626	books	десет овце отидоха за нея
38192	38192	books_17650	books	уморен от битката моят найден се спуснал да ме посрещне и да ми се похвали
38209	38209	books_17667	books	още не бяхме изкарали първия си сън и ни събудиха да насаждаме
38250	38250	books_17708	books	качих се на самия връх да видя снежните върхове на балкана
38252	38252	books_17710	books	извиках към харманджиите
38299	38299	books_17758	books	от кораба пипи отнесе две неща
38311	38311	books_17770	books	открай време беше мечтала за собствен кон
38337	38337	books_17797	books	томи и аника я проследиха с очи докато се скри от погледа им
38342	38342	books_17802	books	децата мълчаливо се разглеждаха
38360	38360	books_17820	books	излъгах промълви тя печално
38369	38369	books_17830	books	съгласи се томи и изведнъж почувствува че този ден няма да е от скучните
38395	38395	books_17856	books	не нямам отвърна доволно пипи
38400	38400	books_17862	books	междувременно бяха пристигнали в кухнята и пипи се провикна
38426	38426	books_17888	books	томи получи кинжал с блестяща седефена дръжка а аника малка кутийка чийто капак бе покрит с розови мидички
38443	38443	books_17905	books	какво сте намислили попита майка им като сте се разбързали толкова
38457	38457	books_17919	books	попита томи
38458	38458	books_17920	books	хм ако ти кажа че чистя комина какъвто си хитър няма да ми повярваш отвърна пипи
38501	38501	books_17963	books	малко по-нататък възрастен човек беше задрямал на тревата пред къщата си
38505	38505	books_17967	books	не не пипи
38513	38513	books_17975	books	макар да ме е яд че ще довтаса някой друг нещотърсач и ще го отнесе
38534	38534	books_17997	books	но ако не я беше нахлупила нямаше да се спънеш в телта
38570	38570	books_18033	books	той сграбчи едната плитка на пипи но веднага я пусна като извика
38616	38616	books_18079	books	пипи беше играла на топка до полунощ и сега изведнъж й се доспа
38641	38641	books_18104	books	все пак колко странно
38667	38667	books_18131	books	попита единият полицай
38718	38718	books_18182	books	на няколко метра от къщата растеше високо дърво
38722	38722	books_18186	books	упрекна ги пипи
38732	38732	books_18196	books	макар че беше весело признавам си
38738	38738	books_18202	books	нищо че са малко прегорели
38791	38791	books_18255	books	о не каза пипи
38798	38798	books_18262	books	изрева пипи и размаха голямата си шапка
38824	38824	books_18289	books	а тогава защо ме питаш
38827	38827	books_18292	books	учителката се престори че не забелязва нищо и продължи изпита
38873	38873	books_18341	books	каза тя след малко
38881	38881	books_18349	books	знаеш ли какво госпожице много ми беше забавно да дойда да видя какво правите тук
38895	38895	books_18363	books	пипи извади от джоба си изящно златно часовниче и го сложи на катедрата
38927	38927	books_18396	books	пипи седеше върху единия страничен стълб на портата аника върху другия а томи върху напречната греда
38940	38940	books_18409	books	черна шапка и черни обувки
38943	38943	books_18412	books	неприятно изненадано момичето отмина без да продума
38985	38985	books_18456	books	каза момичето което стоеше на пътя
38997	38997	books_18471	books	ха кажи го де
39000	39000	books_18474	books	изплаши се момичето
39006	39006	books_18481	books	не разбираш ли че това е лъжа
39018	39018	books_18494	books	а днес пипи им каза
39040	39040	books_18516	books	когато свършиха пипи хвърли чашките долу на тревата
39052	39052	books_18528	books	тогава чуха гласа на пипи но не отвисоко а някъде дълбоко отвътре
39054	39054	books_18530	books	аз съм вътре в дървото
39076	39076	books_18552	books	пръстчето на пипи изчезна и след по-малко от една минута лицето й надникна през хралупата горе на дървото
39082	39082	books_18558	books	тя се измъкна от хралупата и ловко се спусна долу на земята
39088	39088	books_18564	books	трябва да дойдеш
39089	39089	books_18565	books	щом като има стълба съвсем не е страшно
39103	39103	books_18579	books	аника трябваше да се съгласи че това е вярно
39119	39119	books_18595	books	и после се спуснаха от дървото първо пипи след нея аника и накрая томи
39161	39161	books_18637	books	томи беше донесъл камата която пипи му беше подарила и издялка по една туристическа тояга за себе си и за аника
39179	39179	books_18655	books	тъй ли
39206	39206	books_18682	books	но положително е по-трудно да се лети нагоре
39267	39267	books_18746	books	как ли не се мяташе за да я събори но тя здраво притискаше колене и продължаваше да седи
39298	39298	books_18778	books	всъщност това беше песен за лятото а сега вече настъпваше есента но те си решиха че все пак е подходяща за случая
39316	39316	books_18796	books	ми за беда
39320	39320	books_18800	books	сразих сутляш защото ям
39346	39346	books_18826	books	трябва да си платиш за да гледаш разбираш ли
39396	39396	books_18876	books	хайде по-кротко
39448	39448	books_18929	books	после се появи отново поклони се на публиката и съобщи
39467	39467	books_18949	books	най-силният да отговори пипи
39476	39476	books_18958	books	защо си все такъв неучтив
39508	39508	books_18990	books	всички в цирка тропаха с крака хвърляха шапките си нагоре и крещяха дръж се пипи
39514	39514	books_18996	books	пипи победи
39521	39521	books_19003	books	какво ще я правя тази хартийка
39547	39547	books_19030	books	отвърна пипи
39595	39595	books_19089	books	ама съвсем ги няма
39597	39597	books_19093	books	отвърна пипи
39648	39648	books_19158	books	но вие сигурно сте уморени и гладни
39662	39662	books_19175	books	и тогава няма да те сърби
39739	39739	books_19253	books	ако питаш мене ще се радвам да получа подарък
39746	39746	books_19260	books	пипи наля в чашите какао с разбита сметана и всеки трябваше да заеме мястото си
39815	39815	books_19330	books	томи се хвана здраво за пипи а аника още по-здраво за томи
39820	39820	books_19335	books	по едно време стъпалата свършиха и те се намериха на тавана
39824	39824	books_19339	books	здравейте вие всички призраци
39829	39829	books_19344	books	аника изпусна въздишка на облекчение и се обнадежди от мисълта че това заседание може да продължи до късно
39834	39834	books_19350	books	аника му пригласяше
39865	39865	books_19381	books	хапят единствено при самоотбрана
39869	39869	books_19385	books	отдолу се появиха няколко стари книги един далекоглед три пистолета шпага и кесия със златни парички
39879	39879	books_19395	books	кой знае каза тя с надежда в гласа може би куршумите са пробили тавана и са улучили някой призрак в краката
39897	39897	books_19413	books	когато томи аника и баща й стигнаха до портата чуха че пипи вика нещо подире им
39907	39907	books_19423	books	аника я ощипа по палеца на крака и й каза
39953	39953	books_19469	books	но едва беше издумала спъна се и изчезна във водата
39971	39971	books_19487	books	градчето имаше много магазини
40004	40004	books_19520	books	попита дамата
40030	40030	books_19551	books	лакриц черна дъвкава маса от която в северните страни се правят различни бонбони
40043	40043	books_19567	books	а освен това непрекъснато държаха в уста по една шоколадова пура защото вкусът на шоколада се съчетаваше чудесно с вкуса на желираните малини
40064	40064	books_19591	books	престанете веднага
40106	40106	books_19637	books	лицето на аптекаря стана още по-червено
40168	40168	books_19700	books	добави томи
40210	40210	books_19743	books	а пък една дъждовна сутрин се затвори в хамбара и издялка с теслата две гребла
40212	40212	books_19745	books	ще се върнем подир два дни каза майка им
40214	40214	books_19747	books	ела беше домашната помощница и щеше да наглежда децата докато се завърнат родителите им
40248	40248	books_19782	books	точно в средата му лежеше необитаваният остров
40273	40273	books_19807	books	трябва на всяка цена да спася торбата с припасите та екипажът може да остане на борда
40275	40275	books_19809	books	господин нилсон се справи сам
40295	40295	books_19829	books	едно нещо ще ви кажа никога няма да им простя ако ме поднесат със задушени моркови
40334	40334	books_19868	books	или ако някой лъв се скрие зад големия камък
40432	40432	books_19968	books	господин нилсон не искаше да остане назад
40443	40443	books_19980	books	ойларипи пристигам
40478	40478	books_20016	books	не благодаря
40488	40488	books_20028	books	успя да намери и хартия и молив
40517	40517	books_20058	books	помогнете ни инак ще загинем
40561	40561	books_20103	books	томи и аника си мислеха колко е хубаво че е лято и че има още много време до първия учебен ден
40589	40589	books_20131	books	на света имаше само един човек толкова силен колкото пипи а това беше баща й
40645	40645	books_20188	books	пипи така се зарадва че направи челна стойка върху кухненската маса и зарита с крака във въздуха
40662	40662	books_20205	books	капитан дългия чорап седна на пода и започна да думка по тъпана
40673	40673	books_20216	books	сигурно и господин нилсон е почувствувал същото защото през цялото време закриваше с ръце очите си
40707	40707	books_20253	books	и тебе здравата си те биваше в лъжите
40709	40709	books_20255	books	тогава устройваме вечери на лъжи и песни придружени от биене на тъпани и танци с факли
40710	40710	books_20256	books	колкото повече лъжа толкова по-силно удрят тъпаните
40716	40716	books_20262	books	но никой не се сеща да ми бие барабан
40730	40730	books_20276	books	денят беше богат на събития а да се запознаеш с истински жив негърски крал беше действително интересно
40735	40735	books_20281	books	в детската стая беше съвсем тихо
40771	40771	books_20318	books	попита колебливо аника
40804	40804	books_20351	books	децата надойдоха със своите глинени петлета и ги надуваха с все сили докато маршируваха по градинската пътечка на вила вилекула
40834	40834	books_20382	books	най-напред тя се покатери върху покрива на бараката
40841	40841	books_20389	books	тази пола никога вече няма да е това което беше каза той мрачно
40855	40855	books_20403	books	това беше толкова забавно
40936	40936	books_20485	books	томи и аника не отговориха
40987	40987	books_20537	books	тя се втурна право към томи и аника взе ръцете им в своите и каза
40990	40990	books_20540	books	наоколо нямаше повече камъни върху които
40996	40996	books_20546	books	внезапно
41023	41023	books_20573	books	точно така го гледаше веднъж мама когато беше много много болен
41025	41025	books_20575	books	пипи я взе в обятията си
41044	41044	books_20594	books	не татко ефраим
41089	41089	books_20639	books	едва сега томи и аника разбраха всичко
41100	41100	books_20650	books	всички деца от градчето се струпаха около коня за да чуят какво ще каже
41105	41105	books_20655	books	конят се понесе в галоп и дечицата които се трупаха около него не можаха да чуят края
41117	41117	books_20667	books	попитаха томи и аника
41122	41122	books_20673	books	каква дума
41129	41129	books_20680	books	какво значи
41133	41133	books_20684	books	томи и аника се замислиха за миг
41146	41146	books_20697	books	тя се замисли
41173	41173	books_20725	books	отивам да си купя спунк отговори
41192	41192	books_20744	books	никога в живота си не съм виждала спунк
41268	41268	books_20820	books	да не би някой да е избягал
41289	41289	books_20841	books	крилата му бяха зелени и блестяха като метал
41329	41329	books_20883	books	да фланелка
41341	41341	books_20895	books	после разпитът започна
41357	41357	books_20911	books	понякога на човек му върви отбеляза пипи
41362	41362	books_20917	books	госпожица розенблум се усмихна кисело
41373	41373	books_20929	books	извика пипи
41403	41403	books_20959	books	възкликна пипи
41464	41464	books_21024	books	пол извикаха всички деца
41465	41465	books_21025	books	не вярвам някъде да има по-умни деца от вас
41467	41467	books_21027	books	тя извади от джобовете си цяла шепа златни парички и даде по една на всяко дете
41476	41476	books_21036	books	но не забравяйте никога че ви избавих от розовите вълнени гащи
41478	41478	books_21038	books	майката на томи и аника щеше да има гости няколко дами които беше поканила на кафе
41495	41495	books_21056	books	май аз ще бъда най-елегантната на това кафепиене мърмореше си тя доволно докато натискаше звънеца на входната врата
41497	41497	books_21058	books	край запалената камина бе подредена примамлива маса с лакомства
41509	41509	books_21075	books	всъщност аз съм много срамежлива и ако не нахлуя с команди така и ще се мотая в антрето без да посмея да вляза
41519	41519	books_21085	books	топваше сладките в кафето и ги тъпчеше в устата си та не можеше да продума колкото и да се опитваше
41530	41530	books_21097	books	ха ха ха заливаше се от смях пипи
41570	41570	books_21137	books	чуваше се из целия квартал
41588	41588	books_21155	books	ах поне да беше чистоплътна моята роза каза госпожа бергрен
41600	41600	books_21167	books	наистина обади се пак пипи
41612	41612	books_21179	books	да бях забелязала че някои неща ми липсват
41618	41618	books_21185	books	ставаше нощем за да открадне по нещо инак не можела да спи спокойно както сама обясняваше
41630	41630	books_21197	books	започваше с чашите за кафе с тези от стъкло и с някои по-леки неща за да завърши със супници
41662	41662	books_21229	books	баба трябваше този ден сама да доизпочупи всичко
41679	41679	books_21247	books	от време на време правеше гимнастически упражнения на стълбата и то какви
41689	41689	books_21258	books	томи и аника така се превиваха от смях че едва не паднаха от креватите си
41745	41745	books_21315	books	тъй че няма какво повече да говорим
41762	41762	books_21334	books	томи и аника вървяха след тях хванати за ръце
41778	41778	books_21350	books	какво само въздишате
41795	41795	books_21367	books	внезапно аника се захлупи на масата и избухна в плач
41798	41798	books_21370	books	ах как ще се радваме когато ни пишеш това
41835	41835	books_21407	books	децата боледуваха и докторът смята че имат нужда от промяна на въздуха
41875	41875	books_21448	books	когато спуснаха мостика тълпата гръмко заликува
41926	41926	books_21499	books	тя коленичи и започна да души наоколо
41939	41939	books_21512	books	аз съвсем не мноко хубав бял принцес отговори пипи на развален корекоредутски
41941	41941	books_21514	books	тя скочи на земята
41961	41961	books_21535	books	бели деца обича уморение отговори пипи
42024	42024	books_21603	books	първата част от пътя не беше много трудна
42049	42049	books_21628	books	тогава пристигна пипи и направи нещо много странно
42055	42055	books_21634	books	предположи момо
42056	42056	books_21635	books	сопна се пипи й изтри очите си
42069	42069	books_21648	books	биха могли да прекарат там няколко седмици без да огладнеят
42105	42105	books_21685	books	ето че сгодният случай не закъснял
42142	42142	books_21722	books	никога не съм казвала подобно нещо
42168	42168	books_21748	books	ама че щуротия възрази
42169	42169	books_21749	books	как може сам да си гризе носа
42189	42189	books_21770	books	изръмжа бък и отиде с джим зад един храст за да се преоблекат
42190	42190	books_21771	books	пипи ти нали изобщо нямаш дядо
42193	42193	books_21774	books	трябва ли на всяка цена да имам
42209	42209	books_21790	books	джим и бък се скриха пак зад храстите и се облякоха
42240	42240	books_21823	books	пътят до пещерата не се стори особено привлекателен на джим и бък
42244	42244	books_21827	books	хайде ти джим натърти бък
42249	42249	books_21832	books	гледай да се държиш здраво за да не паднеш окуражи го пипи
42281	42281	books_21864	books	после извика нагоре
42359	42359	books_21942	books	изкрещя бък
42374	42374	books_21957	books	тя ги понесе към лодката и ги тръшна в нея
42391	42391	books_21974	books	за малко не станаха нещастия
42403	42403	books_21986	books	това пътешествие се оказа много полезно за красотата ми казваше тя доволно
42434	42434	books_22017	books	да тъй минаваха дните
42468	42468	books_22051	books	а вила вилекула беше съвсем тъмна и покрита със сняг
42480	42480	books_22063	books	как ги разцелуваха каква празнична трапеза наредиха и как ги завиха в креватчетата им когато си легнаха
42501	42501	books_22085	books	в печката пламтеше огън а край сандъка за дърва беше застанал конят който вежливо ги поздрави с копито
42504	42504	books_22089	books	о пипи промълви аника
42506	42506	books_22091	books	как успя да приготвиш всичко това
42515	42515	books_22100	books	точно на място го каза рече пипи
42517	42517	books_22102	books	трябва да си ги намерите сами
42545	42545	books_22130	books	и аз
42557	42557	books_22142	books	какви хапчета
42560	42560	books_22145	books	тя затършува из шкафовете и чекмеджетата и след малко се върна с нещо което приличаше досущ на три грахови зърна
42562	42562	books_22147	books	така си мислиш възрази пипи
42580	42580	books_22165	books	по няколко метра дневно
42600	42600	books_22185	books	пипи им даде по едно хапче смалидон
42643	42643	books_22228	books	дано погледне насам за да й помахаме прошепна томи
42668	42668	books_22255	books	насочил пушката прицелил се и дръпнал спусъка
42684	42684	books_22271	books	ама че работа казал
42787	42787	books_22375	books	счетоводителят гамберони направил сметка и доказал че град бусто арзицио е направил икономия възлизаща на два супермилиона и седем сантиметра
42811	42811	books_22399	books	аз кихнах повече пъти от вас казала женицата
42886	42886	books_22475	books	големият пътешественик и известен изследовател джованино денгуба попаднал веднъж в страната на маслените хора
42925	42925	books_22515	books	тежко ни ако не я намерим преди да се върнат от работа родителите й мърморела бабата уплашена
42960	42960	books_22550	books	аз ще ви закарам у вас казал селянинът
42965	42965	books_22555	books	да измисляме числа
42988	42988	books_22583	books	бриф бруф браф
43009	43009	books_22604	books	а другото отговори светът е прекрасен
43049	43049	books_22645	books	да не говорим за президентите имало повече президенти отколкото просяци
43051	43051	books_22647	books	отсега нататък вместо да ми се покланяте ще ме пипате по носа
43061	43061	books_22657	books	джованино се върнал на село доволен
43086	43086	books_22682	books	попитал се старият господин
43099	43099	books_22696	books	човечето не го и погледнало
43131	43131	books_22729	books	само децата от време на време гледаха нагоре със завист а най-храбрите викаха
43162	43162	books_22765	books	почти заспивало когато изведнъж в тъмното се запалили два жълти светофара и се чуло зловещото шумолене на четирикрак ловец
43173	43173	books_22776	books	лапан пети гладният
43187	43187	books_22790	books	хлапакът бил рибарски син и морските работи ги разбирал много
43199	43199	books_22802	books	алиса се хвърлила в морето като горещо желаела да се превърне в морска звезда
43226	43226	books_22829	books	артилеристът натисна наново лоста и наново един празничен концерт от камбани се разнесе от окоп в окоп
43232	43232	books_22835	books	отговаряше неприятелският и войниците от двете войски изскачаха от окопите тичаха едни срещу други танцуваха и викаха
43250	43250	books_22854	books	ще споделя моята мисъл чувствам се малко озадачена
43256	43256	books_22860	books	каквото казах аз
43286	43286	books_22890	books	светът е тръгнал назад казала една от жабите
43313	43313	books_22917	books	ах истинската красота не е в къдриците
43349	43349	books_22953	books	значи това е било номер а
43379	43379	books_22983	books	всички които мартино запитвал казвали все това
43392	43392	books_22996	books	платното било осеяно с дупки и бурени но за щастие отдавна не било валяло та нямало локви
43418	43418	books_23023	books	на капрата седяло кучето което било дресирано куче знаело да държи юздите и да лае по конете когато задрямвали или излизали от пътя
43445	43445	books_23050	books	и без да чака отговор се отдалечил и изглеждал много по-прегърбен от преди
43448	43448	books_23053	books	искам пак да опитам решил
43473	43473	books_23078	books	доброто начало е половината на работата казала първата
43481	43481	books_23086	books	от мъка тя си подала оставката
43490	43490	books_23095	books	нямам друго
43523	43523	books_23128	books	нейните синове узнали чак след като минало много време и нямало смисъл вече да се тръгва на път за погребението
43524	43524	books_23129	books	но птичетата се връщали цялата зима на перваза на прозореца и се възмущавали че старата леля
43579	43579	books_23185	books	какво искаш от мене
43597	43597	books_23203	books	аз зная къде са рибите
43612	43612	books_23218	books	отишъл при вълшебника аполон разказал му неприятностите си и аполон му направил следната магия всичко което пипне с ръце да става злато
43619	43619	books_23225	books	трябвало да прекара нощта на едно кресло с вдигнати ръце за да не докосва нищо и на следното утро бил ужасно изтощен
43627	43627	books_23233	books	всичките му светлини внезапно се оцветили в синьо и хората не знаели какво да правят
43686	43686	books_23292	books	тринайсет делено на три е равно на четири и остава едно
43695	43695	books_23301	books	но аз
43755	43755	books_23363	books	слязъл бавно по стълбите на двора
43794	43794	books_23404	books	защо облаците не пишат писма
43803	43803	books_23413	books	добрият
43908	43908	books_23518	books	но тогава се случило нещо изключително
43935	43935	books_23545	books	какво ще стане ако хвърля от балкона господин мързелан
43971	43971	books_23582	books	и ето че сред многото гласове старият крадец различил сребърното гласче на едно дете което викало
43977	43977	books_23588	books	но веднага иначе ще ги изхвърля през прозореца добавил един сприхав глас който бил на стария маркиз венанцио ужаса за доставчиците
43982	43982	books_23593	books	в края на краищата чаят пак ще пристигне леден
43996	43996	books_23608	books	изкомандвал си сам той преди да натисне който и да е бутон
44005	44005	books_23617	books	хей къде беше през всичкото това време
44029	44029	books_23643	books	един си откъснал маргаритка и си я сложил на петлицата друг открил зелена ягодка и викнал
44155	44155	books_23775	books	какви хубави сънища сънувал тази нощ във войнишкото одеяло на татко си
44171	44171	books_23793	books	преди да изтекат двайсет и четири часа цялата махала узнала че има ранен партизанин
44182	44182	books_23805	books	жените изчервявайки се му разказали че всяко семейство си има въже но обясненията им не го задоволили
44197	44197	books_23820	books	строихме хубава къща точно на брега на сена
44229	44229	books_23852	books	феята бефана лети над покривите около нова година и подобно на дядо коледа оставя подаръци на децата
44234	44234	books_23857	books	яйцето било летящо
44235	44235	books_23858	books	прочетете цялата история на космическото пиленце
44251	44251	books_23877	books	за един жетон можело да се чуят четиринайсет хиляди лъжи
44344	44344	books_23974	books	трябваше да чакам на онази витрина докато се обади нашият таен агент
44353	44353	books_23983	books	вие забравяте професоре че там горе ние сме напред във времето с двайсет и пет години
44370	44370	books_24000	books	но това съм аз
44385	44385	books_24015	books	а да червената шапчица
44396	44396	books_24026	books	вълкът я попитал къде отиваш
44427	44427	books_24059	books	само преди миг бях десетка плачела тя а вижте ме сега
44478	44478	books_24112	books	а щом се върнела вкъщи още й било толкова весело на душата че пийвала глътка вино
44496	44496	books_24130	books	изтичала по стълбата в избата вдигнала една кана и рекла
44498	44498	books_24132	books	и отпила юнашки от каната
44510	44510	books_24144	books	след като изяла двете крилца отишла пак до прозореца и надникнала навън но не видяла господаря
44528	44528	books_24162	books	скоро гостът дошъл и почукал на пътната врата
44534	44534	books_24168	books	гостът чул че се точи нож и хукнал надолу по стълбата колкото му държали краката
44536	44536	books_24170	books	ама че хубостник сте поканили на гости
44558	44558	books_24192	books	верният йоханес отвърнал че е съгласен
44650	44650	books_24284	books	но кой знае това
44696	44696	books_24330	books	всеки осъден на смърт има право преди да умре да каже последната си дума
44715	44715	books_24349	books	но ето че камъкът проговорил и рекъл
44725	44725	books_24359	books	голяма радост обзела царя и като видял че царицата се прибира скрил верния йоханес и двете деца в един голям сандък
44751	44751	books_24385	books	ловецът се усмихнал и двамата тръгнали заедно
44765	44765	books_24399	books	старицата се съжалила над тях и рекла
44789	44789	books_24423	books	яденето беше хубаво дайте сега и хубаво вино
44794	44794	books_24428	books	сега ще вдигна наздравица за цялата тази сбирщина
44833	44833	books_24467	books	занапред няма да търпиш никакви лишения защото аз ще се погрижа за тебе
44840	44840	books_24474	books	всеки обед след като вдигали трапезата и всички се разотивали един верен придворен му донасял още едно блюдо
44892	44892	books_24526	books	завели го незабавно на морския бряг и пред очите му хвърлили във водата един златен пръстен
44922	44922	books_24556	books	дай да хапна от милинките и да пийна глътка вино много съм гладен и жаден
44939	44939	books_24573	books	остави тая работа не е за тебе
44947	44947	books_24581	books	моята питка е печена в пепел и бирата е прокиснала но ако нямаш нищо против да седнем и да хапнем
44970	44970	books_24604	books	след малко по пътя се задал клисарят и видял попа да върви по петите на момите
44994	44994	books_24629	books	изядох цяла пещ хляб но може ли само с толкова да се утоли такъв голям глад като моя
45056	45056	books_24693	books	тогава и аз ще тръгна по света да видя дали не мога да продам косата си също така изгодно
45058	45058	books_24695	books	ала накрая все пак попаднал на един остров където хората не знаели какво е коса
45071	45071	books_24709	books	всички в двореца чули този странен звук и толкова се изплашили че избягали от двореца
45098	45098	books_24736	books	той отишъл на тавана и като видял че момичето е казало истината решил да се ожени
45112	45112	books_24750	books	после му дала парче корав хляб и рекла
45189	45189	books_24827	books	слугата отговорил
45212	45212	books_24850	books	и когато кулата била готова царят казал на дъщеря си
45219	45219	books_24857	books	но времето минавало и по съвсем намалялата храна и вода те разбрали че седемте години скоро ще изтекат
45231	45231	books_24869	books	запътили се към царския дворец
45233	45233	books_24871	books	но случило се така че синът на царя в чието царство попаднали бил някогашният годеник на магда
45264	45264	books_24902	books	истинската му невеста
45293	45293	books_24931	books	уморена съм не мога
45329	45329	books_24968	books	отвърнала тя
45333	45333	books_24972	books	какво си казала на църковната врата
45352	45352	books_24991	books	къде е това момиче
45374	45374	books_25014	books	ханс не стой като втрещен
45427	45427	books_25067	books	но то не паднало в морето а върху една рибарска колиба на брега която веднага започнала да дими и всеки миг щяла да пламне
45438	45438	books_25078	books	когато влязъл в стаята на принцесата се стъписал от блясъка на хубостта й
45444	45444	books_25084	books	обещай ми
45483	45483	books_25123	books	те отвърнали
45512	45512	books_25153	books	като чул заповедта готвачът много се изплашил и казал на пъстрокожка
45526	45526	books_25167	books	аз съм бедно момиче и си нямам нито баща нито майка
45668	45668	books_25311	books	но всичко било напразно той я завел в залата
45673	45673	books_25316	books	спуснала се към вратата за да избяга но на стълбата я настигнал един мъж и я върнал
45706	45706	books_25350	books	ох мила кумице много лошо си изпатих
45728	45728	books_25372	books	ще ми се услади казал си той но най-напред ще довърша елека и тогава ще ям
45748	45748	books_25392	books	пред портата зърнал едно птиче което се било заплело в храстите и сложил и него в джоба си
45801	45801	books_25445	books	стигнали в пещерата а там около огъня седели други великани и всеки държал в ръце по една печена овца и ядял
45810	45810	books_25454	books	я какво търси този герой от войната в нашата мирна страна
45840	45840	books_25484	books	защо ме удари
45841	45841	books_25485	books	сънувал си отвърнал другият не съм те ударил
45894	45894	books_25538	books	хайде момче ако не ушиеш елека до вечерта ще ти скъсам ушите
45903	45903	books_25547	books	като решила че вече е заспал царицата станала отворила вратата и пак си легнала
45912	45912	books_25556	books	живяла някога една жена която имала три дъщери
45914	45914	books_25558	books	все й натяквали
45920	45920	books_25564	books	защо плачеш двуочке
45925	45925	books_25569	books	двуочке изтрий сълзите от лицето си и ще ти кажа нещо след което вече никога няма да гладуваш
45940	45940	books_25584	books	и рекла
45942	45942	books_25586	books	я изврещи сега за мене
45954	45954	books_25598	books	първия и втория път сестрите не обърнали на това никакво внимание но тъй като се случвало всеки ден замислили се и рекли
45989	45989	books_25633	books	ще дойда с тебе
46005	46005	books_25649	books	двуочка произнесла пред козата заклинанието
46006	46006	books_25650	books	ти хрупна си трева зелена
46017	46017	books_25661	books	ех триочке заспа ли
46036	46036	books_25680	books	тогава завистливата майка викнала на двуочка
46057	46057	books_25701	books	тогава майката рекла на едноочка
46122	46122	books_25766	books	когато навършила седем години била хубава като ясен ден по-хубава дори от самата царица
46129	46129	books_25773	books	ти царице си дарена
46130	46130	books_25774	books	с извънмерна красота
46134	46134	books_25778	books	тя намразила безкрайно момичето и вече не намирала покой ни денем ни нощем
46136	46136	books_25780	books	не искам вече да виждам това дете пред очите си
46144	46144	books_25788	books	помислил си той но все пак понеже не я убил сякаш камък паднал от сърцето му
46173	46173	books_25817	books	повикало другите погледнали и занемели от изненада после взели свещичките си и осветили снежанка
46185	46185	books_25829	books	поддържала в ред къщичката
46253	46253	books_25897	books	върви си по пътя не бива да пускам никого вътре
46292	46292	books_25936	books	тогава царицата й хвърлила един зловещ поглед изсмяла се и извикала
46317	46317	books_25961	books	ала джуджетата отвърнали
46330	46330	books_25974	books	при мене
46334	46334	books_25978	books	баща му заповядал сватбата да се отпразнува с голям разкош и великолепие
46340	46340	books_25984	books	друга с мойта красота
46369	46369	books_26013	books	ти си вълкът
46410	46410	books_26055	books	тогава тя накарала козлето да изтича до къщи и да донесе ножицата игла и конец а после започнала да разпаря търбуха на звяра
46463	46463	books_26109	books	този сън обхванал целия дворец
46465	46465	books_26112	books	дори огънят който горял в огнището почнал да тлее и заспал месото което било сложено да се пече престанало да цвърка
46467	46467	books_26114	books	вятърът утихнал и по дърветата пред двореца не трепвал листец
46468	46468	books_26115	books	но те не успявали защото преплетените тръни се държали здраво като че ли имали ръце и не пропускали момците
46547	46547	books_26195	books	като минат шест месеца през седмия ще дойда да си взема невестата
46582	46582	books_26230	books	успокой се кой може да влезе тук
46594	46594	books_26242	books	после влезли сестра му с принцовете и зет му мечокът и много се зарадвали че е дошъл да ги види
46622	46622	books_26270	books	и така той живял радостно и весело при орела принц цели седем дни
46644	46644	books_26293	books	ох как да те скрия
46667	46667	books_26316	books	но райналд видял че в последния миг птицата пуснала във водата на езерото едно златно яйце
46670	46670	books_26319	books	и щом само допрял ключа до нея тя се разтворила и той влязъл
46691	46691	books_26340	books	вървяло вървяло и видяло едно ловджийско куче което лежало край пътя и дишало тежко с отворена уста сякаш било тичало дълго време
46828	46828	books_26481	books	помислихме че не искате да се приберете
46839	46839	books_26493	books	не плачи гретел и спи спокойно аз ще измисля нещо
46847	46847	books_26501	books	глупако рекла майката това там не е твоето гълъбче а утринното слънце което е огряло вече комина
46860	46860	books_26515	books	но не го намерили
46869	46869	books_26524	books	сега можем да се наядем до насита
46870	46870	books_26525	books	аз ще изям едно късче от покрива а ти гретел хапни от сладкия прозорец
46871	46871	books_26526	books	хензел протегнал ръце нагоре и си отронил малко от покрива а гретел отчупила от стъклата и започнала да хруска
46886	46886	books_26541	books	уловила ги за ръце и ги завела в къщичката си
46889	46889	books_26544	books	но старицата само се престорила на гостоприемна а всъщност била зла вещица която дебнела децата а хлебната къщичка била само за примамка
46903	46903	books_26559	books	хей гретел викнала тя на момичето поразмърдай се и донеси вода
46910	46910	books_26566	books	първо ще опечем хляба рекла старицата аз запалих вече пещта и замесих тестото
46913	46913	books_26569	books	наумила си била щом гретел влезе в пещта да затвори вратичката та момичето да се опече
46952	46952	books_26608	books	та върви да спиш веднага
46958	46958	books_26614	books	веднъж един търговец продал цялата си стока на панаира и напълнил торбата си със злато и сребро
46986	46986	books_26643	books	дай ми малко милостиня
46990	46990	books_26647	books	ти имаш добро сърце и аз ще ти подаря нещо
47008	47008	books_26665	books	на един от прозорците стояли старица и чудно хубава девойка
47028	47028	books_26685	books	а той не видял вече нито веднъж жълтица под възглавницата си жълтици се появявали всяка заран под възглавницата на девойката а старицата ги взимала
47042	47042	books_26699	books	но кой би могъл да ми донесе
47073	47073	books_26730	books	да имаше нещо за ядене
47095	47095	books_26752	books	съгласил се той
47114	47114	books_26772	books	почукал на прозореца мелничарят подал глава и го попитал какво желае
47146	47146	books_26805	books	рекла тя
47149	47149	books_26808	books	отвърнал жабокът
47169	47169	books_26829	books	разплаках се и плачех без да мога да спра и тогава този жабок я извади от кладенеца и ми я донесе
47179	47179	books_26839	books	хайде малка царска дъще
47196	47196	books_26856	books	но царят се разгневил и рекъл
47209	47209	books_26869	books	обърнал се и викнал
47228	47228	books_26889	books	пасох много и съм сита
47237	47237	books_26899	books	козата изврещяла
47247	47247	books_26910	books	на други ден дошъл ред на средния син
47269	47269	books_26934	books	изтичал вкъщи набил момъка с аршина и го изгонил
47274	47274	books_26939	books	сита ли си козичке
47296	47296	books_26963	books	останал старият шивач сам с козата
47314	47314	books_26983	books	и викнал
47325	47325	books_26995	books	поздравили го те с добре дошъл и го поканили да седне и да похапне с тях защото ястията вече се били свършили
47388	47388	books_27060	books	само едно магаре
47391	47391	books_27063	books	викна ли му бриклебрит доброто добиче започва да бълва жълтици
47396	47396	books_27068	books	внимавайте сега
47428	47428	books_27101	books	и го оставил на мира
47431	47431	books_27105	books	тънък занаят рекъл бащата
47550	47550	books_27226	books	и го попитал
47601	47601	books_27279	books	я гледайте какъв хубав гердан си имам
47607	47607	books_27285	books	върви си и спокойно си легни
47629	47629	books_27307	books	ела при мене
47656	47656	books_27335	books	сега искам да зная кой е баща ми
47700	47700	books_27381	books	вечерта стигнали до един стар изоставен замък влезли вътре и легнали да спят
47771	47771	books_27457	books	войникът работил целия ден и вечерта вещицата му предложила да остане още една нощ
47812	47812	books_27498	books	викнал войникът
47815	47815	books_27501	books	след като помела той й заповядал да дойде пред креслото му протегнал нозете си и рекъл
47876	47876	books_27563	books	а за да не ни сполети тук нова злочестина да тръгнем заедно и да отидем в някоя чужда земя
47936	47936	books_27623	books	ох извади ме извади ме
47942	47942	books_27629	books	ох разклати ме разклати ме
47951	47951	books_27638	books	мързеланата се зарадвала и си мислела че сега идва ред на златния дъжд
47971	47971	books_27658	books	ние ще си го обичаме
47990	47990	books_27677	books	рекъл единият
48031	48031	books_27720	books	и влязъл в черупката
48034	48034	books_27723	books	попът е богат
48112	48112	books_27801	books	ти стой по-назад
48126	48126	books_27815	books	тя си имала къщичка в планината и живеела там с гъските си
48146	48146	books_27835	books	такова е и на гърбина
48152	48152	books_27841	books	съжалил се момъкът над старицата и казал
48160	48160	books_27849	books	бохчата тежи така като че в нея има камъни а ябълките и крушите сякаш са от олово
48172	48172	books_27861	books	откъде знаеш може да е за твое добро
48195	48195	books_27884	books	после казала на гъсарката
48210	48210	books_27900	books	пази я добре тя ще ти донесе щастие
48223	48223	books_27913	books	вие и трите ме обичате но онази от вас която ме обича най-силно ще вземе най-хубавия дял
48277	48277	books_27969	books	възкликнала девойката
48294	48294	books_27986	books	в това време царят царицата и младия граф вървели към къщата на старицата
48328	48328	books_28020	books	в този миг старицата изчезнала
48412	48412	books_28105	books	не можем да го държим такъв окъсан в мелницата та лежи в гъсарника
48467	48467	books_28160	books	ще се научиш най-сетне да настръхваш от страх помислил си клисарят и се изкачил преди него
48482	48482	books_28175	books	не знаеш ли къде е мъжът ми
48490	48490	books_28183	books	изплашил се бащата отишъл веднага у клисаря и нахокал сина си
48500	48500	books_28193	books	така ще овладея поне едно изкуство с което ще мога да си изкарвам хляба
48527	48527	books_28220	books	жалко за хубавите му очи ако е писано да не видят вече белия свят
48561	48561	books_28254	books	хванал ги за шиите сложил ги на резбарския тезгях и им стегнал здраво лапите с големия винт
48603	48603	books_28296	books	после казал
48629	48629	books_28322	books	а момъкът рекъл
48663	48663	books_28356	books	дошъл на другата сутрин царят и казал
48679	48679	books_28372	books	ей че настръхнах мила жено
48688	48688	books_28381	books	мила дъще пази добре тези три капки кръв те ще ти послужат из пътя
48722	48722	books_28415	books	взех я да ме придружава по пътя
48732	48732	books_28425	books	а в действителност се страхувала че конят може да издаде как е постъпила с принцесата
48778	48778	books_28471	books	ще й попари жал сърцето
48788	48788	books_28481	books	не бива да казвам и не мога да изплача пред жив човек мъката си защото дадох клетва иначе щях да бъда убита
48805	48805	books_28498	books	една придружителка измамила по такъв и такъв начин господаря си
48811	48811	books_28504	books	изгонили я и отпразнували сватбата на младия цар с истинската му невеста
48812	48812	books_28505	books	двамата управлявали мирно и честито царството си
48818	48818	books_28511	books	да царю отвърнала тя мога но при едно условие
48832	48832	books_28525	books	на другия ден царят отишъл да навести децата си но заварил само момичето
48838	48838	books_28531	books	много се наскърбил царят но не се сетил че царицата е извършила това злодеяние
48839	48839	books_28532	books	и понеже се страхувал че може да му откраднат и момичето решил да го вземе със себе си
48846	48846	books_28539	books	погледнало ги момичето и познало братята си зарадвало се и излязло изпод креватчето
48851	48851	books_28544	books	попитало момичето
48863	48863	books_28557	books	слез при нас няма да ти сторим никакво зло казали те
48865	48865	books_28559	books	и понеже не го оставили на мира с непрекъснатите си въпроси то им хвърлило златната си огърлица като мислело че това ще ги задоволи
48881	48881	books_28576	books	но царят имал зла майка която била недоволна от тази сватба и говорела лошо за младата царица
48886	48886	books_28581	books	после отишла при царя и казала че царицата е изяла детето си
48910	48910	books_28605	books	и момъкът постъпил така
48943	48943	books_28639	books	минали много години
48981	48981	books_28678	books	в него се казвало
49000	49000	books_28697	books	после се сбогувал и тръгнал на път
49019	49019	books_28716	books	а там било мрачно и страшно
49022	49022	books_28719	books	попитала тя
49024	49024	books_28721	books	много искаш казала старицата
49142	49142	books_28839	books	те знаели че в царската конюшня има прекрасен жребец и решили да го откраднат
49166	49166	books_28863	books	ще останете при мен и един по един ще ви изям
49167	49167	books_28864	books	след това отдели един от нас настрана и добави
49196	49196	books_28893	books	тогава великанът се ядоса и извика
49230	49230	books_28928	books	след малко влязоха в къщата запалиха огън разкъсаха със зъби трупа на крадеца и го изпекоха на жарта
49272	49272	books_28971	books	там й показала три стаи пълни с пухкава вълна
49288	49288	books_28987	books	ако не успея няма да се омъжа за царския син
49298	49298	books_28997	books	работата вървяла много бързо
49351	49351	books_29050	books	да отговорило момичето и на мен така ми се струва защото чувам че мелницата работи
49382	49382	books_29081	books	слязла от дървото и се отправила към светлинката
49457	49457	books_29156	books	извикала тя
49488	49488	books_29187	books	къде отиваш
49543	49543	books_29242	books	скоро след това се разчуло че страшен змей е отвлякъл царската дъщеря
49557	49557	books_29256	books	змеят нищо не усетил и продължил да спи
49597	49597	books_29296	books	не се тревожи отговорил селянинът
49612	49612	books_29311	books	ще отида чак в горите тилилейски и никога вече няма да се върна тук
49630	49630	books_29330	books	само ти ще знаеш пътеките й само ти ще ядеш от плодовете в нея само ти ще пиеш вода от бистрите извори
49646	49646	books_29346	books	хей момко
49673	49673	books_29374	books	иначе как щях да живея с това странно същество
49704	49704	books_29405	books	иначе щях да загина в гората
49729	49729	books_29430	books	бигел седнал до нея заедно с петела
49735	49735	books_29436	books	като изминали половината път бигел я попитал отново
49751	49751	books_29452	books	провикнал се той и изчезнал
49752	49752	books_29453	books	царската дъщеря се върнала в двореца толкова засрамена и така издраскана че дълго време не можела да се покаже пред хората
49763	49763	books_29464	books	ето моята дъщеря
49821	49821	books_29524	books	виждаш ли тези жълти кръгчета
49826	49826	books_29529	books	попитали катерлизхен дали няма да си купи от стоката им
49834	49834	books_29537	books	търговците отишли в обора
49848	49848	books_29551	books	но аз не знаех фридер
49871	49871	books_29575	books	трябва да помисля казала си катерлизхен
49877	49877	books_29582	books	после вие ще ме гоните
49891	49891	books_29596	books	трябваше да ми кажеш по-рано
49918	49918	books_29624	books	не мога повече много ми тежат изплакала тя
49939	49939	books_29645	books	започнала да жъне ала нали била сънена без да иска си срязала роклята със сърпа
49990	49990	books_29698	books	но тя толкова се страхувала да не се загуби в гората че напълнила джобовете си с грахови зърна за да й показват пътя
50014	50014	books_29722	books	само ако помръднеш свършено е с теб
50020	50020	books_29728	books	щом изпило виното то паднало мъртво на земята
50029	50029	books_29737	books	попитал един от тях
50071	50071	books_29779	books	в този миг младоженецът пребледнял скочил и хукнал да бяга но гостите го заловили и го отвели в съда
50114	50114	books_29822	books	ако се омъжа за ханс и ни се роди дете то ще порасне
50125	50125	books_29833	books	слязъл в избата и видял че всички седят на пейката и плачат
50130	50130	books_29838	books	слязъл в избата и видял че петимата седят на пейката и горчиво плачат
50131	50131	books_29839	books	какво се е случило
50167	50167	books_29875	books	вкъщи е и спи
50176	50176	books_29884	books	живели някога селянин и селянка
50177	50177	books_29885	books	веднъж както си седели пред бедната им колиба спряла великолепна каляска и от нея слязъл мъж който бил облечен в разкошни одежди
50196	50196	books_29904	books	селянинът взел една фиданка сложил я в ямата а после забил няколко колчета около нея
50209	50209	books_29917	books	много години минаха откакто го няма
50232	50232	books_29940	books	после завел сина си при старата му майка
50251	50251	books_29959	books	после напълнил едно малко буре с вино и сипал в него сънотворни билки
50256	50256	books_29964	books	хей бабо ела при нас да се стоплиш
50287	50287	books_29996	books	този път успя но следващия едва ли ще можеш
50322	50322	books_30031	books	царят трябвало да признае че по-ловък крадец не е срещал през живота си
50333	50333	books_30042	books	промъкнал се тихо и застанал до амвона
50336	50336	books_30045	books	настъпи краят на света
50345	50345	books_30054	books	отишли веднага в църквата послушали още малко страховития глас и накрая певецът казал
50352	50352	books_30061	books	след него се вмъкнал и певецът
50394	50394	books_30103	books	но ако успееш да ми отговориш ще се ожениш за дъщеря ми
50408	50408	books_30117	books	на сутринта царят казал
50410	50410	books_30119	books	тази нощ ще стоиш на стража в покоите на най-малката
50455	50455	books_30164	books	не мога да ти дам дъщеря си за жена трябва да изпълниш още едно условие
50470	50470	books_30179	books	тогава тя извадила кърпичката си завързала я на възел ударила с нея по земята и извикала
50482	50482	books_30191	books	е какво
50512	50512	books_30221	books	мъка свила сърцето на принца не знаел какво да направи
50517	50517	books_30226	books	баща ми ще ни настигне и ще ни върне в двореца
50556	50556	books_30265	books	царицата заповядала да разпрегнат каляската и всички се прибрали в двореца
50566	50566	books_30275	books	намерила му съпруга от далечна страна и скоро направили сватбата
50597	50597	books_30306	books	досега живяхме заедно но ако не намерим работа ще трябва да се разделим
50690	50690	books_30400	books	там е пълно с трупове
50698	50698	books_30408	books	една нощ от гората долетяла сова и се скрила в някакъв хамбар
50715	50715	books_30425	books	после напред излязъл снажен мъж прочут с бойните си подвизи и казал
50719	50719	books_30429	books	след това отворили вратата на хамбара и видели совата която в това време се била преместила на една дебела греда в средата на хамбара
50724	50724	books_30434	books	викало множеството отвън
50766	50766	books_30476	books	сега аз ще взема това което ще остане под земята а ти ще вземеш това което ще порасне над земята
50778	50778	books_30488	books	един ден дошли стражи хванали го и го изправили пред съда
50783	50783	books_30493	books	когато успявал да я хване се смеел но когато не успявал започвал яростно да крещи
50799	50799	books_30509	books	умната дъщеря на селянина
50816	50816	books_30527	books	тогава царят му заповядал да донесе и чукалото
50827	50827	books_30539	books	дъщерята на селянина отишла в двореца
50829	50829	books_30541	books	ако изпълниш всичко това ще се оженя за теб
50840	50840	books_30552	books	единият от селяните имал три коня и едно жребче
50913	50913	books_30625	books	устата ви е толкова голяма и така крещите че ако човек ви слуша ще го заболят ушите
50925	50925	books_30638	books	отговорило кучето
50930	50930	books_30643	books	той оставил месото на земята и си тръгнал
50947	50947	books_30660	books	завели го при царя а там била и царската дъщеря
50973	50973	books_30686	books	ще ти дам дребни иначе какво ще правиш с талерите
50990	50990	books_30703	books	ти загуби наградата си още преди да си я получил
51014	51014	books_30728	books	е отговорил селянинът каквото и да каже сарафинът то е лъжа
51034	51034	books_30748	books	ако дойдеш с мен ще имаш пари до края на живота си казал дяволът
51097	51097	books_30811	books	тогава ханс решил да се върне в ада
51099	51099	books_30813	books	седни тук казал дяволът
51154	51154	books_30868	books	така и станало
51191	51191	books_30905	books	отивам на свято място отговорил селянинът
51193	51193	books_30907	books	слушай казал кумът как може да си толкова глупав и да повярваш на такова нещо
51243	51243	books_30959	books	сега ще ти покажа как трябва да направиш кожата по-мека казвал той на някой свой ученик
51254	51254	books_30970	books	и защо сте взели нов калъп сапун
51265	51265	books_30981	books	после сядал правел няколко шева но скоро отново скачал свалял кожената си престилка и викал
51274	51274	books_30990	books	извикал пфрим
51343	51343	books_31060	books	не казал царят може да те сполети някоя беда и затова предпочитам да умра
51358	51358	books_31075	books	тогава по-малкият син казал
51391	51391	books_31108	books	когато се събудил разбрал че вече е нощ
51402	51402	books_31119	books	те тръгнаха преди мен да търсят животворната вода но повече не се върнаха
51478	51478	books_31196	books	накрая решил да напълни джобовете си със злато и да се върне вкъщи
51494	51494	books_31212	books	вървял вървял и срещнал един конник въоръжен до зъби
51546	51546	books_31264	books	след това момъкът тупнал раницата от другата страна излезли войниците и той им заповядал да стрелят с пушките си при всяка наздравица
51553	51553	books_31271	books	царят гледал гледал и накрая решил да вземе вълшебната покривчица като в замяна предложил на момъка много земи и съкровища
51624	51624	books_31342	books	ако издам тайната щастието ни ще свърши
51681	51681	books_31399	books	попитал той
51690	51690	books_31408	books	после излязъл и си казал
51697	51697	books_31415	books	станал облякъл се и отишъл в гората
51702	51702	books_31420	books	спрял да си почине и изведнъж съзрял в тъмнината малка къща
51703	51703	books_31421	books	приближил се почукал на вратата и след миг на прага се появила старица
51715	51715	books_31433	books	искаш да убиеш кученцето ми
51770	51770	books_31489	books	после одрал кожата й извадил вътрешностите и отишъл на брега на езерото за да си измие ръцете
51791	51791	books_31510	books	най-сетне светлият кръг се появил на небосклона
51801	51801	books_31520	books	когато на сутринта се събудила тръгнала на път и скоро стигнала до нейната къща
51811	51811	books_31530	books	тя я утешила и й дала едно златно вретено
51814	51814	books_31533	books	после ще го оставиш близо до водата и ще видиш какво ще стане
51823	51823	books_31542	books	после водната стихия ги разделила далеч един от друг
51845	51845	books_31565	books	не се тревожи татко отговорило момчето все някак ще се оправим
51873	51873	books_31593	books	момъкът започнал да разравя пръстта и накрая в една малка дупка между корените на дъба открил бутилка
51888	51888	books_31609	books	не затвориха ме за наказание а на този който ме пусне навън трябва да откъсна главата
51891	51891	books_31612	books	най-напред трябва да се убедя че ти си истинският дух и че точно ти беше преди малко в бутилката
51892	51892	books_31613	books	ако успееш да влезеш пак вътре ще повярвам че си бил ти и тогава можеш да правиш с мен каквото искаш
51909	51909	books_31631	books	всичко е наред казал духът
51934	51934	books_31656	books	не мога повече да работя татко хайде да се прибираме
51947	51947	books_31669	books	ще ми дадеш остатъка по-късно казало момчето и се върнало вкъщи
51960	51960	books_31682	books	с останалите талери той продължил учението си а тъй като с платнената ивица лекувал всякакви рани станал най-прочутия доктор в целия свят
51985	51985	books_31707	books	тук има всичко в изобилие
52019	52019	books_31741	books	какво да правим с нея
52060	52060	books_31783	books	дукс отговорили животните
52061	52061	books_31784	books	ти със всички яде
52070	52070	books_31793	books	но скоро всичко утихнало и момичето отново заспало
52088	52088	books_31811	books	той имал красива дъщеря с която много се гордеел
52113	52113	books_31836	books	какво ще ми дадеш ако изпреда сламата
52118	52118	books_31841	books	като видял толкова много злато царят завел дъщерята на мелничаря в трета още по-голяма стая пълна догоре със слама
52158	52158	books_31881	books	не се ли казваш кунц
52162	52162	books_31885	books	злият дух ти е казал
52182	52182	books_31905	books	и изпратил най-големия си син да намери златната птица
52192	52192	books_31915	books	едната е ярко осветена и в нея е шумно и весело ала ти не бива да влизаш в нея
52194	52194	books_31917	books	как може такова глупаво животно да ми даде разумен съвет помислил си царският син и дръпнал спусъка но не улучил
52253	52253	books_31977	books	тя му казала че е готова да го последва но го помолила да й разреши да се сбогува с родителите си
52256	52256	books_31980	books	на другия ден царят казал
52277	52277	books_32001	books	всичко станало така както казала лисицата
52306	52306	books_32030	books	като се приближил познал братята си и попитал дали може да ги освободи
52337	52337	books_32061	books	веднъж царският син отишъл в гората на лов
52354	52354	books_32078	books	ох отговорила жената ако не хапна малко рапица от градината зад нашата къща ще умра
52365	52365	books_32090	books	гневът на магьосницата преминал и тя казала
52396	52396	books_32121	books	украси стената
52412	52412	books_32137	books	а после отвела горката девойка в един пущинак където трябвало да живее в печал и нищета
52423	52423	books_32148	books	дълго се лутал слепият принц из гората хранел се само с корени и ягоди и непрекъснато плачел
52453	52453	books_32178	books	не стреляй
52499	52499	books_32224	books	дошъл часът в който принцесата трябвало да търси момъка
52534	52534	books_32259	books	каква полза от такъв дебел човек
52555	52555	books_32280	books	ако се протегна както трябва ще стана хиляда пъти по-дълъг
52558	52558	books_32283	books	тръгвай с мен
52572	52572	books_32297	books	чуден човек си ти казал царският син но ако искаш да ми служиш тръгвай с мен
52575	52575	books_32300	books	попитал царският син
52586	52586	books_32311	books	попитал той
52600	52600	books_32325	books	да пръстенът е същият
52675	52675	books_32400	books	твоето желание се сбъдна и ние вече не сме ти нужни
52698	52698	books_32424	books	а на този който ми разказа приказката много му се искало да бъде поканен но никой не се сетил за него
52705	52705	books_32431	books	само че белоснежка била по-нежна и по-кротка от червенорозка
52717	52717	books_32443	books	през зимата белоснежка запалвала огъня и окачвала котела на веригата над огнището
52731	52731	books_32457	books	премръзнал съм и искам да се стопля
52745	52745	books_32471	books	когато се съмнало момичетата пуснали мечока навън
52833	52833	books_32560	books	белоснежке червенорозке не се страхувайте почакайте ще дойда с вас
52846	52846	books_32573	books	живял някога един цар
52849	52849	books_32576	books	и ето че съвсем скоро пристигнал един царски син и казал че е готов да се залови с тази опасна работа
52870	52870	books_32597	books	след това станали от леглата си извадили разкошни рокли сложили си красиви накити и заподскачали от радост защото всъщност те ходели нощем да танцуват
52876	52876	books_32603	books	когато вече били готови принцесите надникнали в стаята на войника за да се уверят че спи
52952	52952	books_32680	books	те нямат дрешки и сигурно мръзнат
52979	52979	books_32707	books	девойката кръстила детенцето и се приготвила да си върви
52980	52980	books_32708	books	но малките духчета я помолили да остане още няколко дни
52989	52989	books_32717	books	горката жена направила така както съседката я посъветвала
53046	53046	books_32774	books	криеш се но и ти ще излезеш
53065	53065	books_32793	books	най-после тримата братя стигнали до един дворец
53101	53101	books_32829	books	но преди да тръгне на палечко много му се искало за последен път да седне на трапезата с родителите си
53108	53108	books_32836	books	палечко се понесъл из въздуха а после леко тупнал на земята
53115	53115	books_32843	books	дават мравки на игла
53144	53144	books_32872	books	след малко палечко отново се заловил за работа
53149	53149	books_32877	books	хванете ме
53152	53152	books_32880	books	пазачите се спуснали към него но палечко бил вече в трети ъгъл и отново извикал
53162	53162	books_32890	books	накрая станал прислужник в една страноприемница
53164	53164	books_32892	books	почакай малко ще си платиш за това
53174	53174	books_32902	books	понеже млякото се изливало силно във ведрото никой не го чул
53188	53188	books_32916	books	аз съм отдолу
53192	53192	books_32920	books	тесничко му било в новото жилище а на всичкото отгоре го провесили в комина да се опушва
53238	53238	books_32967	books	човекът извадил камъка от водата и пожелал да има дворец с градина и царска конюшня
53243	53243	books_32972	books	миналия път като минавахме оттук имаше само подвижни пясъци
53308	53308	books_33037	books	само едно нещо помрачавало дните им нямали си рожба
53337	53337	books_33066	books	в нея седели нагиздена жена и девойка
53347	53347	books_33076	books	девойката се изплашила и заплакала
53388	53388	books_33117	books	един ден момъкът се прибирал от лов и видял на прозореца бял гълъб
53390	53390	books_33119	books	момъкът го последвал и скоро стигнал до бисерния дворец
53414	53414	books_33144	books	скоро новината се разнесла из целия град хората прииждали и старците забравили бедността
53425	53425	books_33155	books	давам ти три дни срок да го намериш
53439	53439	books_33169	books	той донесъл кокошка с бяло перце на крилото
53499	53499	books_33229	books	мечката го видяла и й се приискало да чупи орехи
53511	53511	books_33241	books	мечката ги лапнала и започнала да ги стиска с всичка сила
53553	53553	books_33284	books	кой си ти и чии са тези овце
53578	53578	books_33309	books	царят се разсмял и пуснал монаха да си отиде по живо по здраво
53597	53597	books_33328	books	ако успеем да съборим скалата ще бликне вода и градът ще оцелее но както виждаш досега не сме направили нищо
53607	53607	books_33338	books	искам да отида да видя този юнак който работи с хората
53619	53619	books_33351	books	а и тя не пропускала да го удостои с приветливата си усмивка
53640	53640	books_33372	books	мила принцесо твоето желание е изпълнено
53666	53666	books_33398	books	в това време долетяла една сойка
53702	53702	books_33434	books	хайде да я хванем изглежда не може да лети
53719	53719	books_33452	books	ще те заведа недалеч от селото където видях един човек да оставя парче месо
53724	53724	books_33457	books	двамата братя
53807	53807	books_33540	books	дълго бродили двамата братя по разни места но никъде не могли да си намерят такава работа че да останат заедно
53826	53826	books_33559	books	той я утешил и казал че иска да я спаси от ужасната гибел
53892	53892	books_33625	books	тогава зайчето казало
53913	53913	books_33646	books	тогава ловецът извадил кърпичката която принцесата му била дала на змейовата планина а в нея били увити седемте езика на чудовището
53945	53945	books_33678	books	змейовете нямат езици
53960	53960	books_33693	books	на следващия ден отпразнували сватбата
53998	53998	books_33732	books	царицата го посрещнала със сълзи на очи и го попитала защо се е забавил толкова много
54021	54021	books_33755	books	никога няма да ме уцелиш
54033	54033	books_33767	books	двамата братя тръгнали към дома и по пътя всеки разказал на другия какво му се случило
54048	54048	books_33782	books	когато царят видял двамата мъже които си приличали като две капки вода попитал дъщеря си
54049	54049	books_33783	books	кой от двамата е твоят мъж
54104	54104	books_33838	books	казал беднякът
54115	54115	books_33849	books	какво ли се е случило
54126	54126	books_33860	books	този странник почука най-напред на нашата врата но аз го прогоних
54168	54168	books_33902	books	не можела да стане и само викала и плачела
54215	54215	books_33949	books	мисля да вземем хляб за седем дни
54226	54226	books_33960	books	не се чувало нищо нито пеене на птици нито шум от вятър нито ромон на ручей
54228	54228	books_33962	books	обущарят се изморил защото носел пълен чувал с хляб пот на струйки се стичала по мрачното му и сърдито лице
54253	54253	books_33987	books	ти знаеш че тогава ще трябва да изоставя занаята си и да тръгна по пътищата за да прося милостиня
54296	54296	books_34031	books	точно вие ми трябвате казал шивачът и уловил едното
54301	54301	books_34036	books	а ето и награда за добрината ми
54315	54315	books_34050	books	разправя че щял да намери златната корона която отдавна е изчезнала от твоето съкровище
54360	54360	books_34096	books	шивачът възседнал коня и той полетял като вихър към двореца
54372	54372	books_34108	books	само че задачата е много трудна
54414	54414	books_34151	books	шивачът взел мярка на птичето и му ушил панталонки
54482	54482	books_34219	books	искаш или не искаш ще се оженя за теб
54497	54497	books_34234	books	и ето че тя кацнала на главата й
54500	54500	books_34237	books	преоблякла се като жена и го помолила да й направи портрет в естествена големина
54506	54506	books_34243	books	още на другия ден стражите хванали един човек който пил вода и се загледал в портрета
54513	54513	books_34250	books	цялата ми вина е в това че пих вода от твоя водоскок
54546	54546	books_34283	books	как се казваше тя
54561	54561	books_34298	books	тогава най-голямата дъщеря се преоблякла като мъж скрила косите си под калпак яхнала кон и тръгнала да търси портокалово клонче
54580	54580	books_34317	books	колкото по-бързо намерите клончето толкова по-скоро ще се прибера у дома
54593	54593	books_34330	books	така и направили
54594	54594	books_34331	books	девойката се изкъпала в реката и успяла да се облече отново без никой да я види
54631	54631	books_34368	books	още не изрекла тези думи и момиченцето се превърнало във врана
54642	54642	books_34379	books	първия път в каляската ще бъдат впрегнати бели жребци втория пепеляви а третия гарвановочерни
54653	54653	books_34390	books	ала тя не му давала покой докато накрая той отпил една глътка
54667	54667	books_34404	books	видял писмото прочел го и се отправил към стъклената планина
54675	54675	books_34412	books	великанът се нахранил до насита и останал много доволен
54736	54736	books_34474	books	от сутрин до вечер пчелите неуморно събирали вкусен мед и като дошла есента ханс събрал от кошера цяло гърне с мед
54740	54740	books_34478	books	съгласна съм но не преди да ни се роди дете което ще ги пасе отвърнала трина
54757	54757	books_34495	books	никога не трябва да се бърза
54806	54806	books_34544	books	войникът й разказал всичко а на бабата й дожаляло за него и обещала да му помогне
54814	54814	books_34552	books	като се нахранили тя започнала да го разпитва как е преминал денят и колко души е успял да вземе
54831	54831	books_34569	books	там ще получите обяд трябва да познаете какво ще бъде печеното
54861	54861	books_34600	books	някой ви го е казал
54915	54915	books_34654	books	но като се събличал свалил гривната от ръката си и скочил във водата
54925	54925	books_34664	books	казала тя на принца
54961	54961	books_34700	books	колко много си пораснал ханс
54967	54967	books_34706	books	неотдавна разбрах че баща ти е умрял
54983	54983	books_34722	books	а той извадил от ръката си един пръстен дал го на момчето и рекъл
54994	54994	books_34733	books	отворил я и ахнал от почуда край нозете му течело бистро поточе чието дъно било засипано със скъпоценни камъни
55004	55004	books_34743	books	извикал злобно старецът и си отишъл
55099	55099	books_34841	books	един ден обущарят решил да се ожени и след като се посъветвал със свещеника поискал ръката на една вдовица на име резе
55103	55103	books_34845	books	госпожа
55130	55130	books_34872	books	тогава придворният отишъл при макс и му предал царската повеля
55133	55133	books_34875	books	бедният обущар не можел да се нарадва на късмета си
55176	55176	books_34920	books	о господарю мой почтително казал духът и се поклонил какво е твоето желание
55178	55178	books_34922	books	попитал макс треперещ
55185	55185	books_34929	books	веднага ще изпълня желанието ти господарю
55200	55200	books_34944	books	няма вече да страдаш от глад и студ
55202	55202	books_34946	books	така всички ще бъдат доволни и щастливи
55208	55208	books_34952	books	вятъра поискал да се похвали и казал на съня
55277	55277	books_35021	books	там също има езеро но със златен фонтан и златна ограда около него
55312	55312	books_35056	books	един ден той отишъл при царя и казал
55318	55318	books_35062	books	вървял дълго без да спира докато един ден се строполил като мъртъв на земята и заспал
55326	55326	books_35070	books	царицата на феите ще принадлежи на този у когото е ключът
55339	55339	books_35083	books	хората ги обичали и ги почитали до дълбоката им старост
55343	55343	books_35087	books	веднъж той тръгнал из прашните улици на града и започнал да вика
55406	55406	books_35151	books	направих така че да не можеш да си спомниш рецептата
55421	55421	books_35166	books	всичко в ръцете му и житото и плодовете в градината било безценно съкровище
55432	55432	books_35177	books	попитали в един глас синовете му
55466	55466	books_35211	books	една сутрин най-големият брат погледнал нивата която била така старателно разкопана и рекъл
55491	55491	books_35236	books	царят веднага наредил на стражите да претърсят околностите на двореца и да се погрижат никакви други коне да не нарушават спокойствието на негови е
55514	55514	books_35259	books	а ако ти трябва по-дълга брада ето ти този козел брадата му е дълга две педи
55518	55518	books_35263	books	добре щом казваш че си посланик значи си посланик
55521	55521	books_35266	books	царят свъсил вежди и казал
55549	55549	books_35294	books	дълго препускал той заедно със своята свита и накрая всички спрели на една поляна да си починат
55575	55575	books_35320	books	а има ли нещо добро което да си сторил на хората
55609	55609	books_35354	books	седемте царе погледнали през прозореца и като видели разярените лъвове и въоръжените до зъби войници онемели от страх
55613	55613	books_35358	books	от този ден нататък в двореца заприиждали царе принцове и благородници да искат елза за жена ала тя не приемала никого от тях
55630	55630	books_35375	books	царят който го управлявал бил известен със своята жестокост той измъчвал убивал хората или ги хвърлял завинаги в тъмница
55632	55632	books_35377	books	затова заповядал на своя придворен художник да нарисува портрет на елза който поставил в една от дворцовите зали
55640	55640	books_35385	books	кажи къде живее тя
55671	55671	books_35416	books	ако знаех че той ще ме приеме бих отишъл да измоля добрата фея елза за него
55700	55700	books_35445	books	на другия ден вилем взел едно дълго въже и отишъл на реката
55751	55751	books_35497	books	ако той смята че неговият приятел е достоен да стане мой съпруг аз ще се омъжа за него
55761	55761	books_35507	books	той управлявал царството мъдро и справедливо чак до смъртта си
55781	55781	books_35528	books	стопанинът впрегнал магарето а волът останал у дома да се припича на слънце
55791	55791	books_35538	books	тогава волът му рекъл
55804	55804	books_35551	books	магарето се съгласило и двамата тръгнали
55809	55809	books_35556	books	те били толкова бедни че нямали дори коричка хляб
55814	55814	books_35561	books	когато ти избяга стопанинът ме заведе да се бия с един бик
55818	55818	books_35565	books	стопанинът ще ме кара да се бия докато някой бик ме убие
55837	55837	books_35585	books	рекъл петелът
55841	55841	books_35589	books	когато вълците се приближили волът навел глава затичал се и така пробол единия от тях че той се превъртял и се строполил като мъртъв
55847	55847	books_35595	books	какво да правим
55907	55907	books_35655	books	и какво им е лошото
55921	55921	books_35669	books	тогава велзевул и дяволчето полетели към града
55959	55959	books_35708	books	разкажи ми как започна приятелството при вас и как продължи по-нататък
55964	55964	books_35713	books	а кой сред вас е най-главният
55969	55969	books_35718	books	а при ангелите кой е най-главният
56013	56013	books_35763	books	изглежда нещо е влязло в ушите ми казал
56060	56060	books_35811	books	пак аз
56076	56076	books_35827	books	но това е чудесно
56091	56091	books_35842	books	попитал ковача
56113	56113	books_35864	books	имах късмет че те срещнах
56136	56136	books_35887	books	аз съм дяволът отвърнал човекът
56139	56139	books_35890	books	а сега е твой ред казал дяволът на франц
56171	56171	books_35923	books	духни царю под опашката му и от устата му ще излезе огън
56211	56211	books_35964	books	щом се събудил излязъл на улицата и видял един странник
56218	56218	books_35971	books	на драго сърце
56224	56224	books_35977	books	а когато някой се разболее напръскай го с чудотворната вода и той веднага ще оздравее
56236	56236	books_35989	books	дъщеря ти ще оздравее царю казал човекът
56245	56245	books_35998	books	пък и аз ще ти дам още много злато и скъпоценни камъни
56262	56262	books_36015	books	защо работиш когато баща ти е толкова богат
56285	56285	books_36038	books	той имал малко парче земя която обработвал с много труд
56300	56300	books_36053	books	накрая сиромахът взел брадвата си и с всичка сила ударил една от тиквите
56302	56302	books_36055	books	бързо разсякъл и останалите две тикви които също били пълни със злато
56324	56324	books_36078	books	майка й и баща й строго й забранили да отиде там и рекли
56351	56351	books_36105	books	тогава бедният момък отишъл при един чужденец преселил се отскоро в царството но вече прочут със своите умения
56367	56367	books_36121	books	на другата сутрин той се превърнал в хубава породиста крава и двамата отново отишли на пазара
56379	56379	books_36133	books	тогава магьосникът се превърнал в сокол и отново я подгонил
56390	56390	books_36144	books	в същия миг на нейно място се появила купчина царевични зърна
56422	56422	books_36178	books	една нощ му се присънило че е намерил червено цвете а в тичинките му имало голям и красив бисер
56445	56445	books_36201	books	светлината от светещото кълбо не била толкова ярка колкото слънцето но хората можели да виждат добре в тъмнината
56522	56522	books_36279	books	като пристигнала старицата видяла езерото
56524	56524	books_36281	books	ала патицата бързо доплувала до брега хванала я с клюна за главата и я затеглила към водата
56578	56578	books_36335	books	като чули това останалите братя се разгневили и казали
56624	56624	books_36381	books	а заедно с тях изчезнала и колибата и градинката
56627	56627	books_36385	books	попитала старицата
56642	56642	books_36401	books	майката на царя обаче била много зла жена и започнала да клевети младата царица
56643	56643	books_36402	books	каква е тази жена която си довел в двореца
56673	56673	books_36432	books	той е говорил не за ябълката а за нашата дъщеря тя беше зад мелницата и метеше
56739	56739	books_36500	books	като прочела писмото майката на царицата много се изплашила и понеже не повярвала на писмото писала на царя още веднъж
56764	56764	books_36525	books	и му показала писмата които дяволът бил оставил вместо истинските
56799	56799	books_36560	books	розхен приближила до портите и видяла че те са обвити от паяжина от дълго време никой не бил минавал през тях
56835	56835	books_36596	books	като пристигнал в града той започнал да търси при търговците камък който гори
56847	56847	books_36608	books	мили мои деца утре заминавам на дълъг път
56861	56861	books_36622	books	когато се връщал минал през една гъста гора
56865	56865	books_36626	books	посегнал да го откъсне ала изведнъж от гората изскочил лъв и ревнал страховито
56886	56886	books_36647	books	търговецът нямало какво да стори и обещал
56900	56900	books_36661	books	щом си обещал ще отида при лъва
56989	56989	books_36750	books	той отлетя към червеното море
57018	57018	books_36779	books	затова го държала затворен в двореца и никой не можел да го зърне
57024	57024	books_36785	books	смаяла се и принцесата
57064	57064	books_36825	books	щом питаш ще ти кажа принце
57096	57096	books_36857	books	утре ще убия кучето не го бива за нищо
57105	57105	books_36866	books	сега само ще ни бъде в тежест
57134	57134	books_36895	books	после селянинът рекъл на жена си
57158	57158	books_36919	books	кумчо вълчо ме изпрати да те поканя да дойдеш в гората за да си премерите силите и смелостта
57196	57196	books_36957	books	ще ти бъда вълчо рекло кучето
57206	57206	books_36967	books	долната й устна висеше до гърдите
57220	57220	books_36981	books	попита войникът
57222	57222	books_36983	books	каза магьосницата
57240	57240	books_37001	books	ти трябва да ми донесеш само старото огниво което моята баба забрави когато беше за последен път там долу
57296	57296	books_37057	books	къде може да я види човек
57313	57313	books_37074	books	какво ще заповяда моят господар
57347	57347	books_37109	books	накъдето и да погледнеха навсякъде по вратите се белееха кръстове
57364	57364	books_37127	books	извика му войникът
57397	57397	books_37163	books	та аз не виждам нищо
57426	57426	books_37192	books	попитаха двамата царедворци които бяха идвали вече
57498	57498	books_37265	books	извика жената и целуна неговите огненожълти листца ала в това време цветето се разтвори с трясък
57507	57507	books_37274	books	палечка умееше също тъй да пее и такъв нежен и приятен глас никой никога не беше слушал
57543	57543	books_37313	books	ако не сполучеше да се освободи тя щеше да умре от глад
57563	57563	books_37333	books	така изминаха лятото и есента
57575	57575	books_37345	books	палечка застана на прага като просякиня и помоли да й дадат късче ечемичено зърно от два дена нищо не бе яла
57629	57629	books_37399	books	тъй лястовичката прекара цяла зима под земята и палечка се грижеше от все сърце за нея
57674	57674	books_37444	books	прощавай ясно слънчице прощавай
57688	57688	books_37459	books	там слънцето светеше много по-силно небето беше два пъти по-високо а около рововете и плетовете се виеха чудно хубави лози
57692	57692	books_37463	books	по неговите високи стълбове пълзяха лози а горе под покрива се чернееха много лястовичи гнезда
57701	57701	books_37472	books	в средата на цветето седеше малко човече беличко и прозрачно като стъкло
57705	57705	books_37477	books	елфи приказни същества които живеят в цветята
57725	57725	books_37498	books	и тъй узнахме ние цялата тая приказка
57736	57736	books_37510	books	царят заповяда да внесат даровете в голямата зала където царкинята играше на гости със своите придворни дами
57740	57740	books_37514	books	но от кутията извадиха чудната роза
57759	57759	books_37533	books	навярно тая птичка не е истинска
57760	57760	books_37534	books	извика царкинята
57781	57781	books_37555	books	тя се спря и лицето й светна от радост тя също умееше да свири на пианото ах мой мили августин
57787	57787	books_37561	books	и една от придворните дами трябваше да обуе дървени обувки и да отиде в задния двор
57805	57805	books_37579	books	ах мой мили августин
57833	57833	books_37607	books	само че целувки вече не давам
57841	57841	books_37615	books	при това аз съм царска дъщеря
57882	57882	books_37656	books	между другото стана дума за средните векове
57903	57903	books_37678	books	гледай ти каква кал
57905	57905	books_37680	books	рече съветникът
57912	57912	books_37687	books	погледът му падна върху образа на светата майка с младенеца в ръце
57930	57930	books_37705	books	съветникът видя пред себе си само някакво поточе подобно на локва и най-сетне се натъкна на двама души които седяха в една лодка
57937	57937	books_37712	books	кажете ми само де е мостът
57961	57961	books_37737	books	да какво е това
57974	57974	books_37751	books	аз просто не мога да позная нашата източна улица
57990	57990	books_37767	books	съветникът подпря главата си с ръце въздъхна дълбоко и се замисли над чудесата които беше видял
57997	57997	books_37774	books	откъде сте взели тоя лист
58121	58121	books_37902	books	офицер любов бедност тия три неща са почти неразделни
58149	58149	books_37933	books	нощният пазач се намери на една от безбройните пръстенообразни планини които ние познаваме от голямата лунна карта на доктор медлер
58164	58164	books_37948	books	колко е часът
58198	58198	books_37984	books	какво трябваше да направи
58202	58202	books_37989	books	ще полудея
58303	58303	books_38093	books	за всичко е виновен пролетният въздух и тежко и приятно ми е в едно и също време
58336	58336	books_38126	books	писарят въздъхна тъжно и се загледа в птичките които чуруликаха весело и подскачаха от клонче на клонче
58358	58358	books_38149	books	иначе аз наистина бих се разсърдил не на шега
58365	58365	books_38156	books	днес е рожденият ден на папагалчето добави наивно жената и тая малка полска птичка е дошла да го поздрави
58367	58367	books_38158	books	той продължаваше да се люлее върху халката
58371	58371	books_38162	books	какъв ужасен сняг заваля
58379	58379	books_38171	books	аз виждах как в глъбините им се люлеят растения
58385	58385	books_38177	books	ако госпожата и всички нейни гости се смеят при тия думи струва ми се че и ти би могла да се посмееш
58408	58408	books_38200	books	смехът е признак на висше умствено развитие
58413	58413	books_38205	books	разкиска се папагалът и изтърси своята любима шега
58441	58441	books_38234	books	той обу галошите и слезе в градината която имаше само две дървета една ябълка и една слива
58447	58447	books_38241	books	да това е най-голямата наслада в живота
58487	58487	books_38282	books	пищяха те като излагаха на показ осакатените си крайници
58512	58512	books_38308	books	но де е то и в какво се крие
58522	58522	books_38318	books	нима и мисълта ни ясна
58528	58528	books_38324	books	те се наведоха над мъртвеца
58543	58543	books_38339	books	горният кат на къщата се издаваше доста напред над долния а под самия покрив имаше водосточна тръба с глава на змей
58550	58550	books_38346	books	тя е широка като стълба на палат и висока като стълба на камбанария
58583	58583	books_38380	books	в тая стая имаше столове с високи облегала с резба и с дръжки от двете страни
58590	58590	books_38388	books	казваха всички мебели
58609	58609	books_38408	books	когато свикнеш със семейния живот такава самота е просто непоносима
58625	58625	books_38425	books	доволно и щастливо се върна то у дома си
58640	58640	books_38441	books	стори ми се че беше пак неделна утрин и вие децата стоите в трапезарията
58657	58657	books_38459	books	тая песен пееше някога тя
58718	58718	books_38520	books	в средата на шкафа пък беше изрязано цяло едно човече
58729	58729	books_38531	books	те бяха точно един за друг и двамата млади и двамата от еднакъв порцелан и двамата еднакво трошливи
58744	58744	books_38547	books	в същия миг той кимна с глава и заспа
58769	58769	books_38573	books	ах старият китаец иде
58791	58791	books_38595	books	на самия връх има една дупка през която ще излезем на белия свят
58799	58799	books_38603	books	а те се катереха все по-нагоре и по-нагоре
58836	58836	books_38640	books	защо беше всичката тая тревога
58861	58861	books_38665	books	тя беше умна жена но се гордееше много с високия си произход
58870	58870	books_38674	books	почвата върху която растяха тия дървета беше от най-ситен пясък който изглеждаше синкав като горяща сяра
58884	58884	books_38688	books	да тя никога не бе виждала птици
58920	58920	books_38725	books	но хората не разбираха думите им и мислеха че бурята вие
58947	58947	books_38753	books	но скоро тя подаде отново глава и тогава й се стори че всички звезди на небето са паднали при нея във водата
58958	58958	books_38764	books	едно след друго платната започнаха да се издигат
58986	58986	books_38792	books	там морето образуваше малък залив който беше тих но много дълбок
59001	59001	books_38807	books	тя престана да се грижи за цветята си
59038	59038	books_38844	books	малката русалка въздъхна и погледна натъжено своята рибя опашка
59126	59126	books_38932	books	той впи в нея черните си като въглени очи а тя наведе поглед
59152	59152	books_38958	books	те протягаха ръце към нея но не смееха да дойдат тъй близо до сушата както сестрите й
59181	59181	books_38988	books	ако някога трябва да се оженя ще взема само теб за жена мое мило намерениче с говорещи очи
59221	59221	books_39028	books	моряците заиграха весело на палубата
59236	59236	books_39043	books	ала изведнъж из дълбините на морето изскочиха нейните сестри
59265	59265	books_39073	books	ако в продължение на триста години ние вършим добри дела тогава ще бъдем надарени с безсмъртна душа
59331	59331	books_39139	books	ала ето че веднъж дойдоха дървари
59344	59344	books_39152	books	прекъсна го огнивото като чукна кремъка и хвърли няколко искри
59354	59354	books_39163	books	тоя разказ ще се хареса навярно на всекиго
59369	59369	books_39178	books	и понеже тя каза това закичиха и нея
59401	59401	books_39211	books	какъв блясък излиза от нас
59434	59434	books_39245	books	в него бе паднала искра от ракетите беше го запалила и превърнала в купчина пепел
59446	59446	books_39258	books	да се тури край на неговото размножаване беше невъзможно така че най-сетне се образува същинска гора от репей
59455	59455	books_39267	books	веднъж валеше силен дъжд
59460	59460	books_39272	books	ето и по стълбата потече
59470	59470	books_39282	books	извика охлювицата
59471	59471	books_39283	books	но на мен все пак ми се иска да попадна в господарския замък за да бъда сварена и сложена в сребърно блюдо
59480	59480	books_39292	books	каза охлювицата
59507	59507	books_39319	books	нашият син има цяла релейна гора а тя има само едно стръкче
59530	59530	books_39342	books	ах да бях и аз голяма като другите дървета
59541	59541	books_39356	books	напролет когато долитаха лястовичките и щъркелите елата ги питаше
59555	59555	books_39370	books	и вятърът целуваше дръвчето а росата го обливаше със сълзи
59558	59558	books_39373	books	в гората започнаха да секат няколко съвсем млади дръвчета
59608	59608	books_39424	books	о как трепереше бедната ела
59611	59611	books_39428	books	най-сетне по клончетата налепиха стотици червени сини и бели свещици а на самия връх на дръвчето изгря голяма звезда от златен варак
59642	59642	books_39461	books	ето ни сега в гората
59682	59682	books_39512	books	иначе щеше да бъде много хубаво
59684	59684	books_39514	books	аз никак не съм стара
59702	59702	books_39533	books	аз дойдох едва тая зима от гората
59725	59725	books_39559	books	скоро и мишките престанаха да идват и елата започна да тъгува отново сред своята самота
59739	59739	books_39573	books	свежите ухаещи рози се свеждаха над ниската ограда липите цъфтяха а лястовичките се виеха над тях и чуруликаха
59741	59741	books_39575	books	ала туй разбира се не се отнасяше за елата
59760	59760	books_39595	books	най-малкото носеше на гърдите си златната звезда която украсяваше елата през най-щастливата вечер на нейния живот
59764	59764	books_39599	books	приказка в седем разказа
59790	59790	books_39625	books	веднъж родителите намислиха да поставят двете сандъчета над дъждовния улей така че между двата прозореца цъфнаха две малки градинки
59863	59863	books_39699	books	каза кай
59897	59897	books_39733	books	о тая целувка беше по-студена от лед
59921	59921	books_39757	books	през деня той спа в скута на снежната царица
59939	59939	books_39775	books	отговориха те и най-сетне герда сама престана да вярва това
59983	59983	books_39819	books	сега й се поиска да задържи герда при себе си
59993	59993	books_39829	books	момичето заспа и сънува чудни сънища
59995	59995	books_39831	books	така минаха много дни
60048	60048	books_39886	books	децата го дразнят мехурчетата се пукат
60055	60055	books_39893	books	във въздуха се разнесе сладко ухание и девойките избягаха в гората
60060	60060	books_39898	books	уханието на цветята казва че са умрели
60079	60079	books_39917	books	на двора седи на стол стара жена
60100	60100	books_39939	books	чистотата е хубаво нещо
60107	60107	books_39947	books	и тя побягна към изхода на градината
60120	60120	books_39960	books	листата капеха едно след друго
60127	60127	books_39967	books	той дълго я гледа като клатеше глава и най-сетне заговори
60142	60142	books_39982	books	ако знаеш гарвански бих могъл да ти приказвам много по-добре
60152	60152	books_39992	books	наистина защо ли не се омъжа
60198	60198	books_40041	books	това наистина е бил кай каза герда защото той имаше нови обуща
60204	60204	books_40047	books	извика разтреперана герда
60221	60221	books_40064	books	почакай ме там зад решетката
60235	60235	books_40078	books	герда си представяше съвсем ясно как той й се усмихва също както някога когато двамата седяха под розовите храсти в къщи
60245	60245	books_40088	books	струва ми се че някой върви след нас
60275	60275	books_40119	books	но всичко туй беше само сън и всичко изчезна мигом щом тя отвори очи
60280	60280	books_40124	books	коларят слугите и гвардейците да бяха й дали дори гвардейци да я придружават носеха на главите си златни корони
60288	60288	books_40132	books	тъй пропътуваха те първите три мили
60297	60297	books_40141	books	ах колко е тлъстичка и хубава навярно с орехи са я хранили
60314	60314	books_40158	books	разбойническото момиче беше голямо колкото герда но имаше широки плещи мургава кожа и беше по-силно
60318	60318	books_40162	books	ти навярно си някоя княгиня
60334	60334	books_40178	books	когато момичетата се приближиха птиците зашумяха леко
60355	60355	books_40199	books	разбойниците седяха около огъня пееха и пиеха а старата разбойничка скачаше и се премяташе презглава
60360	60360	books_40204	books	той седеше в нозете на снежната царица която мина през гората когато ние лежахме още в гнездото си
60366	60366	books_40210	books	навярно тя пътуваше за лапландия защото там винаги има сняг и лед
60368	60368	books_40212	books	да там има винаги сняг и лед и е чудно хубаво
60383	60383	books_40228	books	само мама е в къщи но след закуска тя ще си пийне от голямото шише и ще заспи за малко
60385	60385	books_40230	books	и момичето скочи от леглото отиде при майка си дръпна я за брадата и рече
60488	60488	books_40334	books	какъв студ и каква пустота цареше в тия блестящи и просторни зали
60489	60489	books_40336	books	пусто мъртво и студено беше в залите на снежната царица
60516	60516	books_40364	books	топлите й сълзи покапаха по гърдите му проникнаха в сърцето му размразиха ледената му обвивка и стопиха зрънцето от дяволското огледало
60599	60599	books_40449	books	каза патицата
60619	60619	books_40469	books	какво голямо пате
60622	60622	books_40472	books	чакай ще разбера това
60660	60660	books_40510	books	аз мисля че то ще бъде много силно и ще си пробие път в живота
60694	60694	books_40544	books	гърмежите зачестиха
60721	60721	books_40571	books	каза тя
60724	60724	books_40574	books	чакай да видим
60733	60733	books_40583	books	а котаракът питаше
60773	60773	books_40625	books	бедното грозно патенце щеше да бъде много радостно ако поне патиците го търпяха помежду си
60787	60787	books_40640	books	изведнъж патенцето почувствува как крилете му се разперват как зашумяват по-силно отпреди и го понасят бързо напред
60791	60791	books_40644	books	патенцето познаваше тия чудни птици
60798	60798	books_40651	books	те го забелязаха размахаха криле и тръгнаха право към него
60832	60832	books_40686	books	ето жена за мен
60972	60972	books_40828	books	всяка вечер аз нося остатъците от императорската трапеза на моята бедна болна майка която живее на брега на морето
61030	61030	books_40886	books	неговата песен проникваше в сърцето
61109	61109	books_40967	books	това бяха добрите и лошите дела на императора
61114	61114	books_40972	books	и те му разказваха толкова много неща че челото му се обля в студена пот
61174	61174	books_41032	books	те самите не идвали тук а изпращали свои хора които живеели на улицата на малките къщи и продавали бира и подправки за ястия
61182	61182	books_41040	books	казват че всеки от тях си има нощна шапка
61186	61186	books_41044	books	слушайте сега
61203	61203	books_41061	books	старият антон беше сух като пръчка с безброй бръчки около устата и очите с дълги костеливи пръсти и побелели гъсти вежди
61216	61216	books_41074	books	затова той трябва да си намери някаква друга работа
61222	61222	books_41080	books	когато най-сетне се завреше в леглото си без да става повече зъбите му затракваха силно защото студът е особено остър в края на зимата
61226	61226	books_41084	books	същото се случваше и със стария антон
61229	61229	books_41087	books	наистина те скоро се изпаряваха и изчезвайки ронеха светли пламъчета и озаряваха картините които никога не можеха да се заличат
61232	61232	books_41090	books	прекрасни са буковите гори в дания
61262	61262	books_41120	books	скоро се показа още един листец
61290	61290	books_41149	books	но всичко на земята се променя всичко минава
61296	61296	books_41155	books	мина година после втора трета
61346	61346	books_41207	books	какво щяхме да правим когато щастието ни обърнеше гръб
61376	61376	books_41239	books	в дюкянчето по чиито прозорци нямаше стъкла цареше само полумрак или пълна тъмнина
61396	61396	books_41259	books	сега ще заспя
61494	61494	books_41357	books	дотегна ми най-сетне тяхното самохвалство
61509	61509	books_41372	books	но не аз не бих направила това защото е неприлично
61566	61566	books_41431	books	тя взе три жаби целуна ги и каза на едната
61567	61567	books_41432	books	когато елиза дойде да се къпе седни на главата й за да стане също тъй глупава като теб
61642	61642	books_41507	books	елиза и братята й се смееха и плачеха и скоро узнаха един от друг колко зле бе постъпила с тях лошата им мащеха
61686	61686	books_41551	books	времето се разваляше настъпваше вечер
61700	61700	books_41565	books	елиза видя около себе си своите братя хванати ръка за ръка те едва се побираха върху скалата
61701	61701	books_41566	books	призори въздухът стана чист и ясен и щом слънцето изгря лебедите хвръкнаха със сестра си нататък
61712	61712	books_41577	books	тъй бързо се меняха пред нея картините докато най-сетне наистина се показа оная земя към която пътуваха
61754	61754	books_41619	books	никога не беше виждал такава чудна хубавица
61805	61805	books_41671	books	две едри сълзи се търкулнаха по лицето на царя и той си отиде с тежко съмнение в душата
61852	61852	books_41718	books	палачът хвана елиза за ръката но тя го блъсна и бързо метна единайсетте ризи върху лебедите
61860	61860	books_41726	books	рече най-старият от братята и разказа всичко което се бе случило
61861	61861	books_41727	books	а на самия връх на храста цъфна прекрасно бяло цвете което блесна като звезда
61865	61865	books_41731	books	важното е че я нарекоха португалка
61880	61880	books_41746	books	прилича й много на тая кръвопийца каза португалката
61903	61903	books_41769	books	пък и това не може да се иска от мен котката изяде две от моите патенца
61926	61926	books_41793	books	ах не не
62006	62006	books_41873	books	рече тя
62017	62017	books_41884	books	ах сега вашите очи приличат също на ония зли очи от които се спасих
62026	62026	books_41893	books	знаех си аз че не беше за тоя свят
62064	62064	books_41931	books	в червената си престилчица то носеше кутии с кибрит а една държеше в ръката си
62068	62068	books_41935	books	снежни парцали покриваха дългите светлоруси коси на детето които падаха по шията му на хубави къдрици
62078	62078	books_41945	books	клечката изсъска и пламна
62083	62083	books_41950	books	то драсна о стената друга
62088	62088	books_41955	books	тя беше много по-голяма и по-хубава от оная която момиченцето беше видяло през прозорците на един магазин
62111	62111	books_41978	books	пред вратите стоеше една царкиня
62113	62113	books_41980	books	от косите и дрехите й течеше вода обувките й бяха прогизнали но тя уверяваше че била истинска царкиня
62137	62137	books_42004	books	за съдии бяха избрани хора от всички възрасти като се почне от тригодишни деца та се свърши с петдесетгодишни мъже
62145	62145	books_42013	books	удари три и се показаха тримата мъдреци на изтока един от които беше черен като въглен
62159	62159	books_42028	books	той запя старата песничка на нощните пазачи
62194	62194	books_42064	books	идеята на художника възкръсна отново и се яви не като призрак а в действителност
62207	62207	books_42077	books	каза пазачът
62226	62226	books_42096	books	тя носеше дванайсет пътника повече хора не можеше да побере всички места бяха заети
62259	62259	books_42129	books	аз обичам да веселя другите а така също и самия себе си
62262	62262	books_42132	books	тук е забранено да се вика
62274	62274	books_42144	books	ето оттук усещам миризмата му
62337	62337	books_42208	books	да дойде другата кола
62399	62399	books_42272	books	тя стоеше на завет край черковната стена в марбах напълно запазена забравена почти от всички
62424	62424	books_42300	books	водата в кладенеца беше прозрачна но слънчевите лъчи не стигаха никога до дъното
62428	62428	books_42304	books	тя живееше и днес още
62457	62457	books_42334	books	тя имаше такова силно желание да излезе от кладенеца и да се полюбува на широкия свят
62471	62471	books_42348	books	какво ли има отсреща
62478	62478	books_42355	books	наистина колко е хубаво
62491	62491	books_42368	books	може би ще срещна някоя зелена жаба като мен или пък няколко водни жабчета
62504	62504	books_42381	books	впрочем това няма никакво значение за нас
62567	62567	books_42445	books	чакай само да се изкача горе
62580	62580	books_42458	books	единият възпяваше радостно всяко прекрасно нещо така както то се отразяваше в сърцето му възпяваше го в къси ясни и звучни стихове
62617	62617	books_42495	books	ето туй се казва реч
62624	62624	books_42502	books	за малката жаба тия разкази бяха съвсем нови и увлекателни
62638	62638	books_42517	books	не питай за това естественика попитай по-добре поета
62664	62664	books_42543	books	извика глупавият ханс
62674	62674	books_42553	books	закрещя глупавият ханс
62689	62689	books_42568	books	седна ханс на гърба на козела удари го с петите си в хълбоците и се понесе като вятър из големия път
62697	62697	books_42576	books	и той им показа една умряла врана
62701	62701	books_42580	books	ще я подаря на царската дъщеря
62775	62775	books_42654	books	аз пека млади петли
62777	62777	books_42657	books	каза глупавият ханс
62833	62833	books_42713	books	дръж се здраво сега ще побягна
62839	62839	books_42719	books	дръж се здраво извика глиганът дръж се здраво сега ще се изкачим по стълбата
62845	62845	books_42725	books	но най-великолепно бе това което те видяха в една от съседните зали
62855	62855	books_42735	books	около исус стоят не осъдените на мъчение грешници а езичниците
62883	62883	books_42763	books	беше вече сутрин
62934	62934	books_42814	books	момчето сладко заспа и в съня си все виждаше великолепните картини и медния глиган
62953	62953	books_42833	books	без съмнение чукаше глиганът
62954	62954	books_42834	books	момчето се спусна към прозореца но не видя нищо
62958	62958	books_42838	books	момчето взе сандъчето и тръгна след художника
62971	62971	books_42851	books	когато настъпи вечерта малкият ръкавичар се измъкна тихичко през разтворената врата и излезе на улицата
62972	62972	books_42852	books	навън беше студено но звездите блещукаха ярко и весело
62983	62983	books_42864	books	и при това необлечена
63028	63028	books_42910	books	значи тоя който умее да рисува с молив и с бои може да събере около себе си целия свят
63067	63067	books_42951	books	казах в началото че всеки на тоя свят се появил различно
63076	63076	books_42960	books	оглеждам се и виждам че край мен в гнездото лежат още яйца и от тях се носи писукане
63083	63083	books_42967	books	казвам му и го смъквам обратно в гнездото
63089	63089	books_42973	books	когато всички излязохме на свобода и напълнихме гнездото догоре с врабци видяхме че са останали още две яйца
63118	63118	books_43005	books	те пищеха и хвърчеха и нито едно не се уби макар и всички да изпопадаха на земята
63126	63126	books_43013	books	добре ама по едно време се съвзех почнах да треперя с крила хванах се за въздуха и се спуснах съвсем леко на земята
63148	63148	books_43035	books	лесният урок се усвоява с леснина и от него почти нищо не научавате
63155	63155	books_43042	books	питам нашите откога
63196	63196	books_43084	books	голяма леш настанала
63218	63218	books_43108	books	няколко седмици учехме като гледахме все през прозореца и учението ни вървеше много добре
63219	63219	books_43109	books	един ден децата излязоха навън грабнаха прашки и започнаха да ни замерят с камъни
63225	63225	books_43115	books	така и направихме
63242	63242	books_43132	books	дори сега когато тръгна някъде сам вземам със себе си винаги по една песен та да ми прави дружина
63280	63280	books_43172	books	има една птица смрадовранка чику повика един ден и нея да види гуменото яйце
63304	63304	books_43196	books	затуй си нося къщата та като ме настигне нощта по пътя влизам вътре заключвам срещу разбойниците и лягам да спя
63318	63318	books_43216	books	и аз казах
63328	63328	books_43230	books	джиф фрррррр и айде към реката та да донесем вода в перушината си
63337	63337	books_43240	books	аз пристъпвам от строго по-строго към тях хващам първото за шията извиквам му
63346	63346	books_43249	books	т
63347	63347	books_43250	books	не закъсня и драги ми господине
63351	63351	books_43254	books	до един са ми одрали кожата и перушината
63376	63376	books_43284	books	сляп ли си та не виждаш че аз вървя тука а
63378	63378	books_43286	books	снарядът обаче дори не погледна
63385	63385	books_43294	books	ще го закача и забележка също ще му направя
63422	63422	books_43336	books	главният булевард на ривиерата също бил собственост на фр
63467	63467	books_43384	books	чудим се ние
63547	63547	books_43474	books	това сигурно е моят китайски приятел у фу
63553	63553	books_43480	books	ангел каралийчев
63586	63586	books_43514	books	най-много ангел каралийчев обичаше и се покланяше на фантазията без брегове на приказката на първия етаж от високата сграда
63590	63590	books_43518	books	жужи и се впива в отронен ябълков лист стара пчела
63624	63624	books_43554	books	всеки ден по него отекват стъпките на нови пътници млади забързани нетърпеливи
63630	63630	books_43560	books	разровила баба огнището скришом извадила питката и я потулила някъде
63642	63642	books_43572	books	кунето разтвори като рибка малката си устица
63697	63697	books_43628	books	чака чака а студеният вятър брули ушите му
63728	63728	books_43660	books	вълкът клекнал сред гората чака и трака със зъби а студеният вятър брули ушите му
63753	63753	books_43687	books	най-хубавата и най-работната отвърна кладенчето като си помисли малко е дядовата пейова внучка
63786	63786	books_43720	books	оставих аз настрана двете менчета и викнах
63791	63791	books_43726	books	мале защо не го ухапеш
63816	63816	books_43751	books	по едно време някой го бутнал кротко по рамото
63817	63817	books_43752	books	трепнал нашият юнак и се обърнал назад старата мечка
63851	63851	books_43786	books	няма кой да ми ги снеме
63861	63861	books_43796	books	ти идеш от дълбочината на вековете от потъмнелите страници на историята се усмихват твоите бездънни очи
63863	63863	books_43798	books	наместо гердан от златици ти носиш една вехта бакърена пара нанизана на конопена връв отколе изкопана от разрушена старинна твърдина
63868	63868	books_43803	books	мъжественият цар посрещна своите войници и щом съзря скръбната върволица от слепци люшна се и падна мъртъв на земята
63911	63911	books_43847	books	обърна се и видя че след него иде каруца
63922	63922	books_43858	books	ягодите и дървата отхвръкнаха настрани
63930	63930	books_43866	books	нешко се обърна и тръгна към прозореца
63942	63942	books_43878	books	някой беше изтървал огън в една напръхнала купа и пожарът избухна
63969	63969	books_43905	books	попита баба тиша
63992	63992	books_43929	books	сякаш се залюля и неговата стара смълчана къщурка
64034	64034	books_43972	books	нищо не можа да измисли
64051	64051	books_43989	books	стана му ясно че е сторил голям грях като е продал най-милото което имаше на света подир бояна
64072	64072	books_44010	books	де огън в моята къща синко
64073	64073	books_44011	books	за цяр да търсиш няма да намериш съчица под стряхата
64079	64079	books_44017	books	мило ми е рече дядо божил
64084	64084	books_44023	books	на оня свят ли ще го носиш
64090	64090	books_44029	books	много е богат
64100	64100	books_44039	books	добре де всичкото дето го приказваш хубаво ами ако тръгна сега как ще стигна в този сняг до оряховица
64135	64135	books_44074	books	отвън вятърът налягаше вехтата къща и надуваше закнижените прозорци
64142	64142	books_44081	books	ще трябва да вървя днес
64181	64181	books_44120	books	лани ме научиха да направя едно прошение до царя
64185	64185	books_44124	books	малко го е еня царят че някой си дядо божил от опъка нямал риза на гърба си и сечал гвоздеи от студ
64195	64195	books_44134	books	хвърли го на боклука
64203	64203	books_44142	books	ей какво било
64262	64262	books_44201	books	уха как да не минува
64271	64271	books_44210	books	първата нощ нощува под тежко наведените клони
64296	64296	books_44235	books	ти не гледай стените рече старата тука е топло ти ще разбереш зимъс като накладеш оня ми ти огън
64311	64311	books_44251	books	тя ходеше всеки ден на чужди хора да работи а него оставяше в къщи
64370	64370	books_44310	books	нищо мамо добро ми е палтото нали старите хора казват че кърпежът крепи света
64394	64394	books_44334	books	сопна се дядо петко
64441	64441	books_44382	books	същата вечер той отиде в къщата на своя учител
64465	64465	books_44406	books	до неговия дядо грую в село каменец
64497	64497	books_44438	books	да ти се оплача дядо цяла зима с едно друго сиромашко момче сме спали в един сандък за смет
64505	64505	books_44446	books	а за гладуването сетне ще ти разправям
64542	64542	books_44483	books	ти само потрай
64609	64609	books_44551	books	грехът на дяда ивана
64637	64637	books_44580	books	какво е туй нещо
64733	64733	books_44676	books	но ето че зрънцето падна в една трапчинка и мравката напразно се трепеше да го измъкне навън
64739	64739	books_44682	books	да видим сега какво стори малкият брат петко
64750	64750	books_44693	books	изведнъж соколът писна за помощ
64796	64796	books_44739	books	попита врабчето
64807	64807	books_44750	books	селото полека потъваше в синя мрачина
64859	64859	books_44802	books	сложи ръцете си върху чина
64970	64970	books_44915	books	пейчо огладня
65037	65037	books_44986	books	скръцна мостът
65051	65051	books_45001	books	отнеси ме надолу към равнината
65080	65080	books_45030	books	ех че негодна клечка
65172	65172	books_45125	books	докато старата лястовичка смогна да грабне рожбата си от огъня един въглен падна в гнездото и парна лястовичето по дясното крило
65217	65217	books_45171	books	кажи му още че моето сърце изсъхна от мъка
65277	65277	books_45233	books	голямо ли беше
65364	65364	books_45338	books	той беше едър чер с грамадни рога и едвам пристъпваше
65368	65368	books_45342	books	избухна още по-силно земята и се залюля от смях
65390	65390	books_45364	books	като стигнал до дървения мост над крайселската река той смахмузил магарето да мине по-бързо и го подканил
65413	65413	books_45388	books	вървяло вървяло стигнало до една река без брод и без мост
65420	65420	books_45395	books	навлязло в една зашумена гора
65429	65429	books_45404	books	и като проточило шия то клъвнало лъва и го глътнало
65480	65480	books_45455	books	защо не лягаш да спиш
65562	65562	books_45544	books	птичето пръпна нагоре побягна към долния край на лозето и реши да открадне едно зърно
65587	65587	books_45569	books	славейчето слезе кацна на пътя до мравката и всичко и разказа
65599	65599	books_45582	books	не мога да го мръдна
65638	65638	books_45622	books	отговори иванчо
65641	65641	books_45625	books	как да не са потребни
65646	65646	books_45630	books	запъхтяно се мушна под един голям тиквен лист и затрепера от страх и мъка
65656	65656	books_45640	books	брей че лошо бостанско плашило
65677	65677	books_45661	books	надвечер минаха яйчари
65691	65691	books_45675	books	на същото място се беше вече източила една дългостеблена тиква
65729	65729	books_45714	books	такива като нея покачат ли се на високо място забравят ония които са долу
65740	65740	books_45725	books	отиде си лятото
65800	65800	books_45785	books	хайде моля ти се
65842	65842	books_45827	books	размаха секирата и окастри всичките й вейки
65893	65893	books_45878	books	като поканиш сватовете те ще искат девет пещи хляб кам ти го житото
65922	65922	books_45907	books	дъжд да не накваси хармана
65936	65936	books_45921	books	защо не си повикал мене
65976	65976	books_45961	books	извадиха от устата й житеното зърно
66023	66023	books_46009	books	какво донесе
66046	66046	books_46032	books	лисицата я захапа и се мушна в гъсталака
66063	66063	books_46050	books	проводи ти дядо една топла питка но то кучето на катунарите я грабна от ръцете ми
66100	66100	books_46087	books	мина една неделя време
66107	66107	books_46094	books	попита една нощ ябълката
66138	66138	books_46125	books	страшно е
66166	66166	books_46153	books	ябълката падна във водата и запищя
66181	66181	books_46168	books	взря се в напуканите от огън устни на детето и закопня да ги намокри с влагата си
66207	66207	books_46194	books	прочистиха камънаците
66212	66212	books_46199	books	излъга ни старецът на смъртния си час
66215	66215	books_46202	books	добре обработихме земята на старото лозе
66252	66252	books_46241	books	тичай бабо мърморанке че отиде на попарата фанарата
66271	66271	books_46261	books	убий една лисица
66295	66295	books_46285	books	изправи се на прага и се почеса по тила
66307	66307	books_46297	books	като наближи и видя че под дърветата е тъмно рече си на ума
66339	66339	books_46329	books	подир малко в коловозите ще рукнат поточета
66345	66345	books_46336	books	милият гарван колко ми е мъчно за него
66364	66364	books_46357	books	оправдава се пчелата
66398	66398	books_46393	books	аз искам кит кит
66400	66400	books_46395	books	искаш кит но ще бъдеш бит
66401	66401	books_46396	books	закани се патката
66410	66410	books_46405	books	не съм толкова глупаво пате
66427	66427	books_46422	books	изскочи лисицата и замаха застрашително опашката си
66435	66435	books_46430	books	бре усмихна се лисицата ами къде отиваш
66499	66499	books_46495	books	снегът стана пръхкав
66523	66523	books_46520	books	леглото на петърча и марийка беше тъкмо до прозореца
66574	66574	books_46571	books	ела да те целуна по челото
66580	66580	books_46577	books	алцек се наведе сграби болния като агне и го занесе до отворения прозорец
66624	66624	books_46621	books	не искам да разрушавам туй юнашко гнездо
66649	66649	books_46646	books	и когато донякога главнята се разлисти и покарат от нея млади клончета нека този ден бъде първият ден на свободата над моята земя
66650	66650	books_46647	books	и той побил горящата главня в земята погледнал с бащина болка войниците които трябвало да напусне завинаги и с твърда стъпка тръгнал
66682	66682	books_46679	books	тя се вие под борови дръвчета между бодливи шипки и потъва в дълбоката до пояс трева
66703	66703	books_46700	books	в нея мъдрият старец бил разказал цялата история на българите
66705	66705	books_46702	books	леярят слязъл в работилницата си и пуснал историята на евтимия в казана с разтопения метал
66714	66714	books_46711	books	но ще дойде ден когато камбаната пак ще забучи и свободата пак ще изгрее над нашата земя
66750	66750	books_46748	books	помниш ли неговия чук и неговата дарена ръка
66761	66761	books_46759	books	обърна двуколесницата и шибна коня
66832	66832	books_46831	books	знамето на средногорското въстание
66913	66913	books_46913	books	тъй пламтяха сърцата на поборниците за народна свобода
66946	66946	books_46946	books	а през ония дни по улицата се точеше голям народ
66985	66985	books_46987	books	един след друг падаха поборниците
66993	66993	books_46995	books	падна отгоре ми затисна ме
66998	66998	books_47000	books	лунният лъч повторно прониза стъклото
67042	67042	books_47044	books	щом децата се разотидоха и пързалката опустя от съседната горица изскочи зайо мустаков
67044	67044	books_47047	books	и зайко вдигна предната си лапичка за да си избърше окото
67074	67074	books_47078	books	защото съм най-силният звяр в гората
67082	67082	books_47086	books	тогава катеринка изврещя кума лиса кокошарска затявка зайо мустаков се засили и направи такъв скок че прескочи цялата могила но пак се върна
67083	67083	books_47087	books	отдън гората затрополя самият медун мецанов
67100	67100	books_47104	books	който стигне най-напред на върха негова ще бъде ръкавичката
67101	67101	books_47105	books	зверовете се наредиха най-отдясно медун до него вълкан до вълкана лиса до нея зайко а до зайка катеринка
67139	67139	books_47145	books	бягай назад в пътнишките
67144	67144	books_47150	books	локомотивът изпищя
67193	67193	books_47200	books	щом влакът намали хода си войникът задяна пак раницата смъкна торбичките си и рече с горчива усмивка
67255	67255	books_47263	books	тогава ще изям вас
67266	67266	books_47274	books	на третия ден старата ламя запълзя навътре по земята
67268	67268	books_47277	books	изкараха срещу нея най-голямото оръдие и почнаха да гърмят
67292	67292	books_47301	books	ламята ни изяде децата къщите и нивите
67293	67293	books_47302	books	тя ни погуби държавите
67330	67330	books_47339	books	да му сложа ли един висок комин
67353	67353	books_47362	books	този месец се поохарчих но когато получа заплатата си през другия месец крум ще има автомобил
67411	67411	books_47421	books	нали е много хубаво
67412	67412	books_47422	books	но ако калинка разбере че си отрязал парче от новата к панделка ще ти оскубе брадата
67436	67436	books_47446	books	електрическият влак минава
67438	67438	books_47448	books	електрическият влак безшумно се плъзна по релсите
67442	67442	books_47452	books	крум го изгледа с отворена уста
67452	67452	books_47462	books	воденичарят дядо медарко сипа на мене и на калинка малко мед в една пръстена паничка
67476	67476	books_47488	books	зърното на тия класове ще отиде в народната мелница
67500	67500	books_47514	books	искам да го видя
67533	67533	books_47547	books	един беловлас работник се изправи пред крума и произнесе такава реч
67539	67539	books_47554	books	някой почна да гъделичка сънливия
67555	67555	books_47570	books	отбраните за посев житни зърна лежаха в дълбоката кооперативна житница и си говореха тихичко
67556	67556	books_47571	books	тука е много тъмно аз нищо не виждам обади се едно зрънце с тъничко звънливо гласче
67602	67602	books_47617	books	и като се чукна върху едно бяло камъче зърното подскокна прескочи коларския път и попадна в една мравешка пукнатина
67617	67617	books_47632	books	що щеш там
67626	67626	books_47642	books	а вие там дребосъчета
67630	67630	books_47646	books	метна бял юрган върху житните стръкчета те се затоплиха почнаха да се прозяват казаха си лека нощ и заспаха
67635	67635	books_47651	books	додето крушата налее плод житните класове станаха високи до пояс и почнаха да класят
67656	67656	books_47672	books	когато здравите житни класове узряха и зърното им се изпече пристигна моторната жътварка
67668	67668	books_47684	books	когато нахлули турците от мала азия в тракия тука още е имало хора и къщи
67684	67684	books_47700	books	старият руски писател засенчи очите си от слънцето
67693	67693	books_47709	books	защо дядо иване според тебе е направено гущерчето
67724	67724	books_47742	books	в подножието на паметничето грижливо беше скътана урна издялана от розов мрамор
67735	67735	books_47753	books	ще дойде ден когато археолозите ще разкопаят този град и ще намерят паметничето на малкото покойниче където са те завели насън бащата и майката
67751	67751	books_47769	books	защо не отидеш в гората
67766	67766	books_47784	books	до края на живота си ще ти бъда благодарна ако ми направиш тая добрина
67785	67785	books_47803	books	той й направи кръстовидно стоило и я изправи насред салона
67846	67846	books_47864	books	докога ще ме разиграва с този магарешки инат
67858	67858	books_47876	books	ами какво да го правя
67867	67867	books_47885	books	малко ми даде ти на мене разкаял се циганинът но чичо георги казал
67878	67878	books_47897	books	затуй пък белите зайчета в чичовия георгев зайчарник хрупали крехката тревичка лакомо и с благодарност
67879	67879	books_47898	books	такава е рилчовата история
67883	67883	books_47903	books	ушите му все щръкнали
67893	67893	books_47913	books	и тая вечер ни докара в къщи да нахраним децата и пиленцата си и да се отморим
67900	67900	books_47920	books	гледайте го и се поучете от него
67913	67913	books_47933	books	ибрахим беше посръбнал една вечер
67946	67946	books_47967	books	обади се оня същият който поведе звеното и отби рилчо от лекия път
67970	67970	books_47991	books	тя е положена на четири големи камъка
67991	67991	books_48012	books	гази студената вода в лехите
67996	67996	books_48017	books	то си стои там послушно и мирно
67998	67998	books_48019	books	в понеделник ането си изпра престилката и я простря да съхне на двора
68028	68028	books_48049	books	моето тегло трябва да бъде описано от някой велик писател
68035	68035	books_48056	books	една мечка
68037	68037	books_48058	books	отивам да я клъвна
68049	68049	books_48070	books	изведнъж от невиделица изхвръкна голям изплашен пъдпъдък и зашумя с тежките си криле
68052	68052	books_48073	books	по едно време покрай нивата мина малка каручка с две колелета теглена от едно проскубано магаре без опашка
68061	68061	books_48082	books	циганинът си потърка очите прозя се продължително почеса се по врата озърна се и видя патето
68078	68078	books_48099	books	подаде сабята
68083	68083	books_48104	books	олеле бягайте
68125	68125	books_48147	books	такъв ми е кучешкият навик каквото открадна изядам го
68136	68136	books_48158	books	поклати с недоверие глава кучето
68164	68164	books_48186	books	мушнах си ръката и напипах лешници
68174	68174	books_48196	books	пътувахме с параход два месеца
68190	68190	books_48214	books	очисти боба и го сипа в гърнето
68197	68197	books_48222	books	хайде кротушке
68216	68216	books_48241	books	че започнахме и с нея да си хортуваме
68227	68227	books_48252	books	не ме задържай душичке много бързам
68265	68265	books_48290	books	върхарите на дърветата се леко полюшваха разклатени от вечерния вятър
68288	68288	books_48313	books	тревога изпълни мъничкото сърце на самотното девойче
68310	68310	books_48335	books	потърси някъде сушинка и се мушна под най-близкия храст
68323	68323	books_48348	books	девойчето се обърна и видя че наблизо минава път а по него се търкаля двуколка с впрегнато магаре
68335	68335	books_48360	books	аз тъкмо в брегаре отивам
68349	68349	books_48375	books	ането извади от джоба на престилката кърпичката си избърса една круша и я подаде на маймунката
68350	68350	books_48376	books	след това избърса друга круша за себе си
68473	68473	books_48500	books	майчице отсега нататък аз ще бъда превърната на затвор за пияни хора
68502	68502	books_48529	books	не бой се отвори човка патето върху моите криле ти все едно че си на пружина
68513	68513	books_48540	books	ние ще почакаме
68517	68517	books_48544	books	карай сега надясно
68537	68537	books_48564	books	отиде хубавата къщица
68540	68540	books_48567	books	циганинът излезе от кръчмата пиян след полунощ
68548	68548	books_48575	books	след туй навря главата си в кофата и засмука жадно като бивол
68568	68568	books_48595	books	сега ще изпееш на твой баща един хубав песен а пък пенка ще поиграе
68577	68577	books_48604	books	доведоха една голяма мечка
68593	68593	books_48620	books	от лакомия се изпоти
68609	68609	books_48636	books	първите жетвари режат високата храна със сърпове
68626	68626	books_48654	books	хайде пенке покажи на господарите как се бият абисинците
68630	68630	books_48659	books	и се загуби
68658	68658	books_48687	books	то побледня сви се в коша и затрепера като сух лист
68699	68699	books_48728	books	вярно е
68773	68773	books_48803	books	по едно време гладното момиче бръкна в голямата кожена торба
68785	68785	books_48815	books	то си мокреше ръката в топлата вода
68813	68813	books_48843	books	новият ден завари къщурката пред една нива с царевица висока два човешки боя
68874	68874	books_48905	books	тука ще спя
68877	68877	books_48908	books	стига да пожелаеш отбий се и лягай
68881	68881	books_48912	books	но сладкият му сън беше нарушен от едно страшно клатене
68884	68884	books_48915	books	бързо грабна кутията с часовниците и изхвръкна навън
68917	68917	books_48948	books	патето гребеше юнашки
68918	68918	books_48949	books	на сутринта изнесе къщурката в една росна ливада
68976	68976	books_49007	books	покани се циганинът
68980	68980	books_49011	books	циганинът и неговите две спътнички в коша вървяха три часа време
68982	68982	books_49013	books	цяла нива натъркаляни дини с тъмнозелени кори жълти като лимон пъпеши узрели краставици
69020	69020	books_49051	books	какво прави старият сом в училището
69058	69058	books_49089	books	стигнаха до гърнето
69061	69061	books_49092	books	дълго се караха и най-сетне решиха да я пуснат отново в реката за да не си развалят приятелството
69104	69104	books_49136	books	къдрьо приятелю къде се дяна
69120	69120	books_49152	books	прошепна ането и затепа босичка по бялата пътека
69235	69235	books_49270	books	как да не знаеш у дома в къщурката
69296	69296	books_49333	books	тогава дойде страшното
69322	69322	books_49360	books	чинията падна на плочите и се натроши на парчета
69354	69354	books_49392	books	леле умрях си
69370	69370	books_49408	books	като си почина пак ще се върна да те добия
69372	69372	books_49410	books	в туй време старият стопанин домъкна и котарака в кучешката къщурка
69376	69376	books_49414	books	много ли те тупа
69410	69410	books_49448	books	в една кошница намери узрели круши
69429	69429	books_49467	books	те не знаеха какво се бе случило с багажа им
69437	69437	books_49475	books	то ще ми правя дружинка докато трае жетвата
69451	69451	books_49489	books	плесна с ръце
69501	69501	books_49543	books	към самодивския кладенец
69515	69515	books_49557	books	няма да му простя
69521	69521	books_49563	books	щом стигна до воденицата дядо тодоран смъкна от гърба си чувала и го тръшна до каменното корито
69562	69562	books_49604	books	той помисли малко и предложи на тошка
69581	69581	books_49623	books	тежък живот мечешки
69597	69597	books_49639	books	тупна с предната си лапа изрева радостно изправи се на задните си крака изкара едно мечешко хоро и посегна да прегърне своя спасител
69607	69607	books_49649	books	не можах да стигна благодетеля си бързо бяга дяволът
69651	69651	books_49693	books	тогава ядосаната тодора грабна тоягата
69654	69654	books_49696	books	станчо тъкмо беше извадил от пещта зачервени кравайчета
69656	69656	books_49698	books	като видя малките патенца той си рече
69676	69676	books_49718	books	патките се грозно разлютиха и решиха да накажат крадеца
69719	69719	books_49761	books	бедното дръвче защо са го оставили да се мъчи
69746	69746	books_49788	books	той изнесе втора кофа трета и четвърта
69772	69772	books_49814	books	дребна работа
69792	69792	books_49834	books	стана му весело
69804	69804	books_49846	books	слънцето клонеше на залез когато автомобилът спря
69816	69816	books_49858	books	маймунекът затрепера и си плю на петите
69884	69884	books_49927	books	а бе ние изпъшка гудо му вързахме ръце а пък забравихме да му вържем краката
69921	69921	books_49964	books	край града имаше широка поляна
69926	69926	books_49969	books	два дни летя чудната птица
69963	69963	books_50007	books	желъдите рукнаха като дъжд
69964	69964	books_50008	books	след като отърси клоните тошко скочи долу събра желъдите и завчас напълни кошницата
69973	69973	books_50017	books	пънчо яхна тошка като магаре
70000	70000	books_50044	books	викна учителят
70014	70014	books_50058	books	поръча учителят
70019	70019	books_50063	books	пънчо не е виновен за стъклото
70021	70021	books_50065	books	дигна глава учителят
70025	70025	books_50069	books	учителят не вярваше на ушите си
70061	70061	books_50105	books	проговори той и заведе пънча и радула до стената
70070	70070	books_50114	books	обади се един ученик
70076	70076	books_50120	books	тикви учителю
70105	70105	books_50149	books	намерих кой да ми учи уроците
70123	70123	books_50167	books	запъхтени влязоха в двора
70153	70153	books_50197	books	настигна я до градинския плет
70198	70198	books_50242	books	заповядай кравке
70272	70272	books_50316	books	тошко
70284	70284	books_50328	books	птиците с тихо чуруликане бързаха към гнездата си
70325	70325	books_50370	books	тук торба там торба няма я
70350	70350	books_50395	books	много съм щастлива че те срещам кумчо вълчо
70378	70378	books_50424	books	не ми се ще искаше да каже той да се бъркам в тази чудесна история
70447	70447	books_50495	books	аз ей сега ще ви прогоня
70455	70455	books_50504	books	тошко изохка и ритна кошера
70463	70463	books_50512	books	отвори уста да вика за помощ и налапа нещо
70470	70470	books_50519	books	що щеш тука в блатото
70474	70474	books_50523	books	прощавам ти за рибките със златните опашки
70481	70481	books_50530	books	много си напълнял бре тошко
70494	70494	books_50543	books	тошко почна да отваря устата си и щом зяпна от гърлото му изскочи една креклива жаба и налапа мухата заедно с въдицата
70514	70514	books_50563	books	стопанката на къщата се зарадвала от сърце като видяла госта запретнала се и наготвила най-добрата вечеря
70520	70520	books_50569	books	стопанинът го изпроводил накрай селото
70561	70561	books_50612	books	признавам те за по-голям юнак от мене
70568	70568	books_50619	books	какво дириш в моя дом
70615	70615	books_50666	books	насред долината имало висока кула цялата покрита със златни керемиди
70640	70640	books_50691	books	в това време хубавицата стояла на трема и държала в ръцете си един нож
70642	70642	books_50693	books	като видяла че разбойникът е вече мъртъв невестата се затекла да посрещне победителя и със сълзи на очи почнала да го прегръща
70677	70677	books_50728	books	опитай и ще разбереш че няма да ти каже
70748	70748	books_50799	books	синът на войводата отишъл през деня на лов и се върнал с празни ръце защото пред очите му се мержелеело все бялото момиче
70753	70753	books_50804	books	ще се оженя за момичето което ми донесе крантавият кон
70760	70760	books_50811	books	върнал войводският син пръстена на царската дъщеря и се сгодил за бялото момиче
70784	70784	books_50835	books	момичето поело иглата с лявата си ръка а с дясната хванало отрязания нос и го сложило пак там дето му е мястото
70785	70785	books_50836	books	прислужничките на царската дъщеря се втурнали надолу и си изпотрошили краката по стълбите
70807	70807	books_50858	books	заведете я в двореца и ми доведете втората дъщеря на царя
70829	70829	books_50880	books	шишето подскочило от полицата към огнището и се изляло в тигана
70830	70830	books_50881	books	прислужничките пак затрополили надолу по стълбата към дългоносата княгиня
70834	70834	books_50885	books	и аз мога тъй
70863	70863	books_50914	books	ако пък сръбне от мене сърцето му ще стане лъвско добавила втората бъклица
70923	70923	books_50974	books	трите години изтекоха и аз дойдох да си го прибера
70942	70942	books_50993	books	излапа набърже всичкото ядене и цяла нощ не можа да заспи от вълнение
70943	70943	books_50994	books	гледай го ти мислеше си старецът онова брадато човече каква кърпа е измислило
70950	70950	books_51002	books	чорбаджийката хвърли око на кърпата и канеше гостенина
70969	70969	books_51021	books	лоша чорбаджийка брей
70971	70971	books_51023	books	дядо тодоран пое кърпата и я постла на двора
70990	70990	books_51042	books	хайде да си вървим
71005	71005	books_51057	books	извика младоженецът грабна трендафила от трапезата и го подаде на гайдаря
71007	71007	books_51059	books	тогава трендафилът мигом се превърна на шепа просени зрънца които се пръснаха по трапезата
71021	71021	books_51073	books	не знам отвърнал старецът и тежко въздъхнал
71029	71029	books_51081	books	каквото ни донесе водата ще си го приберем вкъщи и то ще ни бъде чедо
71067	71067	books_51121	books	кой накладе огъня
71099	71099	books_51153	books	тъкмо в тоя миг влязла девойката
71101	71101	books_51155	books	извикала тя като видяла своята патешка премяна в пещта
71121	71121	books_51175	books	когато съберете перушината ще идете в тилилейските усои и ще намерите знахарката в една сламена колиба
71164	71164	books_51218	books	той го вързал и си го отвел
71177	71177	books_51234	books	мечката отишла при него и почнала да му се умилква
71223	71223	books_51282	books	лисицата кимнала и се съгласила с мечката
71244	71244	books_51304	books	за такава работа мене питайте
71247	71247	books_51307	books	да ни живееш кумичке ум да ни даваш едногласно одобрили животните
71263	71263	books_51323	books	подир пладне направили кошери хамбари плевници и други сгради
71274	71274	books_51334	books	той винаги се връща надвечер а сега го няма
71276	71276	books_51336	books	орелът литнал
71384	71384	books_51445	books	но и той се уплашил от мечката и се върнал
71411	71411	books_51472	books	змеят като видял това се стреснал още повече
71461	71461	books_51522	books	казал царят и онези които стояли до него като видели това подали друга ябълка на царската щерка за да я подхвърли на някой по-достоен
71475	71475	books_51536	books	и си подкарал магаренцето
71504	71504	books_51565	books	деца рекъл хайде да играем на една игра
71548	71548	books_51610	books	тогава момичето му разказало всичко
71577	71577	books_51640	books	глава първа
71584	71584	books_51648	books	освен това продължаваше да разсъждава лиско примерен може да бъде само този който не е видял широкия свят
71595	71595	books_51660	books	той ги вдишваше и си казваше че да се живее е наистина хубаво
71601	71601	books_51666	books	добре де ще се науча обеща лисичето и се отдалечи но го досрамя да пита каква е тази тонова стълба
71610	71610	books_51675	books	интересно палавникът за първи път разбра че може да върви и да мисли
71626	71626	books_51693	books	забавляват се като си правят представления и е прието тези забавления да се наричат сънища
71641	71641	books_51710	books	но преди това трябваше да си обясни нещо друго какво е това
71694	71694	books_51767	books	един въпрос чичко мецан
71750	71750	books_51824	books	може
71760	71760	books_51836	books	по-късно се успокои върна се в лисичата дупка намери хартия и молив и отново излезе
71768	71768	books_51845	books	преди да отиде в съвета вълкът се грижеше за сутрешния си тоалет гладеше козилата си а тя блестеше на слънцето
71838	71838	books_51923	books	можете ли да ми услужите с една буква
71850	71850	books_51936	books	лиско се замисли
71904	71904	books_51999	books	мога да ти напиша буквата с но на английски
71925	71925	books_52022	books	на другия ден сутринта слънцето не се показа
71939	71939	books_52036	books	ще се върна
71941	71941	books_52039	books	ветрецът духна листчето и то се залюля
71957	71957	books_52055	books	десетки други вестници и списания се търкаляха по пода и писалището на легендарния самотник
71962	71962	books_52060	books	домакинът извърна леко глава и го погледна
71970	71970	books_52068	books	един от най-великите ми подвизи добави замечтано детективът
71999	71999	books_52098	books	това ще видим после отсече детективът и му поднесе чашка с кафе
72003	72003	books_52104	books	тогава знаете много
72007	72007	books_52108	books	кой е създал теорията за относителността
72010	72010	books_52111	books	от килиманджаро
72081	72081	books_52184	books	лицето му изразяваше тъга
72087	72087	books_52190	books	и така подхвана костенурко без да се интересува какво смята да прави събеседникът му как да се живее
72093	72093	books_52198	books	мога ли да си вървя понеже разбрах всичко
72132	72132	books_52240	books	защо трябва всеки ден да изгряваш
72194	72194	books_52309	books	радвам се
72203	72203	books_52321	books	мечтая да завържа един културен разговор
72222	72222	books_52341	books	слушай магаре на това място мога ли да те излъжа или трябва да ти кажа истината
72231	72231	books_52350	books	напоследък вестниците пишат само за пътешествия
72267	72267	books_52386	books	да
72307	72307	books_52430	books	ще се разплача
72344	72344	books_52468	books	без движение животът е безсмислен
72346	72346	books_52470	books	мокси се намръщи
72372	72372	books_52496	books	за да оползотворят гладките пътища хората започнаха да си купуват автомобили
72417	72417	books_52542	books	не чувствуваш ли как треперя
72422	72422	books_52547	books	когато ги наближи мокси без да ще започна да бяга напред и за първи път демонстрира своя магарешки тръс
72426	72426	books_52551	books	без да го погледне защото се взираше към изчезналия звяр то запита
72521	72521	books_52651	books	добре отвърна човекът
72549	72549	books_52679	books	към морето отвърна лиско
72552	72552	books_52682	books	холандецът измъкна някакъв огромен лист и го простря на
72567	72567	books_52697	books	един автомобил спря и го взе
72569	72569	books_52699	books	глава десета
72593	72593	books_52733	books	седнал върху мокси лиско си мислеше за морето
72637	72637	books_52777	books	нищо не ми се вижда
72652	72652	books_52793	books	то е зад хълма прошепна мокси
72672	72672	books_52813	books	вярно съгласи се магарето
72708	72708	books_52849	books	един момент помоли магарето и замълча
72773	72773	books_52923	books	разбра ли
72813	72813	books_52965	books	какво има
72849	72849	books_53001	books	не знаеш ли някой да предлага повече свободно време
72862	72862	books_53014	books	приятно за къпане
72865	72865	books_53018	books	разбра ли какво пише на табелката
72870	72870	books_53023	books	сребърния
72883	72883	books_53036	books	аз пък виждам у вас само щипки
72886	72886	books_53039	books	а ние лисиците по опашките
72900	72900	books_53054	books	нннепременно ли
72931	72931	books_53088	books	между тях се промъкваха рибки
73000	73000	books_53162	books	а палатката
73017	73017	books_53179	books	автомобили палатки музика по настроение и пак тъжни
73035	73035	books_53197	books	големите личности и зловещите фигури от историята винаги са се налагали
73046	73046	books_53208	books	живеем на една малка уличка в париж не мислете че в този град има само големи улици
73077	73077	books_53239	books	няма продължение въздъхна момчето с бледото лице
73083	73083	books_53246	books	момчето с бледното лице погледна лисичето в очите
73119	73119	books_53284	books	а примус имате ли
73127	73127	books_53292	books	имаме среща на това място отвърна
73167	73167	books_53338	books	много е сладко съгласи се лисичето
73172	73172	books_53343	books	стадото нахлу в заливчето и водата пред палатката закипя
73213	73213	books_53384	books	то наля бензина от примуса в колата качи се и докато се отдалечаваше непрекъснато махаше за сбогом
73221	73221	books_53392	books	глава петнадесета
73226	73226	books_53397	books	ами
73240	73240	books_53412	books	не вярвам
73251	73251	books_53424	books	с удоволствие ще взема няколко урока по сън съгласи се мони
73261	73261	books_53434	books	побърза да избърбори лисичето
73266	73266	books_53439	books	приятно ми е че се запознахме
73302	73302	books_53476	books	но лесно ли е да се изкаже едно мнение
73312	73312	books_53490	books	кожата му вече изсъхваше
73336	73336	books_53514	books	глагоабазубадуза не се движи сама
73344	73344	books_53522	books	защото често правят грешки
73370	73370	books_53548	books	сред стадото на медузите цареше мълчание
73373	73373	books_53551	books	само царицата може да говори каза делфинчето
73415	73415	books_53594	books	делфинчето пореше водата зад опашката му пропукваха меки виолетови мехури
73430	73430	books_53609	books	ще те заболи
73450	73450	books_53633	books	какво е станало
73518	73518	books_53702	books	полетяхме едновременно към плячката
73577	73577	books_53767	books	така ли
73578	73578	books_53768	books	тогава е рожденият ми ден
73611	73611	books_53807	books	нищо нямате
73660	73660	books_53861	books	и все пак въздъхна лисичето макар че сте синя вие сте доста глупава акула
73666	73666	books_53867	books	тогава за пръв път видях света
73668	73668	books_53869	books	черен ден за останалите рече
73678	73678	books_53879	books	орелът каменар пееше същата песен
73729	73729	books_53945	books	според мен лиско е обречен
73731	73731	books_53947	books	защо и ти
73737	73737	books_53953	books	баща ти и майка ти няма
73768	73768	books_53985	books	вече не е тайна и може да се разкаже
73778	73778	books_53995	books	тогава се появяват и чудесата
73799	73799	books_54016	books	никой от тях не забеляза че един от стадото липсва
73811	73811	books_54028	books	медузата се поклащаше царствено сред придружвачите си
73812	73812	books_54029	books	дори в тъмнината личаха цветовете на нейната маса отразила оскъдните проблясъци па звездите
73883	73883	books_54105	books	той слушаше с поглед отправен към зеленото сияние
73890	73890	books_54112	books	а ние те търсим
73919	73919	books_54141	books	какво правиш
73920	73920	books_54145	books	мечтателя не отвърна нищо само се приближи до скалата
73923	73923	books_54148	books	рече тя и съблече рокличката си
73950	73950	books_54175	books	мечтателя успя да я върне незабелязано на скалата след като извърши десетки маневри
73962	73962	books_54187	books	животът на делфина се пробуждаше бавно постепенно запълваше тялото му и когато той се обърна с корема към дъното бащата на момичето извика
73985	73985	books_54211	books	днешният ден им донесе друга изненада цял кораб с деца
74025	74025	books_54255	books	тогава защо си в лошо настроение
74028	74028	books_54258	books	искам да знам какво чакаш тук и какво ще правиш по-нататък
74032	74032	books_54262	books	ако не разбера по-добре да умра
74046	74046	books_54279	books	доближил се вече до сина си водача се завъртя няколко пъти край него и запита
74064	74064	books_54298	books	рибите се разтрепераха от страх пред неизвестността
74081	74081	books_54315	books	сигурно гастрит рече лиско
74087	74087	books_54321	books	синята акула обиколи скалата и отново се приближи до жертвата си
74094	74094	books_54328	books	без да иска уплашено започна да се вглежда в устата й където проблясваха скучаещи готови да заработят зъби
74111	74111	books_54348	books	е да но понеже не е
74123	74123	books_54361	books	гладна съм
74137	74137	books_54375	books	тук между небето и морето то съзна още едно най-важно нещо на този свят че да се живее е хубаво
74146	74146	books_54386	books	липса на въображение
74226	74226	books_54472	books	едно не биваше да му се отрича от вчера насам е обсъждал всички възможности
74228	74228	books_54474	books	сребърния кефал отвърна скромно
74238	74238	books_54484	books	изненада се ловкия
74325	74325	books_54576	books	гъделичкаш ме ще кихна
74330	74330	books_54581	books	падай на обратната скала
74353	74353	books_54611	books	нищо чудно самовлюбените величия са способни на това
74423	74423	books_54682	books	медузата
74461	74461	books_54722	books	медузата хиляда са ми достатъчни
74477	74477	books_54738	books	мечтателя при скалата която остана под вълните
74502	74502	books_54763	books	къде се намирам
74505	74505	books_54768	books	преди всичко тя не можа да усети болка от прословутите й зъби
74530	74530	books_54793	books	слушай пак хитруваш
74534	74534	books_54797	books	това си е моя работа
74543	74543	books_54808	books	след като опитали дегустаторите подскочили от изненада
74575	74575	books_54842	books	заклевам се в баща си и майка си в бъдещето си
74590	74590	books_54858	books	да живее това дяволско едно срещу сто
74594	74594	books_54862	books	когато й олекна съвсем пое още една глътка въздух и извика зловещо
74607	74607	books_54876	books	яростта й все още се бавеше тя очакваше медузите да минат и заминат
74623	74623	books_54893	books	обърна се глагоабазубадуза към мечтателя
74651	74651	books_54921	books	защо не рече лиско
74663	74663	books_54933	books	но кой да им обърне внимание
74667	74667	books_54937	books	утешава ме само това че е изказана от дете
74676	74676	books_54946	books	надеждата им беше в ловкия
74677	74677	books_54947	books	най-после той се промъкна до водача и го зададе
74679	74679	books_54949	books	това щях да запитам и аз присъедини се мечтателя
74681	74681	books_54951	books	въздъхна водача
74684	74684	books_54954	books	най-добре е ако не шумим по този въпрос
74714	74714	books_54984	books	членовете на съвета напрягаха въображението си представяха си картината на най-лошото
74725	74725	books_54996	books	знам отвърна делфинчето
74741	74741	books_55013	books	че ще прекоси купола и ще залезе беше повече от сигурно
74766	74766	books_55039	books	иначе не може
74791	74791	books_55064	books	пак хитруваш но разбрах всичко
74793	74793	books_55066	books	щом не отговаряш направо значи си опитвал да пишеш
74855	74855	books_55130	books	и аз ги затворих
74877	74877	books_55154	books	сега да си кажем ли довиждане
74898	74898	books_55176	books	от четката капеше боя
74928	74928	books_55206	books	едната от тях беше добре узряла и особено жълта отляво а отдясно тъмнееше
74957	74957	books_55237	books	изяж всичките хитрецо
74961	74961	books_55241	books	щом плодовете изчезнаха от чинията лиско погледна корема си погали го и едва пое дъх
74966	74966	books_55247	books	извинете но когато съм гладен не умея да слушам
74984	74984	books_55266	books	всичко между нас е ясно
74990	74990	books_55272	books	някои от читателите
75041	75041	books_55327	books	героите правят и мислят това което им кажат авторите
75044	75044	books_55330	books	знаете къде да ударите
75079	75079	books_55365	books	лиско чакай малко
75081	75081	books_55367	books	лиско чакай малко
75090	75090	books_55376	books	ти ела
75091	75091	books_55377	books	аз съм мързелив
75103	75103	books_55390	books	чуваш ли какво ти казвам и разбираш ли колко виновен се чувствувам
75110	75110	books_55398	books	остави големите личности
75136	75136	books_55426	books	извинен си
75139	75139	books_55429	books	но не бива
75147	75147	books_55437	books	пак аз виновен
75157	75157	books_55447	books	запита прочутият ленив рак
75206	75206	books_55497	books	не мога да се изправя
75208	75208	books_55499	books	колко ще чакаме
75234	75234	books_55527	books	а магарето спеше ли спеше
75243	75243	books_55536	books	добро утро
75255	75255	books_55549	books	мокси погледна тръните и хукна след него
75280	75280	books_55576	books	искаше да я пресече да скъси пътя си полута се няколко часа и се загуби
75307	75307	books_55603	books	аз съм домби домби дим
75313	75313	books_55609	books	нещо го привлече към непознатия предмет
75343	75343	books_55639	books	искаш ли да прочетем какво пише на куфара
75397	75397	books_55697	books	какво правите до този куфар
75416	75416	books_55717	books	да но сега пак има димби
75425	75425	books_55726	books	извика внезапно лиско към куфара
75437	75437	books_55738	books	приятелите тихо се отдръпнаха до храстите
75439	75439	books_55740	books	можеше да се избяга лесно
75452	75452	books_55753	books	не мога
75477	75477	books_55780	books	това си го казвал
75508	75508	books_55811	books	въздъхна димби
75538	75538	books_55841	books	дръпна се лиско
75546	75546	books_55849	books	така ми харесваш
75554	75554	books_55857	books	за първи път подобно приятелство
75603	75603	books_55907	books	какво да я направя
75609	75609	books_55915	books	тя върви с тебе
75629	75629	books_55937	books	не вуйчо ми
75655	75655	books_55964	books	а можеш ли да я вземеш
75666	75666	books_55975	books	без да ще той натисна някъде пръчката тя изщрака нещо подскочи нагоре големината й се удвои
75677	75677	books_55986	books	домби също се престраши пипна двойната пръчка и се съгласи че е идеална
75706	75706	books_56015	books	а защо не станеш умен
75714	75714	books_56023	books	помъчи се да стигнеш до тях
75767	75767	books_56077	books	не се страхувай натисни
75771	75771	books_56081	books	къде сте
75778	75778	books_56088	books	дано не е нещо друго
75841	75841	books_56151	books	абсолютна тишина
75848	75848	books_56158	books	търсим си белята
75908	75908	books_56224	books	домби какво
75919	75919	books_56237	books	кутии пълни с нищотии
75927	75927	books_56247	books	въпреки това ще отворя тази кутия рече
75931	75931	books_56251	books	ако не щеш бягай
75943	75943	books_56264	books	димби в чиито ръце бе кутията при експлозията я захвърли на тревата
75968	75968	books_56289	books	ставаше все по-весело
75979	75979	books_56300	books	уж откриваш нещо ново а откритието ти внезапно експлодирва и те прави на прах
75987	75987	books_56308	books	отвърна лисичето
75991	75991	books_56312	books	приятно е някак си когато проявяваш смелост отстрани да те гледат и да си казват брей колко смел е този лиско
76004	76004	books_56328	books	понеже свалихте шапка обясни лисичето
76031	76031	books_56356	books	не аз съм лиско
76033	76033	books_56358	books	каква полянка
76034	76034	books_56359	books	малка и леко заоблена
76035	76035	books_56360	books	и защо ви е
76049	76049	books_56374	books	този сух корен
76062	76062	books_56387	books	лисичето поведе чарли но го отклони гледаше да го забави докато измисли оправдание за белята
76064	76064	books_56389	books	отвърна чарли
76076	76076	books_56401	books	всъщност отворих всичко на всичко две кутии
76142	76142	books_56474	books	измисляме ги
76195	76195	books_56531	books	кърпата наистина не се е изпарила
76228	76228	books_56566	books	чичо магьосник вярно ли е това което бъбре лиско
76257	76257	books_56596	books	щом твърдиш че такова
76261	76261	books_56600	books	лисичето даваше вид че не чува разговора край себе си а всъщност поглъщаше всяка дума и мислеше за две неща
76265	76265	books_56604	books	жертвуваш се и толкоз
76272	76272	books_56611	books	лиско въздъхна и погледна каквото имаше наоколо от света
76298	76298	books_56638	books	лисичето я разгледа с особен интерес
76382	76382	books_56725	books	само му противоречах
76407	76407	books_56751	books	досети се чарли
76410	76410	books_56754	books	за него ли мрънкате
76435	76435	books_56780	books	внимание повтарям фокуса
76436	76436	books_56782	books	взимаме едно яйце и една кърпа
76443	76443	books_56791	books	сега ще се появи отново
76481	76481	books_56832	books	чарли ги остави да се насмеят и издигна глас
76487	76487	books_56838	books	точно така съгласи се чарли
76559	76559	books_56915	books	чу се гласът който преди малко викаше за помощ
76560	76560	books_56916	books	димби се окопити пръв и запита тихо
76574	76574	books_56930	books	ааа казах името си отвърна гласът
76583	76583	books_56939	books	викна и димби
76626	76626	books_56985	books	точно така домби
76639	76639	books_56998	books	както си вървях продължи невъзмутимо гласът този варел се изпречи пред мен
76787	76787	books_57162	books	да не говорим за средната част която е ужас
76823	76823	books_57201	books	на това място димби и домби също запяха защото знаеха песента
76852	76852	books_57231	books	чимичами чака да го спасим а мокси се разправя
76876	76876	books_57257	books	съгласи се магарето
76934	76934	books_57316	books	рече весело домби който бе решил че обидата е заличена
76963	76963	books_57345	books	не знам дали е толкова умно но е хитро
76968	76968	books_57350	books	добре съгласи се димби
76975	76975	books_57357	books	повече нямаше какво да се говори
76983	76983	books_57365	books	лиско здравей
77036	77036	books_57418	books	на такива аз казвам нищо
77039	77039	books_57421	books	по всяка вероятност чими бе ядосан
77059	77059	books_57441	books	има ли аз има нещо
77092	77092	books_57481	books	какво домби
77095	77095	books_57485	books	лиско можеш ли да го повториш
77111	77111	books_57502	books	предлагам да бягаме
77141	77141	books_57532	books	лиско ги попита какви са но те отвърнаха че засега ги оставят в тайна
77157	77157	books_57548	books	запита го лиско
77172	77172	books_57563	books	мокси го гледаше накриво
77231	77231	books_57635	books	чух мокси
77241	77241	books_57646	books	още ли смяташ да го спасяваме
77247	77247	books_57652	books	мокси бе доста убедителен
77255	77255	books_57661	books	разни животни разни идеали мокси
77348	77348	books_57768	books	какво става
77370	77370	books_57792	books	той каза че си славно магаре а аз казах че си голямо магаре
77411	77411	books_57836	books	той е висок не можем да го стигнем но чрез скок ще кацнем на него и готово
77423	77423	books_57848	books	за да го изхвърлим нагоре
77440	77440	books_57865	books	той хленчеше за да не го поставят на дъската
77452	77452	books_57877	books	той каза че мога да умеря дупката
77468	77468	books_57899	books	скачаме тримата после домби се отхвърля като ракета
77483	77483	books_57914	books	значи ни излъга
77497	77497	books_57929	books	не искам да вися
77513	77513	books_57945	books	извинявай нещо се шашнах
77524	77524	books_57956	books	как мислиш
77553	77553	books_57989	books	докато разговаряше лиско обмисляше какво да прави нататък
77556	77556	books_57992	books	изненада се катеричката
77577	77577	books_58013	books	по въжето разбира се
77584	77584	books_58020	books	какво виждаш
77593	77593	books_58029	books	домби отвърза камъка и пусна свободния край на въжето през дупката във варела
77611	77611	books_58047	books	учуди се лиско
77625	77625	books_58062	books	обратното ми име е имождимачимиждимич
77641	77641	books_58079	books	де да ги знам
77764	77764	books_58208	books	лиско се обърна към варела
77774	77774	books_58218	books	ти си страхливец
77786	77786	books_58231	books	дай да те прегърна
77814	77814	books_58260	books	аз съм спокоен но теб не ти ли е страх
77837	77837	books_58288	books	няма отговор
77885	77885	books_58350	books	море да знаех
77908	77908	books_58373	books	слушай какво ти казвам
77917	77917	books_58383	books	какво пак
77936	77936	books_58404	books	и ти мокси
77958	77958	books_58426	books	ще ми кажеш ли най-после къде е димби
77962	77962	books_58430	books	настоя мокси
77983	77983	books_58452	books	и вече няма да го видиш така ли
78049	78049	books_58523	books	няма какво да говорим
78053	78053	books_58528	books	млъкнаха и се ослушаха
78078	78078	books_58554	books	ами да
78116	78116	books_58597	books	става въпрос за димби
78151	78151	books_58634	books	домби и мокси седнаха до него
78154	78154	books_58637	books	да отвърнаха двамата едновременно
78156	78156	books_58639	books	това е лошо
78188	78188	books_58672	books	не ми се вярва да завали
78193	78193	books_58677	books	марийка стоеше на дървото и слушаше разговора който вие четете
78202	78202	books_58686	books	маймунката хареса компанията разположена на полянката но все още се колебаеше
78209	78209	books_58693	books	и вие сте прави съгласи се лисичето но не можем само да стоим и да мислим
78210	78210	books_58694	books	трябва да действуваме
78220	78220	books_58705	books	настроението му бе отлично главата вирната напред
78246	78246	books_58732	books	е ваша си работа
78251	78251	books_58739	books	моля ти се димби
78279	78279	books_58771	books	сепна се димби
78329	78329	books_58824	books	добре ми го казахте
78351	78351	books_58852	books	в носа му ти запей
78400	78400	books_58901	books	магарето ги изгледа
78452	78452	books_58958	books	марийка внезапно се обади
78458	78458	books_58966	books	учуди се мокси
78478	78478	books_58988	books	откраднала го е
78490	78490	books_59000	books	лиско
78499	78499	books_59009	books	и отново при нас
78514	78514	books_59025	books	няма и да се замислим
78520	78520	books_59031	books	положението е деликатно
78531	78531	books_59042	books	второ продължи лиско ако искаме да му смачкаме фасона трябва да измислим друг начин
78611	78611	books_59128	books	вече и план
78629	78629	books_59148	books	подскочи домби
78632	78632	books_59152	books	да стане моя
78738	78738	books_59267	books	изкъпан ободрен с мокра разрошена коса
78747	78747	books_59276	books	лиско и мокси излязоха от прикритието си
78753	78753	books_59283	books	ядоса се мокси
78763	78763	books_59294	books	не съм го виждал
78778	78778	books_59309	books	димби ти ли си
78785	78785	books_59322	books	на мен ли казваш
78788	78788	books_59325	books	а добре
78819	78819	books_59356	books	чия е
78836	78836	books_59374	books	намокри ли се една маймунка вече не е маймунка
78840	78840	books_59378	books	къде да я сушиш такава маймунка
78844	78844	books_59383	books	не отвърна домби ще вземе да се свие от дъжда
78861	78861	books_59400	books	така ти се струва предположи мокси
78887	78887	books_59428	books	изкара му душата
78897	78897	books_59440	books	неговите вейки просто изригваха нагоре и позволяваха безнаказаното приближаване към плодовете им
78911	78911	books_59454	books	ела де
78931	78931	books_59475	books	домби продължаваше да притиска имуществото си и незабележимо както той смяташе отстъпваше назад
78939	78939	books_59484	books	домби рече кротко мокси остави шегите
78951	78951	books_59496	books	димби го няма
78994	78994	books_59542	books	голяма беда направихме с домби
79002	79002	books_59550	books	маймунката е в ръцете му
79049	79049	books_59608	books	отвърна тайнствено лиско и продължи с понижен глас
79068	79068	books_59627	books	децата във африка са черни
79108	79108	books_59672	books	да де да
79135	79135	books_59702	books	по-глупаво нещо не съм измислял отдавна
79164	79164	books_59733	books	димби тръгна по пътеката
79208	79208	books_59780	books	това се равнява на приключение
79293	79293	books_59895	books	добре ли са се наредили
79299	79299	books_59901	books	да викам ли бърза помощ или да не викам
79303	79303	books_59905	books	или те или аз
79321	79321	books_59923	books	че аз не те питам нищо каза изненаданият мокси
79329	79329	books_59931	books	а да
79330	79330	books_59932	books	мокси обърни се и виж ония
79338	79338	books_59940	books	вече не ни се състезава
79341	79341	books_59943	books	запита мокси
79375	79375	books_59978	books	запита домби
79376	79376	books_59979	books	познай де
79391	79391	books_59994	books	да се увличаме
79423	79423	books_60027	books	лиско хайде
79465	79465	books_60074	books	не е
79487	79487	books_60096	books	стройна ли е
79489	79489	books_60098	books	димби примигаше
79505	79505	books_60114	books	има ли или няма
79521	79521	books_60134	books	мокси не ставай глупак
79550	79550	books_60170	books	но да играе
79580	79580	books_60203	books	глава е туй вълкоподобна със изражение злокобно крака опашка нос уши и злобно гледащи очи
79626	79626	books_60256	books	или да си играеш
79643	79643	books_60274	books	кръвожадният пън
79706	79706	books_60344	books	и аз викам да си тръгваме предложи нехайно димби
79743	79743	books_60382	books	гледам те намръщи се още повече
79745	79745	books_60384	books	вижте я
79757	79757	books_60397	books	в малката дървена къщурка нали
79763	79763	books_60403	books	кажи кажи
79779	79779	books_60421	books	не искам да ви наричам страхливци обидно е но сте такива
79780	79780	books_60423	books	ей кресло
79787	79787	books_60432	books	червената шапчица започна да се смее с всичките си звънчета
79790	79790	books_60436	books	червената шапчица се наведе и вдигна маргаритката бившата актриса
79822	79822	books_60482	books	знаеш ли как мразя наивните същества
79871	79871	books_60538	books	без да го усуква повече мокси настоя да се пръждосват колкото може по-рано и по-далеч
79891	79891	books_60558	books	запита лиско
79902	79902	books_60569	books	все ти винаги ти искаш да разбереш всичко
79920	79920	books_60591	books	има приказка за червената шапчица но червени шапчици няма
79938	79938	books_60611	books	май че сте прави предаде се и домби
79968	79968	books_60650	books	каза най-после той
79976	79976	books_60660	books	изгърмя отново гласът
79984	79984	books_60668	books	не се прави на ударен
79992	79992	books_60677	books	слушай какво точно ми казваш сега
79993	79993	books_60678	books	не аз само питам
79999	79999	books_60684	books	да разбера какво ме правиш в момента
80000	80000	books_60685	books	какво напротив
80003	80003	books_60688	books	като всеки вълк и той си бе мнителен
80022	80022	books_60709	books	трябваше да го питате
80042	80042	books_60731	books	какво да
80044	80044	books_60733	books	ядоса се вълкът
80085	80085	books_60780	books	зарадва се вълкът
80096	80096	books_60795	books	абсолютно магаре
80121	80121	books_60823	books	поясни домби
80123	80123	books_60826	books	да видя предложи вълкът и огледа внимателно обущата
80125	80125	books_60828	books	какво мене
80140	80140	books_60843	books	боже мой
80142	80142	books_60846	books	възмути се лиско
80150	80150	books_60858	books	настоя лиско
80158	80158	books_60866	books	още не мога да разбера какво стана
80221	80221	books_60932	books	видяхте ли
80258	80258	books_60970	books	а пристигнал е един лош ловец не ти е работа
80292	80292	books_61009	books	отвърна ловеца
80315	80315	books_61036	books	това го казаха тримата изведнъж
80382	80382	books_61115	books	червените шапчици макар да вървят по късите пътеки винаги пристигат след вълците
80388	80388	books_61121	books	първата му работа бе да се залепи на прозорчето и той се залепи
80389	80389	books_61122	books	усмивката в очите му подсказваше на лиско че всичко се развива добре
80408	80408	books_61148	books	коя страна
80426	80426	books_61168	books	извика извън себе си мокси
80430	80430	books_61173	books	и на мен призна димби
80432	80432	books_61175	books	особено на мен
80447	80447	books_61190	books	кой чука отвътре
80451	80451	books_61194	books	а тази глупачка червената шапчица която лиско така настойчиво предупреждаваше за опасностите се появи с песен окичена с венец от горски цветя и извика
80501	80501	books_61249	books	точно така
80507	80507	books_61255	books	без номер и без ред
80571	80571	books_61321	books	домби ти ли си или е нещо друго
80632	80632	books_61394	books	всеки ден се разхождам и пея но за първи път падам
80655	80655	books_61420	books	не знам видя ми се дълго
80659	80659	books_61424	books	докато падах аз мислех за хубави неща и сънувах тръни
80716	80716	books_61488	books	защо не продължи да вървиш
80736	80736	books_61508	books	долу чакаха
80754	80754	books_61526	books	какво се забелязва
80779	80779	books_61551	books	учуди се димби
80805	80805	books_61579	books	на мен ми е добре отвърна весело лиско
80819	80819	books_61593	books	не го слушай
80843	80843	books_61618	books	ако не бях магаре както и да е но съм магаре
80858	80858	books_61635	books	той си е добре горе
80863	80863	books_61641	books	няма а няма бе
80866	80866	books_61644	books	но
80875	80875	books_61653	books	мокси май че си прав
80900	80900	books_61678	books	лллисско успя най-сетне да продума димби кккакво ббеше туй
80921	80921	books_61700	books	то не е и приключение да ви кажа правата
80929	80929	books_61708	books	заключи мокси
80964	80964	books_61744	books	слисаният лиско поглеждаше ту единия ту другия искрено възмутени готови да пламнат още по-силно
80973	80973	books_61754	books	поиска да знае най-после лиско
80982	80982	books_61765	books	но нали такова
80998	80998	books_61787	books	чалдиса се
81036	81036	books_61825	books	цялата група се вкупчи сгуши се всеки гледаше да се провре по-навътре да скрие и последната част от тялото си
81053	81053	books_61842	books	уплаши се главата на димби и се измъкна
81069	81069	books_61858	books	зададе най-интересния въпрос димби
81106	81106	books_61900	books	помоли се мокси
81110	81110	books_61904	books	не знам призна си мокси
81138	81138	books_61933	books	извика внезапно димби обхванат от нервен пристъп
81154	81154	books_61949	books	да ме убиеш не мога да не се страхувам
81163	81163	books_61958	books	чрез размисъл
81178	81178	books_61974	books	защо да загиваш със страх
81195	81195	books_61998	books	извика нагоре лиско
81324	81324	books_62131	books	докато голямата дупка бе вертикална малката дупка бе разположена хоризонтално или почти хоризонтално нещо като галерия
81355	81355	books_62164	books	песента се понесе по галерията
81384	81384	books_62195	books	не се откъсвай от мен
81405	81405	books_62217	books	а така
81462	81462	books_62279	books	тогава ти повтори
81512	81512	books_62334	books	лиско
81559	81559	books_62388	books	е това се казва юнга
81581	81581	books_62412	books	лиско се ослуша
81623	81623	books_62458	books	само върхът на муцуната му се допря до огромната паяжина с влакна като върви за обуща които просто иззвънтяха като струни
81663	81663	books_62507	books	смехът на паяка кънтеше дълго след дисковото отдалечаване
81718	81718	books_62568	books	посрещни я седнал на нейния личен стол
81743	81743	books_62594	books	затова те ударих
81756	81756	books_62607	books	ако дойде злодеецът мълчи дойде ли димби мълчи влезе ли мокси пак мълчи
81790	81790	books_62642	books	зарадва се димби и тръгна да го посрещне
81870	81870	books_62724	books	къртицата хвърли поглед към домби
81877	81877	books_62731	books	сега ще стане и ще проговори
81885	81885	books_62739	books	димби и мокси се спогледаха
81904	81904	books_62760	books	учуди се къртицата
81951	81951	books_62811	books	да се разберем рече тя
81977	81977	books_62837	books	но защо
82092	82092	books_62960	books	мнозина смятат че слънцето е най-важното нещо за живота но лично аз съм забелязал че когато има слънце все гледам да съм на сянка
82152	82152	books_63022	books	тази песен за мен ли се отнасяше
82154	82154	books_63024	books	о разбирам
82164	82164	books_63035	books	кой знае продължи да го гледа накриво къртицата
82167	82167	books_63038	books	дойде ли му времето окото ми няма да мигне и ще ви надхитря
82183	82183	books_63054	books	видяхте ли че е хубаво
82196	82196	books_63067	books	ти си луд
82204	82204	books_63077	books	лиско изшътка
82222	82222	books_63097	books	е как да ти обясня
82243	82243	books_63122	books	това не беше нищо друго освен служебният вход на къртицата към света
82263	82263	books_63145	books	глупаци такива
82269	82269	books_63152	books	но имаше ли смисъл
82369	82369	books_63256	books	той никога не бе виждал подобни неща нито тук нито другаде
82381	82381	books_63269	books	какво е това
82452	82452	books_63344	books	и аз видях че се обърнаааа
82500	82500	books_63405	books	не възмути се домби
82505	82505	books_63410	books	добре де нищо не каза
82533	82533	books_63444	books	какво вчера
82574	82574	books_63487	books	стига да искаме
82590	82590	books_63503	books	какво например
82592	82592	books_63505	books	но ето че влезе и домби
82653	82653	books_63574	books	освен това
82682	82682	books_63609	books	запита димби
82732	82732	books_63662	books	добре де ще се махна
82736	82736	books_63666	books	направи крачка назад чими
82768	82768	books_63703	books	така му се пада
82783	82783	books_63718	books	напразно чакаха
82787	82787	books_63722	books	дошли сме да ти кажем че ние ти се сърдим повече
82796	82796	books_63732	books	да ни излагаш на опасност
82822	82822	books_63761	books	какво правим не те интересува
82844	82844	books_63783	books	мокси остави за какво сте дошли
82871	82871	books_63813	books	а можем ли да знаем за какво мислиш
82872	82872	books_63814	books	запита димби
82877	82877	books_63819	books	въздъхна той
82878	82878	books_63820	books	не ме оставяте да го измисля докрай
82881	82881	books_63823	books	запита и този път с ирония домби
82906	82906	books_63850	books	момент той стана истински участник в разговора
82943	82943	books_63888	books	къде е мокси
82984	82984	books_63931	books	отколкото са мислили досега и мокси рече
83019	83019	books_63968	books	не споменавай името му
83082	83082	books_64031	books	заинтересува се димби
83137	83137	books_64090	books	кимна димби
83142	83142	books_64095	books	той ни дебнеше развълнува се димби но ние го изиграхме изведнъж
83183	83183	books_64139	books	запита лиско
83209	83209	books_64166	books	такъв съм и си го знам
83228	83228	books_64187	books	може би много време може би малко
83229	83229	books_64188	books	но сигурно достатъчно за да избягаме нали
83246	83246	books_64205	books	може да ти изскочи отвсякъде
83267	83267	books_64226	books	обърна се домби към димби
83293	83293	books_64253	books	срамувам се но какво да правя
83320	83320	books_64281	books	иди ме разбери
83344	83344	books_64307	books	ободри се той
83346	83346	books_64309	books	той се приближи до мокси и се наведе
83364	83364	books_64327	books	да но няма пукнато живо същество да ни каже къде сме
83372	83372	books_64335	books	запита мокси в позата си на умрял
83392	83392	books_64355	books	запита неподвижният домби
83463	83463	books_64429	books	да не сте негълтаеми
83472	83472	books_64438	books	ами да ги заведем
83491	83491	books_64459	books	мокси разбери че ако на теб не ти се връща на мен ми се връща много
83618	83618	books_64591	books	и все пак сега се дишаше леко
83624	83624	books_64597	books	днешният ден е щастлив
83634	83634	books_64607	books	отнякъде изскочи чими
83695	83695	books_64670	books	нетърпеливо запита димби
83720	83720	books_64697	books	отсече лиско
83743	83743	books_64720	books	това е потвърди лиско
83799	83799	books_64778	books	ще порасне
83859	83859	books_64842	books	говори тихо
83864	83864	books_64847	books	какво чудовище
83865	83865	books_64848	books	десетметров питон
83885	83885	books_64868	books	все още не знам
83908	83908	books_64894	books	белият заоблен камък прилепна като капак
83913	83913	books_64901	books	чими се появи и извика възмутено
83914	83914	books_64902	books	голяма работа
83930	83930	books_64925	books	той прегръщаше и целуваше приятелите си
83993	83993	books_64994	books	поласкаят ли те малко и
84003	84003	books_65006	books	заповяда режисьорът
84031	84031	books_65035	books	какво не искаш
84051	84051	books_65057	books	разлика от небето до земята
84066	84066	books_65072	books	исках да хвана питона
84079	84079	books_65086	books	защо бе лиско
84133	84133	books_65142	books	най-после обувката падна на тревата
84139	84139	books_65148	books	всичко му е красиво на този
84170	84170	books_65181	books	напълнихме варела с вода и ти изскочи
84171	84171	books_65182	books	спасихме те
84172	84172	books_65183	books	как защо
84177	84177	books_65188	books	най-напред кажи каква е услугата
84201	84201	books_65212	books	какво има
84221	84221	books_65232	books	нито на димби нито на мокси нито дори на лиско
84331	84331	books_65349	books	рече мокси като вдигна глава
84340	84340	books_65358	books	а напоследък мокси гледам не се забелязват много приключения
84366	84366	books_65385	books	цяло нещо и ако дойде ще дойде наведнъж а не на два пъти
84408	84408	books_65427	books	за горската хижа разправяха рече домби
84409	84409	books_65428	books	той чувствуваше как никой не иска да го слуша в горещината
84435	84435	books_65454	books	добре е да преместят големите понеже заемат повече място рече
84444	84444	books_65463	books	в изгорялата ли
84453	84453	books_65472	books	кой казва
84460	84460	books_65479	books	именно рече лиско
84470	84470	books_65489	books	отвърна лисичето
84471	84471	books_65490	books	и довечера ще докажем това
84501	84501	books_65521	books	попита димби
84635	84635	books_65672	books	вижте как се стъмва
84639	84639	books_65676	books	сега в настъпилата тъмнина да ме убиеш не мога да се върна през гората
84651	84651	books_65690	books	лиско примижа и изгледа доброволеца отстрани докато мокси и димби отидоха при него искаха да го видят отблизо дори го пипнаха
84681	84681	books_65722	books	какво свети там
84693	84693	books_65734	books	вие защо не чакате вън
84697	84697	books_65738	books	на такова място трябва да се движим само групово
84704	84704	books_65745	books	че ти трепериш във всички приключения
84723	84723	books_65764	books	весело ми е
84727	84727	books_65768	books	абсолютната тишина която бе настъпила се наруши едва
84740	84740	books_65781	books	рече мокси
84761	84761	books_65805	books	и друг път сме го изпитвали
84826	84826	books_65875	books	какво искаш да кажеш
84838	84838	books_65887	books	и пееше ли
84862	84862	books_65911	books	до колко си стигнал
84937	84937	books_65987	books	ами сега
84960	84960	books_66016	books	ама къде отидоха
84976	84976	books_66033	books	не удряй така
84979	84979	books_66037	books	дори лиско изгуби ума си
84982	84982	books_66040	books	много се бавят рече чими
84994	84994	books_66052	books	а аз тебе
85021	85021	books_66082	books	понеже ти не искаше да говориш с него всичките работи от твое име ще му ги кажа аз
85027	85027	books_66088	books	просто невероятно но факт
85039	85039	books_66100	books	домби се приближи и седна настрана
85058	85058	books_66123	books	лиско се приближаваше
85068	85068	books_66134	books	изтропа с крак мокси
85079	85079	books_66145	books	домби се съгласи и допълни че мълчанието изразява най-добре презрението
85103	85103	books_66169	books	нека се измъчва от глад задето ме остави сам в такава празна хижа и то нощем
85166	85166	books_66233	books	домби се съсипа да моли но мокси не забавяше темпото
85195	85195	books_66262	books	засега по-доволен тук от домби нямаше свечеряваше се и се приближаваха към хижата където ще им докаже за втори път че е герой
85231	85231	books_66299	books	така си го иска привидението
85241	85241	books_66309	books	прошепна домби
85256	85256	books_66325	books	тогава да го повикаме
85287	85287	books_66357	books	много съм впечатлителен
85313	85313	books_66385	books	запита домби
85354	85354	books_66427	books	това не знам
85365	85365	books_66438	books	кое туй
85391	85391	books_66466	books	ще те открадна
85403	85403	books_66478	books	истинското привидение
85424	85424	books_66499	books	отвърна домби като се учудваше че и димби се усмихва
85456	85456	books_66533	books	ти си истински проклетник
85483	85483	books_66564	books	с домби се споразумяхме да ви изплаша
85519	85519	books_66601	books	така че едва ли ще стане нужда да те превръщам отново в привидение
85600	85600	books_66685	books	а бе аз колко пъти ритнах варела от яд
85624	85624	books_66712	books	ей най-после
85627	85627	books_66715	books	откога не съм наблюдавал небето
85634	85634	books_66722	books	просто и ясно
85667	85667	books_66756	books	освен това никой не го пита колко е часът че да му каже а приятелите питат всичко
85677	85677	books_66766	books	помниш ли когато те превърнахме в привидение
85727	85727	books_66816	books	това име не искам да го чувам защото ме дразни
85836	85836	books_66926	books	искаш да ми прибереш акъла и после да ме изхитриш така ли
85895	85895	books_66987	books	освен ако поставите на мен това дълго име и ме закарате на конкурса
85898	85898	books_66990	books	ние играем по правилата
85921	85921	books_67014	books	на кой конкурс
85927	85927	books_67020	books	ще те заведем и ще спечелим конкурса но само при едно условие
85965	85965	books_67064	books	петнайсет минути ще я мириша и останалите минути ще я държа в устата си докато се стопи
85983	85983	books_67084	books	чими каза той аз се моля за първи път в живота си
86023	86023	books_67125	books	как се казвате
86028	86028	books_67130	books	това име ми се струва късичко
86041	86041	books_67143	books	кажете къде е справедливостта
86065	86065	books_67169	books	че то не може да се живее с такова късо име
86104	86104	books_67208	books	кошницата беше много голяма
86163	86163	books_67269	books	лиско потърси жабока с очи но не го откри
86181	86181	books_67288	books	ето го
86186	86186	books_67293	books	всички се закискаха
86187	86187	books_67294	books	само щъркелът ставаше все по-мрачен и по-мрачен
86189	86189	books_67296	books	нищо отвърна лиско
86200	86200	books_67308	books	аз съм неутрален
86230	86230	books_67339	books	така ли се казвате
86231	86231	books_67340	books	запита тихо председателят
86269	86269	books_67381	books	прошепна щъркелът
86272	86272	books_67384	books	ти си буквално луд
86283	86283	books_67395	books	не го плаша
86299	86299	books_67413	books	димби домби и мокси гледаха своя лиско
86319	86319	books_67436	books	рече председателят
86320	86320	books_67437	books	няма как ще трябва да им дадем наградата
86323	86323	books_67440	books	той не ни е приятел
86330	86330	books_67447	books	какво да мога
86368	86368	books_67490	books	а дългите имена са израз на борбата против мързела
86429	86429	books_67556	books	искам да се махнете
86472	86472	books_67600	books	чими започна да яде седмата ягода
86485	86485	books_67614	books	наистина страшно раздвоена образувана от две залепени ягоди
86510	86510	books_67644	books	това няма да стане рече лиско
86572	86572	books_67712	books	да мокси
86607	86607	books_67749	books	ако искаш да те уважавам махни тези проклети неща оттук защото като се събудя ще полудея
86638	86638	books_67782	books	не отвърна лисичето
86650	86650	books_67794	books	трябва да отидем на третата полянка
86658	86658	books_67802	books	яжте си и ягодите и кошниците
86667	86667	books_67811	books	каза лиско
86688	86688	books_67832	books	най-важното нещо в живота е яденето
86787	86787	books_67932	books	димби домби и мокси спряха настрана и вторачиха погледи
86828	86828	books_67973	books	запита димби
86847	86847	books_67992	books	за да не обидиш
86877	86877	books_68022	books	съгласен съм отвърна лисичето
86887	86887	books_68032	books	отново замълчаха но не можаха да разтълкуват думите на лисичето
86929	86929	books_68076	books	ето да питаме димби и домби
86930	86930	books_68077	books	така ли е
86955	86955	books_68105	books	нещо вършите майсторите
87013	87013	books_68164	books	а аз мисля
87019	87019	books_68170	books	защо сме приятели да мълчим ли
87037	87037	books_68188	books	от нас се иска да мълчим
87041	87041	books_68192	books	лиско бе казал че има вид на падаща и му повярваха
87048	87048	books_68199	books	мисли си че туй е най-безопасното ни приключение без рискове за живота
87063	87063	books_68214	books	отвърна лисичето
87085	87085	books_68236	books	има вероятност
87099	87099	books_68250	books	аз върша тук едно благородно дело да подпирам а те ме наблюдават
87108	87108	books_68259	books	това е глупаво да стърчиш тук и да подпираш нещо което няма намерение да падне
87161	87161	books_68313	books	кротка но не тъй замечтана бе светлината която кръжеше над главите им
87162	87162	books_68314	books	не е презрително безразличието им забеляза по едно време димби
87173	87173	books_68325	books	подкани го лиско
87200	87200	books_68353	books	не желая да участвувам в приказки
87402	87402	books_68560	books	появата им се извършваше по обратен ред най-напред димби после домби и накрая мокси
87403	87403	books_68561	books	мокси се завръщаше обикновено сърдит
87405	87405	books_68563	books	да помисля рече си лиско
87432	87432	books_68590	books	в главата му не се задаваше никаква мисъл цялото му внимание бе насочено към тълпата на поляната
87442	87442	books_68600	books	лиско е луд
87450	87450	books_68608	books	ако не се върнеш ще те почакаме и ще тръгнем да те търсим
87470	87470	books_68628	books	врагът губи играта съгласи се домби
87491	87491	books_68649	books	а като стигнеш до розовото място ще стигнеш ли и до съчетаните линии съставящи предмета синьо фламинго
87530	87530	books_68693	books	не се знае лиско
87551	87551	books_68717	books	не се разбираше какво
87570	87570	books_68737	books	не ти взимаш предвид само своите нерви
87599	87599	books_68780	books	лисичето плачеше от радост чувствуваше приятелите до себе си и се вслушваше в затихващите крясъци на жабите
87633	87633	books_68814	books	нещо се е случило забеляза димби
87635	87635	books_68816	books	запита мокси
87638	87638	books_68819	books	когато не се обажда аз
87670	87670	books_68851	books	димби и домби казаха че не го заблуждават и тръгнаха отново
87686	87686	books_68867	books	какво току сте ревнали срещу лиско
87697	87697	books_68878	books	ми то от измъкване не ми остава време да живея
87748	87748	books_68933	books	изкрещя повторно мравката
87774	87774	books_68959	books	събуди го някаква суетня
87812	87812	books_68998	books	удиви се лиско
87833	87833	books_69019	books	но тя не можа да каже
87834	87834	books_69020	books	тогава се надигна поетическата мисъл
87910	87910	books_69097	books	сега съм тъжен и не ми се влиза в приключения
87949	87949	books_69137	books	все едно че ви няма на света
87970	87970	books_69158	books	аз още не съм доказал на този тип че съм по-голям проклетник от него
87995	87995	books_69184	books	състоеше се от части широкопола шапка черен костюм и вехти обуща но с връзки
88009	88009	books_69198	books	но отдалеч
88039	88039	books_69228	books	отвърна плашилото
88043	88043	books_69232	books	бъдете страшилище плашете птиците и служете безропотно на господаря си
88045	88045	books_69234	books	колко спокойно и хубаво беше по-рано в шапката тихо гладко празно
88107	88107	books_69296	books	домби седна на тревата
88133	88133	books_69322	books	димби се взираше в посоката но не можеше да различи добре това което виждаше
88156	88156	books_69345	books	не аз няма да вися повече и ще се съсредоточа каза плашилото
88206	88206	books_69395	books	бе вие нямате ли си друга тема освен страха
88224	88224	books_69414	books	езеро димби почеса главичката си
88225	88225	books_69415	books	мокси какво ще кажеш
88239	88239	books_69430	books	щяха ли да го разберат
88246	88246	books_69437	books	от вътрешността на водните пространства лабиринт от тръстикови острови долиташе врявата на хиляди птици
88262	88262	books_69453	books	синьото фламинго плавно задвижи дългата си шия извърна глава към него и го погледна
88277	88277	books_69469	books	синьото фламинго клъвна тревичка от водната леща разпери крилете си и ги прибра
88308	88308	books_69501	books	а аз глупакът висях сред градината на един кол тюхкаше се плашилото
88336	88336	books_69530	books	пет секунди след това зад гърба им се понесоха викове
88369	88369	books_69563	books	заобиколен съм от говорещи същества
88370	88370	books_69564	books	те ми пречат да гледам пречат ми да се наслаждавам
88375	88375	books_69569	books	някой ми шепне приятелски уверява ме че ме обича
88448	88448	books_69642	books	и мислите че жабокът е там
88449	88449	books_69643	books	видяхме като го грабнаха
88471	88471	books_69666	books	усмихна се щъркелът
88478	88478	books_69673	books	предстоеше му да се приближи отново до него да хвърли последен поглед на фламингото и да се устреми към спасяването на чими
88489	88489	books_69685	books	трябва да се разделим изрече кратко лисичето
88529	88529	books_69725	books	не помните ли то се намеси и присъдиха голямата награда не на вас а на мен
88545	88545	books_69741	books	като се поумори проклетникът замълча
88562	88562	books_69758	books	щъркелът се беше приготвил да говори повече за пакостите на човека но замълча
88577	88577	books_69773	books	че защо му е трион
88580	88580	books_69776	books	щъркелът се посмути
88605	88605	books_69801	books	като вървеше магаренцето се оглеждаше за някой трън но тръни в тази местност нямаше и магаренцето все повече се нервираше
88647	88647	books_69843	books	как се казваш
88714	88714	books_69911	books	жабокът закрачи на десет скока зад редицата им
88732	88732	books_69929	books	пет приказки
88814	88814	books_70015	books	а ванчо се плъзнал надолу със ските и изчезнал зад боровете
88825	88825	books_70026	books	да те щипе
88836	88836	books_70039	books	за играчка
88860	88860	books_70068	books	дваж по-тихо тук
88865	88865	books_70073	books	а какво е закачалка
88890	88890	books_70100	books	казало котето
88902	88902	books_70112	books	при едно мое приятелче
88920	88920	books_70131	books	но лисичето продължавало да се подава ту от една страна ту от друга
88945	88945	books_70156	books	учудило се котето
88985	88985	books_70201	books	заподскачали от радост горските животинчета
88999	88999	books_70215	books	но защо е той такъв
89004	89004	books_70220	books	пръв за теб леда пролазва
89019	89019	books_70236	books	в кутията на термометъра му едно синьо птиче си е свило гнездо и му стопля живака а той не вижда
89025	89025	books_70242	books	аз разбирам но исках да разбера дали вие разбирате казало лисичето
89039	89039	books_70257	books	минала минута минали две
89111	89111	books_70333	books	имах един ванчо но той ми дърпаше опашката
89120	89120	books_70342	books	а да бъркаш в кухнята
89126	89126	books_70348	books	получи се недоразумение
89128	89128	books_70350	books	казал метеорологът
89135	89135	books_70357	books	значи взимаш ме
89144	89144	books_70366	books	ще го вземеш
89190	89190	books_70413	books	с лифта
89191	89191	books_70414	books	и сега какво ще правиш
89229	89229	books_70454	books	а защо тогава
89242	89242	books_70467	books	знаем го
89271	89271	books_70497	books	но вместо котето отнейде се появило запъхтяно лисичето
89273	89273	books_70499	books	извикало му то
89302	89302	books_70528	books	извикало след него лисичето
89309	89309	books_70535	books	няма нужда да го мъчим повече
89336	89336	books_70562	books	я ти момче
89344	89344	books_70570	books	другарката учителка казва че няма
89358	89358	books_70585	books	молело се котето
89359	89359	books_70586	books	може пък да му е приятел казало мечето
89385	89385	books_70612	books	тяхната ледена виелица прави я
89388	89388	books_70615	books	и гласът през фунията го предупреждавал
89396	89396	books_70623	books	ето не чувстваш ли
89424	89424	books_70652	books	пуснете ме
89427	89427	books_70656	books	не бой се
89451	89451	books_70680	books	котето се посмутило малко
89466	89466	books_70695	books	престорил се на учуден метеорологът
89488	89488	books_70717	books	тебе изпитвахме продължил метеорологът за да видим дали го заслужаваш
89492	89492	books_70721	books	с три и половина казал метеорологът но за котка и това е много
89500	89500	books_70729	books	казал той
89518	89518	books_70751	books	казало еленчето
89522	89522	books_70755	books	сам знаеш казало еленчето
89546	89546	books_70782	books	нито глас на жена
89552	89552	books_70788	books	преболява нали
89576	89576	books_70813	books	ще има приказка
89590	89590	books_70827	books	но оги си знае своето
89597	89597	books_70834	books	оги стиска копчето на пижамката си
89600	89600	books_70837	books	пита той
89606	89606	books_70843	books	не разбира оги
89636	89636	books_70874	books	но си имам махало и виж как го клатушкам
89732	89732	books_70976	books	и готово
89828	89828	books_71076	books	чакай сега кой разправя тук
89840	89840	books_71089	books	много ми се разхождаше
89894	89894	books_71145	books	хайде сега вече да спим
89922	89922	books_71175	books	това не е зоологическа
89923	89923	books_71176	books	твойто зимно палто
89927	89927	books_71180	books	не може
89952	89952	books_71205	books	но гласовете на всички други играчки са станали тихи и не се разбират
89996	89996	books_71249	books	пред корема му
90033	90033	books_71288	books	тогава малкото кенгурче се разплакало
90082	90082	books_71339	books	съм ти идвал на гости а ти спиш във леглото
90087	90087	books_71344	books	че кой хърка
90096	90096	books_71353	books	котките също избягали от клетката защото пазачът им бил забравил да я заключи
90099	90099	books_71356	books	приказката е добра
90126	90126	books_71383	books	виж ясенът който цял в пламък червен е
90136	90136	books_71393	books	но светльо се мъчеше да заспи в своята стаичка и едва ли виждаше всичко това
90145	90145	books_71402	books	не каза светльо
90146	90146	books_71403	books	какви са
90166	90166	books_71423	books	няма каза кучето
90219	90219	books_71477	books	где се е чувало изобщо куче спасител да оставя човек в беда колкото и той да е загубен
90235	90235	books_71493	books	скочи уплашено кучето
90247	90247	books_71506	books	за трима мохикани
90310	90310	books_71572	books	най-сетне слязох долу приближавам се до черното дето се виждаше отгоре
90327	90327	books_71589	books	само дето загубихме толкова време
90339	90339	books_71601	books	напипах го
90347	90347	books_71609	books	не разбра светльо
90355	90355	books_71617	books	запита светльо като също седна
90368	90368	books_71630	books	дечица щом почвате нова игра
90383	90383	books_71645	books	запита той
90396	90396	books_71660	books	и на мене призна си светльо
90411	90411	books_71679	books	и какво правите тук посред нощ
90419	90419	books_71688	books	каза кълвачът сякаш не беше чул отговора му
90443	90443	books_71712	books	попита кълвачът като посочи светльо
90479	90479	books_71749	books	ами така
90517	90517	books_71789	books	кой е смотан
90535	90535	books_71809	books	той седна до двамата
90552	90552	books_71826	books	но изведнъж се чу рев на спортна кола и отнякъде влетя една костенурка
90560	90560	books_71834	books	санбернарското куче професор кълви и едно момченце
90564	90564	books_71839	books	какво не можеш
90572	90572	books_71847	books	но ще можеш ли да ни
90600	90600	books_71876	books	не те мамят разбира се каза професор кълви
90614	90614	books_71890	books	ах колко е радостно
90640	90640	books_71917	books	каза кучето
90653	90653	books_71930	books	хайде хайде да бутаме
90678	90678	books_71955	books	земята пред тях се бе раздвижила и ето някаква купчина пръст бързо израсна в лехата пред пощата
90683	90683	books_71961	books	а ти кой си
90712	90712	books_71991	books	не съм сбъркал
90729	90729	books_72008	books	ах колко е радостно
90776	90776	books_72055	books	да се разделим и всеки
90795	90795	books_72076	books	за вас говоря
90944	90944	books_72226	books	запита през сълзи светльо
91069	91069	books_72356	books	дали тя е наистина чак толкоз добра
91074	91074	books_72361	books	каза светльо
91080	91080	books_72369	books	но кучето изведнъж се върна към светльо
91144	91144	books_72433	books	това майка му долу
91207	91207	books_72506	books	той беше ужасно ядосан и говореше на себе си
91208	91208	books_72507	books	не това вече на нищо не прилича
91213	91213	books_72513	books	не отивам си
91238	91238	books_72539	books	като че ли не го знам
91242	91242	books_72543	books	човекът без музика бедняк е последен
91303	91303	books_72609	books	запита го нажалено росето
91340	91340	books_72647	books	от сребро облени
91408	91408	books_72719	books	за всяко нещо има срок
91471	91471	books_72783	books	беднячка последна
91529	91529	books_72842	books	почти целия чист
91541	91541	books_72854	books	навалял е навън
91544	91544	books_72857	books	зад прелитащия сняг останаха да светят само уличните лампи и прозорците и чудно нещо
91595	91595	books_72911	books	каза катонищо
91638	91638	books_72955	books	човек сам да си играе
91647	91647	books_72964	books	каза ахколко
91654	91654	books_72971	books	шумят дъждовете
91664	91664	books_72981	books	есен е вънка
91692	91692	books_73009	books	с изключение на мен
91695	91695	books_73012	books	слез със мен да потанцуваш
91698	91698	books_73015	books	малко хладничък на вид
91734	91734	books_73052	books	май че ме измами той
91744	91744	books_73062	books	смей се вятърът тръбач
91750	91750	books_73068	books	какво има толкова
91776	91776	books_73094	books	отговори росето
91777	91777	books_73095	books	а не усети ли по всичко че сме слънчеви
91784	91784	books_73102	books	че ний сме слънчеви лъчи
91790	91790	books_73108	books	кой в прозорците сияй
91820	91820	books_73139	books	всеки знай
91835	91835	books_73154	books	само дето ми се случи
91841	91841	books_73160	books	но за жалост вчера щом
91842	91842	books_73161	books	го изведох от квартала
91899	91899	books_73219	books	каза самоче
91913	91913	books_73234	books	разбира се реката мисисипи и вулканът
91925	91925	books_73246	books	еха царе сте
92018	92018	books_73340	books	чуй ме чуй ме туй съм аз
92020	92020	books_73342	books	втората птичка също запя
92037	92037	books_73360	books	тя получи разбира се най-много аплодисменти и букети и изчезна
92057	92057	books_73380	books	аз съм важен джентълмен
92116	92116	books_73440	books	и съвсем без грешки
92150	92150	books_73474	books	през целия ден
92167	92167	books_73491	books	и двамата се прегърнаха щастливи
92168	92168	books_73492	books	браво росенце
92228	92228	books_73566	books	много дълго се не трае човек сам да си играе
92240	92240	books_73579	books	като нищо ще го свири
92255	92255	books_73594	books	каза ахколко
92256	92256	books_73595	books	ах колко особено за тебе
92261	92261	books_73600	books	и продължи
92297	92297	books_73636	books	по-навътре не щат
92385	92385	books_73725	books	виж ми зъбите само
92392	92392	books_73732	books	тъй че бързо готви се безразсъдно дете
92406	92406	books_73746	books	а моето е лиляна трифонова георгиева
92408	92408	books_73748	books	знам изскърцала рибата
92413	92413	books_73753	books	дълбоко за теб искам да кажа
92415	92415	books_73755	books	вълшебното бисерче казало лилито
92446	92446	books_73787	books	само ще си затрудниш живота
92475	92475	books_73816	books	свети във морето
92497	92497	books_73839	books	учудила се лилито
92502	92502	books_73844	books	деца идвайте насам
92517	92517	books_73859	books	казала плачливо медузата и абажурчетата отплавали нанякъде след нея като хленчели
92529	92529	books_73872	books	сбогом този път с две удивителни
92636	92636	books_73982	books	и с цвета му се слея
92647	92647	books_73994	books	о ужас
92657	92657	books_74004	books	ако бил казал
92659	92659	books_74006	books	страшните пипала целите на смукалца се огъвали и протягали към нея още миг и щели да я сграбчат
92679	92679	books_74026	books	той се ядосал много завързал си от яд пипалата на моряшки възел и се отдалечил говорейки лоши думи
92689	92689	books_74036	books	но тук под водата сме много красиви
92719	92719	books_74069	books	казало лилито като подсмръкнало
92723	92723	books_74073	books	за да стана добра отговорило лилито
92734	92734	books_74084	books	а сега как ти се виждам а
92744	92744	books_74094	books	и когато трябва да търсим бисерчето
92771	92771	books_74121	books	той размахал бодливите си плавници и отплувал като люлеел фенерчето си в знак на безразличие
92808	92808	books_74159	books	ще ти призная че заради тебе но само от любопитство защото инак си ми съвсем безразлична изплавах толкова нагоре
92824	92824	books_74175	books	чул се глас
92844	92844	books_74195	books	защото бързам
92845	92845	books_74196	books	казал набръчканият човек
92873	92873	books_74226	books	и щяхме да го търсим двама
92882	92882	books_74235	books	и отново зазвучала песничката
92929	92929	books_74283	books	върнете се горе и се обадете от някой друг телефон
92939	92939	books_74293	books	те марширували и смешно пеели
92963	92963	books_74317	books	пътували пътували и морското дъно ставало все по-красиво но те били тръгнали да търсят вълшебните бисерчета а не да се наслаждават на разни красоти
92964	92964	books_74318	books	тук бисерчета там бисерчета
92979	92979	books_74333	books	казал хрили
93011	93011	books_74366	books	бъдете спокойни
93021	93021	books_74376	books	така е в приказката
93032	93032	books_74387	books	казало лилито
93046	93046	books_74401	books	а защо ме лъга
93049	93049	books_74404	books	тримата се обърнали и видели телефонната кабина която чакала
93058	93058	books_74413	books	по-силно от всеки друг път
93068	93068	books_74423	books	много е тъжно
93116	93116	books_74472	books	но както се изкачвали и панталонките на набръчкания човек се удължавали и вече се чували шумът на плажа и крясъкът на чайките изведнъж
93119	93119	books_74475	books	прошепнал набръчканият човек загледан надолу
93139	93139	books_74496	books	плачът на лилито се издигнал и заглушил гласа му
93144	93144	books_74501	books	колко били красиви
93152	93152	books_74509	books	то както всички деца било всъщност много добро и нямало нужда от вълшебни бисери за да го обича майка му
93161	93161	books_74518	books	бил закачил слушалката и му бършел очичките с кърпата си
93178	93178	books_74535	books	и е нежно и сладко
93191	93191	books_74548	books	петте приказки свършиха вече
93252	93252	books_74612	books	по тях кацаха орляк врабци
93269	93269	books_74629	books	със заплашително вирната глава тя се насочи към таралежа
93276	93276	books_74636	books	двамата се мятаха във високата трева отдето се чуваше глухото квичене на бързоходко и злобното съскане на червената уста
93283	93283	books_74643	books	излъганата змия отново се насочи към таралежа ала бързоходко бе успял да се изправи на краката си
93367	93367	books_74729	books	той се настани на най-хубавото място под една трънка която му пазеше сянка
93385	93385	books_74747	books	ястребите се спущаха тъй ниско че крилата им докосваха върховете на тревите
93416	93416	books_74779	books	орелът си спомни за своето орле на което никога не беше занасял костенурка и реши да я вдигне
93429	93429	books_74793	books	едва се виждаше селото загубено между върбите а реката блестеше на слънцето като лъскава жичка
93512	93512	books_74878	books	всички са гризачи и всички имат остри като длета предни зъби
93533	93533	books_74899	books	ето днес съм търсил яйцата на една патица в насрещния бряг
93540	93540	books_74907	books	тя запищя жално сякаш се оплакваше от нещо
93544	93544	books_74911	books	нашите мъки не ще свършат скоро
93556	93556	books_74923	books	изведнъж водата пред тях се раздвижи
93558	93558	books_74925	books	учудената
93605	93605	books_74972	books	повлекана отново бе възседната от таралежа
93623	93623	books_74991	books	нейната заострена муцуна беше въоръжена със страшни зъби от които не можеше да се избави никоя риба или птица
93633	93633	books_75001	books	остроноско има защо да се бои от рибата ала ние не
93644	93644	books_75012	books	викни й да бяга предупреди я
93652	93652	books_75020	books	нека се пази сама
93661	93661	books_75029	books	упрекна го костенурката
93680	93680	books_75049	books	на главата си водната кокошка имаше малко оранжево гребенче като гребен на младо петле
93706	93706	books_75075	books	патиците и другите мирни жители ги обичат ала аз ги ненавиждам
93717	93717	books_75086	books	тръстиковите стъбла им пречеха да се движат свободно
93744	93744	books_75114	books	ти искаш да ни подмамиш
93748	93748	books_75118	books	другари хайде
93749	93749	books_75119	books	извика една от тях и всички диви патици изведнъж се нахвърлиха към тримата приятели и започнаха да бият силно водата с крилата си
93753	93753	books_75123	books	истински вълни и бризги обляха таралежа
93758	93758	books_75128	books	работата не беше шега
93783	93783	books_75153	books	те се сърдят че им ям яйцата
93795	93795	books_75165	books	макар че тъй лошо се отнесоха с него бързоходко съжали патиците и им прости за тяхната недоверчивост
93800	93800	books_75170	books	дотук се движехме в плитката част на блатото а сега ще минем през по-дълбоки места
93805	93805	books_75175	books	тия птици ловяха риба
93807	93807	books_75177	books	едните бяха черни и грозни със зелени очи и с големи леко закривени на върха човки
93831	93831	books_75201	books	попита повлекана
93832	93832	books_75202	books	остроноско не отговори
93844	93844	books_75214	books	това е женската на стария гмурец рогача каза уплашено той
93881	93881	books_75251	books	главната ни цел е да преминем през това дяволско поселище
93882	93882	books_75252	books	а ако речем да го заобиколим ще се изложим на нападенията на щуката сто пъти по-опасна от клюновете на тия дяволи
93891	93891	books_75261	books	като нададе бойния си писък водният плъх се хвърли право в средата на веригата
93901	93901	books_75272	books	костенурката беше защитена от своята черупка като с броня
93921	93921	books_75292	books	с тях чаплите се опитвали да ослепяват своите врагове
93922	93922	books_75293	books	бързоходко и повлекана изпитваха все по-голям страх и все по-голямо нетърпение да се измъкнат от блатото и да стъпят на твърда земя
93957	93957	books_75329	books	какъв таралеж
93962	93962	books_75334	books	последният го гледа дълго време
93979	93979	books_75351	books	пошушна им остроноско
93983	93983	books_75355	books	каква новина
93991	93991	books_75363	books	царственото му надменно изражение се загуби
94015	94015	books_75387	books	без да загубят време те продължиха пътя си
94016	94016	books_75388	books	пътешествениците минаха свободно през поселищата на чаплите и достигнаха мочурливия бряг на блатото преди слънцето да залезе
94026	94026	books_75398	books	как щяха да пътуват без водач и как биха намерили пътя към тяхното родно поле
94072	94072	books_75446	books	той е много важен
94171	94171	books_75547	books	едва сега нейният бавен ум схвана колко мъчно ще може да се измъкне оттук
94185	94185	books_75561	books	нима не се удави
94239	94239	books_75615	books	добро утро
94243	94243	books_75619	books	трябва да се криете някъде да не ви намерят дивите свини
94290	94290	books_75666	books	след няколко минути бързоходко хвана една мишка заспала в корените на един дъб
94309	94309	books_75685	books	попита той
94331	94331	books_75707	books	ти ще останеш при нас и ще ни пазиш
94332	94332	books_75708	books	а щом видиш някой друг звяр ще надаваш тревога и ние ще се пазим сами
94338	94338	books_75714	books	катериците го поведоха към един стар дъб по чието стъбло се виждаха много кръгли дупки
94359	94359	books_75736	books	една сова с големи очи и с обла глава мърмореше нещо а улулицата която живееше накрай гората меланхолично викаше
94367	94367	books_75744	books	знаеше че те са малки птици и че не ще се осмелят да го нападнат
94419	94419	books_75797	books	беше и наблизо до дъба
94428	94428	books_75806	books	появата на бухала прогони бялката ала нападнатата от нея катерица стана жертва на страшната птица която я отнесе в гората
94474	94474	books_75860	books	тук е
94489	94489	books_75875	books	дневната светлина която беше много силна за неговите огнени зеници го заслепяваше
94501	94501	books_75887	books	няколко ястреба и един сокол привлечени от силната врява се присъединиха към нападателите
94518	94518	books_75904	books	заекът взе преднина и се изгуби в гората
94520	94520	books_75906	books	там тя попадна на повлекана
94540	94540	books_75926	books	или са намерили някаква плячка или там се крие някаква опасност
94564	94564	books_75952	books	на клона като някакво парче от дървена кора стоеше нещо прилично на живо същество
94572	94572	books_75960	books	докато я гледаше тя стоеше тъй неподвижно че напълно приличаше на треска от клона
94610	94610	books_76000	books	ако знам убежището на мрам непременно ще го издам на ловците каза едната от тях
94665	94665	books_76056	books	бързоходко вървеше бавно и предпазливо
94667	94667	books_76058	books	после намери миша дупка
94672	94672	books_76064	books	совата измърмори нещо и отлетя
94690	94690	books_76082	books	тая вечер тя се сби със сестра си
94703	94703	books_76095	books	за да не се объркаш гледай луната да бъде всякога насреща ти
94717	94717	books_76109	books	двамата претърсиха целия склон но от костенурката нямаше нито следа
94743	94743	books_76136	books	лош скок лош скок
94790	94790	books_76183	books	тръгна нагоре по поляната и скоро навлезе в един каменист дол издълбан от пороите
94815	94815	books_76209	books	не се интересувам от твоето леговище отговори сърдито таралежът оскърбен от грубата заплаха на пора
94833	94833	books_76227	books	винаги точно и винаги сполучливо
94836	94836	books_76230	books	моята майка
94859	94859	books_76254	books	тичай след мене
94866	94866	books_76261	books	бързоходко се завтече към дървото и тутакси видя повлекана
94899	94899	books_76294	books	бурята им попречи да се нарадват един на друг но и двамата бяха щастливи че се намериха
94931	94931	books_76326	books	то ходеше на целите ходила на задните си крака като мечка
94961	94961	books_76356	books	от десет години насам аз скитам из тия гори и дето се казва прекарала съм най-хубавите си години на тая липа
94969	94969	books_76364	books	глупава си мила прекъсна я кукувицата
94975	94975	books_76370	books	цял ден си е у дома
95018	95018	books_76413	books	бързоходко и повлекана мълчаха
95058	95058	books_76455	books	вчера тя нападна едно от децата ми
95085	95085	books_76482	books	напразно говориш за елените
95096	95096	books_76493	books	друга птица привлече вниманието и на двамата
95142	95142	books_76541	books	той идваше отдалеч като дълбок и силен стон
95166	95166	books_76566	books	настъпи тишина
95170	95170	books_76570	books	хълбоците му трепереха
95180	95180	books_76580	books	то приличаше на коза и идваше право към тях
95189	95189	books_76589	books	не се ли боиш от овчаря
95195	95195	books_76595	books	какво пасеш по голите скали
95253	95253	books_76653	books	тя забеляза двамата другари и като измърмори нещо удари костенурката с лапата си
95283	95283	books_76683	books	ала отново се изпречваше някой дол през който преминаваха с големи усилия и отново планината започваше да лъже окото че свършва
95308	95308	books_76708	books	появата на бързоходко и повлекана ги учуди извънредно много
95324	95324	books_76725	books	те щяха да се събудят отново едва напролет когато снеговете се стопяха и яркото топло слънце нагрееше изстиналата от мраз земя
95338	95338	books_76739	books	едро жито по хамбари
95365	95365	books_76766	books	ще попея
95368	95368	books_76769	books	а пък ти
95380	95380	books_76782	books	как ще ровим ний сега
95394	95394	books_76796	books	маймунки барабан
95409	95409	books_76811	books	и кой знае му езика
95417	95417	books_76819	books	и хорската милост викам
95503	95503	books_76910	books	я облича
95531	95531	books_76938	books	над лозарите скрежът
95550	95550	books_76957	books	празник свой зарезан
95572	95572	books_76979	books	кукери слизат
95575	95575	books_76982	books	еква далече
95598	95598	books_77006	books	кончето ми
95640	95640	books_77049	books	българска народна приказка
95689	95689	books_77098	books	при трендафила да ида
95710	95710	books_77119	books	да листят листата
95759	95759	books_77169	books	с какви скърби тя посреща
95778	95778	books_77188	books	с майчиното си крило
95817	95817	books_77227	books	аз съм синчец аз съм радост
95819	95819	books_77229	books	аз съм просто като радост
95871	95871	books_77283	books	благодаря обична мамо
95879	95879	books_77291	books	есен ли завее
95904	95904	books_77318	books	в нея сварих гълъба и го изядох
95972	95972	books_77387	books	между тях гергьовден
95982	95982	books_77397	books	и от клончета върбица
96011	96011	books_77426	books	прашинка утре да няма
96039	96039	books_77455	books	и децата ме обичат
96064	96064	books_77480	books	пешко за синята писка
96065	96065	books_77481	books	гого се вдига на пръсти
96089	96089	books_77505	books	изпотрошени яйцата
96182	96182	books_77598	books	във цветя се цял обвил
96225	96225	books_77642	books	а ламята не го чула
96226	96226	books_77643	books	разсърдил се свети гьорги
96241	96241	books_77658	books	като лани пак да дойдеш
96250	96250	books_77667	books	гергьовско агне
96261	96261	books_77678	books	и тревица прясна
96290	96290	books_77707	books	кирил и методий
96297	96297	books_77714	books	в световните борби върви
96323	96323	books_77740	books	тя бе неизчерпаем вир
96346	96346	books_77764	books	речта ви мощна нек се помни
96353	96353	books_77773	books	за наука и добро
96361	96361	books_77781	books	с песни ще ви славим днес
96372	96372	books_77793	books	вий ни дадохте очи
96382	96382	books_77803	books	ту се хващат за ръчица
96438	96438	books_77860	books	да се стори житото
96482	96482	books_77905	books	да се веселим
96493	96493	books_77916	books	много са цветята
96502	96502	books_77925	books	гиздят градовете
96525	96525	books_77948	books	горите полята и всичко
96551	96551	books_77974	books	последният звънец удари
96561	96561	books_77984	books	дойде на ученето края
96564	96564	books_77987	books	отново ни събра
96594	96594	books_78017	books	от две лалета дваж по-засмени
96613	96613	books_78036	books	и с тях ни сладко гощаваш
96619	96619	books_78042	books	свирят им с медени свирки пчелите
96635	96635	books_78058	books	тъй много цветя има там
96647	96647	books_78070	books	зелен здравец
96656	96656	books_78079	books	виком виква зелен здравец
96729	96729	books_78152	books	чудни приказки гората
96748	96748	books_78171	books	гиздава блещука
96749	96749	books_78172	books	ей жетварки с паламарки
96796	96796	books_78226	books	правя въртележка
96823	96823	books_78255	books	ниво моя ниво
96825	96825	books_78257	books	зрееш ти на слънце
96858	96858	books_78290	books	колко ще се радва баба на писмото
96865	96865	books_78297	books	пъстрият синигер
96873	96873	books_78305	books	димитър панталеев
96875	96875	books_78307	books	във ъгълчето над кревата
96880	96880	books_78312	books	смиреност кротост доброта
96895	96895	books_78327	books	сбогом жарко лято
96901	96901	books_78333	books	ето есен иде
96930	96930	books_78363	books	чу го заю не дочу
96951	96951	books_78384	books	българска народна приказка
96991	96991	books_78424	books	само наште врани
96998	96998	books_78431	books	алена и златна
97006	97006	books_78439	books	да са живи с татко
97009	97009	books_78442	books	сутрин ставам рано
97026	97026	books_78459	books	ние помагаме на мама
97060	97060	books_78493	books	песни глъч и шум
97077	97077	books_78510	books	иван вазов
97091	97091	books_78524	books	пиша пиша букви и чета на глас
97105	97105	books_78538	books	в улиците бързат
97222	97222	books_78655	books	не мога отвърнал косът
97246	97246	books_78681	books	късна есен
97252	97252	books_78687	books	може би замина
97279	97279	books_78716	books	се моли на бука
97306	97306	books_78743	books	тихите й жалби мълком слуша
97319	97319	books_78756	books	листа билки и цветя
97326	97326	books_78763	books	веса паспалеева
97328	97328	books_78765	books	чука зимата на прага
97337	97337	books_78774	books	имаме шейнички нови
97350	97350	books_78787	books	плевникът има
97364	97364	books_78801	books	колко страхливо
97402	97402	books_78839	books	катеричките игриви
97435	97435	books_78874	books	кът свиден и мил
97544	97544	books_78983	books	със позлатени юлари
97573	97573	books_79012	books	е дошел на гости
97581	97581	books_79020	books	в нея семената
97595	97595	books_79034	books	високо още широко
97625	97625	books_79065	books	свята нощ
97628	97628	books_79068	books	светили в гората посребрени
97634	97634	books_79075	books	грее твойта ангелска душица
97697	97697	books_79140	books	белите снежинки
97700	97700	books_79143	books	радват се децата
97723	97723	books_79167	books	носи цял кош армагани
97734	97734	books_79178	books	или носи питка сладка
97737	97737	books_79181	books	бързай бабо отвори
97754	97754	books_79199	books	тя не искаше да пусне буркана за да не убие някого долу и както падаше успя да го сложи на друга лавица
97766	97766	books_79213	books	колко ли смешно ще бъде да стигнеш при хора които ходят с главата надолу
97798	97798	books_79248	books	първата мисъл на алиса беше тоя ключ е за една от вратите на залата
97879	97879	books_79332	books	след малко
97910	97910	books_79363	books	всяка люспа сякаш златна чашка
97919	97919	books_79372	books	ако аз съм сега мейбъл ще остана тука
97940	97940	books_79394	books	това просто е ужасно
97962	97962	books_79416	books	мишката я гледаше изпитателно на алиса се стори че й намига с очичките си ала не казваше нищо
97966	97966	books_79420	books	и тя каза
97987	97987	books_79442	books	нашето семейство винаги е мразило котките
97994	97994	books_79449	books	има едно толкоз хубавичко кученце до нашата къща
98001	98001	books_79457	books	мила мишко
98002	98002	books_79458	books	извика алиса нежно след нея
98011	98011	books_79467	books	скоро цялата дружина изплува на брега
98033	98033	books_79490	books	казахте ли нещо
98069	98069	books_79527	books	всички се насъбраха край него пъшкаха и питаха
98093	98093	books_79551	books	всички пак насядаха в кръг и замолиха
98096	98096	books_79554	books	и защо мразиш
98127	98127	books_79585	books	моля ти се върни се и завърши историята си
98169	98169	books_79627	books	алиса веднага отгатна той дири ветрилото и белите ярешки ръкавици и тя услужливо почна да ги търси
98171	98171	books_79629	books	всичко изглежда се бе променило след като падна във водата
98257	98257	books_79719	books	разбира се колкото прозореца
98277	98277	books_79739	books	нали ми казахте да донеса само една
98336	98336	books_79801	books	да не сте посмели да хвърлите още веднъж
98387	98387	books_79853	books	рече строго гъсеницата
98411	98411	books_79877	books	имам да ти кажа нещо важно
98433	98433	books_79900	books	да ти продам ли
98473	98473	books_79943	books	алиса остана да гледа умислено гъбата
98497	98497	books_79967	books	крещеше гълъбицата
98522	98522	books_79993	books	няма защо да го отричаш
98529	98529	books_80001	books	ти търсиш яйца зная това много добре
98555	98555	books_80027	books	отвори я друг лакей също в ливрея с кръгло лице и очи големи като на жаба
98569	98569	books_80045	books	щеше да има смисъл да хлопаш каза лакея без дори да я погледне ако вратата беше помежду ни
98577	98577	books_80053	books	в тоя миг вратата на къщата се отвори и една голяма чиния полетя навън право върху главата на лакея
98581	98581	books_80057	books	пак попита алиса още по-силно
98583	98583	books_80059	books	каза лакея
98622	98622	books_80099	books	изпищя тя когато едно необикновено голямо блюдо прелетя много наблизо до него и насмалко щеше да го отнесе
98627	98627	books_80104	books	оса ли
98633	98633	books_80110	books	двайсет и четири часа струва ми се
98637	98637	books_80114	books	киха пак проклетият хлапак за да те ядосва само пак
98645	98645	books_80122	books	трябва да се приготвя за играта с царицата и тя бърже напусна стаята
98646	98646	books_80123	books	готвачката захвърли един тиган подире й но той не я досегна
98748	98748	books_80228	books	няма място
98755	98755	books_80235	books	покани я мартенския заек
98767	98767	books_80247	books	шапкаря отвори широко очи като чу това ала каза само
98777	98777	books_80257	books	това и правя бърже отвърна алиса
98801	98801	books_80281	books	какъв смешен часовник
98832	98832	books_80312	books	може би не предпазливо отвърна алиса
98840	98840	books_80320	books	де да беше
98856	98856	books_80336	books	едвам бях свършил първия куплет когато царицата скочи и извика
98885	98885	books_80365	books	каза алиса
98891	98891	books_80371	books	хранели се със сироп
98916	98916	books_80396	books	няма да ви прекъсвам
98929	98929	books_80409	books	само шапкаря спечели като се премести
98932	98932	books_80413	books	откъде черпели сиропа
98943	98943	books_80424	books	попита алиса
98947	98947	books_80428	books	по това време катерицата бе вече затворила очи и заспиваше
98948	98948	books_80429	books	но шапкаря я ощипа тя пак се събуди извика слабо и продължи
98988	98988	books_80469	books	каза пет
99021	99021	books_80502	books	а кои са тия
99036	99036	books_80517	books	и тримата градинари завчас скочиха на крака и почнаха да се кланят на царя и на царицата на царските деца и на другите
99047	99047	books_80528	books	нищо няма да ви направят
99053	99053	books_80535	books	извика царицата
99094	99094	books_80579	books	тя не беше се скарала още с царицата но знаеше че всеки миг това може да се случи
99123	99123	books_80609	books	котките могат да гледат царе
99127	99127	books_80613	books	царицата знаеше само един начин за да премахва мъчнотиите големи и малки
99177	99177	books_80663	books	си помисли алиса
99242	99242	books_80729	books	ела тогаз
99274	99274	books_80763	books	седнете и не казвайте нито дума докато не свърша
99282	99282	books_80771	books	и от непрестанното силно хълцане на лигавата костенурка
99285	99285	books_80774	books	когато бяхме малки добави
99312	99312	books_80801	books	отговори алиса
99317	99317	books_80806	books	възмути се алиса
99326	99326	books_80815	books	чешене и пискане разбира се
99329	99329	books_80818	books	поправи я грифона
99351	99351	books_80840	books	постоянно се ровеше и четеше в една книга на която заглавието беше обир и ливада
99368	99368	books_80858	books	как така
99409	99409	books_80901	books	трябва да е много хубав танц
99410	99410	books_80902	books	искаш ли да го видиш
99416	99416	books_80908	books	може знаеш и без раците
99424	99424	books_80916	books	чуеш конят морски ох
99476	99476	books_80969	books	все едно съгласи се грифона
99503	99503	books_80996	books	обясни това рече лигавата костенурка
99510	99510	books_81003	books	слушателите й запазиха пълно мълчание докато разправи как бе повторила пред гъсеницата татко уилям и как всички думи се бяха изменили
99527	99527	books_81021	books	но пред него щом акула гладна се намери и гласът му плахо плахо почва да трепери
99529	99529	books_81023	books	аз пък не съм го слушала никога рече
99594	99594	books_81097	books	пошушна алиса на грифона
99601	99601	books_81104	books	на какво ли ще заприличат плочите им докато делото се свърши
99606	99606	books_81110	books	а туй беше безсмислено защото пръстът не оставяше никакъв белег на плочата
99615	99615	books_81119	books	прекъсна го бърже заека
99662	99662	books_81166	books	разбира се пчелата бръмчи
99678	99678	books_81182	books	трябва да си спомниш забеляза царя инак ще заповядам да те обезглавят
99688	99688	books_81192	books	тук другото гвинейско прасе започна да ръкопляска но биде незабавно възпрепятствано
99691	99691	books_81195	books	по-добре бих сторил да изпия чая си каза шапкаря и погледна угрижено
99722	99722	books_81226	books	представете си нейното учудване когато белия заек прочете гласно със своя дрезгав тънък гласец
99742	99742	books_81246	books	някои от съдебните заседатели записаха важно а други маловажно
99788	99788	books_81294	books	попита той
99816	99816	books_81322	books	и нека всичко туй остане в тайна
99823	99823	books_81329	books	изглеждам ли че мога
99829	99829	books_81336	books	нищо не може да бъде по-ясно от това
99839	99839	books_81346	books	не не
99843	99843	books_81350	books	как може решението първо
99874	99874	books_81382	books	и сега преждата лежеше развита и объркана а в средата й котето гонеше опашката си
99898	99898	books_81406	books	не можеш да отречеш това кити чух те
99912	99912	books_81420	books	какво ли ще ми направят на края на годината
99918	99918	books_81427	books	чуваш ли как пада снегът по прозореца кити
99922	99922	books_81431	books	после той ги покрива знаеш с бяло одеяло и може би им казва
99942	99942	books_81451	books	и да знаеш че ако не си послушна прибави тя ще те сложа в огледалната къща
99959	99959	books_81468	books	сигурна съм че в нея има о такива чудесни неща
99971	99971	books_81480	books	но в същия миг извика о
99978	99978	books_81487	books	алиса я наблюдаваше с голямо любопитство за да разбере какво ще стане по-нататък
99985	99985	books_81494	books	каза царя като си потърка носа който беше ударил при падането
99991	99991	books_81500	books	пази се от вулкана
99992	99992	books_81501	books	какъв вулкан
99997	99997	books_81506	books	както си тръгнал ще ти трябват часове и часове докато стигнеш до масата
100004	100004	books_81513	books	извика тя забравила напълно че царя не може да я чуе
100034	100034	books_81543	books	и ако я сложа пред огледалото думите ще се покажат в правилния си вид
100035	100035	books_81544	books	стихотворението което алиса прочете беше следното
100047	100047	books_81556	books	замислен край митичната река
100091	100091	books_81601	books	как бих искала да можехте да говорите
100104	100104	books_81614	books	алиса никак не обичаше да я критикуват и затова почна да задава въпроси
100192	100192	books_81704	books	време ти е вече да отговаряш
100203	100203	books_81716	books	черната царица поклати глава
100221	100221	books_81734	books	това може лесно да се нареди
100242	100242	books_81755	books	ами че ние го отминахме преди десет минути
100256	100256	books_81769	books	отвърна царицата
100262	100262	books_81775	books	знам какво ще ти хареса
100314	100314	books_81831	books	и пак хорът гласове продължи
100319	100319	books_81836	books	и отново хорът гласове продължи човекът който кара машината
100345	100345	books_81867	books	можеш да си направиш една игрословица от това каза гласчето на ухото й
100359	100359	books_81881	books	всъщност тя искаше да разбере дали то хапе или не но си помисли че няма да е възпитано да попита направо
100375	100375	books_81897	books	кои насекоми обичаш най-много в страната от която идеш
100390	100390	books_81912	books	най-напред имаме
100416	100416	books_81939	books	но това трябва да се случва много често каза замислено алиса
100431	100431	books_81954	books	ако ти каже
100461	100461	books_81985	books	искам да си спомня ако мога
100465	100465	books_81990	books	тъкмо в този миг се появи едно скитащо сърне
100478	100478	books_82003	books	алиса помисли пак но нищо не й дойде на ума
100512	100512	books_82037	books	ако мислиш че сме живи трябва да ни заговориш
100530	100530	books_82055	books	и ако би било тъй щеше да е така
100532	100532	books_82057	books	това поне е ясно
100541	100541	books_82066	books	което и направи
100643	100643	books_82171	books	да можеше да имаме сега
100665	100665	books_82193	books	ти мажеш маслото като с тесла
100687	100687	books_82215	books	въпросът беше труден
100691	100691	books_82219	books	но тя се уплаши не на шега когато шумът започна да прилича повече на рева на див звяр
100704	100704	books_82232	books	само да не се простуди както е легнал на влажната трева
100711	100711	books_82239	books	и ако престане да те сънува къде мислиш че ще отидеш
100729	100729	books_82257	books	истинска съм
100766	100766	books_82294	books	но туидълди не успя и накрая се търкулна увит в чадъра от който се подаваше само главата му
100775	100775	books_82303	books	всички тия неща трябва да влязат по някакъв начин в работа
100787	100787	books_82315	books	туидълди погледна часовника си
100812	100812	books_82342	books	и колко бързо се приближава
100821	100821	books_82351	books	пета глава
100862	100862	books_82392	books	правилото е мармалад утре и мармалад вчера никога мармалад днес
100863	100863	books_82393	books	все пак някой път ще дойде и мармалад днес
100872	100872	books_82402	books	повтори крайно учудена алиса
100896	100896	books_82426	books	извика тържествуваща царицата
100915	100915	books_82445	books	докато тя казваше последните думи брошката наистина се разкопча царицата я грабна и се опита да я затвори
100951	100951	books_82481	books	това не мога да повярвам
100957	100957	books_82487	books	няма смисъл да опитвам каза тя
100972	100972	books_82502	books	гласът й ставаше все по-креслив като продължи
101002	101002	books_82533	books	вълна вълна
101051	101051	books_82583	books	забеляза тя когато алиса сядаше на мястото си доволна че се намира все пак в лодката
101126	101126	books_82674	books	аз съм човек който е разговарял с цар
101130	101130	books_82678	books	за малко не падна от стената
101135	101135	books_82683	books	надали ще мога да си я спомня
101141	101141	books_82691	books	мислех че ме попитахте на колко си години
101144	101144	books_82695	books	доста неудобна възраст
101146	101146	books_82697	books	но сега вече е много късно
101155	101155	books_82707	books	да знаех само помисли тя кое е вратът и кое кръстът му
101157	101157	books_82710	books	извънредно обидно е когато някой не може да различи вратовръзка от колан
101168	101168	books_82723	books	не знаеш какво говориш
101174	101174	books_82731	books	по-добре да го видя написано каза той
101210	101210	books_82775	books	съвсем окласни бяха тук щурпите
101228	101228	books_82794	books	наричат се пли защото се намират при часовниците отпред и отзад
101235	101235	books_82801	books	страх ме е че ви създавам големи неприятности с тези обяснения
101281	101281	books_82851	books	тук някой дойде с новината
101283	101283	books_82853	books	аз наредих му строго просто
101297	101297	books_82867	books	след това настъпи дълго мълчание
101348	101348	books_82922	books	мразя го със с защото е страшен
101361	101361	books_82936	books	един да донася друг да отнася
101374	101374	books_82949	books	алиса се зарадва като забеляза че сеното го оживи доста
101386	101386	books_82961	books	правя каквото е по силите ми
101395	101395	books_82970	books	пак почнаха
101544	101544	books_83120	books	тя за малко не падна от главата на бедния цар толкова се разтрепери той
101552	101552	books_83128	books	около града ли
101566	101566	books_83142	books	това изглеждаше глупост но алиса стана покорно поднесе чинията и баклавата сама се раздели на три парчета докато я поднасяше
101568	101568	books_83144	books	каза еднорога когато алиса се върна на мястото си с празната чиния
101569	101569	books_83145	books	чудовището даде на лъва двойно по-голямо парче отколкото на мене
101592	101592	books_83169	books	извика конника и падна от коня
101596	101596	books_83173	books	хей хей
101607	101607	books_83184	books	чудно ми е какви ли са тия правила на боя си казваше тя като наблюдаваше битката надничайки плахо от скривалището си
101615	101615	books_83192	books	друго правило на боя което алиса не можа да забележи се състоеше в това че конниците падаха винаги на главите си
101645	101645	books_83222	books	но вие имате нещо като кошер закачен на седлото
101651	101651	books_83228	books	тъкмо се чудех защо ви е този капан
101652	101652	books_83229	books	не е много за вярване че на гърба на коня ще се завъди някоя мишка
101654	101654	books_83231	books	но ако би се завъдила не искам да ми тича наоколо
101666	101666	books_83243	books	тя ще ни потрябва ако намерим по пътя някой сладкиш
101669	101669	books_83247	books	много е тясна знаеш каза той когато най-после напъха чинията
101673	101673	books_83251	books	като на всички хора отвърна усмихнато алиса
101695	101695	books_83273	books	и тъй като падаше обикновено към страната където вървеше алиса тя скоро разбра че най-умното е да не върви твърде близо до коня
101722	101722	books_83300	books	настъпи кратко мълчание
101724	101724	books_83302	books	много ме бива да измислям разни неща
101757	101757	books_83335	books	аз се движех с всички видове бързина уверявам те
101790	101790	books_83368	books	алиса гледаше озадачено
101796	101796	books_83374	books	дълга е отговори конника
101812	101812	books_83390	books	песента се нарича начини и средства но тя само се нарича така знаеш
101814	101814	books_83392	books	запита алиса която този път беше съвсем объркана
101815	101815	books_83393	books	тъкмо това исках да ти кажа рече конника
101823	101823	books_83401	books	ще ти разкажа туй което мога
101827	101827	books_83405	books	ти кой си о старик
101840	101840	books_83418	books	но аз замислях умен план
101894	101894	books_83473	books	аз се разплаквам тъй като си спомням
101939	101939	books_83519	books	тя се изправи и започна да се разхожда като вдървена понеже се страхуваше да не й падне короната
101954	101954	books_83534	books	изпъшка бялата царица като кършеше пръсти
102015	102015	books_83595	books	а знаете ли вие аритметичните действия
102019	102019	books_83599	books	но не мога да изваждам в никакъв случай
102021	102021	books_83601	books	каза черната царица
102047	102047	books_83629	books	алиса помисли че най-после е намерила начин да излезе от затруднението
102062	102062	books_83646	books	вие трябва да сте много бедни във вашата страна
102094	102094	books_83680	books	но алиса не се реши да направи това
102137	102137	books_83724	books	алиса се обърна готова да се скара на когото и да било
102142	102142	books_83729	books	алиса усети как се засилва ядът й от проточения му говор
102143	102143	books_83730	books	тази врата разбира се
102152	102152	books_83739	books	аз говоря струва ми се човешки
102173	102173	books_83760	books	дали ги брои някой
102191	102191	books_83778	books	най-после черната
102203	102203	books_83790	books	не е възпитано да режеш някого на когото си била представена
102210	102210	books_83797	books	изнесете сладкиша
102221	102221	books_83808	books	сладкиша говореше с дебел мазен глас и алиса не можа нищо да отвърне
102239	102239	books_83826	books	я сега да сготвиш рибата
102270	102270	books_83857	books	всички свещи пораснаха до тавана и заприличаха на леха от тръстики с бенгалски огньове на върха
102286	102286	books_83874	books	но черната царица не се противеше
102311	102311	books_83899	books	трябва да знаеш че миеш с език една бяла царица
102313	102313	books_83901	books	ами в какво се беше превърнала дайна
102358	102358	books_83956	books	като запазва индивидуалния характер на всяко едно от животните лафонтен рисува чрез тях и различни човешки характери дава ни картината на цялото човешко общество
102366	102366	books_83966	books	аз животните възпях
102371	102371	books_83971	books	лесно с кучето говори
102378	102378	books_83978	books	и на сцената са пак
102413	102413	books_84013	books	след време се явил
102455	102455	books_84055	books	първият веднага почнал да се хвали
102475	102475	books_84075	books	съответствате с песен и дума
102490	102490	books_84090	books	аз тъкмо бях поел в огромния ни двор
102523	102523	books_84123	books	а звярът гръмогласен
102603	102603	books_84207	books	една особена кокошка скъперник някакъв държал
102606	102606	books_84210	books	съкровище богато
102607	102607	books_84211	books	се крие в нея си помислил той
102636	102636	books_84240	books	и седна на трапезата в прекрасно настроение
102643	102643	books_84247	books	тази храна не стигна
102669	102669	books_84274	books	с походката си славна
102678	102678	books_84283	books	после погледна и о боже до финала
102694	102694	books_84299	books	щеше му се ей така да се помотка
102734	102734	books_84344	books	двете кози
102743	102743	books_84353	books	тъй се озовали пред дълбок
102749	102749	books_84359	books	запристъпвали така
102751	102751	books_84361	books	над зиналата пропаст
102788	102788	books_84398	books	се бе запътил бос на рамо с арбалет
102907	102907	books_84518	books	сърцето ми
102913	102913	books_84525	books	с проекта си да почне да греши
102950	102950	books_84562	books	веднага гарванът се стрелна
102980	102980	books_84592	books	озърна се и ето
102990	102990	books_84602	books	плъхът и във торбата загриза дупка смело
103016	103016	books_84628	books	комуто стане той е предводител
103060	103060	books_84676	books	най-малкият момък чевръст
103082	103082	books_84698	books	ту дела ту кредитори ту пък скандали
103089	103089	books_84706	books	а съседи кредитори пак ги нагъват
103108	103108	books_84725	books	невестулките под строй
103113	103113	books_84730	books	паднали бойци безчет
103150	103150	books_84767	books	гордите ги чака смърт
103162	103162	books_84779	books	и срещу нея още няма цяр
103163	103163	books_84780	books	от козните й да ви пази бог
103164	103164	books_84781	books	разказвайки урока й жесток
103165	103165	books_84782	books	не искам да ви нараня с това
103180	103180	books_84798	books	тъй смятал да се приобщи към нас
103224	103224	books_84843	books	пред юпитера си тържествен
103228	103228	books_84847	books	подобно този скулптор прави
103269	103269	books_84890	books	май тепърва
103273	103273	books_84894	books	с летописка страст да изкове
103280	103280	books_84901	books	ту пък полумъртво пиле
103283	103283	books_84904	books	научи ме твойте хватки братко мили
103315	103315	books_84936	books	тази глупава идея
103319	103319	books_84940	books	и най-изкусна маскировка
103429	103429	books_85050	books	за тях сега
103430	103430	books_85051	books	изглежда бог ги тачи
103459	103459	books_85080	books	и той ще дойде да царува из нашите мочури
103486	103486	books_85108	books	за яростна разплата
103509	103509	books_85131	books	изпръскал с мръсна капка на юпитер хитона
103541	103541	books_85165	books	и ето го разцепва с рев околността
103584	103584	books_85212	books	вие знаете моя произход и ум
103606	103606	books_85234	books	и развързал веднага добичето кротко
103635	103635	books_85263	books	викнал тъй мелничарят
103637	103637	books_85265	books	по-добре пак пеша белким стигнем накрая
103672	103672	books_85302	books	пред тебе ще изляза
103683	103683	books_85314	books	съдбата на гърнето
103697	103697	books_85328	books	няма да е проблем въобще
103726	103726	books_85357	books	в короната ми блестят диаманти като звезди
103744	103744	books_85375	books	тогава пак ме уловете
103818	103818	books_85451	books	за порция двойна
103868	103868	books_85502	books	че другаде ще имат други мира
103896	103896	books_85531	books	не искам вече да го зная
103907	103907	books_85542	books	на човека враговете
103963	103963	books_85602	books	тя веднага разлюля
103981	103981	books_85620	books	доразпасва се човек
103996	103996	books_85635	books	връз главите ни олимп
104012	104012	books_85651	books	не мигвам не подгъвам крак
104023	104023	books_85662	books	когато всичко живо бе похлупил сън дълбок
104030	104030	books_85669	books	а при лъчите на зората
104031	104031	books_85670	books	видя се че е всичко друго разкъсала без жал
104066	104066	books_85706	books	последен лягай заключи тъй както се полага
104095	104095	books_85736	books	квакането им тресеше
104108	104108	books_85749	books	един човек
104129	104129	books_85771	books	аз следвам твоите уроци я се виж
104202	104202	books_85845	books	обижда ги логичното
104216	104216	books_85859	books	изскочил малък плъх съвсем обезумял от страх
104222	104222	books_85865	books	бе с мрежи си съоръжил един ловец капана
104263	104263	books_85906	books	старецът и магарето
104281	104281	books_85924	books	паунът се оплака на юнона
104307	104307	books_85950	books	така че спри да хленчиш или ще те накажа
104327	104327	books_85970	books	разнесло новината
104340	104340	books_85983	books	аз ще ви пренеса
104353	104353	books_85996	books	накрая ще река
104373	104373	books_86016	books	пък аз не бързам да улуча
104381	104381	books_86024	books	това ми е талантът той едва ли ще ви слиса
104399	104399	books_86042	books	и викна горко да се вайка
104431	104431	books_86076	books	нерядко лакомият мами
104450	104450	books_86096	books	дължи се на един мундир
104460	104460	books_86108	books	с отворени очи и нощем спя дори
104470	104470	books_86118	books	животното обзето от тревога
104555	104555	books_86205	books	половината товар за теб ще е шега
104559	104559	books_86209	books	принуден бе да мъкне той товара
104560	104560	books_86210	books	на клетото ослякнало магаре
104591	104591	books_86242	books	от теб чудесен пир ще стане
104608	104608	books_86259	books	демократическият строй
104641	104641	books_86292	books	не може никой да ви разбере
104668	104668	books_86320	books	преди на работа да тръгне сутринта
104697	104697	books_86350	books	роднините си майко за жътва ще покани
104740	104740	books_86393	books	не всеки може да цери
104754	104754	books_86408	books	да дойдат да го посетят
104755	104755	books_86409	books	посланици по своя воля
104757	104757	books_86411	books	да се държи като баща
104782	104782	books_86437	books	въпреки че изглеждаше добричък честна дума
104787	104787	books_86442	books	той беше на пет години и силен като биче и живееше в стопанството катхулт в село льонеберя в областта смоланд
104856	104856	books_86514	books	той хвана двете дръжки на супника и с всичка сила го вдигна право нагоре но защо ли
104877	104877	books_86535	books	човек не може всеки ден да спести цяла крона
104885	104885	books_86544	books	ще ти се размине миенето на ушите емиле каза тя и започна да духа пръста си
104925	104925	books_86584	books	попита дядката
105019	105019	books_86683	books	просто направих така
105033	105033	books_86699	books	но може би ви се иска да узнаете нещо и за
105034	105034	books_86701	books	когато емил качи малката ида на мачтата за знамето
105053	105053	books_86721	books	смятам че ще стане една весела и приятна гощавка рече майката на емил на лина когато останаха насаме в кухнята
105083	105083	books_86751	books	после хвана здраво въжето с двете си ръце
105118	105118	books_86792	books	ето и сега татко му го хвана здраво за рамото и го разтърси
105123	105123	books_86797	books	ама тя искаше да види
105126	105126	books_86800	books	а да не беше той виновен че тя не можа да види по-далеч от льонеберя
105146	105146	books_86820	books	тогава емил започна да обмисля някакъв начин да се измъкне сам
105155	105155	books_86829	books	да не съм луд
105169	105169	books_86843	books	емил никога не се двоумеше след някое от своите чудесни хрумвания
105174	105174	books_86848	books	изкрещя емил и почна да пада
105178	105178	books_86852	books	рече емил
105180	105180	books_86854	books	после изтича до вратата и я провери
105181	105181	books_86855	books	беше заключена
105185	105185	books_86859	books	хубаво миришеше в килера
105205	105205	books_86879	books	никой не е стъпвал там по-точно никой човешки крак
105217	105217	books_86891	books	угощението можеше и да почака
105219	105219	books_86893	books	той просто трябва да е в дърводелската барака не го ли проумяваш
105222	105222	books_86896	books	имаше само петдесет и пет малки дървени човечета строени върху една полица
105225	105225	books_86899	books	какво добро момченце беше
105247	105247	books_86921	books	потокът който минаваше през катхулт беше буен разпенен и опасен малки деца можеха лесно да се удавят в него
105250	105250	books_86924	books	именно заради туй
105259	105259	books_86933	books	госпожа петрел се облиза
105264	105264	books_86938	books	тичай бързо да я донесеш
105266	105266	books_86940	books	всички зачакаха с трепет а госпожа петрел кимна доволно
105327	105327	books_87006	books	развика се той
105330	105330	books_87009	books	да емил обичаше пушката си но още повече обичаше алфред който му издялка пушката
105341	105341	books_87020	books	ето какво запя той
105355	105355	books_87036	books	а на мен ми се струва много забавно да се загубя в навалицата възрази
105368	105368	books_87049	books	хитро беше момчето не може да се отрече
105376	105376	books_87059	books	куца кобила яздя аз
105418	105418	books_87101	books	щом войниците завършиха показното учение и си отмаршируваха цялото голямо поле изведнъж се натъпка с хора
105461	105461	books_87145	books	по онова време имаше много бедни деца които нямаха какво да ядат и ето че една добродушна лелка пристъпи към емил и го попита
105468	105468	books_87152	books	вместо при селянина той отиде да си купи цяла камара сандвичи и кифли и пасти и сироп
105491	105491	books_87175	books	сигурно искаше да провери колко е припечелила от брадата си през този неделен ден в хултсфред
105499	105499	books_87183	books	но брадатата дама не успя да отговори
105503	105503	books_87187	books	вмъкнал се в палатката без да го забележат
105508	105508	books_87192	books	и за щастие
105538	105538	books_87223	books	в същия миг чуха че някой приближава тичешком и този някой бе много задъхан
105597	105597	books_87285	books	тогава майката на емил изгледа лина продължително и строго докато лина разбра че е казала голяма глупост
105623	105623	books_87313	books	но алфред ратаят в катхулт много обичаше емил никой не знае защо пък и емил обичаше алфред
105625	105625	books_87315	books	веднъж алфред издялка на емил дървена пушка нали е много мило от негова страна
105629	105629	books_87319	books	сега запомнихте ли кой живееше в катхулт
105659	105659	books_87354	books	ако мишката види капана щом като си подаде носа от дупката сигурно ще се усъмни и изобщо няма да се хване
105676	105676	books_87371	books	нали винаги седеше там след като направеше своите пакости
105707	105707	books_87403	books	но той се надигна тромаво от тревата и най-сетне успя да нададе вой отначало заглушен от кървавицата но после оглуши цяла льонеберя
105712	105712	books_87408	books	охохох какво нещастие
105722	105722	books_87422	books	именно затуй играта се наричаше така и беше много забавна игра поне тъй смятаха емил и ида
105724	105724	books_87424	books	той много добре знаеше че лина има гъдел
105743	105743	books_87444	books	съвсем другояче беше си представял своя стотен юбилей
105760	105760	books_87462	books	тогава се усмихна добродушно
105795	105795	books_87497	books	емил беше твърд като камък
105884	105884	books_87591	books	сега седеше в скута на татко си и управляваше като истински кочияш да да това момче умееше да държи юздите
105915	105915	books_87623	books	този колко струва
105932	105932	books_87640	books	емил нямаше време да възрази
105959	105959	books_87668	books	имаха си храна в едно сандъче в колата
105967	105967	books_87677	books	госпожа петрел беше една от най-изисканите госпожи във вимербю та изглеждаше малко странно че кани семейството от катхулт на обяд
106077	106077	books_87787	books	а знаете ли защо се ядосваха
106083	106083	books_87793	books	търговецът на коне от молила който беше купил коня лека полека се разлютяваше все повече
106122	106122	books_87833	books	момчето си заслужи коня
106141	106141	books_87852	books	господарят се залови да впряга коня
106184	106184	books_87895	books	готфрид хукна подире му защото и без друго не можеше да говори с татко си както беше целият покрит със сметана
106237	106237	books_87948	books	какъв гръб какъв крак
106296	106296	books_88025	books	сопна се емил
106300	106300	books_88030	books	няма значение казваше алфред
106302	106302	books_88032	books	но емил никак не трепереше
106340	106340	books_88074	books	нали има храна пък ще гледам да не напипат кибрита или нещо друго
106345	106345	books_88079	books	сега ще стане весело
106374	106374	books_88111	books	той най-често отиваше там защото нали там живееше алфред пък и майката на емил която беше толкова мила с бедните
106376	106376	books_88113	books	командоршата скрила храната в един шкаф на тавана където по това време на годината било студено и подходящо
106381	106381	books_88118	books	заявила тя
106398	106398	books_88135	books	слушай емиле обади се малката
106439	106439	books_88177	books	но представете си само каква вещица беше взе че заключи вратата отвън и пъхна ключа в торбата
106461	106461	books_88200	books	всички с изключение на салия амалия
106541	106541	books_88281	books	хайде занесете й го
106546	106546	books_88286	books	в катхулт имаха дърварска шейна голяма и дълга която наричаха влекача
106587	106587	books_88327	books	а към катхулт потеглиха емил и алфред и малката ида под светлината на луната и блясъка на звездите
106593	106593	books_88333	books	в моята яма има вълк
106607	106607	books_88347	books	с няколко скока се озова до ямата преди другите
106669	106669	books_88410	books	не виждаш ли че туй наистина е командоршата
106684	106684	books_88425	books	толкова по-добре че поседя тук та да си припомниш
106687	106687	books_88428	books	те спяха сега нейните сиромаси във въшлясалите си легла и командоршата за нищо на света не искаше да ги събуди
106706	106706	books_88447	books	отдавна си мислех да ти кажа нещо
106745	106745	books_88486	books	най-сетне чекмеджето така се натъпка с тетрадки че едва можеше да се издърпа
106749	106749	books_88490	books	попита тя учудено
106759	106759	books_88500	books	всъщност
106761	106761	books_88502	books	не може да се изобразява свещеникът по такъв начин каза майката на емил
106772	106772	books_88515	books	това накара лина да млъкне
106807	106807	books_88551	books	възкликна емил
106813	106813	books_88557	books	през цялата тълпа премина някакъв шепот когато емил и лукас се втурнаха в двора и мнозина си казаха под мустак
106816	106816	books_88560	books	за щастие намери се една стара селянка която предложи четири та емил се отърва от кревата
106851	106851	books_88595	books	обаче тогава
106869	106869	books_88613	books	трябва да внимаваме да не дойде някой да ги притесни
106886	106886	books_88630	books	двойно по-дълго ще стоиш в дърводелската барака да го знаеш
106888	106888	books_88632	books	куцата лота стана негова кокошка каквото и да мислеше татко му по този въпрос
106927	106927	books_88672	books	ще има и други търгове оставете и за тях малко кръв
106936	106936	books_88682	books	един подир друг ратаите подаваха подути учудени лица от камарата и бавно се изправяха на крака
106952	106952	books_88698	books	дойдоха и други хора да помагат но рола не искаше да вижда нито един селянин в стопанския двор и го опразни до последния човек
106962	106962	books_88708	books	ако и без това искаш да я застреляш защо не ми я дадеш на мен
106974	106974	books_88720	books	това момче от катхулт не било чак толкова глупаво
106980	106980	books_88726	books	майката на емил се втурна навън и малката
107002	107002	books_88748	books	това ти е от куцата лота
107019	107019	books_88765	books	възмути се лина
107021	107021	books_88768	books	смъмри я майката на емил и затръшна вратичката на фурната подир последния хляб
107079	107079	books_88830	books	ако някога сте ходили из гората в смоланд в някое ранно неделно утро през юни тогава веднага ще си спомните колко е хубаво
107082	107082	books_88835	books	тифис е страшна болест каза тя
107113	107113	books_88869	books	но нищо не стана
107134	107134	books_88890	books	не искам
107146	107146	books_88902	books	и какъвто беше находчив емил бързо намисли как ще стане всичко
107167	107167	books_88923	books	лина пак се завайка и затвори очи
107177	107177	books_88933	books	алфред си легна да спи в тревата под крушата и в момента
107218	107218	books_88982	books	къде е емил
107268	107268	books_89033	books	горкото свинско мъниче тюхкаше се тя сигурно скоро ще умре
107292	107292	books_89057	books	много ми идва отръки да чеша прасета казваше той
107305	107305	books_89071	books	попита тя любопитно
107326	107326	books_89093	books	емил прекара целия ден в тревоги за мъничето и извърши само няколко прости дребни пакости които никой не забеляза
107350	107350	books_89117	books	човек наистина можеше да се запита как си я мислеше таткото на емил къде би могъл
107360	107360	books_89127	books	опазил ме бог
107371	107371	books_89139	books	прави каквото щеш
107377	107377	books_89145	books	какъвто си беше послушен емил веднага тръгна
107418	107418	books_89187	books	на емил не му оставаше нищо друго освен да й устрои колкото е възможно по-бързо едно тържествено погребение
107428	107428	books_89199	books	как можа да й хрумне на мама че такива вкусни череши трябвало да се заровят
107433	107433	books_89204	books	замислено налапа още няколко череши а след това още няколко
107436	107436	books_89207	books	лина я виж дали емил не е при
107450	107450	books_89221	books	какво му е на емил
107471	107471	books_89243	books	изхлипа ида
107486	107486	books_89258	books	съветвам те да не го правиш
107503	107503	books_89276	books	когато емил и майка му потеглиха мъничето се втурна подире им и искаше да ги придружи
107507	107507	books_89280	books	цяла льонеберя искаше да присъствува за да насочи емил към трезвеност
107521	107521	books_89294	books	и то би трябвало да даде обет за трезвеност защото яде повече череши от мен
107525	107525	books_89298	books	всички така се увлякоха да гледат
107529	107529	books_89302	books	слушай мъниче това важи и за теб
107590	107590	books_89364	books	помислиха най-малко че колят таткото на емил
107595	107595	books_89369	books	събуди се емиле
107641	107641	books_89420	books	амин амин дай боже
107698	107698	books_89479	books	горкият татко на емил
107732	107732	books_89513	books	затова няма да вика за помощ
107737	107737	books_89518	books	тогава той зърна баща си
107770	107770	books_89553	books	че прасето си ще мушна
107771	107771	books_89554	books	и кат го мушна ще пищи
107828	107828	books_89614	books	алфред ще трябва цял ден да рине сняг
107844	107844	books_89630	books	емил се разтревожи още повече
107887	107887	books_89681	books	така и стана
107965	107965	books_89764	books	водачът зяпна емил сякаш виждаше призрак а не затрупаното от сняг момче от катхулт в льонеберя
108009	108009	books_89810	books	това беше един от онези дни в които обичаше татко си
108013	108013	books_89814	books	но капакът беше изстинал и трябваше да се стопли отново
108047	108047	books_89851	books	това се отнасяше за теб емиле
108066	108066	books_89870	books	ами ако стане такъв председател на общинския съвет който прави пакости
108189	108189	books_90003	books	и бездруго никога не сме използвали целия замък
108193	108193	books_90007	books	но тоя въпрос скоро бе уреден и животът в замъка продължи съвсем както преди
108202	108202	books_90017	books	но тъй или инак матис смяташе че всичко което роня прави е несравнимо и друга като нея няма на земята
108207	108207	books_90022	books	бурка заклетият враг на матис
108212	108212	books_90027	books	те се биеха на живот и смърт за плячката и здравата се грабеха един друг ако през разбойническата клисура не минеха достатъчно коли
108223	108223	books_90039	books	научи се и да танцува
108228	108228	books_90044	books	също тъй гъвкава също тъй тъмноока и чернокоса
108241	108241	books_90058	books	да се пазиш от дивите витри от сивите джуджета и от разбойниците на бурка
108259	108259	books_90076	books	имаше предвид пропастта която разполовяваше матисовия замък
108262	108262	books_90079	books	тогава вече няма да правиш нищо повече издума матис и от гърдите му се изтръгна вопъл събрал сякаш цялата мъка на света
108264	108264	books_90081	books	тогава няма да се изтърколя в дяволското гърло
108269	108269	books_90087	books	дори огромният матисов замък не бе целият свят
108270	108270	books_90088	books	дори високата матисова скала беше целият свят не светът бе далеч по-голям
108276	108276	books_90094	books	виж ти просто не й се вярваше да има такива грамадни дървета и толкова буйни води при това истински как да не се засмееш
108283	108283	books_90101	books	никога не беше правила нещо по-весело
108310	108310	books_90128	books	и чак сега разбра колко опасни са те сивите джуджета от които матис я предупреди да се пази
108322	108322	books_90140	books	изчезвайте сиви джуджета
108325	108325	books_90143	books	матис мигом се озова там вдигна я в прегръдките си и тя плака в брадата му докато той я отнасяше у дома в замъка
108331	108331	books_90149	books	затова най-сигурното е изобщо да не се боиш в матисовата гора
108350	108350	books_90168	books	нещата просто си ги имаше в света нали виждаше
108389	108389	books_90207	books	да тя беше сама но не й липсваше никой
108419	108419	books_90241	books	роня знаеше че не е единственото дете на света
108423	108423	books_90245	books	той все още не я виждаше
108424	108424	books_90246	books	роня го наблюдаваше как седи и тихичко се засмя за туй че го има
108525	108525	books_90348	books	ремъкът се впи в тялото й
108532	108532	books_90355	books	не трябва да скоча още веднъж
108552	108552	books_90375	books	тогава изкрещя
108572	108572	books_90395	books	и какви други дяволщини са станали за които аз не съм разбрал
108592	108592	books_90416	books	ако са ти полазили въшки кожуха няма да ти стане по-добре да лежиш тук и да хленчиш
108598	108598	books_90422	books	но нищичко не хапна
108626	108626	books_90450	books	матис постави стражи за през нощта не само при
108630	108630	books_90455	books	отивам да си легна ловис
108656	108656	books_90481	books	а краката й винаги бяха боси не обуваше нищо чак докато паднеше сняг
108696	108696	books_90521	books	трябва да узнае
108700	108700	books_90525	books	как се вмъкнахме ли
108729	108729	books_90555	books	то блестеше под слънчевата светлина и светеше като най-топло злато
108733	108733	books_90559	books	зъзнеща тя отново надяна коженото елече
108740	108740	books_90566	books	по-полека разбойническа щерко обади се бирк
108743	108743	books_90569	books	подвикна му тя и профуча нататък
108746	108746	books_90572	books	беше клекнал пред лисичата дупка където живееше нейното лисиче семейство
108749	108749	books_90575	books	наглеждаше ги още откакто през пролетта им се родиха малки
108811	108811	books_90637	books	нямаше защо да се страхува макар никога дотогава да не бе правила по-необичайно пътешествие
108937	108937	books_90770	books	матис се почувствува нещастен
108946	108946	books_90779	books	той гордо поглади черната си брада
108970	108970	books_90803	books	и докато това продължаваше заграбеното не беше много
108971	108971	books_90804	books	явно и бурковите разбойници имаха други грижи защото хората които тези дни минаваха през разбойническата клисура се чудеха какво става с разбойниците
109089	109089	books_90923	books	никой тя знаеше
109099	109099	books_90933	books	с креслив кикот витрата кацна до нея
109100	109100	books_90934	books	малко красиво момиче
109179	109179	books_91013	books	роня сестричке моя изрече бирк
109204	109204	books_91038	books	матис знаеше
109273	109273	books_91109	books	но да се чака беше трудно а роня много мразеше да стои затворена
109283	109283	books_91119	books	беше разрушила и скалата под него и затова подземният проход беше срутен по средата и засипан с каменни отломки
109291	109291	books_91127	books	роня вече не се мяркаше често в каменната зала
109310	109310	books_91146	books	та нали тя го ненавиждаше беше го пратила по дяволите и него и всички буркови разбойници
109343	109343	books_91179	books	после се втурна за да посрещне оня дето идеше
109344	109344	books_91180	books	който и да бе той трябваше да му се попречи да види какво е направила с камарата камъни
109360	109360	books_91196	books	макар че той винаги си изглеждаше така
109420	109420	books_91257	books	грабна дебелите къшеи хляб по един във всяка ръка и започна да яде
109439	109439	books_91277	books	почти не сме имали и вода
109451	109451	books_91289	books	бирк се засмя
109474	109474	books_91312	books	ще дойда с гребен за въшки и ще донеса от всичко по малко
109503	109503	books_91341	books	питаше роня
109538	109538	books_91379	books	като радостен вик пролетта се разпростря над горите около матисовия замък
109547	109547	books_91388	books	но матис упорито беше я задържал в къщи
109560	109560	books_91402	books	лежеше на слънце изтегнал се върху една каменна плоча
109564	109564	books_91406	books	трябваше да викна един пролетен вик инак щях да се пръсна
109574	109574	books_91416	books	да ще видя какво ще направя
109626	109626	books_91471	books	да не искаш да кажеш че този щурак ти се е нахвърлил когато си му подавала хляб
109635	109635	books_91480	books	можеш да го наречеш дивчо
109661	109661	books_91506	books	тогава и бирк избухна в смях
109706	109706	books_91552	books	но роня не виждаше какво смешно има
109729	109729	books_91576	books	тежко болен той лежеше в несвяст
109750	109750	books_91598	books	а защо това непременно трябва да стане с кървави стрели та да загинете всички преди да сте се спогодили
109773	109773	books_91621	books	тя погледна бирк и се разсмя
109800	109800	books_91648	books	знаеха откъде обикновено се появява яздешком матис и по кои пътеки броди бурка
109802	109802	books_91650	books	роня остави бирк да тръгне преди нея
109819	109819	books_91667	books	тя влетя припряно в каменната зала
109826	109826	books_91674	books	попита роня
109827	109827	books_91675	books	матис посочи
109852	109852	books_91702	books	сгълча пер черепа роня и я хвана за ръката
109866	109866	books_91716	books	ако кнотас не беше я подхванал щеше да се забие право в една от пръчките на леглото
109867	109867	books_91717	books	ала никой не можеше да се държи така с ловис без да си изпати
109876	109876	books_91726	books	застанала със скръстени ръце тя проследи как той и всичките му разбойници напуснаха каменната зала
109901	109901	books_91751	books	самата тя чуваше и виждаше повече отколкото можеше да понесе
109902	109902	books_91752	books	до матис стоеше бирк
109912	109912	books_91762	books	най-напред трябва да намеря безопасно място където да се заселим
109985	109985	books_91835	books	и това дете ще ми бъде върнато разбра ли бурка
110038	110038	books_91890	books	само веднъж крадешком го стрелна с крайчеца на окото си и видя един матис съвсем различен от оня баща който тя познаваше
110045	110045	books_91898	books	след като главатарят само лежеше при пер черепа с вперен в стената поглед ясно е че не можеха да излязат на грабеж
110046	110046	books_91899	books	наистина много жалко мислеха си те тъй като тъкмо по това време на годината през гората преминават повече пътници откогато и да било
110056	110056	books_91909	books	колко отдавна й се стори че е било
110080	110080	books_91933	books	в планините наоколо имаше няколко пещери но като мечата пещера нямаше друга
110092	110092	books_91945	books	да къде другаде да бъда
110103	110103	books_91956	books	накрая утихна и по дишането й се разбра че вече спи
110162	110162	books_92016	books	стана и взе вързопа
110166	110166	books_92020	books	видя среднощни тролове да танцуват под лунната светлина покачени върху голям каменен блок
110197	110197	books_92052	books	и тук шуми същият поток който чувах у дома
110200	110200	books_92055	books	огненочервено то изплува от утринните мъгли и грейна като пожар над близките и далечни гори
110212	110212	books_92068	books	роня дори не помнеше че през нощта е била тъжна
110218	110218	books_92074	books	останаха край огъня докато слънцето се изкачваше в небето долу под тях шумеше потокът а гората наоколо се пробуждаше
110225	110225	books_92081	books	попита роня
110245	110245	books_92101	books	ще трябва да го донесе днес ловис ще се погрижи за това вярвай ми
110291	110291	books_92147	books	с леки скокове те избягаха да пасат нейде другаде където щяха да бъдат оставени на мира
110328	110328	books_92185	books	тя весело подскачаше по пътечката пред бирк
110339	110339	books_92196	books	бирк се засмя
110358	110358	books_92215	books	бирк беше обрулил клонките на брезичката
110360	110360	books_92217	books	по пътеката след него оставаха кървави следи но това не го тревожеше
110401	110401	books_92259	books	ала ножа го нямаше
110449	110449	books_92308	books	с голямо удоволствие би й дал да го разбере
110459	110459	books_92319	books	ами какво ли яде бродещият из гората какво ли яде роня
110494	110494	books_92355	books	отказа се и тръгна да се прибира в пещерата колкото и да му горчеше самотата
110507	110507	books_92369	books	роня плачеше отчаяно но бирк бе обзет от най-дива радост
110518	110518	books_92380	books	и бирк хукна
110568	110568	books_92430	books	това мляко беше за малкото ти жребче въздъхна роня
110573	110573	books_92435	books	а бирк се зарадва на млякото
110619	110619	books_92482	books	бирк и роня вече започваха да се разбират с тях
110625	110625	books_92488	books	беше ред на бирк да дои и щурак и дивчо стояха съвсем наблизо и гледаха
110629	110629	books_92492	books	той я хвърли но не така лесно като миналия път
110632	110632	books_92495	books	надигна се съвсем невредима като разтъркваше натъртените си лакти
110643	110643	books_92506	books	гледай роня
110644	110644	books_92507	books	изкрещя бирк
110656	110656	books_92519	books	но щурак беше съвсем обезумял
110687	110687	books_92550	books	докато накрая роня не можа да изцеди от нея и капчица мляко и лиа ясно даде да се разбере че е време да спрат
110711	110711	books_92574	books	така витрата не можеше да докопа и двамата но те знаеха че в глупостта си щеше да се опита
110712	110712	books_92575	books	и именно това ги спаси
110723	110723	books_92586	books	вървяха ръка за ръка през гората и говореха ли говореха обзети от радостна възбуда след целия преживян ужас
110746	110746	books_92609	books	затова ли дойде
110766	110766	books_92629	books	дойде време да изпълни заръката на ловис а това бе тънка работа тя го беше предупредила и той се притесняваше
110769	110769	books_92632	books	вътре в пещерата нещо изтрака
110770	110770	books_92633	books	този който слушаше там държеше роня да знае това
110775	110775	books_92638	books	как е сега в матисовия замък
110776	110776	books_92639	books	и малък клипен отговори както си беше
110777	110777	books_92640	books	тъжно е вече в матисовия замък
110796	110796	books_92659	books	нито пък някой друг има право да го споменава когато той може да чуе
110802	110802	books_92665	books	щом матис продължава да не ме смята за свое дете няма
110804	110804	books_92667	books	благодаря отвърна малък клипен с такъв поздрав дори и пер черепа няма да посмее да се вести пред него
110819	110819	books_92682	books	послушай ме и ела
110863	110863	books_92727	books	та да съм винаги весела
110867	110867	books_92731	books	мисля си че ей там живеят среднощните тролове под оня грамаден камък отвърна роня
110881	110881	books_92745	books	а може би пък сивите джуджета поне веднъж са държали устата си затворена иначе дивите витри отдавна да са ни нападнали
110889	110889	books_92754	books	спускаха се с кръжене над потока като крещяха и виеха
110907	110907	books_92774	books	бирк къде си
110948	110948	books_92815	books	изведнъж усетиха силен тласък който ги разтърси
110994	110994	books_92862	books	сега той се отвръщаше от нея и й ставаше чужд о как го ненавиждаше заради това никога не беше изпитвала подобна ярост
111020	111020	books_92888	books	а и аз едвам издържам
111022	111022	books_92890	books	тя дълго мълча
111072	111072	books_92940	books	ами ти
111073	111073	books_92941	books	попита роня
111084	111084	books_92952	books	роня поклати глава
111086	111086	books_92954	books	няма да мога дори да се измъкна през вълчата прегръдка
111120	111120	books_92989	books	бирк пусна ведрото с вода на земята и здраво хвана роня за ръка
111135	111135	books_93005	books	би ли искала да тръгнеш след тях
111138	111138	books_93008	books	но пер черепа твърди
111139	111139	books_93009	books	какво казва пер черепа
111153	111153	books_93024	books	и най-сетне дъждът спря
111171	111171	books_93042	books	роня го изгледа ядосано
111172	111172	books_93043	books	как можеше да бъде толкова спокоен
111173	111173	books_93044	books	как можеше да говори тъй лекомислено
111179	111179	books_93050	books	друг огън
111180	111180	books_93051	books	та тя нямаше при кого да отиде
111231	111231	books_93102	books	горещо те моля роня върни се отново при мен у дома
111235	111235	books_93106	books	едва сега матис забеляза бирк и въздъхна тежко
111247	111247	books_93119	books	когато роня осъзна какво всъщност говори матис нещо в нея зачурулика
111260	111260	books_93133	books	попита матис
111300	111300	books_93173	books	всички освен щурак и дивчо
111319	111319	books_93192	books	тоя хапльо смята че управникът и стражниците накрая ще победят ако не се пазим
111334	111334	books_93207	books	когато хората се връщат у дома трябва да има някакъв салют
111340	111340	books_93214	books	ловис ще ми приготвиш ли голямата каца да се изкъпя
111358	111358	books_93232	books	дано и той да се е стоплил чак до пръстите на краката помисли тя и затвори очи
111409	111409	books_93286	books	според мен най-умно ще бъде да се сложи край на разбойническите грабежи
111430	111430	books_93308	books	и дните си минаваха а матис не се вслушваше в съветите на пер черепа
111440	111440	books_93319	books	така не може да продължава
111451	111451	books_93330	books	какъвто съм силен и храбър
111463	111463	books_93342	books	това обичаше да казва моята майка
111482	111482	books_93363	books	но когато спря да хърка бурка стовари коравата си кратуна с все сила върху носа на матис и от него бликна кръв
111502	111502	books_93383	books	бурка не тъгувай задето не ти провървя днес
111533	111533	books_93415	books	и роня обеща да мълчи
111534	111534	books_93416	books	тогава пер черепа улови малките й топли ръчички за да посгрее своите които бяха тъй студени и ето какво й разказа
111605	111605	books_93487	books	щом дойде моментът ще го намериш
111617	111617	books_93499	books	чуваше се само немощното хрипливо дишане на пер черепа
111622	111622	books_93504	books	макар че беше тъй уморен в последно време помисли си тя може би ще си отдъхне някъде другаде на някое незнайно място
111634	111634	books_93517	books	искаш ли да те прегърна за малко
111640	111640	books_93523	books	зимата напредваше вече заваля първият сняг и меките влажни снежинки се спускаха над ковчега докато матис и разбойниците го отнасяха на определеното място
111683	111683	books_93566	books	но чуден човек бе матис никога не се знаеше какво може да се очаква от него
111747	111747	books_93631	books	можем да го превърнем в къщичка на колела какво ще кажете
111749	111749	books_93633	books	иска ли питане
111778	111778	books_93662	books	непременно отвърна мъхеста брада
111780	111780	books_93664	books	но сега да опитаме шоколадовия сладолед
111819	111819	books_93704	books	няма как съжали маншон
111823	111823	books_93708	books	да вървим значи махна с ръка мъхеста брада
111865	111865	books_93750	books	вярно съгласи се полуобувка като все още покашлюкваше
111874	111874	books_93759	books	къде може тук да се стопли вода
111876	111876	books_93761	books	имам нагревател
111886	111886	books_93771	books	но мъхеста брада го прекъсна
111894	111894	books_93779	books	я слушай понечи да възрази полуобувка но нов пристъп на кашлица го задави
111895	111895	books_93780	books	и този път тъй здраво го раздруса че нещо изскочи из пазвата му и се търкулна на пода
111898	111898	books_93783	books	удиви се маншон
111906	111906	books_93791	books	какви горчиви мътилки си намислил да ми свариш по дяволите
111927	111927	books_93812	books	маншон зае мястото си зад кормилото
111976	111976	books_93863	books	но какво да направя невъзможно е да заобиколя няма откъде да се промъкна
111977	111977	books_93864	books	обръщай тогава назад махна с ръка мъхеста брада
112017	112017	books_93904	books	така изглежда във всеки случай
112055	112055	books_93942	books	в магазина вече няма мляко ридаейки отвърна младата жена
112072	112072	books_93959	books	кой би могъл да допусне че една майка ще се откаже от лековития чай от еленов мъх който тъй любезно й предложихме за детето
112082	112082	books_93969	books	вижте вижте
112096	112096	books_93983	books	може ли да разменим по някоя дума
112130	112130	books_94018	books	значи ето каква била работата промърмори мъхеста брада
112167	112167	books_94055	books	настана решителният момент
112168	112168	books_94056	books	котешкият концерт беше нещо замлъкнал
112206	112206	books_94094	books	давай газ
112250	112250	books_94138	books	маншон постоянно поддържаше такава скорост че котките да не изгубят мишката от погледа си
112269	112269	books_94157	books	само колелцата й малко са се изтъркали
112293	112293	books_94181	books	значи толкова е горчив
112303	112303	books_94192	books	каза полуобувка
112313	112313	books_94202	books	честно казано не ми се ще да сядам пак зад волана
112383	112383	books_94273	books	отварата от еленов мъх я премахна с един замах
112396	112396	books_94286	books	пълна тишина
112452	112452	books_94342	books	къде гори
112465	112465	books_94355	books	обади се полуобувка
112512	112512	books_94402	books	докато кихнеш и вече си в следващия град
112564	112564	books_94454	books	почеркът ми е напълно непознат
112566	112566	books_94456	books	многоуважаеми маншон
112594	112594	books_94484	books	разсъждаваше той
112595	112595	books_94485	books	него го интересува котешката напаст изобщо а ние трябва да хванем именно алберт
112602	112602	books_94492	books	котешкият страж
112630	112630	books_94520	books	в смисъл че открих отвърна мъхеста брада
112692	112692	books_94584	books	оставили са ги на стража за да не попречат някои неканени гости
112701	112701	books_94593	books	а полуобувка се опита да гледа с едното око първата котка а с другото втората
112731	112731	books_94624	books	недоумяваше и маншон
112763	112763	books_94656	books	макар мъхеста брада да изпита угризения че е тъй безчувствен към една играчка заръча на полуобувка с много строг глас
112765	112765	books_94658	books	без добра стръв изобщо не се мяркай насам
112779	112779	books_94672	books	за щастие в автофургона се намери и едното и другото
112807	112807	books_94701	books	нито една птича песен
112813	112813	books_94707	books	ако не се лъжа това беше твоя грижа нали
112858	112858	books_94752	books	но полуобувка изглеждаше зарадван
112863	112863	books_94757	books	очевидно тази играчка привлича вниманието с това че се движи
112885	112885	books_94779	books	къде ще го дяваме сега
112892	112892	books_94786	books	по-добре да измайсторим носилка и да те вземем със себе си
112909	112909	books_94803	books	и без да губи време маншон се отправи към автомобила
112916	112916	books_94810	books	не се безпокой рече той докато пъхаше мишлето в пазвата си
112935	112935	books_94829	books	наболяваше го кръстът например
112942	112942	books_94836	books	бащата идваше и отлиташе
112951	112951	books_94845	books	бащата обаче разбра положението му
112952	112952	books_94846	books	следващия път когато се върна с червейче той протегна човчица към устата на мъхеста брада
112984	112984	books_94878	books	аз съм на същото мнение замислено кимна маншон
112987	112987	books_94881	books	откриха няколко кичури козина и счупена черупка от яйце
113024	113024	books_94918	books	полуобувка отвори хладилника
113110	113110	books_95005	books	още като дете
113134	113134	books_95029	books	маншон запази хладнокръвие
113174	113174	books_95070	books	обхванат от любопитство полуобувка също подаде нос голям огненочервен хеликоптер кръжеше над езерото
113181	113181	books_95077	books	сети се полуобувка
113200	113200	books_95096	books	пък и чаят ни изстина
113214	113214	books_95110	books	нима не разбираш
113243	113243	books_95139	books	за съжаление предсказаното от полуобувка се сбъдна много по-скоро отколкото очакваха
113276	113276	books_95173	books	като в отговор на своя въпрос изведнъж дочу слаб пукот
113321	113321	books_95218	books	сега и майката забеляза опасността
113371	113371	books_95269	books	и без друго той единствен се хвана в капана
113376	113376	books_95275	books	но нека хапнем нещо и да си починем
113385	113385	books_95284	books	къде е маншон
113387	113387	books_95286	books	зачуди се мъхеста брада
113391	113391	books_95290	books	нищо не разбирам измърмори мъхеста брада
113397	113397	books_95296	books	плачът секна
113452	113452	books_95352	books	възкликна просиял маншон
113464	113464	books_95364	books	от мързеливо по-мързеливо същество рече полуобувка
113478	113478	books_95378	books	по-добре да помислим как да го измъкнем от капана
113481	113481	books_95381	books	трудна работа е да уловиш котка с голи ръце загрижи се и мъхеста брада
113517	113517	books_95417	books	откъде узнахте че идваме насам
113529	113529	books_95429	books	и още как
113618	113618	books_95518	books	от грабеж се връщат промърмори полуобувка
113650	113650	books_95550	books	ами плъховете
113680	113680	books_95580	books	дори само чистият горски въздух вече ми действа успокояващо
113694	113694	books_95595	books	не бива да търсим кимион в сенчестите места
113732	113732	books_95633	books	мъхеста брада настръхна като облак
113843	113843	books_95745	books	навярно мъхеста брада с котлето си вече беше там
113844	113844	books_95746	books	но маншон и полуобувка не чуваха нищо те тихичко похъркваха в такт
113870	113870	books_95772	books	ако умеех да съчинявам стихове като приятеля си маншон тогава на драго сърце бих написал за вас някакво стихотворение
113916	113916	books_95818	books	аха рудолф
113940	113940	books_95842	books	момичето помълча малко но после усмихнато рече
114021	114021	books_95924	books	свраката летеше над широкия път който маншон спокойно следваше без да се отклонява
114023	114023	books_95926	books	маншон увеличи скоростта и автомобилът постепенно настигаше птицата
114039	114039	books_95942	books	там са плъховете
114082	114082	books_95986	books	чак сега те забелязаха вековния бор точно в средата на развалините
114103	114103	books_96007	books	а там се появиха два плъха
114158	114158	books_96062	books	но докато ме няма не изпускайте от очи свраката да не отлети нанякъде с медала
114172	114172	books_96076	books	къде се бави толкова време
114175	114175	books_96079	books	полуобувка се опита да го утеши с пословицата всяко зло за добро
114196	114196	books_96101	books	светлият небесен свод не ги успокояваше
114199	114199	books_96104	books	пръстенът около колата се поразхлаби плъховете освободиха доста широко място около нея
114258	114258	books_96164	books	излиза че съвсем съм се откъснал от живота
114278	114278	books_96184	books	изход нямаше
114280	114280	books_96186	books	сред редиците им премина онзи трепет който маншон и полуобувка вече добре познаваха
114282	114282	books_96188	books	но вместо да се втурнат към автомобила плъховете извиха глави към входа на развалините
114320	114320	books_96227	books	нито един плъх не може да устои на своеобразния аромат на наумката
114330	114330	books_96237	books	маншон подкара към бора
114345	114345	books_96253	books	но мъхеста брада все пак намери разрешението
114417	114417	books_96327	books	излезе че наистина е много хубава
114453	114453	books_96364	books	свраката е изгубила медала
114454	114454	books_96365	books	възможно е сви рамене мъхеста брада
114455	114455	books_96366	books	от една сврака всичко може да се очаква
114473	114473	books_96385	books	и къде сега според теб ще ядем и ще спим
114492	114492	books_96406	books	нададе вик и маншон
114544	114544	books_96458	books	инстинктивно без да се замисля полуобувка мина от другата страна на ствола
114573	114573	books_96487	books	не го виждам
114580	114580	books_96494	books	щом плъхът падна от дървото долу полуобувка моментално заспа
114592	114592	books_96506	books	ние сме в скривалището на свраката
114594	114594	books_96508	books	така значи
114614	114614	books_96529	books	бих искал поне веднъж да го погледна с преизпълнени от обич очи
114633	114633	books_96548	books	и после ще видим какво трябва да правим
114642	114642	books_96560	books	за какво са й притрябвали толкова копчета
114651	114651	books_96575	books	няма да е лесно поклати глава маншон
114662	114662	books_96586	books	и не на исторически а на природонаучен музей
114735	114735	books_96668	books	и още нещо
114742	114742	books_96675	books	след трийсетина минути се откроиха две големи букви п
114850	114850	books_96784	books	не остана и следа от преживяния страх
114889	114889	books_96823	books	много хубаво засмя се момичето че този път сте дошли и тримата
114913	114913	books_96847	books	сладкото е превъзходно но се отвлякох в мислите си и го забравих
114962	114962	books_96896	books	сега младата стопанка го прегърна и толкова силно го притисна че бузите му запламтяха даже по-силно от нейните
114971	114971	books_96905	books	двамата му приятели посрещнаха равнодушно тази новина
114972	114972	books_96906	books	сега накъдето се обърнеш строят
115002	115002	books_96937	books	възложено ми е да проверявам дали всички са ваксинирани
115020	115020	books_96955	books	стига приказки
115033	115033	books_96968	books	през това време медицинският работник вече приготви инжекциите
115040	115040	books_96976	books	плъховете са нагли и чудовищно бързо се размножават
115050	115050	books_96986	books	просто да не повярваш
115127	115127	books_97064	books	вече бяха до самия град когато край пътя едно момченце им замаха с ръка
115141	115141	books_97078	books	но е нямало такава напаст
115149	115149	books_97087	books	а в тенджерата то носеше учебниците и тетрадките за да ги опази от плъховете
115205	115205	books_97143	books	кученце развика се мъхеста брада който седеше до маншон
115214	115214	books_97152	books	замалко колата ни щеше да стане на хармоника
115237	115237	books_97176	books	мъхеста брада извърна очи от афишите впери пламнал поглед в приятелите си и каза с развълнуван глас
115265	115265	books_97204	books	изненада се и маншон щом се вгледа по-добре
115275	115275	books_97214	books	разправят че кучетата започват да ядат трева но само преди да завали дъжд
115292	115292	books_97231	books	трябва да върнем котките в града
115302	115302	books_97241	books	като че ли да потвърдят думите му откъм острова се надигнаха страшни котешки гласове
115313	115313	books_97252	books	образно казано от тази висока бреза може да излезе плаващ мост
115351	115351	books_97290	books	първите котки вече достигаха брега а мъхеста брада все още беше в езерото
115398	115398	books_97337	books	викна мъхеста брада
115411	115411	books_97350	books	точно така кимна полуобувка
115427	115427	books_97366	books	дайте път
115438	115438	books_97377	books	дайте път на котките
115442	115442	books_97381	books	вдигнаха бързо бариерата и автомобилът с ръмжене профуча през нея
115494	115494	books_97433	books	мъхеста брада добави
115503	115503	books_97442	books	по същия начин изпокрадените от свраката вещи могат да бъдат особена сбирка в природонаучния музей
115505	115505	books_97444	books	о мои малки приятели
115528	115528	books_97468	books	зарадва се полуобувка
115603	115603	books_97543	books	бедният лукчо
115619	115619	books_97559	books	лукчо се замисли за миг и му се стори че е разбрал
115621	115621	books_97561	books	понякога да
115642	115642	books_97584	books	глава втора
115652	115652	books_97594	books	чичо тиквичка беше завършил тъкмо предния ден своята къщичка
115661	115661	books_97603	books	не ми трябва пейка
115671	115671	books_97613	books	моля ви се пребройте пак тухлите
115679	115679	books_97621	books	сложи в него някоя котка
115692	115692	books_97634	books	купих я на пазара с парите с които щях да си купя петел
115701	115701	books_97644	books	доколкото виждам заключи
115781	115781	books_97726	books	защо не си на работа
115782	115782	books_97727	books	аз не работя
115809	115809	books_97755	books	всичко това му се видя толкова чудно че той скочи в каляската шибна конете и се понесе с пълна скорост
115822	115822	books_97768	books	за това колко е трудно за една стоножка да снабди с обуща децата си
115830	115830	books_97776	books	после дойде праз
115926	115926	books_97874	books	господин лукчо се обади баф защо бутилката остава винаги пълна
115933	115933	books_97881	books	отвърна лукчо
115946	115946	books_97894	books	глава пета
115980	115980	books_97928	books	домат няма да узнае нищо от мен
115987	115987	books_97935	books	казва се чичо боровинка
115988	115988	books_97936	books	бихме могли да му поверим къщата а после ще решим какво да правим
116009	116009	books_97957	books	а може и да ме бият докато спя понеже ще мислят че съм много богат
116032	116032	books_97980	books	крадците се съгласиха
116100	116100	books_98048	books	череша втора пак притича с разтуптяно сърце
116116	116116	books_98064	books	в парка се разхожда барон
116130	116130	books_98078	books	ти си винаги болен защото мислиш много
116181	116181	books_98132	books	с такива гениални хрумвания дон мерудия възпитаваше черешко
116183	116183	books_98134	books	един граф от фамилията череша на един чин със селяните
116184	116184	books_98135	books	а череша втора добави
116192	116192	books_98143	books	горко на децата които губят времето си за да рисуват хубави картинки
116232	116232	books_98184	books	съгласен съм
116244	116244	books_98196	books	чувам някакъв странен шум
116252	116252	books_98204	books	според мен шумът е от водоскока се обади пак череша първа
116285	116285	books_98238	books	домат го вдигна взе го под мишница като вързоп и тръгна по алеята
116306	116306	books_98259	books	не не моля ви се
116323	116323	books_98276	books	виждате ли
116354	116354	books_98307	books	така ли е господин адвокат
116356	116356	books_98309	books	разбира се госпожо графиньо
116359	116359	books_98312	books	командирът на плъховете бива принуден да се оттегли
116405	116405	books_98359	books	какво нещо не върви а
116493	116493	books_98449	books	предполагайки че ги подслушва наговориха куп не дотам добри работи по негов адрес
116496	116496	books_98452	books	но тяхната радост трая малко
116515	116515	books_98474	books	затворът не е достоен за теб
116557	116557	books_98516	books	нали ви казах
116568	116568	books_98527	books	слушайте отговори къртицата много ми е скучно да вървя по един и същ път
116572	116572	books_98531	books	запита веднага лукчо
116585	116585	books_98544	books	междувременно къртицата която продължаваше да рови беше изминала със светкавична бързина вече няколко метра
116607	116607	books_98566	books	обзалагам се че ще лъсне обущата ми с езика си
116609	116609	books_98568	books	а после после ще му съобщя моето решение смърт чрез обесване
116650	116650	books_98609	books	спомням си разказваше къртицата че веднъж трябваше да погледна една свещ
116667	116667	books_98626	books	трябва да помисля как да я убедя да продължи да копае в посока на затвора
116681	116681	books_98640	books	съгласна съм заключи
116689	116689	books_98648	books	не чух нищо
116708	116708	books_98667	books	за мен всички посоки са добри
116728	116728	books_98687	books	по-полека молеше се лукчо
116752	116752	books_98711	books	ще отида да го освободя
116769	116769	books_98728	books	приятелките на лукчо са и мои приятели
116786	116786	books_98745	books	мандарина се тренираше нощем
116829	116829	books_98788	books	понеже кака
116852	116852	books_98813	books	от килията се чу едно жаловито мяу мяу което би могло да разплаче и камъните
116869	116869	books_98830	books	праз млъкна защото се страхуваше да не загуби единственото си богатство
116886	116886	books_98847	books	нашите герои отговориха те се нуждаят от развлечения след трудните си бойни дела
116893	116893	books_98854	books	баронът беше много загрижен
116900	116900	books_98861	books	заклевам се че в цялата страна не съм видял такива хубави толкова дълги и така добре сресани мустаци
116931	116931	books_98893	books	праз бе откаран в карцера и там го забравиха
116934	116934	books_98896	books	ваше височество простете ми аз съм невинен
116986	116986	books_98950	books	осъден съм на смърт
116996	116996	books_98960	books	о всичко това е минало да не говорим за него отговори любезно господин грах
117001	117001	books_98965	books	това е всичко което ми оставиха каза домат клатейки тъжно глава
117038	117038	books_99002	books	заведете ме веднага при принц лимон заповяда той с обикновения си нахален тон
117044	117044	books_99008	books	сред селския площад бе издигната една хубава бесилка
117046	117046	books_99010	books	палачът протестираше понеже всичко това беше губене на време но тъй като желанието на осъдения на смърт е свещено трябваше да потърсят ножички
117056	117056	books_99020	books	режете вие господин лукчо
117094	117094	books_99058	books	касае се за адвоката грах
117184	117184	books_99150	books	кучето на разузнавача имаше тази особеност често повтаряше думите на господаря си като прибавяше и своето мнение обикновено с думите много много
117187	117187	books_99153	books	можем да употребим пипер вместо сол
117212	117212	books_99178	books	попита дръж
117269	117269	books_99235	books	разбира се отговори
117288	117288	books_99254	books	ние трябва да намерим много много затворници
117303	117303	books_99269	books	или по-право пиратите не се виждаха а се виждаха храстите които се движеха
117346	117346	books_99313	books	според мене каза той една жена се намира в опасност
117371	117371	books_99338	books	но той вярва че ние сме пирати
117394	117394	books_99361	books	какво правиш там
117407	117407	books_99374	books	аз си имам съвсем друга работа
117408	117408	books_99375	books	трябва да изпълня дълга си и нищо не може да ме отклони от пътя ми
117426	117426	books_99393	books	няма да е толкова лесно каза едно гласче отдолу
117444	117444	books_99413	books	но се чудя на умението с което ни приготвиха този капан
117480	117480	books_99449	books	по-късно пристигаше и мечока и хвърляше лакоми погледи към кака тиква
117499	117499	books_99468	books	отдавна ли е там
117570	117570	books_99539	books	по тях може да се познае дали един човек е лош или добър
117613	117613	books_99582	books	ами приказвате си на вятъра рече
117618	117618	books_99587	books	не бих искала да зная за какво служат изследователите ако няма кой да замерва главите им с кокосови орехи
117631	117631	books_99600	books	така лукчо и мечока стигнаха без мъчнотии до клетката на мечката
117718	117718	books_99687	books	викаше барон портокал
117749	117749	books_99718	books	вълните са сини
117764	117764	books_99733	books	изкомандува лимон втора степен
117781	117781	books_99751	books	ако го видите съобщете му че го търсим от три дни каза майстор гроздан който изглеждаше да е началник на групата
117831	117831	books_99801	books	защо още никой не се появява
117838	117838	books_99808	books	попита баронът който предния ден беше установил че е изчерпал птичите запаси в замъка и в селото
117853	117853	books_99823	books	според мен това е наш дълг
117858	117858	books_99828	books	но защо ще попитате вие дукът не искаше да слезе сам в подземията щом толкова се интересуваше от съкровището
117883	117883	books_99853	books	ще бъда много доволен ако успея да я отворя
117903	117903	books_99873	books	но той нема време да завърши мисълта си
117906	117906	books_99876	books	много ви благодаря за услугата
117922	117922	books_99893	books	но това е цяло нашествие
117937	117937	books_99908	books	няма да останем тук завинаги отговори
117953	117953	books_99924	books	нямаме и картечници
118006	118006	books_99979	books	домат се върна към лагера и като срещна един сановник от свитата който изглеждаше образован попита го дали разбира от сигнали
118011	118011	books_99985	books	помисли изненадан домат
118026	118026	books_100000	books	в къщата си спят
118050	118050	books_100025	books	принцът накара да отпушат много бутилки обгори тапите и сам с удоволствие почерни лицата на своите генерали
118059	118059	books_100034	books	глава двадесет и втора
118062	118062	books_100037	books	с опашката си
118085	118085	books_100060	books	изкачването беше доста уморително
118102	118102	books_100077	books	за да ви дойда на помощ
118228	118228	books_100206	books	къде отиваш
118230	118230	books_100208	books	лукчо забеляза че на врата на паяка висеше една пощенска чанта която беше пълна с листчета
118241	118241	books_100219	books	добре обеща паяка и тръгна да си върви
118249	118249	books_100227	books	според мене когато човек поеме едно задължение трябва да го изпълнява
118266	118266	books_100244	books	във второто писмо адресирано до къртицата той пишеше
118309	118309	books_100287	books	казва че се е наредил добре
118316	118316	books_100294	books	на всички
118321	118321	books_100299	books	той сложи трите писма в чантата си метна я през рамо и се отправи накуцвайки към прозореца
118328	118328	books_100306	books	ако при това научат че е братовчед на този известен паяк от стряхата може и да го придружат
118346	118346	books_100326	books	за щастие той откри един канал и се вмъкна през решетката
118350	118350	books_100330	books	по-право при един удар с метла
118361	118361	books_100341	books	седем и половина му беше приятел но има неща които и приятелите не бива да знаят
118391	118391	books_100371	books	той отвори внимателно вратата
118464	118464	books_100446	books	много е болен
118478	118478	books_100461	books	като че ли за да засили общата тъга започна да вали дъжд
118486	118486	books_100469	books	внимавай къде стъпваш
118495	118495	books_100478	books	гърбовете им се изправиха
118499	118499	books_100482	books	изпъчи гърдите
118500	118500	books_100483	books	прибери корема
118501	118501	books_100484	books	назад рамената
118520	118520	books_100503	books	при всяка обиколка ще бяга по един затворник този когото ритна
118529	118529	books_100512	books	за да се убеди че така му се е сторило той започна да брои затворниците
118565	118565	books_100548	books	лукчо стоеше и ги гледаше тъжно
118597	118597	books_100580	books	като стигнаха вън от града те се скриха в къщите на селяните хвърлиха униформите си и облякоха работни дрехи
118632	118632	books_100616	books	без да мисли какво прави той се приближи до владетеля и измъкна камшика от ръцете му
118634	118634	books_100618	books	лукчо отново вдигна камшика
118678	118678	books_100662	books	барон портокал е много добър яде тридесет и четвъртото врабче
118679	118679	books_100664	books	откак лукчо е в затвора нас ни държат като роби
118693	118693	books_100678	books	съдът реши също че трябва да се плаща наем за росата сланата мъглата и другите форми влага
118699	118699	books_100684	books	сега ще изгърмят четиристотин лири
118702	118702	books_100687	books	ваше превъзходителство извика господин
118741	118741	books_100726	books	беше именно лукчо който преди да се върне в селото беше минал през зоологическата градина и беше освободил семейството на мечките
118790	118790	books_100775	books	не не
118806	118806	books_100791	books	в салона запалиха лампата и череша втора въздъхна
118836	118836	books_100821	books	домат се готвеше да излезе от скривалището си когато се появи още една сянка
118864	118864	books_100849	books	там го бяха окачили лукчо и черешко същата нощ
118904	118904	books_100889	books	принцът и графините отидоха в изгнание
118941	118941	books_100929	books	казват че бил адвокат в една чужда страна но мен това не ме интересува
118980	118980	books_100970	books	но не успял да завърши изречението и стъклата на прозореца били сполетени от съдбата на черната дъска
119009	119009	books_101000	books	хайде нашите
119014	119014	books_101005	books	какъв удар коментирал наблизо някой
119017	119017	books_101008	books	златен крак има този играч
119070	119070	books_101062	books	ето гледайте
119090	119090	books_101082	books	вечер докато заспят ще говорят само за мен и ще плашат децата като им разказват че съм магьосник
119116	119116	books_101108	books	запитал той с тих глас за да не ги изплаши
119117	119117	books_101109	books	върви си по пътя и не показвай тази монета ако не искаш да имаш ядове
119142	119142	books_101134	books	помислил си джелсомино
119231	119231	books_101224	books	е да
119236	119236	books_101229	books	докато джелсомино се готвел да разкаже своите преживелици по уличката минало едно истинско коте с четири истински крака
119259	119259	books_101252	books	на какво прилича коте да мяука
119268	119268	books_101261	books	каза че вали
119283	119283	books_101276	books	но всички му се стрували малки или пък ако отговаряли на вкуса му не се харесвали на останалите членове от бандата
119284	119284	books_101277	books	защо да не завладеем нещо по-голямо от едно обикновено островче
119285	119285	books_101278	books	предложили пиратите
119311	119311	books_101304	books	ето кой нарушава законите
119342	119342	books_101335	books	а искаш ли да знаеш още нещо
119345	119345	books_101338	books	почти бях забравил
119412	119412	books_101408	books	дзопино решил че е неблагоразумие да спи в парка където имало опасност да бъде изненадан от някой пазач
119423	119423	books_101419	books	от време на време някой дежурен сержант правел обиколка за да се увери дали няма будни стражи
119430	119430	books_101426	books	точно сред площада се издигала висока мраморна колона върху която били изобразени подвизите на крал джакомоне
119468	119468	books_101464	books	при това най-различни поучителни вълнуващи забавни но всички от първата до последната пълни с лъжи
119565	119565	books_101562	books	само ония които не правят нищо добро на този свят и няма къде да сложат името си се подписват по стените
119593	119593	books_101592	books	кой знае колко много неща имаш да ми разкажеш
119599	119599	books_101598	books	като стигнали до десета глава леля панокиа започнала да се прозява
119602	119602	books_101601	books	попитал дзопино
119668	119668	books_101667	books	извикала ромолета
119669	119669	books_101668	books	ще събудите леля панокиа
119686	119686	books_101685	books	и тази вечер станало така че именно той видял котките чул ги да мяукат чул и леля
119722	119722	books_101724	books	ето това е въпросът
119757	119757	books_101759	books	ако продължава така казало си котето главата му ще заприлича на главата на крал джакомоне
119788	119788	books_101790	books	и нашият малък герой скочил в стаята с трите си крака като мяукал отчаяно
119798	119798	books_101800	books	много хора имат навик да говорят насън а джелсомино да тананика
119807	119807	books_101810	books	възкликнал той
119811	119811	books_101814	books	този човек би могъл да ме спаси
119813	119813	books_101816	books	в страната на лъжците певците били малко а и те смятали за свой дълг да пеят фалшиво
119887	119887	books_101893	books	гражданството се умолява да не посети концерта
119927	119927	books_101935	books	всички станали прави и започнали да викат
119940	119940	books_101949	books	ако джакомоне се излага помислил си
119956	119956	books_101965	books	тогава видял и домисол който заплашително размахвал диригентската палка като се опитвал да го достигне газейки планина от развалини
119973	119973	books_101982	books	мислех се за такъв
119992	119992	books_102001	books	кой е този
120076	120076	books_102085	books	тя е обществена пустиня но по това време е затворена
120078	120078	books_102088	books	но гледай да не те видят пазачите в противен случай ще свършиш в зоологическата градина
120083	120083	books_102093	books	нищо не можело вече да спре бананито
120106	120106	books_102119	books	защо не нарисуваш чаша вино а още по-добре бутилка
120107	120107	books_102120	books	ще се опитам
120114	120114	books_102127	books	нямало нужда да добави нищо друго
120163	120163	books_102176	books	това означава че двете нещастници са вече в лудницата и нещо ми подсказва че всичко това е по моя вина
120180	120180	books_102193	books	старата учеше кучетата да мяукат а момичето е онова което пише по стените
120202	120202	books_102215	books	не мога да я приема това е затвор за хора със здрав разум
120245	120245	books_102258	books	най-сетне полицейският началник сметнал че може да си отиде да спи но от разни краища на града започнали да се получават тревожни сигнали
120269	120269	books_102283	books	трябва да е заразително прибавил друг
120277	120277	books_102291	books	наложило се да повикат пожарната команда и да запалят дървото за да принудят упоритата котка да слезе
120299	120299	books_102313	books	викнал той като загъделичкал с опашката си джелсомино по носа
120333	120333	books_102347	books	седнете на пода а аз ей сега ще ви приготвя по едно хубаво кафе
120348	120348	books_102362	books	той въздъхнал и продължил
120353	120353	books_102367	books	бенвенуто бил син на вехтошар
120368	120368	books_102382	books	когато майката обяснила на учителя че бенвенуто е само на седем дни учителят направо се ядосал
120382	120382	books_102396	books	утре ще вземем един чин от пети клас казал учителят като се почесал по главата
120383	120383	books_102397	books	и действително на следващия ден той наредил да донесат един от най-големите чинове
120415	120415	books_102429	books	никакво легло ако не искал да се събуди с бяла брада
120499	120499	books_102515	books	вижте какво идете да поспите
120507	120507	books_102523	books	аз така добре се забавлявах
120581	120581	books_102599	books	без да вдига глава от работата си бананито продължавал да рисува така бързо че очите на зрителите не успявали да следят ръката му
120585	120585	books_102603	books	пошепнал един от работниците
120627	120627	books_102646	books	хей ти
120658	120658	books_102677	books	какво ще направиш ако ти заповядам да ми нарисуваш парче риба приготвено с бяло вино
120700	120700	books_102720	books	те си поръчвали мастило имайки предвид хляб според езика на лъжците и бананито им рисувал хубаво шише с мастило а после казвал
120704	120704	books_102724	books	не мога нито да го пия нито да го ям
120728	120728	books_102748	books	от мен никога не ще ги получите
120732	120732	books_102752	books	главата главата
120736	120736	books_102756	books	струва ми се че този човек може би защото е гений е малко луд
120755	120755	books_102775	books	коте мръсно
120763	120763	books_102784	books	от толкова време не съм хапвал мишка
120784	120784	books_102806	books	бих могъл да изгриза вратата за да излезеш
120800	120800	books_102822	books	виждаш ли че направих добре дето не си смених името казал весело дзопино
120809	120809	books_102831	books	шумът от пилата обаче събудил пазачите които почнали да обикалят помещенията за да установят откъде точно идва той
120817	120817	books_102839	books	хайде марш оттук през този прозорец скачай и ако се удавиш още по-добре
120824	120824	books_102846	books	а този другият кой беше
120831	120831	books_102853	books	от всички прозорци на лудницата пазачите започнали да викат
120835	120835	books_102857	books	бързо се скрийте тук под парцалите
120837	120837	books_102859	books	след това ги накарал да се качат на количката и ги покрил с куп парцали а когато пристигнали пазачите той посочил встрани
120890	120890	books_102914	books	в този късен час кой ще излезе да си продава вехториите
120895	120895	books_102919	books	а като си помисля че исках да стана пианист
120911	120911	books_102937	books	нещастният старец казал той изглежда че наистина е бил много уморен
120936	120936	books_102963	books	пошепнал джелсомино
120940	120940	books_102967	books	трябва да го глобя че е оставил количката насред улицата но той е добър старец и ще се престоря че съм минал отдругаде
120944	120944	books_102971	books	но преди деня на погребението както вече ви казах се случили толкова много други неща
120950	120950	books_102977	books	може би се е върнал отново в лудницата за да се опита да освободи леля панокиа и ромолета
120952	120952	books_102979	books	годен съм само полилеите да чупя и хората да плаша
120953	120953	books_102980	books	никой не го бил виждал дотогава толкова отчаян
120980	120980	books_103007	books	кой чупи стъклата
121022	121022	books_103049	books	това бил разбира се добрият фидо
121038	121038	books_103065	books	затова трябвало да се задоволят с интервюто от калимеро
121047	121047	books_103074	books	ще опровергаем по най-категоричен начин че лудницата се е съборила и че лудите са се пръснали из града
121057	121057	books_103084	books	едно ново неуспешно начинание
121066	121066	books_103093	books	крещял директорът
121070	121070	books_103097	books	какво искате да правят с календар в който месец декември се нарича август
121083	121083	books_103110	books	всъщност това бил само краят на лъжите
121119	121119	books_103147	books	но за съжаление трябвало да свали и нея тъй като тя била по-известна на хората дори от кралската му корона
121134	121134	books_103162	books	при събарянето му се вдигнал огромен облак прах и накрая останали само развалините
121162	121162	books_103191	books	сбъркал съм кариерата си
121214	121214	books_103244	books	нещо повече когато балконът изникнал на съответното място хората настоявали
121218	121218	books_103248	books	но ако наистина желаете реч обърнете се към джелсомино
121259	121259	books_103290	books	работата напредвала бързо
121272	121272	books_103305	books	на рисунките били изобразени приключенията на две палави хлапета които дразнят полицаите поповете и богаташите и помагат на добрите хора
121320	121320	books_103357	books	скоро се надигнах да си вървя и му пожелах бързо оздравяване
121344	121344	books_103382	books	той обогати приказката направи я съвременна разбираема за децата от днешния сложен свят
121357	121357	books_103397	books	на рамо носеше чанта по-голяма от него самия
121359	121359	books_103399	books	каза татко
121365	121365	books_103405	books	не искам пари каза човечето
121412	121412	books_103452	books	децата се обръщат и гледат баща им го няма
121439	121439	books_103479	books	маха си носа от лицето и добре го изтрива в кърпичката при това гледа госпожата в оранжево и й намига
121491	121491	books_103531	books	горкичкият аз кой знае колко време съм спал
121494	121494	books_103534	books	така валежът спира облаците отлитат надалеч под напора на вятъра като полюшват човечето и то отново заспива
121496	121496	books_103536	books	горкичкият аз кой знае колко време съм спал
121524	121524	books_103567	books	какво ви се е случило
121528	121528	books_103571	books	на гражданите им е писнало от дупчене накриво
121563	121563	books_103606	books	купува куфар слага в него брадата по-точно оная част от нея която му пречи да върви
121634	121634	books_103677	books	идвам веднага
121646	121646	books_103689	books	нямало по-велик скулптор от рикардо
121657	121657	books_103701	books	дори и коприва по-добре от нищо
121670	121670	books_103714	books	какво сте мислил когато сте правили пожарникар от дърво
121679	121679	books_103723	books	от време на време се връщали да го посетят и да му разкажат за приключенията си
121731	121731	books_103776	books	доверявам се дори на дявола ако е способен да ме измъкне оттук отвърна капитанът
121749	121749	books_103794	books	това е нищо продължил старият моряк
121750	121750	books_103795	books	веднъж моят кораб се разби о един айсберг или плуваща ледена планина
121755	121755	books_103800	books	тогава слънцето стопи под краката ни нашата импровизирана лодка
121774	121774	books_103821	books	господин бандит какво искате от мен
121782	121782	books_103829	books	скъперникът милост господин бандит
121795	121795	books_103842	books	иска да се омъжи за някакъв празнодумец
121817	121817	books_103864	books	лино пико
121831	121831	books_103878	books	добрият магьосник
121843	121843	books_103896	books	докосвам го по пръстите и ето че на всеки пръст има завързано по едно червено балонче
121871	121871	books_103924	books	попитай го нещо бабо казах аз
121892	121892	books_103945	books	е че как искате да говори една карта от картон
121929	121929	books_103984	books	вие може би нямате вина ми казва вежливо тетрадката на квадратчета
121930	121930	books_103985	books	но това са нашите искания
121932	121932	books_103987	books	представят ми изписан лист и се прибират обратно в чантата
121988	121988	books_104046	books	накрая гъсениците бяха оставени на мира и се реши мравките да продължат състезанието пеша
121993	121993	books_104051	books	танцът на мечката
122029	122029	books_104088	books	накрая ти съобщавам че суровото месо вече не ми харесва
122090	122090	books_104151	books	облаците се гневели че не могат да съборят зданията на хората и сърдито се карали
122096	122096	books_104157	books	географията в отпуск
122120	122120	books_104182	books	върнали се обратно и скоро стигнали суецкия канал
122139	122139	books_104201	books	в най-стари времена върховете излезли от морето
122149	122149	books_104212	books	ти имаше хубав гладък гръб помня
122174	122174	books_104239	books	той е слязъл по-ниско от двамата си другари
122193	122193	books_104258	books	и през целия ден останаха затворени вкъщи
122231	122231	books_104297	books	би ми харесало също да видя звезден кортеж сто хиляди звезди в шествие а начело луната като бяло знаме
122233	122233	books_104299	books	в края на учебната година марио получи в дар писалка с която да си пише домашните през ваканцията
122250	122250	books_104316	books	пишеше сама не беше нужно марио да я държи между пръстите си и редеше думите по-бързо от пишеща машина
122279	122279	books_104345	books	я стига прекъсват я другите ами ако се изучи
122301	122301	books_104367	books	тяхната специалност е всяка да казва противното на другата
122322	122322	books_104394	books	теменужки на северния полюс
122345	122345	books_104417	books	започнала лисицата
122358	122358	books_104430	books	застанете по-близо моля и се усмихнете
122372	122372	books_104444	books	само вие изостанали провинциалисти още живеете във времето когато всички имаха опашка
122384	122384	books_104456	books	викали те след нея
122442	122442	books_104515	books	горкият акробат станал толкова червен че веднага се разбрало кой е крадецът
122472	122472	books_104545	books	веднъж камилата казала на търговеца
122477	122477	books_104550	books	ще работиш докато можеш да вървиш
122511	122511	books_104585	books	така викали
122543	122543	books_104618	books	славеят продължил да ниже звуци като перли
122573	122573	books_104648	books	и така завързан го отвели в затвора
122576	122576	books_104651	books	веднъж една майка изпратила малкото си момиченце в гората за плодове
122577	122577	books_104652	books	момиченцето стигнало до голямо дърво което принадлежало на горските животни но те всичките били излезли на лов
122641	122641	books_104717	books	защо да не сложим данък на луната
122670	122670	books_104746	books	който върви с наведена глава ще плати глоба
122677	122677	books_104753	books	как защо
122697	122697	books_104773	books	застани неподвижен ще ти направя портрет
122702	122702	books_104778	books	но трябва все пак да кажем истината
122731	122731	books_104808	books	ала въпреки недостатъците си той обичал истински изкуството и една сутрин отново се върнал към него със страст
122740	122740	books_104817	books	многоуважаема госпожо директор
122773	122773	books_104851	books	къщата е голяма има място за всички докато не се наложи да я напуснем
122778	122778	books_104856	books	и двамата сме победители
122792	122792	books_104870	books	постоянно сменяше местата на овчарите и ги мъмреше нежно
122796	122796	books_104874	books	в онези времена рече той каубоите още не са били измислени
122801	122801	books_104879	books	не знам
122828	122828	books_104906	books	вкъщи се говореше за тези грозни епизоди
122831	122831	books_104909	books	и не само
122840	122840	books_104918	books	антонио с готовност започна да хвали елхата си както обикновено
122841	122841	books_104919	books	през следващите дни следях с известно безпокойство движенията на момчетата
122863	122863	books_104941	books	аз не бях обърнал внимание но палета трябва да е забелязал и направи всичко възможно да ми го покаже
122965	122965	books_105045	books	каква идея
123013	123013	books_105096	books	а има
123047	123047	books_105134	books	и този път последната дума беше на пират
123065	123065	books_105152	books	за минути около стария амфитеатър се събра огромна тълпа
123165	123165	books_105263	books	цапа човека
123166	123166	books_105264	books	със своя цвят
123178	123178	books_105278	books	един ученик
123216	123216	books_105317	books	пътува той денем на двата си крака
123257	123257	books_105358	books	една серия такава
123262	123262	books_105363	books	ех да пуснеха за нас
123274	123274	books_105375	books	автомобили който в нея прави
123285	123285	books_105386	books	и по къщите лази със мекички лапи
123292	123292	books_105394	books	към пързалки шейнички
123310	123310	books_105412	books	и пушат и свирят по своя си път
123313	123313	books_105415	books	какво толкова гоните
123321	123321	books_105423	books	не мога не мога
123335	123335	books_105437	books	и важни към вагона крачат
123408	123408	books_105517	books	а стига най-много до двайсет и пет
123428	123428	books_105538	books	и лодката има си нос
123456	123456	books_105566	books	а срещат се чиновници
123469	123469	books_105579	books	и в миг го метва на гърба си
123488	123488	books_105598	books	събирай се тук
123516	123516	books_105626	books	град пълен с елхи
123590	123590	books_105701	books	който дори като водел война
123602	123602	books_105713	books	на брат си наречен впоследствие
123608	123608	books_105719	books	най-сетне завършила
123623	123623	books_105735	books	в татковото си палто
123640	123640	books_105753	books	да се пишат не вече със о
123689	123689	books_105802	books	чашки с лъжички
123702	123702	books_105815	books	по земята не бива
123716	123716	books_105831	books	както изобщо мостовете
123718	123718	books_105833	books	но строителят за да натъпче
123767	123767	books_105886	books	си нямат храна и постеля
123819	123819	books_105938	books	но темата беше такава
123918	123918	books_106039	books	да бъде наричан то се знае с поклон
123966	123966	books_106087	books	си казваш но колкото
123993	123993	books_106115	books	щом са тези двама други
124009	124009	books_106131	books	ставай и веднага вън
124014	124014	books_106136	books	шепа пръст един хляб един плод една дрешка
124027	124027	books_106149	books	аз лично си мисля
124066	124066	books_106188	books	но постепенно свикнах със странната му външност сприятелихме се и започнах да го обичам не по-малко от гумения крокодил гена и пластмасовата кукла галя
124106	124106	books_106229	books	никой не знаеше къде да го настанят при зайците ли при тигрите ли или може би при морските костенурки
124118	124118	books_106241	books	а къде ще живея
124142	124142	books_106266	books	на прага стоеше малко сериозно момиченце
124150	124150	books_106274	books	казвам се галя
124151	124151	books_106275	books	работя в детския театър
124208	124208	books_106335	books	попита чебурашка след като всички вече се бяха запознали
124274	124274	books_106402	books	ама аз не мога да правя кафе
124313	124313	books_106441	books	едно време като малък той беше участвал в драмкръжок
124358	124358	books_106486	books	каза крокодилът и се хвърли върху вълка
124381	124381	books_106509	books	стопанката ми
124451	124451	books_106582	books	съгласиха се галя и чебурашка
124462	124462	books_106593	books	той живее тук
124468	124468	books_106599	books	не зная отговори лъвът
124491	124491	books_106622	books	ще се постарая да бъда много добър приятел
124497	124497	books_106628	books	не си струва да се говори за това
124506	124506	books_106637	books	като го гледаше чебурашка също се опита да заплаче
124553	124553	books_106685	books	беше си сложил нова вратовръзка и се правеше че само заради нея бе влязъл в гардероба
124567	124567	books_106699	books	казвам се шапокляк каза бабата
124578	124578	books_106710	books	а какво правите
124597	124597	books_106729	books	дом на приятелството
124603	124603	books_106735	books	може и на някой друг каза бабата
124608	124608	books_106740	books	десета глава
124611	124611	books_106743	books	това момченце щеше да е съвсем обикновено ако не беше толкова необикновено рошаво и мърляво
124614	124614	books_106746	books	не дават а подбират поправи го галя
124615	124615	books_106747	books	все едно
124656	124656	books_106790	books	иначе ще излезе че лъжем
124664	124664	books_106798	books	заяви чебурашка
124667	124667	books_106801	books	каза крокодилът
124687	124687	books_106823	books	наистина беше баба шапокляк
124696	124696	books_106832	books	ластикът се опъваше все повече и повече
124744	124744	books_106882	books	намерихме отговори галя
124754	124754	books_106892	books	в пето ли
124789	124789	books_106927	books	бих искала да си намеря приятели
124823	124823	books_106963	books	както и да отговореше сега маймунката щеше да излезе едно и също
124875	124875	books_107016	books	а после отново ще го открием в новия дом
124876	124876	books_107017	books	и така с какво ще започнем
124896	124896	books_107037	books	да помисля
124901	124901	books_107042	books	в голямото здание на площада
124907	124907	books_107049	books	след това взимаше следващия написваше
124909	124909	books_107052	books	иван иванович
124910	124910	books_107054	books	иван иванович
124963	124963	books_107111	books	оттогава той идваше на строежа на къщичката само с маска
124998	124998	books_107149	books	но никой не дръпна канапа
125051	125051	books_107203	books	а хъркаше така силно че да се чудиш как спи при такъв шум
125064	125064	books_107216	books	носорогът хукна след нея но не защото му се искаше по-бързо и напред
125075	125075	books_107227	books	сега ще отида в полицията там ще ти дадат да разбереш
125101	125101	books_107253	books	от нея можеше да се очаква всичко
125111	125111	books_107263	books	ама че работа
125137	125137	books_107289	books	веднага се насочи към нея
125142	125142	books_107294	books	за да си изясни тази бъркотия чебурашка отскочи настрани
125193	125193	books_107345	books	един етаж
125215	125215	books_107367	books	да казаха десетте крокодила след като прочетоха бележката добре го е поизменил
125222	125222	books_107374	books	къщата растеше не с дни а с часове
125225	125225	books_107377	books	после го скри заедно с ръчичките
125232	125232	books_107384	books	канят се да затварят нашия магазин
125261	125261	books_107413	books	в единайсет вратата се отвори и хората се втурнаха в магазина
125301	125301	books_107453	books	извикаха строителите
125304	125304	books_107456	books	каза гена
125320	125320	books_107473	books	това дето зеленее не е трева отвърна магазинерът
125333	125333	books_107486	books	а пък ние строим дом на приятелството
125346	125346	books_107499	books	защо ти е
125357	125357	books_107510	books	само да се боядиса отвън и отвътре
125363	125363	books_107516	books	и ако направят къщичката такава всички жирафи в града ще бъдат много благодарни на строителите
125389	125389	books_107542	books	не помисли си той нещо не го казвам както трябва
125431	125431	books_107585	books	ти ши юнашага
125438	125438	books_107592	books	почакай шапокляк такава
125447	125447	books_107601	books	но изведнъж настъпи тишина
125459	125459	books_107613	books	ние с нея отдавна се сприятелихме
125507	125507	books_107661	books	не не е така изведнъж каза чебурашка
125508	125508	books_107662	books	тая къща трябва да я дадем не на мене а на всички нас заедно
125521	125521	books_107675	books	бих искал и аз да бъда такъв неизвестно кой
125527	125527	books_107681	books	всички бяха много доволни
125542	125542	books_107699	books	така без нищо ли
125588	125588	books_107751	books	наоколо стояха дванайсетте градски съветници и се любуваха на кметския крак
125610	125610	books_107774	books	вие какво правите тук
125638	125638	books_107803	books	като се умори да обикаля из гората хумпал преброи зайците в тефтера и просна умореното си тяло под един млад дъб
125685	125685	books_107851	books	не стига че беше си изподрал краката по оня ми ти път ами на всичкото отгоре на палеца му цъфна страшен мазол
125702	125702	books_107868	books	как румцайс победи артилеристите на княза
125732	125732	books_107898	books	да се хване румцайс и да се затвори
125751	125751	books_107917	books	ала румцайс не можеше да измисли нищо никога не беше се случвало разбойник да измъти яйца
125777	125777	books_107943	books	войниците се прицелиха в него а той в тях
125781	125781	books_107947	books	гърмеж не се чу само някакво изкипяване
125812	125812	books_107978	books	уж съвсем обикновено ама не съвсем
125843	125843	books_108009	books	а през това време князът и княгиня майолена се забавляваха по много странен начин
125851	125851	books_108017	books	когато румцайс се яви и свирне със свирката ти ще хлопнеш вратата
125896	125896	books_108063	books	ще трябва да си намериш някоя мома да ти стане стопанка
125915	125915	books_108084	books	заради толкова хубаво пръстенче вземам и разбойник
125937	125937	books_108107	books	слънцето се намръщи
125965	125965	books_108135	books	и румцайс направи каквото му каза слънцето
126014	126014	books_108184	books	същата княгиня чийто княз румцайс бе затворил в кулата
126032	126032	books_108202	books	е разбойнико ела да седнеш
126056	126056	books_108229	books	и танците и как княгинята седна по-близо до румцайс
126143	126143	books_108318	books	тръгвай си че ще ми угаснат искрите
126145	126145	books_108320	books	двамата с манка дълго го оглеждаха
126146	126146	books_108321	books	два балона свързани с ремъче това беше всичко
126164	126164	books_108339	books	румцайс се покатери на гърба му и той излетя
126181	126181	books_108356	books	румцайс се понаведе и каза
126184	126184	books_108359	books	тогава змеят с всички сили се хвърли срещу другия
126190	126190	books_108365	books	там вече го чакаше манка
126259	126259	books_108436	books	същия ден следобед манка се захвана да разтреби разбойническата пещера
126278	126278	books_108457	books	румцайс се претърколи по смърчовите трупи от които бе направено леглото му
126292	126292	books_108471	books	хубаво гледай сега манке
126304	126304	books_108483	books	когато слънцето изгря румцайс каза
126314	126314	books_108493	books	и тя тръгна към дъба на кръстопътя оттам минаваха калфите тръгнали по света
126321	126321	books_108501	books	ама не какви да е ботуши на кончовете им бяха закачени табелки с надписи на чешки немски и френски
126325	126325	books_108505	books	и тогава манка посегна от храсталака към ботушките направи цапцарап
126326	126326	books_108506	books	хватка за чизми и тояжката остана празна
126357	126357	books_108537	books	после влязоха в работилницата
126362	126362	books_108542	books	какво става румцайс
126366	126366	books_108546	books	много ми е интересно дали ще може поклати глава румцайс и продължи да насмолява конците
126416	126416	books_108596	books	и напусна обущарницата
126442	126442	books_108623	books	накрая сви като фуния дланта си и нададе тръбен зов като елен
126455	126455	books_108636	books	ама побързай наближава пладне рече манка
126460	126460	books_108642	books	румцайс вече се канеше да става та да иде до ичин и да донесе на манка поне солена селда
126467	126467	books_108649	books	при това водата намаляваше докато накрая се показа голо дъно
126494	126494	books_108677	books	фейфар започна да търси в готовата стока
126535	126535	books_108719	books	отдавна трябваше да е тук заоправдава се румцайс но с оправдания не можеше да напълни езерото
126553	126553	books_108737	books	кралят беше решил да отиде и сам да види румцайс
126565	126565	books_108749	books	обидил ли те е някой госпожичке
126587	126587	books_108772	books	румцайс ни лук ял ни лук мирисал само каза на куба
126615	126615	books_108800	books	генералът изруга така че един пъдпъдък падна като застрелян
126619	126619	books_108804	books	яздеше и се оглеждаше няма ли да види някъде румцайс
126655	126655	books_108841	books	стоеше пред дюкянчето преглъщаше от вълнение и сочеше на румцайс една конопена примка
126670	126670	books_108856	books	манка откъсна цъфнала клонка и те както си я подаваха един на друг вдишваха аромата й
126700	126700	books_108886	books	когато бе съвсем ниско и кралят и войниците вече посегнаха да го хванат той направи разбойническа хватка и смъкна от кралската глава генералската капела
126753	126753	books_108940	books	бих го върнал с удоволствие манке но не съм го вземал
126812	126812	books_108999	books	мръщеше се коте сякаш дъвчеше пирей
126887	126887	books_109075	books	на мястото на което седеше между самовилите се появи трапчинка
126888	126888	books_109076	books	самовилите много се чудеха как някой може да направи трапчинка като седи
126895	126895	books_109083	books	да не сте го изпили
126923	126923	books_109111	books	самовилите насядаха около него започнаха да чистят с пръстчета нападалите листенца и борови иглички а циписек им помагаше
126941	126941	books_109129	books	за голям яд на княза той не можеше в цял
126958	126958	books_109147	books	не така
126987	126987	books_109176	books	трябвало им точно такова момче за да носи шапката и бастуна на кмета
126991	126991	books_109180	books	върху циферблата цъфтеше червено лале а като се навиеше пружинката часовникът засвирваше песничка
126994	126994	books_109183	books	кметът гледаше виолетовия камък навиваше пружинката и слушаше как часовникът свири
127009	127009	books_109198	books	не съм го докосвал
127022	127022	books_109211	books	погали манка за да я успокои и тръгна към града
127028	127028	books_109217	books	врабците търсиха търсиха по врабешки но нищо не намериха
127053	127053	books_109242	books	заобиколи ичинския замък избягна дома на кмета и се спря чак на една изпотъпкана ливада извън града
127060	127060	books_109249	books	никой не успяваше да разбере
127113	127113	books_109306	books	после повика лакея фрицек и нареди моравата да бъде превърната в езеро
127156	127156	books_109349	books	ако изскоча аз и отида да оправя работата самовилата много ще се уплаши
127224	127224	books_109417	books	горе при прозореца се вдигна врява
127305	127305	books_109500	books	така огнената пътечка го доведе чак до скалите където в пещерата върху празното кожено чувалче седеше циписек
127313	127313	books_109508	books	румцайс мелузина се готви да те нападне
127316	127316	books_109511	books	той нахлупи боровата си шапка и каза
127332	127332	books_109527	books	ледената птица бе отвела мелузина и циписек високо под небето
127357	127357	books_109552	books	ами как могат да помогнат на кмета с някоя хитрина от физиката
127358	127358	books_109553	books	може би кметът иска да накара светкавиците да му загряват пещта засмя се румцайс и продължи накъдето беше тръгнал
127361	127361	books_109556	books	повика от яза при потока
127416	127416	books_109612	books	огньо пощурял
127432	127432	books_109628	books	в същия миг огньото го зърна
127441	127441	books_109639	books	всичко румцайс е написано в старинната книга която излетя от ръцете ми и сега лежи някъде наблизо
127465	127465	books_109665	books	правете каквото ще правите но яйцето трябва да се намери
127482	127482	books_109682	books	и за да се извини на дядото задето го уплаши предложи да му помогне с пъна
127485	127485	books_109685	books	румцайс си пое дъх и се напъна втори път
127493	127493	books_109693	books	само че змеят растеше по-бързо от комар
127498	127498	books_109698	books	змеят продължи да расте и във въздуха а след малко полетя стремително към град ичин
127543	127543	books_109746	books	беше дошъл сам без циписек защото манка каза
127595	127595	books_109802	books	един ден от там мина циписек
127611	127611	books_109818	books	той спеше на запален светилник в случай че някой нуждаещ се похлопа на вратата
127641	127641	books_109848	books	за аптекаря пулвер в ичин говорят че до края на живота си щом зърнел рибена люспа веднага трябвало да вземе прахчета
127654	127654	books_109862	books	защото кърпичката беше невиждано изящна
127664	127664	books_109872	books	двойна доза поръча холодарек и кутийката му отмери точно колкото за две кихания
127666	127666	books_109874	books	енфието от тази табакера е много по-ценна подправка от житната слама
127690	127690	books_109898	books	а откъде ще вземат бисери за да си украсят челата
127769	127769	books_109979	books	дали не беше същата жена която е объркала пипалата на пауновото око
127779	127779	books_109989	books	в ичинския замък князът и княгинята вече се радваха на слънчевото пръстенче
127787	127787	books_109997	books	никой никога повече няма да може да го стигне
127800	127800	books_110010	books	вече знам какво да направя
127828	127828	books_110038	books	в нея се чувствам като в пух
127866	127866	books_110076	books	и тъй ще се оправим
127873	127873	books_110083	books	извика кметът хумпал
127913	127913	books_110123	books	къде остави синчето
127921	127921	books_110131	books	освен това щяха да повикат ичинския полк
127929	127929	books_110139	books	каза той
127981	127981	books_110191	books	тези вишни не се дават даром
127986	127986	books_110196	books	тези вишни ти ще получиш даром ако кметът пусне нашия циписек от затвора
